ExtractedFromCommit,IncidentID,Time,District,Place,Category,Phase,Headline,Detail,Source,Lat,Lng
37b54f5,live-d63c8d68,2026-08-06T14:59:24.315929+00:00,Multiple,Reported area,Structural Failure,Aftermath,3.8 magnitude earthquake hits Nepal - thehindubusinessline.com,"<a href=""https://news.google.com/rss/articles/CBMipAFBVV95cUxOS2pNaDlFZkdIRlBWc2lmSVJQWWlHWW9rZ0ozUDZjakl5cTYxYS1mSzJ2TVUxb255dlpyUEVxcmZtajR5RkZKSGx4ZWpJeVk4LTdGT0tyOHFTTnZvSDFhbmk5RC1xUWR0czlQaWRzUk",thehindubusinessline.com,28.461620550726124,84.60343313813685
37b54f5,live-791a657d,2026-08-06T14:59:24.315923+00:00,Multiple,Reported area,Structural Failure,Aftermath,"A Look Back At The 2015 Nepal Earthquake When 9,000 People Died - NDTV","<a href=""https://news.google.com/rss/articles/CBMiugFBVV95cUxOVHhaRFBXbmw3aFJGbEdCeHdYR050UnlvWFhfc2pZcGEzV3RPaDNxb3V4SHBNaVB0UWEwaHg4VF9sc21CekpfdmhVSEJYLXBFTzh1eUxnOTV6ZE1pUXMtX0RVSVhENnR1NkN4OWpqcl",NDTV,27.674654235684926,86.03116135139223
37b54f5,live-d807b2ea,2026-08-06T14:59:24.315914+00:00,Multiple,Reported area,Structural Failure,Aftermath,3.8 Magnitude Earthquake Hits Nepal - Deccan Chronicle,"<a href=""https://news.google.com/rss/articles/CBMilgFBVV95cUxPd25LeVA1aTREVVVka0xUWGFZNGx0RmZZNFQ4UGpmRmdyclQtRW1vS09lTDQ0NEhyd0lNbEZpZklKVWdFa1MxQzRfUXZLdk04QnM2cVZNSmlTUENVUnVrd1hZTzlrb3dDSlRwdGZTSU",Deccan Chronicle,27.82692549873668,85.16238482637179
37b54f5,live-9edc5974,2026-08-06T14:59:24.315903+00:00,Multiple,Reported area,Structural Failure,Aftermath,4.4-magnitude earthquake jolts Nepal’s Rolpa district - Daily Pioneer,"<a href=""https://news.google.com/rss/articles/CBMiiAFBVV95cUxPLXo2RlgzeHBFY3V1NWRBMlBDcTI0LVQ5UnV1d0VqdEgwUmJ5dzVyMUpCa1V6M0JhUWpQcVMtQ3JhTmpxcGNrQjVQSWwycy1SQ01udldYQ0V4dk8xLW91MlViVlg4VmhYN2VKcmVUUD",Daily Pioneer,26.879817863650796,86.27997613091107
37b54f5,live-243cbec2,2026-08-06T14:59:24.315897+00:00,Multiple,Reported area,Structural Failure,Aftermath,Nepal Earthquake: How to Help - Save the Children US,"<a href=""https://news.google.com/rss/articles/CBMikgFBVV95cUxPZWZVZ2l6bGtkb3ZVVUNPdzVfRzVZSURtWlJ3X3g2YlFUVHNZaUlVZ0hmSVllV1pad1Y3eS1rcG91X21EMnAtaUNHSGRNaC1XcEtEeUxkYjk0dnZSSmUwYXF0SjU1N0VnU0RwVmE4Z3",Save the Children US,28.264817728031815,85.11906625601513
37b54f5,live-b1fd9695,2026-08-06T14:59:24.315891+00:00,Multiple,Reported area,Structural Failure,Aftermath,4.2-magnitude earthquake strikes western Nepal; no damage reported - The New Indian Express,"<a href=""https://news.google.com/rss/articles/CBMitgFBVV95cUxNd0ZpbnRBR01HcVQ1R0xsY01ibGNaTmZWYmpHUkI1R3FmVjlTbkd4Mko1a2Y5enZPOWwtWHlycEpRU1RGei0xR2I2NUVCd2JMVTFPMTlOMnpiQ3h1TXA4NHhyZjM3ZlBsWG40OUhBNW",The New Indian Express,27.430249408358566,86.00748870518886
37b54f5,live-a559379a,2026-08-06T14:59:24.315884+00:00,Multiple,Reported area,Structural Failure,Aftermath,Aftershock: Everest and the Nepal Earthquake (2022) - IMDb,"<a href=""https://news.google.com/rss/articles/CBMicEFVX3lxTE1RV1NnQ1MtcklKQ2xLZHBwODlGNkFIeVM1eEJ2aloyV2Q2VjEtbGhjQjJxdDBjM1ExcjVxRW5jZ2FkWC1qdUlpSlVqQ0JEc0RNWmtjTlcxTGt3NzNYUXg4T3dhRlJCZ2pRVmIxVFdyZH",IMDb,28.546936584130524,86.1182000863341
37b54f5,live-827217da,2026-08-06T14:59:24.315871+00:00,Multiple,Reported area,Landslide,Aftermath,Six-year study reveals ancient quakes along 150-mile fault system in Nepal - news.vt.edu,"<a href=""https://news.google.com/rss/articles/CBMigAFBVV95cUxPbFc3VGRyWjFhZmpvb0pXMGhfVWVWbFBVQXN4ay1VeDA3bUtoeWVraEpWT2lKMTdTQmVfVjByVk1SaE1kbDQtd1RFVG5XaEN1TzBjWVhwOUtRVk9QZUN6Q0hNbDJuOTM3ZmpaUTVibX",news.vt.edu,27.553879392242536,85.98904869251957
37b54f5,live-996c2248,2026-08-06T14:59:24.315864+00:00,Multiple,Reported area,Structural Failure,Aftermath,Nepal and Northern India are not overdue for a huge earthquake - New Scientist,"<a href=""https://news.google.com/rss/articles/CBMirAFBVV95cUxOTTIwNHM3ZjM1NHFEek5jVkNQblpUQkJsYTRNcDdINHhDMWJmbU9taGFTNFlDbHRUMVhmRGpVb3dsbkRfRnZKd3lkbVFfRExseXR4SGZvOHNhVzRyX29TMlVxWDF5SUhyLXdTNHctMD",New Scientist,28.005691351352517,85.75770400519886
37b54f5,live-6522e3f1,2026-08-06T14:59:24.315845+00:00,Multiple,Reported area,Structural Failure,Aftermath,The economic damage from the Nepal earthquake is almost half of the country’s GDP - qz.com,"<a href=""https://news.google.com/rss/articles/CBMirAFBVV95cUxPWUJKV2JuVTNqa0ZDNUVwMFlIVk9kNU1JMy0wNVQ5dUg0TEFyS2xRczM4em9qYXRqVVBlXzQwVmlzWm8ydFJUYjNFWVhiTEYtWW41cE9fMXAxd2lZYkFINmlaZnBrSW8yWnBBcURVR1",qz.com,26.912374172812502,85.93136055657813
d6a0f87,live-18718ef5,2026-08-06T12:29:46.936711+00:00,Multiple,Reported area,Structural Failure,Aftermath,3.8 magnitude earthquake hits Nepal - BusinessLine,"<a href=""https://news.google.com/rss/articles/CBMipAFBVV95cUxOS2pNaDlFZkdIRlBWc2lmSVJQWWlHWW9rZ0ozUDZjakl5cTYxYS1mSzJ2TVUxb255dlpyUEVxcmZtajR5RkZKSGx4ZWpJeVk4LTdGT0tyOHFTTnZvSDFhbmk5RC1xUWR0czlQaWRzUk",BusinessLine,26.78204415990028,86.04310553378684
d6a0f87,live-2a65dc93,2026-08-06T12:29:46.936703+00:00,Multiple,Reported area,Structural Failure,Aftermath,"A Look Back At The 2015 Nepal Earthquake When 9,000 People Died - NDTV","<a href=""https://news.google.com/rss/articles/CBMiugFBVV95cUxOVHhaRFBXbmw3aFJGbEdCeHdYR050UnlvWFhfc2pZcGEzV3RPaDNxb3V4SHBNaVB0UWEwaHg4VF9sc21CekpfdmhVSEJYLXBFTzh1eUxnOTV6ZE1pUXMtX0RVSVhENnR1NkN4OWpqcl",NDTV,27.76292777515545,85.4283292149798
d6a0f87,live-17a7db17,2026-08-06T12:29:46.936692+00:00,Multiple,Reported area,Structural Failure,Aftermath,3.8 Magnitude Earthquake Hits Nepal - Deccan Chronicle,"<a href=""https://news.google.com/rss/articles/CBMilgFBVV95cUxPd25LeVA1aTREVVVka0xUWGFZNGx0RmZZNFQ4UGpmRmdyclQtRW1vS09lTDQ0NEhyd0lNbEZpZklKVWdFa1MxQzRfUXZLdk04QnM2cVZNSmlTUENVUnVrd1hZTzlrb3dDSlRwdGZTSU",Deccan Chronicle,28.6579341793246,85.958652851231
d6a0f87,live-601baab7,2026-08-06T12:29:46.936677+00:00,Multiple,Reported area,Structural Failure,Aftermath,4.4-magnitude earthquake jolts Nepal’s Rolpa district - dailypioneer.com,"<a href=""https://news.google.com/rss/articles/CBMiiAFBVV95cUxPLXo2RlgzeHBFY3V1NWRBMlBDcTI0LVQ5UnV1d0VqdEgwUmJ5dzVyMUpCa1V6M0JhUWpQcVMtQ3JhTmpxcGNrQjVQSWwycy1SQ01udldYQ0V4dk8xLW91MlViVlg4VmhYN2VKcmVUUD",dailypioneer.com,27.711959739795795,86.01131127595531
d6a0f87,live-b8f7572b,2026-08-06T12:29:46.936646+00:00,Multiple,Reported area,Structural Failure,Aftermath,Nepal Earthquake: How to Help - Save the Children US,"<a href=""https://news.google.com/rss/articles/CBMikgFBVV95cUxPZWZVZ2l6bGtkb3ZVVUNPdzVfRzVZSURtWlJ3X3g2YlFUVHNZaUlVZ0hmSVllV1pad1Y3eS1rcG91X21EMnAtaUNHSGRNaC1XcEtEeUxkYjk0dnZSSmUwYXF0SjU1N0VnU0RwVmE4Z3",Save the Children US,27.557701453905374,86.10144404048107
d6a0f87,live-464bf3e7,2026-08-06T12:29:46.936637+00:00,Multiple,Reported area,Structural Failure,Aftermath,4.2-magnitude earthquake strikes western Nepal; no damage reported - The New Indian Express,"<a href=""https://news.google.com/rss/articles/CBMitgFBVV95cUxNd0ZpbnRBR01HcVQ1R0xsY01ibGNaTmZWYmpHUkI1R3FmVjlTbkd4Mko1a2Y5enZPOWwtWHlycEpRU1RGei0xR2I2NUVCd2JMVTFPMTlOMnpiQ3h1TXA4NHhyZjM3ZlBsWG40OUhBNW",The New Indian Express,27.81028653129153,84.68787539250965
d6a0f87,live-2269d952,2026-08-06T12:29:46.936628+00:00,Multiple,Reported area,Structural Failure,Aftermath,Aftershock: Everest and the Nepal Earthquake (2022) - IMDb,"<a href=""https://news.google.com/rss/articles/CBMicEFVX3lxTE1RV1NnQ1MtcklKQ2xLZHBwODlGNkFIeVM1eEJ2aloyV2Q2VjEtbGhjQjJxdDBjM1ExcjVxRW5jZ2FkWC1qdUlpSlVqQ0JEc0RNWmtjTlcxTGt3NzNYUXg4T3dhRlJCZ2pRVmIxVFdyZH",IMDb,27.988744818535835,86.04331149253531
d6a0f87,live-a6e1f115,2026-08-06T12:29:46.936612+00:00,Multiple,Reported area,Landslide,Aftermath,Six-year study reveals ancient quakes along 150-mile fault system in Nepal - Virginia Tech News,"<a href=""https://news.google.com/rss/articles/CBMigAFBVV95cUxPbFc3VGRyWjFhZmpvb0pXMGhfVWVWbFBVQXN4ay1VeDA3bUtoeWVraEpWT2lKMTdTQmVfVjByVk1SaE1kbDQtd1RFVG5XaEN1TzBjWVhwOUtRVk9QZUN6Q0hNbDJuOTM3ZmpaUTVibX",Virginia Tech News,28.252944979708037,84.3194784512028
d6a0f87,live-e2d106f6,2026-08-06T12:29:46.936601+00:00,Multiple,Reported area,Structural Failure,Aftermath,Nepal and Northern India are not overdue for a huge earthquake - newscientist.com,"<a href=""https://news.google.com/rss/articles/CBMirAFBVV95cUxOTTIwNHM3ZjM1NHFEek5jVkNQblpUQkJsYTRNcDdINHhDMWJmbU9taGFTNFlDbHRUMVhmRGpVb3dsbkRfRnZKd3lkbVFfRExseXR4SGZvOHNhVzRyX29TMlVxWDF5SUhyLXdTNHctMD",newscientist.com,28.554971436272524,85.34113545997262
d6a0f87,live-d033ca57,2026-08-06T12:29:46.936576+00:00,Multiple,Reported area,Structural Failure,Aftermath,The economic damage from the Nepal earthquake is almost half of the country’s GDP - qz.com,"<a href=""https://news.google.com/rss/articles/CBMirAFBVV95cUxPWUJKV2JuVTNqa0ZDNUVwMFlIVk9kNU1JMy0wNVQ5dUg0TEFyS2xRczM4em9qYXRqVVBlXzQwVmlzWm8ydFJUYjNFWVhiTEYtWW41cE9fMXAxd2lZYkFINmlaZnBrSW8yWnBBcURVR1",qz.com,27.208150324222384,85.44505417302786
2fe9a2c,live-c1a9d7ed,2026-08-06T10:17:06.101423+00:00,Multiple,Reported area,Structural Failure,Aftermath,Nepal earthquake: Magnitude 4 quake hits northwestern Nepal - The Hindu,"<a href=""https://news.google.com/rss/articles/CBMiswFBVV95cUxQaG9QeWRMNm5OWGI3QVpwdFRDcmNrRkk5dXZiUVoxS0w1LVJkWW1xbnJ5STBaeU1mdVhXSkM1aFZXaWNyUEF3T1RrNEN0Wmd3aXYza0hxaXRISVg0XzVDVUFSUVZsbE1OcEhXMkhsVU",The Hindu,27.273823943449212,85.15076960678273
2fe9a2c,live-1d5fc8f7,2026-08-06T10:17:06.101413+00:00,Multiple,Reported area,Structural Failure,Aftermath,3.8 magnitude earthquake hits Nepal - BusinessLine,"<a href=""https://news.google.com/rss/articles/CBMipAFBVV95cUxOS2pNaDlFZkdIRlBWc2lmSVJQWWlHWW9rZ0ozUDZjakl5cTYxYS1mSzJ2TVUxb255dlpyUEVxcmZtajR5RkZKSGx4ZWpJeVk4LTdGT0tyOHFTTnZvSDFhbmk5RC1xUWR0czlQaWRzUk",BusinessLine,27.125565009398983,85.63502285945653
2fe9a2c,live-ad173336,2026-08-06T10:17:06.101404+00:00,Multiple,Reported area,Structural Failure,Aftermath,"A Look Back At The 2015 Nepal Earthquake When 9,000 People Died - NDTV","<a href=""https://news.google.com/rss/articles/CBMiugFBVV95cUxOVHhaRFBXbmw3aFJGbEdCeHdYR050UnlvWFhfc2pZcGEzV3RPaDNxb3V4SHBNaVB0UWEwaHg4VF9sc21CekpfdmhVSEJYLXBFTzh1eUxnOTV6ZE1pUXMtX0RVSVhENnR1NkN4OWpqcl",NDTV,28.112440904475974,84.36530342217286
2fe9a2c,live-f92aca11,2026-08-06T10:17:06.101390+00:00,Multiple,Reported area,Structural Failure,Aftermath,3.8 Magnitude Earthquake Hits Nepal - Deccan Chronicle,"<a href=""https://news.google.com/rss/articles/CBMilgFBVV95cUxPd25LeVA1aTREVVVka0xUWGFZNGx0RmZZNFQ4UGpmRmdyclQtRW1vS09lTDQ0NEhyd0lNbEZpZklKVWdFa1MxQzRfUXZLdk04QnM2cVZNSmlTUENVUnVrd1hZTzlrb3dDSlRwdGZTSU",Deccan Chronicle,28.01916751711947,86.29029693974537
2fe9a2c,live-ecc88fe8,2026-08-06T10:17:06.101382+00:00,Multiple,Reported area,Structural Failure,Aftermath,4.4-magnitude earthquake jolts Nepal’s Rolpa district - Daily Pioneer,"<a href=""https://news.google.com/rss/articles/CBMiiAFBVV95cUxPLXo2RlgzeHBFY3V1NWRBMlBDcTI0LVQ5UnV1d0VqdEgwUmJ5dzVyMUpCa1V6M0JhUWpQcVMtQ3JhTmpxcGNrQjVQSWwycy1SQ01udldYQ0V4dk8xLW91MlViVlg4VmhYN2VKcmVUUD",Daily Pioneer,26.81749526292375,84.43376218415247
2fe9a2c,live-dc41ffec,2026-08-06T10:17:06.101373+00:00,Multiple,Reported area,Structural Failure,Aftermath,Nepal Earthquake: How to Help - Save the Children US,"<a href=""https://news.google.com/rss/articles/CBMikgFBVV95cUxPZWZVZ2l6bGtkb3ZVVUNPdzVfRzVZSURtWlJ3X3g2YlFUVHNZaUlVZ0hmSVllV1pad1Y3eS1rcG91X21EMnAtaUNHSGRNaC1XcEtEeUxkYjk0dnZSSmUwYXF0SjU1N0VnU0RwVmE4Z3",Save the Children US,27.63849339794616,86.24301350070172
2fe9a2c,live-3a397422,2026-08-06T10:17:06.101364+00:00,Multiple,Reported area,Structural Failure,Aftermath,4.2-magnitude earthquake strikes western Nepal; no damage reported - The New Indian Express,"<a href=""https://news.google.com/rss/articles/CBMitgFBVV95cUxNd0ZpbnRBR01HcVQ1R0xsY01ibGNaTmZWYmpHUkI1R3FmVjlTbkd4Mko1a2Y5enZPOWwtWHlycEpRU1RGei0xR2I2NUVCd2JMVTFPMTlOMnpiQ3h1TXA4NHhyZjM3ZlBsWG40OUhBNW",The New Indian Express,28.573653436798615,84.98882203826484
2fe9a2c,live-d462865a,2026-08-06T10:17:06.101349+00:00,Multiple,Reported area,Structural Failure,Aftermath,Aftershock: Everest and the Nepal Earthquake (2022) - IMDb,"<a href=""https://news.google.com/rss/articles/CBMicEFVX3lxTE1RV1NnQ1MtcklKQ2xLZHBwODlGNkFIeVM1eEJ2aloyV2Q2VjEtbGhjQjJxdDBjM1ExcjVxRW5jZ2FkWC1qdUlpSlVqQ0JEc0RNWmtjTlcxTGt3NzNYUXg4T3dhRlJCZ2pRVmIxVFdyZH",IMDb,28.434389662663715,84.61934287309366
2fe9a2c,live-ef588f11,2026-08-06T10:17:06.101339+00:00,Multiple,Reported area,Structural Failure,Aftermath,Nepal and Northern India are not overdue for a huge earthquake - New Scientist,"<a href=""https://news.google.com/rss/articles/CBMirAFBVV95cUxOTTIwNHM3ZjM1NHFEek5jVkNQblpUQkJsYTRNcDdINHhDMWJmbU9taGFTNFlDbHRUMVhmRGpVb3dsbkRfRnZKd3lkbVFfRExseXR4SGZvOHNhVzRyX29TMlVxWDF5SUhyLXdTNHctMD",New Scientist,27.82943775747079,85.06038045743051
2fe9a2c,live-ac71d156,2026-08-06T10:17:06.101311+00:00,Multiple,Reported area,Structural Failure,Aftermath,The economic damage from the Nepal earthquake is almost half of the country’s GDP - qz.com,"<a href=""https://news.google.com/rss/articles/CBMirAFBVV95cUxPWUJKV2JuVTNqa0ZDNUVwMFlIVk9kNU1JMy0wNVQ5dUg0TEFyS2xRczM4em9qYXRqVVBlXzQwVmlzWm8ydFJUYjNFWVhiTEYtWW41cE9fMXAxd2lZYkFINmlaZnBrSW8yWnBBcURVR1",qz.com,27.79910768205043,85.16467520336009
34e5224,live-dbcdc4bf,2026-08-06T07:24:29.392158+00:00,Multiple,Reported area,Structural Failure,Aftermath,Nepal earthquake: Magnitude 4 quake hits northwestern Nepal - The Hindu,"<a href=""https://news.google.com/rss/articles/CBMiswFBVV95cUxQaG9QeWRMNm5OWGI3QVpwdFRDcmNrRkk5dXZiUVoxS0w1LVJkWW1xbnJ5STBaeU1mdVhXSkM1aFZXaWNyUEF3T1RrNEN0Wmd3aXYza0hxaXRISVg0XzVDVUFSUVZsbE1OcEhXMkhsVU",The Hindu,27.541277568973136,85.19930211085635
34e5224,live-144139a3,2026-08-06T07:24:29.392146+00:00,Multiple,Reported area,Structural Failure,Aftermath,3.8 magnitude earthquake hits Nepal - BusinessLine,"<a href=""https://news.google.com/rss/articles/CBMipAFBVV95cUxOS2pNaDlFZkdIRlBWc2lmSVJQWWlHWW9rZ0ozUDZjakl5cTYxYS1mSzJ2TVUxb255dlpyUEVxcmZtajR5RkZKSGx4ZWpJeVk4LTdGT0tyOHFTTnZvSDFhbmk5RC1xUWR0czlQaWRzUk",BusinessLine,27.080554432361225,86.04898497887578
34e5224,live-881e9e3c,2026-08-06T07:24:29.392130+00:00,Multiple,Reported area,Structural Failure,Aftermath,"A Look Back At The 2015 Nepal Earthquake When 9,000 People Died - NDTV","<a href=""https://news.google.com/rss/articles/CBMiugFBVV95cUxOVHhaRFBXbmw3aFJGbEdCeHdYR050UnlvWFhfc2pZcGEzV3RPaDNxb3V4SHBNaVB0UWEwaHg4VF9sc21CekpfdmhVSEJYLXBFTzh1eUxnOTV6ZE1pUXMtX0RVSVhENnR1NkN4OWpqcl",NDTV,28.46243457856799,85.98713372216388
34e5224,live-ade0a804,2026-08-06T07:24:29.392111+00:00,Multiple,Reported area,Structural Failure,Aftermath,3.8 Magnitude Earthquake Hits Nepal - Deccan Chronicle,"<a href=""https://news.google.com/rss/articles/CBMilgFBVV95cUxPd25LeVA1aTREVVVka0xUWGFZNGx0RmZZNFQ4UGpmRmdyclQtRW1vS09lTDQ0NEhyd0lNbEZpZklKVWdFa1MxQzRfUXZLdk04QnM2cVZNSmlTUENVUnVrd1hZTzlrb3dDSlRwdGZTSU",Deccan Chronicle,28.244128609842935,84.87329482822544
34e5224,live-5cb5c645,2026-08-06T07:24:29.392098+00:00,Multiple,Reported area,Structural Failure,Aftermath,4.4-magnitude earthquake jolts Nepal’s Rolpa district - Daily Pioneer,"<a href=""https://news.google.com/rss/articles/CBMiiAFBVV95cUxPLXo2RlgzeHBFY3V1NWRBMlBDcTI0LVQ5UnV1d0VqdEgwUmJ5dzVyMUpCa1V6M0JhUWpQcVMtQ3JhTmpxcGNrQjVQSWwycy1SQ01udldYQ0V4dk8xLW91MlViVlg4VmhYN2VKcmVUUD",Daily Pioneer,27.380146517030276,86.21045690394232
34e5224,live-083d6b33,2026-08-06T07:24:29.392084+00:00,Multiple,Reported area,Structural Failure,Aftermath,Nepal Earthquake: How to Help - Save the Children US,"<a href=""https://news.google.com/rss/articles/CBMikgFBVV95cUxPZWZVZ2l6bGtkb3ZVVUNPdzVfRzVZSURtWlJ3X3g2YlFUVHNZaUlVZ0hmSVllV1pad1Y3eS1rcG91X21EMnAtaUNHSGRNaC1XcEtEeUxkYjk0dnZSSmUwYXF0SjU1N0VnU0RwVmE4Z3",Save the Children US,27.092607461509115,84.32588302619916
34e5224,live-47a43d77,2026-08-06T07:24:29.392070+00:00,Multiple,Reported area,Structural Failure,Aftermath,4.2-magnitude earthquake strikes western Nepal; no damage reported - The New Indian Express,"<a href=""https://news.google.com/rss/articles/CBMitgFBVV95cUxNd0ZpbnRBR01HcVQ1R0xsY01ibGNaTmZWYmpHUkI1R3FmVjlTbkd4Mko1a2Y5enZPOWwtWHlycEpRU1RGei0xR2I2NUVCd2JMVTFPMTlOMnpiQ3h1TXA4NHhyZjM3ZlBsWG40OUhBNW",The New Indian Express,28.380180977109873,85.63280034156612
34e5224,live-820ec1d2,2026-08-06T07:24:29.392047+00:00,Multiple,Reported area,Structural Failure,Aftermath,Aftershock: Everest and the Nepal Earthquake (2022) - IMDb,"<a href=""https://news.google.com/rss/articles/CBMicEFVX3lxTE1RV1NnQ1MtcklKQ2xLZHBwODlGNkFIeVM1eEJ2aloyV2Q2VjEtbGhjQjJxdDBjM1ExcjVxRW5jZ2FkWC1qdUlpSlVqQ0JEc0RNWmtjTlcxTGt3NzNYUXg4T3dhRlJCZ2pRVmIxVFdyZH",IMDb,28.142883051293154,85.93797098618913
34e5224,live-da17c147,2026-08-06T07:24:29.392028+00:00,Multiple,Reported area,Structural Failure,Aftermath,Nepal and Northern India are not overdue for a huge earthquake - New Scientist,"<a href=""https://news.google.com/rss/articles/CBMirAFBVV95cUxOTTIwNHM3ZjM1NHFEek5jVkNQblpUQkJsYTRNcDdINHhDMWJmbU9taGFTNFlDbHRUMVhmRGpVb3dsbkRfRnZKd3lkbVFfRExseXR4SGZvOHNhVzRyX29TMlVxWDF5SUhyLXdTNHctMD",New Scientist,28.14951055507272,84.4308523387686
34e5224,live-6d7e0210,2026-08-06T07:24:29.391991+00:00,Multiple,Reported area,Structural Failure,Aftermath,The economic damage from the Nepal earthquake is almost half of the country’s GDP - qz.com,"<a href=""https://news.google.com/rss/articles/CBMirAFBVV95cUxPWUJKV2JuVTNqa0ZDNUVwMFlIVk9kNU1JMy0wNVQ5dUg0TEFyS2xRczM4em9qYXRqVVBlXzQwVmlzWm8ydFJUYjNFWVhiTEYtWW41cE9fMXAxd2lZYkFINmlaZnBrSW8yWnBBcURVR1",qz.com,28.317889703218434,84.51969388476643
a99901d,live-0fa502cd,2026-08-06T04:29:35.149605+00:00,Multiple,Reported area,Landslide,Aftermath,"Minor quake shakes Nepal, no immediate damage reported - ThePrint","<a href=""https://news.google.com/rss/articles/CBMikgFBVV95cUxNdy1icEg4SGluR1E1SDdpQ1NrVjNSMEdpLWViaXluZzBoeUN4UFhDY1FWWGFfOFU5M0JGd0hVMjhDUC15M2x5ZHFzZGlfMVp3VlJFYkVha2Juem1lZE9UUnMwRmhzVU1ZNU9PRXR3Zn",ThePrint,28.21513143604233,84.30370978456725
a99901d,live-2668a0cd,2026-08-06T04:29:35.149592+00:00,Multiple,Reported area,Structural Failure,Aftermath,3.8 magnitude earthquake hits Nepal - BusinessLine,"<a href=""https://news.google.com/rss/articles/CBMipAFBVV95cUxOS2pNaDlFZkdIRlBWc2lmSVJQWWlHWW9rZ0ozUDZjakl5cTYxYS1mSzJ2TVUxb255dlpyUEVxcmZtajR5RkZKSGx4ZWpJeVk4LTdGT0tyOHFTTnZvSDFhbmk5RC1xUWR0czlQaWRzUk",BusinessLine,27.278831416269888,84.47276868999803
a99901d,live-8cd64e16,2026-08-06T04:29:35.149574+00:00,Multiple,Reported area,Structural Failure,Aftermath,"A Look Back At The 2015 Nepal Earthquake When 9,000 People Died - NDTV","<a href=""https://news.google.com/rss/articles/CBMiugFBVV95cUxOVHhaRFBXbmw3aFJGbEdCeHdYR050UnlvWFhfc2pZcGEzV3RPaDNxb3V4SHBNaVB0UWEwaHg4VF9sc21CekpfdmhVSEJYLXBFTzh1eUxnOTV6ZE1pUXMtX0RVSVhENnR1NkN4OWpqcl",NDTV,27.314588440911848,84.57856373995965
a99901d,live-b0a9dd26,2026-08-06T04:29:35.149554+00:00,Multiple,Reported area,Structural Failure,Aftermath,3.8 Magnitude Earthquake Hits Nepal - Deccan Chronicle,"<a href=""https://news.google.com/rss/articles/CBMilgFBVV95cUxPd25LeVA1aTREVVVka0xUWGFZNGx0RmZZNFQ4UGpmRmdyclQtRW1vS09lTDQ0NEhyd0lNbEZpZklKVWdFa1MxQzRfUXZLdk04QnM2cVZNSmlTUENVUnVrd1hZTzlrb3dDSlRwdGZTSU",Deccan Chronicle,28.460066544374804,85.08143950255547
a99901d,live-f2398439,2026-08-06T04:29:35.149540+00:00,Multiple,Reported area,Structural Failure,Aftermath,4.4-magnitude earthquake jolts Nepal’s Rolpa district - Daily Pioneer,"<a href=""https://news.google.com/rss/articles/CBMiiAFBVV95cUxPLXo2RlgzeHBFY3V1NWRBMlBDcTI0LVQ5UnV1d0VqdEgwUmJ5dzVyMUpCa1V6M0JhUWpQcVMtQ3JhTmpxcGNrQjVQSWwycy1SQ01udldYQ0V4dk8xLW91MlViVlg4VmhYN2VKcmVUUD",Daily Pioneer,27.802453447815438,85.45225855515696
a99901d,live-0d7ebfb6,2026-08-06T04:29:35.149525+00:00,Multiple,Reported area,Structural Failure,Aftermath,Nepal Earthquake: How to Help - Save the Children US,"<a href=""https://news.google.com/rss/articles/CBMikgFBVV95cUxPZWZVZ2l6bGtkb3ZVVUNPdzVfRzVZSURtWlJ3X3g2YlFUVHNZaUlVZ0hmSVllV1pad1Y3eS1rcG91X21EMnAtaUNHSGRNaC1XcEtEeUxkYjk0dnZSSmUwYXF0SjU1N0VnU0RwVmE4Z3",Save the Children US,26.744533645440022,85.68718686452854
a99901d,live-0265e9af,2026-08-06T04:29:35.149510+00:00,Multiple,Reported area,Structural Failure,Aftermath,4.2-magnitude earthquake strikes western Nepal; no damage reported - The New Indian Express,"<a href=""https://news.google.com/rss/articles/CBMitgFBVV95cUxNd0ZpbnRBR01HcVQ1R0xsY01ibGNaTmZWYmpHUkI1R3FmVjlTbkd4Mko1a2Y5enZPOWwtWHlycEpRU1RGei0xR2I2NUVCd2JMVTFPMTlOMnpiQ3h1TXA4NHhyZjM3ZlBsWG40OUhBNW",The New Indian Express,27.980173214678253,85.57930413872147
a99901d,live-be2ffa79,2026-08-06T04:29:35.149486+00:00,Multiple,Reported area,Structural Failure,Aftermath,Aftershock: Everest and the Nepal Earthquake (2022) - IMDb,"<a href=""https://news.google.com/rss/articles/CBMicEFVX3lxTE1RV1NnQ1MtcklKQ2xLZHBwODlGNkFIeVM1eEJ2aloyV2Q2VjEtbGhjQjJxdDBjM1ExcjVxRW5jZ2FkWC1qdUlpSlVqQ0JEc0RNWmtjTlcxTGt3NzNYUXg4T3dhRlJCZ2pRVmIxVFdyZH",IMDb,27.23483276857011,86.10195573560485
a99901d,live-719256cc,2026-08-06T04:29:35.149471+00:00,Multiple,Reported area,Structural Failure,Aftermath,Nepal and Northern India are not overdue for a huge earthquake - New Scientist,"<a href=""https://news.google.com/rss/articles/CBMirAFBVV95cUxOTTIwNHM3ZjM1NHFEek5jVkNQblpUQkJsYTRNcDdINHhDMWJmbU9taGFTNFlDbHRUMVhmRGpVb3dsbkRfRnZKd3lkbVFfRExseXR4SGZvOHNhVzRyX29TMlVxWDF5SUhyLXdTNHctMD",New Scientist,27.236516360539675,84.5676583457329
a99901d,live-ab6d833b,2026-08-06T04:29:35.149438+00:00,Multiple,Reported area,Structural Failure,Aftermath,The economic damage from the Nepal earthquake is almost half of the country’s GDP - qz.com,"<a href=""https://news.google.com/rss/articles/CBMirAFBVV95cUxPWUJKV2JuVTNqa0ZDNUVwMFlIVk9kNU1JMy0wNVQ5dUg0TEFyS2xRczM4em9qYXRqVVBlXzQwVmlzWm8ydFJUYjNFWVhiTEYtWW41cE9fMXAxd2lZYkFINmlaZnBrSW8yWnBBcURVR1",qz.com,27.301410982262496,84.50787461637297
613c9ae,live-4765e9b2,2026-08-06T01:03:42.577349+00:00,Multiple,Reported area,Landslide,Aftermath,"Minor quake shakes Nepal, no immediate damage reported - ThePrint","<a href=""https://news.google.com/rss/articles/CBMikgFBVV95cUxNdy1icEg4SGluR1E1SDdpQ1NrVjNSMEdpLWViaXluZzBoeUN4UFhDY1FWWGFfOFU5M0JGd0hVMjhDUC15M2x5ZHFzZGlfMVp3VlJFYkVha2Juem1lZE9UUnMwRmhzVU1ZNU9PRXR3Zn",ThePrint,28.69047581479564,85.22022834781487
613c9ae,live-cdb94637,2026-08-06T01:03:42.577337+00:00,Multiple,Reported area,Structural Failure,Aftermath,3.8 magnitude earthquake hits Nepal - BusinessLine,"<a href=""https://news.google.com/rss/articles/CBMipAFBVV95cUxOS2pNaDlFZkdIRlBWc2lmSVJQWWlHWW9rZ0ozUDZjakl5cTYxYS1mSzJ2TVUxb255dlpyUEVxcmZtajR5RkZKSGx4ZWpJeVk4LTdGT0tyOHFTTnZvSDFhbmk5RC1xUWR0czlQaWRzUk",BusinessLine,28.246574300516535,85.65417296917622
613c9ae,live-83992601,2026-08-06T01:03:42.577324+00:00,Multiple,Reported area,Structural Failure,Aftermath,"A Look Back At The 2015 Nepal Earthquake When 9,000 People Died - NDTV","<a href=""https://news.google.com/rss/articles/CBMiugFBVV95cUxOVHhaRFBXbmw3aFJGbEdCeHdYR050UnlvWFhfc2pZcGEzV3RPaDNxb3V4SHBNaVB0UWEwaHg4VF9sc21CekpfdmhVSEJYLXBFTzh1eUxnOTV6ZE1pUXMtX0RVSVhENnR1NkN4OWpqcl",NDTV,26.700776651038353,86.04202649891056
613c9ae,live-113ab449,2026-08-06T01:03:42.577306+00:00,Multiple,Reported area,Structural Failure,Aftermath,3.8 Magnitude Earthquake Hits Nepal - Deccan Chronicle,"<a href=""https://news.google.com/rss/articles/CBMilgFBVV95cUxPd25LeVA1aTREVVVka0xUWGFZNGx0RmZZNFQ4UGpmRmdyclQtRW1vS09lTDQ0NEhyd0lNbEZpZklKVWdFa1MxQzRfUXZLdk04QnM2cVZNSmlTUENVUnVrd1hZTzlrb3dDSlRwdGZTSU",Deccan Chronicle,27.542090004682724,85.67132249609564
613c9ae,live-00a6820f,2026-08-06T01:03:42.577293+00:00,Multiple,Reported area,Structural Failure,Aftermath,4.4-magnitude earthquake jolts Nepal’s Rolpa district - Daily Pioneer,"<a href=""https://news.google.com/rss/articles/CBMiiAFBVV95cUxPLXo2RlgzeHBFY3V1NWRBMlBDcTI0LVQ5UnV1d0VqdEgwUmJ5dzVyMUpCa1V6M0JhUWpQcVMtQ3JhTmpxcGNrQjVQSWwycy1SQ01udldYQ0V4dk8xLW91MlViVlg4VmhYN2VKcmVUUD",Daily Pioneer,28.095923356683308,84.60795199107004
613c9ae,live-1db6d50a,2026-08-06T01:03:42.577278+00:00,Multiple,Reported area,Structural Failure,Aftermath,Nepal Earthquake: How to Help - Save the Children US,"<a href=""https://news.google.com/rss/articles/CBMikgFBVV95cUxPZWZVZ2l6bGtkb3ZVVUNPdzVfRzVZSURtWlJ3X3g2YlFUVHNZaUlVZ0hmSVllV1pad1Y3eS1rcG91X21EMnAtaUNHSGRNaC1XcEtEeUxkYjk0dnZSSmUwYXF0SjU1N0VnU0RwVmE4Z3",Save the Children US,27.201357605418472,85.48175959595369
613c9ae,live-8188f137,2026-08-06T01:03:42.577265+00:00,Multiple,Reported area,Structural Failure,Aftermath,Nepal and Northern India are not overdue for a huge earthquake - New Scientist,"<a href=""https://news.google.com/rss/articles/CBMirAFBVV95cUxOTTIwNHM3ZjM1NHFEek5jVkNQblpUQkJsYTRNcDdINHhDMWJmbU9taGFTNFlDbHRUMVhmRGpVb3dsbkRfRnZKd3lkbVFfRExseXR4SGZvOHNhVzRyX29TMlVxWDF5SUhyLXdTNHctMD",New Scientist,28.224743074654885,85.00675096881801
613c9ae,live-3e62e534,2026-08-06T01:03:42.577246+00:00,Multiple,Reported area,Landslide,Aftermath,Six-year study reveals ancient quakes along 150-mile fault system in Nepal - Virginia Tech News,"<a href=""https://news.google.com/rss/articles/CBMigAFBVV95cUxPbFc3VGRyWjFhZmpvb0pXMGhfVWVWbFBVQXN4ay1VeDA3bUtoeWVraEpWT2lKMTdTQmVfVjByVk1SaE1kbDQtd1RFVG5XaEN1TzBjWVhwOUtRVk9QZUN6Q0hNbDJuOTM3ZmpaUTVibX",Virginia Tech News,28.379761957094548,84.34069293778946
613c9ae,live-c285b296,2026-08-06T01:03:42.577229+00:00,Multiple,Reported area,Structural Failure,Aftermath,Aftershock: Everest and the Nepal Earthquake (2022) - IMDb,"<a href=""https://news.google.com/rss/articles/CBMicEFVX3lxTE1RV1NnQ1MtcklKQ2xLZHBwODlGNkFIeVM1eEJ2aloyV2Q2VjEtbGhjQjJxdDBjM1ExcjVxRW5jZ2FkWC1qdUlpSlVqQ0JEc0RNWmtjTlcxTGt3NzNYUXg4T3dhRlJCZ2pRVmIxVFdyZH",IMDb,27.34049901310439,85.15511302014275
613c9ae,live-2b9bc371,2026-08-06T01:03:42.577174+00:00,Multiple,Reported area,Structural Failure,Aftermath,The economic damage from the Nepal earthquake is almost half of the country’s GDP - qz.com,"<a href=""https://news.google.com/rss/articles/CBMirAFBVV95cUxPWUJKV2JuVTNqa0ZDNUVwMFlIVk9kNU1JMy0wNVQ5dUg0TEFyS2xRczM4em9qYXRqVVBlXzQwVmlzWm8ydFJUYjNFWVhiTEYtWW41cE9fMXAxd2lZYkFINmlaZnBrSW8yWnBBcURVR1",qz.com,28.34619693148731,85.34738006274756
8ed8477,live-6973377b,2026-08-05T23:17:06.928198+00:00,Multiple,Reported area,Structural Failure,Aftermath,3.8 magnitude earthquake hits Nepal - thehindubusinessline.com,"<a href=""https://news.google.com/rss/articles/CBMipAFBVV95cUxOS2pNaDlFZkdIRlBWc2lmSVJQWWlHWW9rZ0ozUDZjakl5cTYxYS1mSzJ2TVUxb255dlpyUEVxcmZtajR5RkZKSGx4ZWpJeVk4LTdGT0tyOHFTTnZvSDFhbmk5RC1xUWR0czlQaWRzUk",thehindubusinessline.com,27.819944524524892,84.81318353183558
8ed8477,live-87a3c4a6,2026-08-05T23:17:06.928187+00:00,Multiple,Reported area,Structural Failure,Aftermath,"A Look Back At The 2015 Nepal Earthquake When 9,000 People Died - NDTV","<a href=""https://news.google.com/rss/articles/CBMiugFBVV95cUxOVHhaRFBXbmw3aFJGbEdCeHdYR050UnlvWFhfc2pZcGEzV3RPaDNxb3V4SHBNaVB0UWEwaHg4VF9sc21CekpfdmhVSEJYLXBFTzh1eUxnOTV6ZE1pUXMtX0RVSVhENnR1NkN4OWpqcl",NDTV,28.565688295806414,85.7451336445862
8ed8477,live-e39bcf05,2026-08-05T23:17:06.928174+00:00,Multiple,Reported area,Structural Failure,Aftermath,3.8 Magnitude Earthquake Hits Nepal - Deccan Chronicle,"<a href=""https://news.google.com/rss/articles/CBMilgFBVV95cUxPd25LeVA1aTREVVVka0xUWGFZNGx0RmZZNFQ4UGpmRmdyclQtRW1vS09lTDQ0NEhyd0lNbEZpZklKVWdFa1MxQzRfUXZLdk04QnM2cVZNSmlTUENVUnVrd1hZTzlrb3dDSlRwdGZTSU",Deccan Chronicle,27.838027625224424,85.70850411230343
8ed8477,live-bfa7fa56,2026-08-05T23:17:06.928157+00:00,Multiple,Reported area,Structural Failure,Aftermath,Nepal Earthquake: How to Help - Save the Children US,"<a href=""https://news.google.com/rss/articles/CBMikgFBVV95cUxPZWZVZ2l6bGtkb3ZVVUNPdzVfRzVZSURtWlJ3X3g2YlFUVHNZaUlVZ0hmSVllV1pad1Y3eS1rcG91X21EMnAtaUNHSGRNaC1XcEtEeUxkYjk0dnZSSmUwYXF0SjU1N0VnU0RwVmE4Z3",Save the Children US,28.050507518846644,85.73276092922193
8ed8477,live-9445a145,2026-08-05T23:17:06.928144+00:00,Multiple,Reported area,Structural Failure,Aftermath,4.4-magnitude earthquake jolts Nepal’s Rolpa district - Daily Pioneer,"<a href=""https://news.google.com/rss/articles/CBMiiAFBVV95cUxPLXo2RlgzeHBFY3V1NWRBMlBDcTI0LVQ5UnV1d0VqdEgwUmJ5dzVyMUpCa1V6M0JhUWpQcVMtQ3JhTmpxcGNrQjVQSWwycy1SQ01udldYQ0V4dk8xLW91MlViVlg4VmhYN2VKcmVUUD",Daily Pioneer,27.62784126086664,84.5251622302583
8ed8477,live-022bda99,2026-08-05T23:17:06.928130+00:00,Multiple,Reported area,Structural Failure,Aftermath,4.2-magnitude earthquake strikes western Nepal; no damage reported - The New Indian Express,"<a href=""https://news.google.com/rss/articles/CBMitgFBVV95cUxNd0ZpbnRBR01HcVQ1R0xsY01ibGNaTmZWYmpHUkI1R3FmVjlTbkd4Mko1a2Y5enZPOWwtWHlycEpRU1RGei0xR2I2NUVCd2JMVTFPMTlOMnpiQ3h1TXA4NHhyZjM3ZlBsWG40OUhBNW",The New Indian Express,27.294509273647055,85.0631711186919
8ed8477,live-ab38e8e4,2026-08-05T23:17:06.928115+00:00,Multiple,Reported area,Landslide,Aftermath,Six-year study reveals ancient quakes along 150-mile fault system in Nepal - Virginia Tech News,"<a href=""https://news.google.com/rss/articles/CBMigAFBVV95cUxPbFc3VGRyWjFhZmpvb0pXMGhfVWVWbFBVQXN4ay1VeDA3bUtoeWVraEpWT2lKMTdTQmVfVjByVk1SaE1kbDQtd1RFVG5XaEN1TzBjWVhwOUtRVk9QZUN6Q0hNbDJuOTM3ZmpaUTVibX",Virginia Tech News,27.909580268105778,85.77479773510628
8ed8477,live-d81ae99a,2026-08-05T23:17:06.928093+00:00,Multiple,Reported area,Structural Failure,Aftermath,Aftershock: Everest and the Nepal Earthquake (2022) - IMDb,"<a href=""https://news.google.com/rss/articles/CBMicEFVX3lxTE1RV1NnQ1MtcklKQ2xLZHBwODlGNkFIeVM1eEJ2aloyV2Q2VjEtbGhjQjJxdDBjM1ExcjVxRW5jZ2FkWC1qdUlpSlVqQ0JEc0RNWmtjTlcxTGt3NzNYUXg4T3dhRlJCZ2pRVmIxVFdyZH",IMDb,28.542361623731686,84.88737386259898
8ed8477,live-6d4a1557,2026-08-05T23:17:06.928078+00:00,Multiple,Reported area,Structural Failure,Aftermath,Nepal and Northern India are not overdue for a huge earthquake - New Scientist,"<a href=""https://news.google.com/rss/articles/CBMirAFBVV95cUxOTTIwNHM3ZjM1NHFEek5jVkNQblpUQkJsYTRNcDdINHhDMWJmbU9taGFTNFlDbHRUMVhmRGpVb3dsbkRfRnZKd3lkbVFfRExseXR4SGZvOHNhVzRyX29TMlVxWDF5SUhyLXdTNHctMD",New Scientist,27.590515268013565,85.681028015804
8ed8477,live-3ff914f0,2026-08-05T23:17:06.928052+00:00,Multiple,Reported area,Structural Failure,Aftermath,The economic damage from the Nepal earthquake is almost half of the country’s GDP - qz.com,"<a href=""https://news.google.com/rss/articles/CBMirAFBVV95cUxPWUJKV2JuVTNqa0ZDNUVwMFlIVk9kNU1JMy0wNVQ5dUg0TEFyS2xRczM4em9qYXRqVVBlXzQwVmlzWm8ydFJUYjNFWVhiTEYtWW41cE9fMXAxd2lZYkFINmlaZnBrSW8yWnBBcURVR1",qz.com,27.443138747434016,86.02349565137014
7a774b5,live-403a54a1,2026-08-05T21:54:37.718302+00:00,Multiple,Reported area,Structural Failure,Aftermath,3.8 magnitude earthquake hits Nepal - BusinessLine,"<a href=""https://news.google.com/rss/articles/CBMipAFBVV95cUxOS2pNaDlFZkdIRlBWc2lmSVJQWWlHWW9rZ0ozUDZjakl5cTYxYS1mSzJ2TVUxb255dlpyUEVxcmZtajR5RkZKSGx4ZWpJeVk4LTdGT0tyOHFTTnZvSDFhbmk5RC1xUWR0czlQaWRzUk",BusinessLine,28.5559359605237,85.79244540056592
7a774b5,live-f1a4231a,2026-08-05T21:54:37.718290+00:00,Multiple,Reported area,Structural Failure,Aftermath,"A Look Back At The 2015 Nepal Earthquake When 9,000 People Died - NDTV","<a href=""https://news.google.com/rss/articles/CBMiugFBVV95cUxOVHhaRFBXbmw3aFJGbEdCeHdYR050UnlvWFhfc2pZcGEzV3RPaDNxb3V4SHBNaVB0UWEwaHg4VF9sc21CekpfdmhVSEJYLXBFTzh1eUxnOTV6ZE1pUXMtX0RVSVhENnR1NkN4OWpqcl",NDTV,27.757113785915905,86.12050372436433
7a774b5,live-97111292,2026-08-05T21:54:37.718278+00:00,Multiple,Reported area,Structural Failure,Aftermath,3.8 Magnitude Earthquake Hits Nepal - Deccan Chronicle,"<a href=""https://news.google.com/rss/articles/CBMilgFBVV95cUxPd25LeVA1aTREVVVka0xUWGFZNGx0RmZZNFQ4UGpmRmdyclQtRW1vS09lTDQ0NEhyd0lNbEZpZklKVWdFa1MxQzRfUXZLdk04QnM2cVZNSmlTUENVUnVrd1hZTzlrb3dDSlRwdGZTSU",Deccan Chronicle,27.078472666236593,85.09864322466076
7a774b5,live-d5834b7a,2026-08-05T21:54:37.718260+00:00,Multiple,Reported area,Structural Failure,Aftermath,Nepal Earthquake: How to Help - Save the Children US,"<a href=""https://news.google.com/rss/articles/CBMikgFBVV95cUxPZWZVZ2l6bGtkb3ZVVUNPdzVfRzVZSURtWlJ3X3g2YlFUVHNZaUlVZ0hmSVllV1pad1Y3eS1rcG91X21EMnAtaUNHSGRNaC1XcEtEeUxkYjk0dnZSSmUwYXF0SjU1N0VnU0RwVmE4Z3",Save the Children US,26.79895780765862,85.05076293772275
7a774b5,live-45aed63a,2026-08-05T21:54:37.718248+00:00,Multiple,Reported area,Structural Failure,Aftermath,4.4-magnitude earthquake jolts Nepal’s Rolpa district - Daily Pioneer,"<a href=""https://news.google.com/rss/articles/CBMiiAFBVV95cUxPLXo2RlgzeHBFY3V1NWRBMlBDcTI0LVQ5UnV1d0VqdEgwUmJ5dzVyMUpCa1V6M0JhUWpQcVMtQ3JhTmpxcGNrQjVQSWwycy1SQ01udldYQ0V4dk8xLW91MlViVlg4VmhYN2VKcmVUUD",Daily Pioneer,27.402041651589645,84.8662227773686
7a774b5,live-0f4ee57c,2026-08-05T21:54:37.718235+00:00,Multiple,Reported area,Structural Failure,Aftermath,4.2-magnitude earthquake strikes western Nepal; no damage reported - The New Indian Express,"<a href=""https://news.google.com/rss/articles/CBMitgFBVV95cUxNd0ZpbnRBR01HcVQ1R0xsY01ibGNaTmZWYmpHUkI1R3FmVjlTbkd4Mko1a2Y5enZPOWwtWHlycEpRU1RGei0xR2I2NUVCd2JMVTFPMTlOMnpiQ3h1TXA4NHhyZjM3ZlBsWG40OUhBNW",The New Indian Express,27.881467057760716,84.91821808863959
7a774b5,live-98042e87,2026-08-05T21:54:37.718221+00:00,Multiple,Reported area,Landslide,Aftermath,Six-year study reveals ancient quakes along 150-mile fault system in Nepal - Virginia Tech News,"<a href=""https://news.google.com/rss/articles/CBMigAFBVV95cUxPbFc3VGRyWjFhZmpvb0pXMGhfVWVWbFBVQXN4ay1VeDA3bUtoeWVraEpWT2lKMTdTQmVfVjByVk1SaE1kbDQtd1RFVG5XaEN1TzBjWVhwOUtRVk9QZUN6Q0hNbDJuOTM3ZmpaUTVibX",Virginia Tech News,27.029488945271595,84.93273901452932
7a774b5,live-1cfb619e,2026-08-05T21:54:37.718200+00:00,Multiple,Reported area,Structural Failure,Aftermath,Aftershock: Everest and the Nepal Earthquake (2022) - IMDb,"<a href=""https://news.google.com/rss/articles/CBMicEFVX3lxTE1RV1NnQ1MtcklKQ2xLZHBwODlGNkFIeVM1eEJ2aloyV2Q2VjEtbGhjQjJxdDBjM1ExcjVxRW5jZ2FkWC1qdUlpSlVqQ0JEc0RNWmtjTlcxTGt3NzNYUXg4T3dhRlJCZ2pRVmIxVFdyZH",IMDb,27.686860847324777,84.3361370167109
7a774b5,live-2a3c3c59,2026-08-05T21:54:37.718185+00:00,Multiple,Reported area,Structural Failure,Aftermath,Nepal and Northern India are not overdue for a huge earthquake - newscientist.com,"<a href=""https://news.google.com/rss/articles/CBMirAFBVV95cUxOTTIwNHM3ZjM1NHFEek5jVkNQblpUQkJsYTRNcDdINHhDMWJmbU9taGFTNFlDbHRUMVhmRGpVb3dsbkRfRnZKd3lkbVFfRExseXR4SGZvOHNhVzRyX29TMlVxWDF5SUhyLXdTNHctMD",newscientist.com,27.518566761752147,84.44454923067275
7a774b5,live-70574ebe,2026-08-05T21:54:37.718151+00:00,Multiple,Reported area,Structural Failure,Aftermath,The economic damage from the Nepal earthquake is almost half of the country’s GDP - qz.com,"<a href=""https://news.google.com/rss/articles/CBMirAFBVV95cUxPWUJKV2JuVTNqa0ZDNUVwMFlIVk9kNU1JMy0wNVQ5dUg0TEFyS2xRczM4em9qYXRqVVBlXzQwVmlzWm8ydFJUYjNFWVhiTEYtWW41cE9fMXAxd2lZYkFINmlaZnBrSW8yWnBBcURVR1",qz.com,27.52235720293294,86.29380588844386
81e5de8,live-d9a337f9,2026-08-05T20:38:42.597545+00:00,Multiple,Reported area,Structural Failure,Aftermath,3.8 magnitude earthquake hits Nepal - BusinessLine,"<a href=""https://news.google.com/rss/articles/CBMipAFBVV95cUxOS2pNaDlFZkdIRlBWc2lmSVJQWWlHWW9rZ0ozUDZjakl5cTYxYS1mSzJ2TVUxb255dlpyUEVxcmZtajR5RkZKSGx4ZWpJeVk4LTdGT0tyOHFTTnZvSDFhbmk5RC1xUWR0czlQaWRzUk",BusinessLine,27.911729645520648,84.9614185311581
81e5de8,live-a787acd0,2026-08-05T20:38:42.597533+00:00,Multiple,Reported area,Structural Failure,Aftermath,"A Look Back At The 2015 Nepal Earthquake When 9,000 People Died - NDTV","<a href=""https://news.google.com/rss/articles/CBMiugFBVV95cUxOVHhaRFBXbmw3aFJGbEdCeHdYR050UnlvWFhfc2pZcGEzV3RPaDNxb3V4SHBNaVB0UWEwaHg4VF9sc21CekpfdmhVSEJYLXBFTzh1eUxnOTV6ZE1pUXMtX0RVSVhENnR1NkN4OWpqcl",NDTV,26.955416418596126,85.35364071342357
81e5de8,live-828d20ee,2026-08-05T20:38:42.597519+00:00,Multiple,Reported area,Structural Failure,Aftermath,3.8 Magnitude Earthquake Hits Nepal - deccanchronicle.com,"<a href=""https://news.google.com/rss/articles/CBMilgFBVV95cUxPd25LeVA1aTREVVVka0xUWGFZNGx0RmZZNFQ4UGpmRmdyclQtRW1vS09lTDQ0NEhyd0lNbEZpZklKVWdFa1MxQzRfUXZLdk04QnM2cVZNSmlTUENVUnVrd1hZTzlrb3dDSlRwdGZTSU",deccanchronicle.com,26.999054973509814,85.00730365344427
81e5de8,live-da1e47fa,2026-08-05T20:38:42.597502+00:00,Multiple,Reported area,Structural Failure,Aftermath,Nepal Earthquake: How to Help - Save the Children US,"<a href=""https://news.google.com/rss/articles/CBMikgFBVV95cUxPZWZVZ2l6bGtkb3ZVVUNPdzVfRzVZSURtWlJ3X3g2YlFUVHNZaUlVZ0hmSVllV1pad1Y3eS1rcG91X21EMnAtaUNHSGRNaC1XcEtEeUxkYjk0dnZSSmUwYXF0SjU1N0VnU0RwVmE4Z3",Save the Children US,28.69127413375633,84.6429358146163
81e5de8,live-5898c1fa,2026-08-05T20:38:42.597490+00:00,Multiple,Reported area,Structural Failure,Aftermath,4.4-magnitude earthquake jolts Nepal’s Rolpa district - Daily Pioneer,"<a href=""https://news.google.com/rss/articles/CBMiiAFBVV95cUxPLXo2RlgzeHBFY3V1NWRBMlBDcTI0LVQ5UnV1d0VqdEgwUmJ5dzVyMUpCa1V6M0JhUWpQcVMtQ3JhTmpxcGNrQjVQSWwycy1SQ01udldYQ0V4dk8xLW91MlViVlg4VmhYN2VKcmVUUD",Daily Pioneer,28.41830019541887,84.42744165240218
81e5de8,live-7a8b4ac3,2026-08-05T20:38:42.597476+00:00,Multiple,Reported area,Structural Failure,Aftermath,4.2-magnitude earthquake strikes western Nepal; no damage reported - The New Indian Express,"<a href=""https://news.google.com/rss/articles/CBMitgFBVV95cUxNd0ZpbnRBR01HcVQ1R0xsY01ibGNaTmZWYmpHUkI1R3FmVjlTbkd4Mko1a2Y5enZPOWwtWHlycEpRU1RGei0xR2I2NUVCd2JMVTFPMTlOMnpiQ3h1TXA4NHhyZjM3ZlBsWG40OUhBNW",The New Indian Express,27.095969181387012,84.47378213679562
81e5de8,live-8349f3fb,2026-08-05T20:38:42.597462+00:00,Multiple,Reported area,Landslide,Aftermath,Six-year study reveals ancient quakes along 150-mile fault system in Nepal - Virginia Tech News,"<a href=""https://news.google.com/rss/articles/CBMigAFBVV95cUxPbFc3VGRyWjFhZmpvb0pXMGhfVWVWbFBVQXN4ay1VeDA3bUtoeWVraEpWT2lKMTdTQmVfVjByVk1SaE1kbDQtd1RFVG5XaEN1TzBjWVhwOUtRVk9QZUN6Q0hNbDJuOTM3ZmpaUTVibX",Virginia Tech News,27.87016757284588,85.62160697781124
81e5de8,live-727a3055,2026-08-05T20:38:42.597440+00:00,Multiple,Reported area,Structural Failure,Aftermath,Aftershock: Everest and the Nepal Earthquake (2022) - IMDb,"<a href=""https://news.google.com/rss/articles/CBMicEFVX3lxTE1RV1NnQ1MtcklKQ2xLZHBwODlGNkFIeVM1eEJ2aloyV2Q2VjEtbGhjQjJxdDBjM1ExcjVxRW5jZ2FkWC1qdUlpSlVqQ0JEc0RNWmtjTlcxTGt3NzNYUXg4T3dhRlJCZ2pRVmIxVFdyZH",IMDb,27.94440742409508,85.55831151530587
81e5de8,live-f602abcf,2026-08-05T20:38:42.597425+00:00,Multiple,Reported area,Structural Failure,Aftermath,Nepal and Northern India are not overdue for a huge earthquake - New Scientist,"<a href=""https://news.google.com/rss/articles/CBMirAFBVV95cUxOTTIwNHM3ZjM1NHFEek5jVkNQblpUQkJsYTRNcDdINHhDMWJmbU9taGFTNFlDbHRUMVhmRGpVb3dsbkRfRnZKd3lkbVFfRExseXR4SGZvOHNhVzRyX29TMlVxWDF5SUhyLXdTNHctMD",New Scientist,28.36339700216496,86.06336365167354
81e5de8,live-81b11133,2026-08-05T20:38:42.597396+00:00,Multiple,Reported area,Structural Failure,Aftermath,The economic damage from the Nepal earthquake is almost half of the country’s GDP - qz.com,"<a href=""https://news.google.com/rss/articles/CBMirAFBVV95cUxPWUJKV2JuVTNqa0ZDNUVwMFlIVk9kNU1JMy0wNVQ5dUg0TEFyS2xRczM4em9qYXRqVVBlXzQwVmlzWm8ydFJUYjNFWVhiTEYtWW41cE9fMXAxd2lZYkFINmlaZnBrSW8yWnBBcURVR1",qz.com,27.584183572844893,84.60877365427841
0368ef6,live-ea1de35e,2026-08-05T18:48:18.771864+00:00,Multiple,Reported area,Structural Failure,Aftermath,3.8 magnitude earthquake hits Nepal - BusinessLine,"<a href=""https://news.google.com/rss/articles/CBMipAFBVV95cUxOS2pNaDlFZkdIRlBWc2lmSVJQWWlHWW9rZ0ozUDZjakl5cTYxYS1mSzJ2TVUxb255dlpyUEVxcmZtajR5RkZKSGx4ZWpJeVk4LTdGT0tyOHFTTnZvSDFhbmk5RC1xUWR0czlQaWRzUk",BusinessLine,27.187107895609763,85.3999015154499
0368ef6,live-f621ce74,2026-08-05T18:48:18.771851+00:00,Multiple,Reported area,Structural Failure,Aftermath,"A Look Back At The 2015 Nepal Earthquake When 9,000 People Died - NDTV","<a href=""https://news.google.com/rss/articles/CBMiugFBVV95cUxOVHhaRFBXbmw3aFJGbEdCeHdYR050UnlvWFhfc2pZcGEzV3RPaDNxb3V4SHBNaVB0UWEwaHg4VF9sc21CekpfdmhVSEJYLXBFTzh1eUxnOTV6ZE1pUXMtX0RVSVhENnR1NkN4OWpqcl",NDTV,27.287846014567595,86.1783901035487
0368ef6,live-87d32be4,2026-08-05T18:48:18.771833+00:00,Multiple,Reported area,Structural Failure,Aftermath,3.8 Magnitude Earthquake Hits Nepal - Deccan Chronicle,"<a href=""https://news.google.com/rss/articles/CBMilgFBVV95cUxPd25LeVA1aTREVVVka0xUWGFZNGx0RmZZNFQ4UGpmRmdyclQtRW1vS09lTDQ0NEhyd0lNbEZpZklKVWdFa1MxQzRfUXZLdk04QnM2cVZNSmlTUENVUnVrd1hZTzlrb3dDSlRwdGZTSU",Deccan Chronicle,28.623317997320175,84.96345570390162
0368ef6,live-3085bec1,2026-08-05T18:48:18.771815+00:00,Multiple,Reported area,Structural Failure,Aftermath,Nepal Earthquake: How to Help - Save the Children US,"<a href=""https://news.google.com/rss/articles/CBMikgFBVV95cUxPZWZVZ2l6bGtkb3ZVVUNPdzVfRzVZSURtWlJ3X3g2YlFUVHNZaUlVZ0hmSVllV1pad1Y3eS1rcG91X21EMnAtaUNHSGRNaC1XcEtEeUxkYjk0dnZSSmUwYXF0SjU1N0VnU0RwVmE4Z3",Save the Children US,27.002886516222034,84.8414825413798
0368ef6,live-6c922385,2026-08-05T18:48:18.771802+00:00,Multiple,Reported area,Structural Failure,Aftermath,4.4-magnitude earthquake jolts Nepal’s Rolpa district - Daily Pioneer,"<a href=""https://news.google.com/rss/articles/CBMiiAFBVV95cUxPLXo2RlgzeHBFY3V1NWRBMlBDcTI0LVQ5UnV1d0VqdEgwUmJ5dzVyMUpCa1V6M0JhUWpQcVMtQ3JhTmpxcGNrQjVQSWwycy1SQ01udldYQ0V4dk8xLW91MlViVlg4VmhYN2VKcmVUUD",Daily Pioneer,28.436584545900423,84.41940694102169
0368ef6,live-dfb05d06,2026-08-05T18:48:18.771785+00:00,Multiple,Reported area,Structural Failure,Aftermath,4.2-magnitude earthquake strikes western Nepal; no damage reported - The New Indian Express,"<a href=""https://news.google.com/rss/articles/CBMitgFBVV95cUxNd0ZpbnRBR01HcVQ1R0xsY01ibGNaTmZWYmpHUkI1R3FmVjlTbkd4Mko1a2Y5enZPOWwtWHlycEpRU1RGei0xR2I2NUVCd2JMVTFPMTlOMnpiQ3h1TXA4NHhyZjM3ZlBsWG40OUhBNW",The New Indian Express,27.24133337575497,86.23525789154732
0368ef6,live-2bbc7e2a,2026-08-05T18:48:18.771766+00:00,Multiple,Reported area,Landslide,Aftermath,Six-year study reveals ancient quakes along 150-mile fault system in Nepal - Virginia Tech News,"<a href=""https://news.google.com/rss/articles/CBMigAFBVV95cUxPbFc3VGRyWjFhZmpvb0pXMGhfVWVWbFBVQXN4ay1VeDA3bUtoeWVraEpWT2lKMTdTQmVfVjByVk1SaE1kbDQtd1RFVG5XaEN1TzBjWVhwOUtRVk9QZUN6Q0hNbDJuOTM3ZmpaUTVibX",Virginia Tech News,27.932170380047477,84.8479073307276
0368ef6,live-1d558087,2026-08-05T18:48:18.771747+00:00,Multiple,Reported area,Structural Failure,Aftermath,Aftershock: Everest and the Nepal Earthquake (2022) - imdb.com,"<a href=""https://news.google.com/rss/articles/CBMicEFVX3lxTE1RV1NnQ1MtcklKQ2xLZHBwODlGNkFIeVM1eEJ2aloyV2Q2VjEtbGhjQjJxdDBjM1ExcjVxRW5jZ2FkWC1qdUlpSlVqQ0JEc0RNWmtjTlcxTGt3NzNYUXg4T3dhRlJCZ2pRVmIxVFdyZH",imdb.com,27.35073875548822,84.71117078147658
0368ef6,live-020da26d,2026-08-05T18:48:18.771732+00:00,Multiple,Reported area,Structural Failure,Aftermath,Nepal and Northern India are not overdue for a huge earthquake - New Scientist,"<a href=""https://news.google.com/rss/articles/CBMirAFBVV95cUxOTTIwNHM3ZjM1NHFEek5jVkNQblpUQkJsYTRNcDdINHhDMWJmbU9taGFTNFlDbHRUMVhmRGpVb3dsbkRfRnZKd3lkbVFfRExseXR4SGZvOHNhVzRyX29TMlVxWDF5SUhyLXdTNHctMD",New Scientist,28.618673029180766,84.55512596244216
0368ef6,live-7b25d06d,2026-08-05T18:48:18.771695+00:00,Multiple,Reported area,Structural Failure,Aftermath,The economic damage from the Nepal earthquake is almost half of the country’s GDP - qz.com,"<a href=""https://news.google.com/rss/articles/CBMirAFBVV95cUxPWUJKV2JuVTNqa0ZDNUVwMFlIVk9kNU1JMy0wNVQ5dUg0TEFyS2xRczM4em9qYXRqVVBlXzQwVmlzWm8ydFJUYjNFWVhiTEYtWW41cE9fMXAxd2lZYkFINmlaZnBrSW8yWnBBcURVR1",qz.com,28.432244292081073,85.33146356170063
31846a7,live-1731c8ef,2026-08-05T16:51:44.386547+00:00,Multiple,Reported area,Landslide,Aftermath,"Minor quake shakes Nepal, no immediate damage reported - ThePrint","<a href=""https://news.google.com/rss/articles/CBMikgFBVV95cUxNdy1icEg4SGluR1E1SDdpQ1NrVjNSMEdpLWViaXluZzBoeUN4UFhDY1FWWGFfOFU5M0JGd0hVMjhDUC15M2x5ZHFzZGlfMVp3VlJFYkVha2Juem1lZE9UUnMwRmhzVU1ZNU9PRXR3Zn",ThePrint,27.86172161170809,85.69500757456854
31846a7,live-7a46f889,2026-08-05T16:51:44.386533+00:00,Multiple,Reported area,Structural Failure,Aftermath,3.8 magnitude earthquake hits Nepal - BusinessLine,"<a href=""https://news.google.com/rss/articles/CBMipAFBVV95cUxOS2pNaDlFZkdIRlBWc2lmSVJQWWlHWW9rZ0ozUDZjakl5cTYxYS1mSzJ2TVUxb255dlpyUEVxcmZtajR5RkZKSGx4ZWpJeVk4LTdGT0tyOHFTTnZvSDFhbmk5RC1xUWR0czlQaWRzUk",BusinessLine,27.70458641393358,84.41105047903433
31846a7,live-a12f1131,2026-08-05T16:51:44.386516+00:00,Multiple,Reported area,Structural Failure,Aftermath,"A Look Back At The 2015 Nepal Earthquake When 9,000 People Died - NDTV","<a href=""https://news.google.com/rss/articles/CBMiugFBVV95cUxOVHhaRFBXbmw3aFJGbEdCeHdYR050UnlvWFhfc2pZcGEzV3RPaDNxb3V4SHBNaVB0UWEwaHg4VF9sc21CekpfdmhVSEJYLXBFTzh1eUxnOTV6ZE1pUXMtX0RVSVhENnR1NkN4OWpqcl",NDTV,28.50138884852122,85.24578020875727
31846a7,live-6f6eeae9,2026-08-05T16:51:44.386497+00:00,Multiple,Reported area,Structural Failure,Aftermath,3.8 Magnitude Earthquake Hits Nepal - Deccan Chronicle,"<a href=""https://news.google.com/rss/articles/CBMilgFBVV95cUxPd25LeVA1aTREVVVka0xUWGFZNGx0RmZZNFQ4UGpmRmdyclQtRW1vS09lTDQ0NEhyd0lNbEZpZklKVWdFa1MxQzRfUXZLdk04QnM2cVZNSmlTUENVUnVrd1hZTzlrb3dDSlRwdGZTSU",Deccan Chronicle,28.148793060863333,84.59322683629354
31846a7,live-f8b77a06,2026-08-05T16:51:44.386484+00:00,Multiple,Reported area,Structural Failure,Aftermath,Nepal Earthquake: How to Help - Save the Children US,"<a href=""https://news.google.com/rss/articles/CBMikgFBVV95cUxPZWZVZ2l6bGtkb3ZVVUNPdzVfRzVZSURtWlJ3X3g2YlFUVHNZaUlVZ0hmSVllV1pad1Y3eS1rcG91X21EMnAtaUNHSGRNaC1XcEtEeUxkYjk0dnZSSmUwYXF0SjU1N0VnU0RwVmE4Z3",Save the Children US,28.301653214318577,84.42273709461793
31846a7,live-e97129b1,2026-08-05T16:51:44.386469+00:00,Multiple,Reported area,Structural Failure,Aftermath,4.4-magnitude earthquake jolts Nepal’s Rolpa district - Daily Pioneer,"<a href=""https://news.google.com/rss/articles/CBMiiAFBVV95cUxPLXo2RlgzeHBFY3V1NWRBMlBDcTI0LVQ5UnV1d0VqdEgwUmJ5dzVyMUpCa1V6M0JhUWpQcVMtQ3JhTmpxcGNrQjVQSWwycy1SQ01udldYQ0V4dk8xLW91MlViVlg4VmhYN2VKcmVUUD",Daily Pioneer,27.22566318601172,86.06535975093296
31846a7,live-4b2f4b3c,2026-08-05T16:51:44.386452+00:00,Multiple,Reported area,Structural Failure,Aftermath,4.2-magnitude earthquake strikes western Nepal; no damage reported - The New Indian Express,"<a href=""https://news.google.com/rss/articles/CBMitgFBVV95cUxNd0ZpbnRBR01HcVQ1R0xsY01ibGNaTmZWYmpHUkI1R3FmVjlTbkd4Mko1a2Y5enZPOWwtWHlycEpRU1RGei0xR2I2NUVCd2JMVTFPMTlOMnpiQ3h1TXA4NHhyZjM3ZlBsWG40OUhBNW",The New Indian Express,27.293433573842275,86.2509913005525
31846a7,live-c7cde59a,2026-08-05T16:51:44.386426+00:00,Multiple,Reported area,Structural Failure,Aftermath,Nepal and Northern India are not overdue for a huge earthquake - New Scientist,"<a href=""https://news.google.com/rss/articles/CBMirAFBVV95cUxOTTIwNHM3ZjM1NHFEek5jVkNQblpUQkJsYTRNcDdINHhDMWJmbU9taGFTNFlDbHRUMVhmRGpVb3dsbkRfRnZKd3lkbVFfRExseXR4SGZvOHNhVzRyX29TMlVxWDF5SUhyLXdTNHctMD",New Scientist,27.904688221526374,85.50838936047077
31846a7,live-d3303e8d,2026-08-05T16:51:44.386408+00:00,Multiple,Reported area,Structural Failure,Aftermath,Aftershock: Everest and the Nepal Earthquake (2022) - IMDb,"<a href=""https://news.google.com/rss/articles/CBMicEFVX3lxTE1RV1NnQ1MtcklKQ2xLZHBwODlGNkFIeVM1eEJ2aloyV2Q2VjEtbGhjQjJxdDBjM1ExcjVxRW5jZ2FkWC1qdUlpSlVqQ0JEc0RNWmtjTlcxTGt3NzNYUXg4T3dhRlJCZ2pRVmIxVFdyZH",IMDb,27.31096130385365,85.9705884556085
31846a7,live-a3710839,2026-08-05T16:51:44.386370+00:00,Multiple,Reported area,Structural Failure,Aftermath,The economic damage from the Nepal earthquake is almost half of the country’s GDP - qz.com,"<a href=""https://news.google.com/rss/articles/CBMirAFBVV95cUxPWUJKV2JuVTNqa0ZDNUVwMFlIVk9kNU1JMy0wNVQ5dUg0TEFyS2xRczM4em9qYXRqVVBlXzQwVmlzWm8ydFJUYjNFWVhiTEYtWW41cE9fMXAxd2lZYkFINmlaZnBrSW8yWnBBcURVR1",qz.com,27.64645778372638,85.27337136581397
4946d33,live-bc7df48d,2026-08-05T15:00:08.932732+00:00,Multiple,Reported area,Structural Failure,Aftermath,3.8 magnitude earthquake hits Nepal - BusinessLine,"<a href=""https://news.google.com/rss/articles/CBMipAFBVV95cUxOS2pNaDlFZkdIRlBWc2lmSVJQWWlHWW9rZ0ozUDZjakl5cTYxYS1mSzJ2TVUxb255dlpyUEVxcmZtajR5RkZKSGx4ZWpJeVk4LTdGT0tyOHFTTnZvSDFhbmk5RC1xUWR0czlQaWRzUk",BusinessLine,28.497828906946474,85.96272591959404
4946d33,live-cffe7df7,2026-08-05T15:00:08.932716+00:00,Multiple,Reported area,Structural Failure,Aftermath,"A Look Back At The 2015 Nepal Earthquake When 9,000 People Died - ndtv.com","<a href=""https://news.google.com/rss/articles/CBMiugFBVV95cUxOVHhaRFBXbmw3aFJGbEdCeHdYR050UnlvWFhfc2pZcGEzV3RPaDNxb3V4SHBNaVB0UWEwaHg4VF9sc21CekpfdmhVSEJYLXBFTzh1eUxnOTV6ZE1pUXMtX0RVSVhENnR1NkN4OWpqcl",ndtv.com,27.529398204636557,85.31210641316561
4946d33,live-27543282,2026-08-05T15:00:08.932702+00:00,Multiple,Reported area,Structural Failure,Aftermath,3.8 Magnitude Earthquake Hits Nepal - Deccan Chronicle,"<a href=""https://news.google.com/rss/articles/CBMilgFBVV95cUxPd25LeVA1aTREVVVka0xUWGFZNGx0RmZZNFQ4UGpmRmdyclQtRW1vS09lTDQ0NEhyd0lNbEZpZklKVWdFa1MxQzRfUXZLdk04QnM2cVZNSmlTUENVUnVrd1hZTzlrb3dDSlRwdGZTSU",Deccan Chronicle,26.819493414854918,85.8074611690154
4946d33,live-ce60a09c,2026-08-05T15:00:08.932683+00:00,Multiple,Reported area,Structural Failure,Aftermath,Nepal Earthquake: How to Help - Save the Children US,"<a href=""https://news.google.com/rss/articles/CBMikgFBVV95cUxPZWZVZ2l6bGtkb3ZVVUNPdzVfRzVZSURtWlJ3X3g2YlFUVHNZaUlVZ0hmSVllV1pad1Y3eS1rcG91X21EMnAtaUNHSGRNaC1XcEtEeUxkYjk0dnZSSmUwYXF0SjU1N0VnU0RwVmE4Z3",Save the Children US,27.45470719195593,85.41951829155951
4946d33,live-d4833921,2026-08-05T15:00:08.932671+00:00,Multiple,Reported area,Structural Failure,Aftermath,4.4-magnitude earthquake jolts Nepal’s Rolpa district - dailypioneer.com,"<a href=""https://news.google.com/rss/articles/CBMiiAFBVV95cUxPLXo2RlgzeHBFY3V1NWRBMlBDcTI0LVQ5UnV1d0VqdEgwUmJ5dzVyMUpCa1V6M0JhUWpQcVMtQ3JhTmpxcGNrQjVQSWwycy1SQ01udldYQ0V4dk8xLW91MlViVlg4VmhYN2VKcmVUUD",dailypioneer.com,27.405703512198215,85.14417540662915
4946d33,live-f0c1e2d5,2026-08-05T15:00:08.932656+00:00,Multiple,Reported area,Structural Failure,Aftermath,4.2-magnitude earthquake strikes western Nepal; no damage reported - The New Indian Express,"<a href=""https://news.google.com/rss/articles/CBMitgFBVV95cUxNd0ZpbnRBR01HcVQ1R0xsY01ibGNaTmZWYmpHUkI1R3FmVjlTbkd4Mko1a2Y5enZPOWwtWHlycEpRU1RGei0xR2I2NUVCd2JMVTFPMTlOMnpiQ3h1TXA4NHhyZjM3ZlBsWG40OUhBNW",The New Indian Express,28.47003455907659,86.03581969852154
4946d33,live-0258a922,2026-08-05T15:00:08.932636+00:00,Multiple,Reported area,Landslide,Aftermath,Six-year study reveals ancient quakes along 150-mile fault system in Nepal - Virginia Tech News,"<a href=""https://news.google.com/rss/articles/CBMigAFBVV95cUxPbFc3VGRyWjFhZmpvb0pXMGhfVWVWbFBVQXN4ay1VeDA3bUtoeWVraEpWT2lKMTdTQmVfVjByVk1SaE1kbDQtd1RFVG5XaEN1TzBjWVhwOUtRVk9QZUN6Q0hNbDJuOTM3ZmpaUTVibX",Virginia Tech News,28.08572232482056,85.69065501190286
4946d33,live-bf65afd9,2026-08-05T15:00:08.932617+00:00,Multiple,Reported area,Structural Failure,Aftermath,Nepal and Northern India are not overdue for a huge earthquake - New Scientist,"<a href=""https://news.google.com/rss/articles/CBMirAFBVV95cUxOTTIwNHM3ZjM1NHFEek5jVkNQblpUQkJsYTRNcDdINHhDMWJmbU9taGFTNFlDbHRUMVhmRGpVb3dsbkRfRnZKd3lkbVFfRExseXR4SGZvOHNhVzRyX29TMlVxWDF5SUhyLXdTNHctMD",New Scientist,28.635293736131537,85.25225701984917
4946d33,live-8e890b82,2026-08-05T15:00:08.932601+00:00,Multiple,Reported area,Structural Failure,Aftermath,Aftershock: Everest and the Nepal Earthquake (2022) - IMDb,"<a href=""https://news.google.com/rss/articles/CBMicEFVX3lxTE1RV1NnQ1MtcklKQ2xLZHBwODlGNkFIeVM1eEJ2aloyV2Q2VjEtbGhjQjJxdDBjM1ExcjVxRW5jZ2FkWC1qdUlpSlVqQ0JEc0RNWmtjTlcxTGt3NzNYUXg4T3dhRlJCZ2pRVmIxVFdyZH",IMDb,26.741416163464567,85.28427039447163
4946d33,live-843794f3,2026-08-05T15:00:08.932566+00:00,Multiple,Reported area,Structural Failure,Aftermath,The economic damage from the Nepal earthquake is almost half of the country’s GDP - qz.com,"<a href=""https://news.google.com/rss/articles/CBMirAFBVV95cUxPWUJKV2JuVTNqa0ZDNUVwMFlIVk9kNU1JMy0wNVQ5dUg0TEFyS2xRczM4em9qYXRqVVBlXzQwVmlzWm8ydFJUYjNFWVhiTEYtWW41cE9fMXAxd2lZYkFINmlaZnBrSW8yWnBBcURVR1",qz.com,28.52638566581986,84.3821866115702
8512e69,live-f06272bd,2026-08-05T12:26:30.469493+00:00,Multiple,Reported area,Structural Failure,Aftermath,3.8 magnitude earthquake hits Nepal - BusinessLine,"<a href=""https://news.google.com/rss/articles/CBMipAFBVV95cUxOS2pNaDlFZkdIRlBWc2lmSVJQWWlHWW9rZ0ozUDZjakl5cTYxYS1mSzJ2TVUxb255dlpyUEVxcmZtajR5RkZKSGx4ZWpJeVk4LTdGT0tyOHFTTnZvSDFhbmk5RC1xUWR0czlQaWRzUk",BusinessLine,28.407885506537404,84.59038201284922
8512e69,live-65d04217,2026-08-05T12:26:30.469481+00:00,Multiple,Reported area,Structural Failure,Aftermath,"A Look Back At The 2015 Nepal Earthquake When 9,000 People Died - NDTV","<a href=""https://news.google.com/rss/articles/CBMiugFBVV95cUxOVHhaRFBXbmw3aFJGbEdCeHdYR050UnlvWFhfc2pZcGEzV3RPaDNxb3V4SHBNaVB0UWEwaHg4VF9sc21CekpfdmhVSEJYLXBFTzh1eUxnOTV6ZE1pUXMtX0RVSVhENnR1NkN4OWpqcl",NDTV,27.57574909995539,86.1679186859516
8512e69,live-5d8dad77,2026-08-05T12:26:30.469468+00:00,Multiple,Reported area,Structural Failure,Aftermath,3.8 Magnitude Earthquake Hits Nepal - Deccan Chronicle,"<a href=""https://news.google.com/rss/articles/CBMilgFBVV95cUxPd25LeVA1aTREVVVka0xUWGFZNGx0RmZZNFQ4UGpmRmdyclQtRW1vS09lTDQ0NEhyd0lNbEZpZklKVWdFa1MxQzRfUXZLdk04QnM2cVZNSmlTUENVUnVrd1hZTzlrb3dDSlRwdGZTSU",Deccan Chronicle,27.92220312023016,85.7038315719478
8512e69,live-eab85219,2026-08-05T12:26:30.469450+00:00,Multiple,Reported area,Structural Failure,Aftermath,Nepal Earthquake: How to Help - Save the Children US,"<a href=""https://news.google.com/rss/articles/CBMikgFBVV95cUxPZWZVZ2l6bGtkb3ZVVUNPdzVfRzVZSURtWlJ3X3g2YlFUVHNZaUlVZ0hmSVllV1pad1Y3eS1rcG91X21EMnAtaUNHSGRNaC1XcEtEeUxkYjk0dnZSSmUwYXF0SjU1N0VnU0RwVmE4Z3",Save the Children US,26.837781166681353,84.638482766201
8512e69,live-ab49a917,2026-08-05T12:26:30.469439+00:00,Multiple,Reported area,Structural Failure,Aftermath,4.4-magnitude earthquake jolts Nepal’s Rolpa district - Daily Pioneer,"<a href=""https://news.google.com/rss/articles/CBMiiAFBVV95cUxPLXo2RlgzeHBFY3V1NWRBMlBDcTI0LVQ5UnV1d0VqdEgwUmJ5dzVyMUpCa1V6M0JhUWpQcVMtQ3JhTmpxcGNrQjVQSWwycy1SQ01udldYQ0V4dk8xLW91MlViVlg4VmhYN2VKcmVUUD",Daily Pioneer,27.8225543015473,84.84677669958802
8512e69,live-d42d35c7,2026-08-05T12:26:30.469426+00:00,Multiple,Reported area,Structural Failure,Aftermath,4.2-magnitude earthquake strikes western Nepal; no damage reported - The New Indian Express,"<a href=""https://news.google.com/rss/articles/CBMitgFBVV95cUxNd0ZpbnRBR01HcVQ1R0xsY01ibGNaTmZWYmpHUkI1R3FmVjlTbkd4Mko1a2Y5enZPOWwtWHlycEpRU1RGei0xR2I2NUVCd2JMVTFPMTlOMnpiQ3h1TXA4NHhyZjM3ZlBsWG40OUhBNW",The New Indian Express,27.460717218460793,84.62970249035627
8512e69,live-0955b028,2026-08-05T12:26:30.469412+00:00,Multiple,Reported area,Landslide,Aftermath,Six-year study reveals ancient quakes along 150-mile fault system in Nepal - Virginia Tech News,"<a href=""https://news.google.com/rss/articles/CBMigAFBVV95cUxPbFc3VGRyWjFhZmpvb0pXMGhfVWVWbFBVQXN4ay1VeDA3bUtoeWVraEpWT2lKMTdTQmVfVjByVk1SaE1kbDQtd1RFVG5XaEN1TzBjWVhwOUtRVk9QZUN6Q0hNbDJuOTM3ZmpaUTVibX",Virginia Tech News,28.08961820332282,86.02643348767879
8512e69,live-5931e5ad,2026-08-05T12:26:30.469393+00:00,Multiple,Reported area,Structural Failure,Aftermath,Nepal and Northern India are not overdue for a huge earthquake - New Scientist,"<a href=""https://news.google.com/rss/articles/CBMirAFBVV95cUxOTTIwNHM3ZjM1NHFEek5jVkNQblpUQkJsYTRNcDdINHhDMWJmbU9taGFTNFlDbHRUMVhmRGpVb3dsbkRfRnZKd3lkbVFfRExseXR4SGZvOHNhVzRyX29TMlVxWDF5SUhyLXdTNHctMD",New Scientist,27.510003204313033,84.71195342617655
8512e69,live-e00d2620,2026-08-05T12:26:30.469375+00:00,Multiple,Reported area,Structural Failure,Aftermath,Aftershock: Everest and the Nepal Earthquake (2022) - IMDb,"<a href=""https://news.google.com/rss/articles/CBMicEFVX3lxTE1RV1NnQ1MtcklKQ2xLZHBwODlGNkFIeVM1eEJ2aloyV2Q2VjEtbGhjQjJxdDBjM1ExcjVxRW5jZ2FkWC1qdUlpSlVqQ0JEc0RNWmtjTlcxTGt3NzNYUXg4T3dhRlJCZ2pRVmIxVFdyZH",IMDb,27.479322427467523,84.7243437345109
8512e69,live-81b58cea,2026-08-05T12:26:30.469342+00:00,Multiple,Reported area,Structural Failure,Aftermath,The economic damage from the Nepal earthquake is almost half of the country’s GDP - qz.com,"<a href=""https://news.google.com/rss/articles/CBMirAFBVV95cUxPWUJKV2JuVTNqa0ZDNUVwMFlIVk9kNU1JMy0wNVQ5dUg0TEFyS2xRczM4em9qYXRqVVBlXzQwVmlzWm8ydFJUYjNFWVhiTEYtWW41cE9fMXAxd2lZYkFINmlaZnBrSW8yWnBBcURVR1",qz.com,28.35946831949363,84.74501269505367
cc7bc95,live-8ab8580c,2026-08-05T10:15:19.977817+00:00,Multiple,Reported area,Structural Failure,Aftermath,3.8 magnitude earthquake hits Nepal - BusinessLine,"<a href=""https://news.google.com/rss/articles/CBMipAFBVV95cUxOS2pNaDlFZkdIRlBWc2lmSVJQWWlHWW9rZ0ozUDZjakl5cTYxYS1mSzJ2TVUxb255dlpyUEVxcmZtajR5RkZKSGx4ZWpJeVk4LTdGT0tyOHFTTnZvSDFhbmk5RC1xUWR0czlQaWRzUk",BusinessLine,27.484564966179235,85.5567819241815
cc7bc95,live-14ea7ed1,2026-08-05T10:15:19.977804+00:00,Multiple,Reported area,Structural Failure,Aftermath,"A Look Back At The 2015 Nepal Earthquake When 9,000 People Died - NDTV","<a href=""https://news.google.com/rss/articles/CBMiugFBVV95cUxOVHhaRFBXbmw3aFJGbEdCeHdYR050UnlvWFhfc2pZcGEzV3RPaDNxb3V4SHBNaVB0UWEwaHg4VF9sc21CekpfdmhVSEJYLXBFTzh1eUxnOTV6ZE1pUXMtX0RVSVhENnR1NkN4OWpqcl",NDTV,28.58602202300533,85.3072164378617
cc7bc95,live-6d0ae583,2026-08-05T10:15:19.977790+00:00,Multiple,Reported area,Structural Failure,Aftermath,3.8 Magnitude Earthquake Hits Nepal - Deccan Chronicle,"<a href=""https://news.google.com/rss/articles/CBMilgFBVV95cUxPd25LeVA1aTREVVVka0xUWGFZNGx0RmZZNFQ4UGpmRmdyclQtRW1vS09lTDQ0NEhyd0lNbEZpZklKVWdFa1MxQzRfUXZLdk04QnM2cVZNSmlTUENVUnVrd1hZTzlrb3dDSlRwdGZTSU",Deccan Chronicle,27.561428047764565,85.10632279316144
cc7bc95,live-08f2c666,2026-08-05T10:15:19.977769+00:00,Multiple,Reported area,Structural Failure,Aftermath,Nepal Earthquake: How to Help - Save the Children US,"<a href=""https://news.google.com/rss/articles/CBMikgFBVV95cUxPZWZVZ2l6bGtkb3ZVVUNPdzVfRzVZSURtWlJ3X3g2YlFUVHNZaUlVZ0hmSVllV1pad1Y3eS1rcG91X21EMnAtaUNHSGRNaC1XcEtEeUxkYjk0dnZSSmUwYXF0SjU1N0VnU0RwVmE4Z3",Save the Children US,27.438360297379383,84.75664248673243
cc7bc95,live-24db4b64,2026-08-05T10:15:19.977757+00:00,Multiple,Reported area,Structural Failure,Aftermath,4.2-magnitude earthquake strikes western Nepal; no damage reported - The New Indian Express,"<a href=""https://news.google.com/rss/articles/CBMitgFBVV95cUxNd0ZpbnRBR01HcVQ1R0xsY01ibGNaTmZWYmpHUkI1R3FmVjlTbkd4Mko1a2Y5enZPOWwtWHlycEpRU1RGei0xR2I2NUVCd2JMVTFPMTlOMnpiQ3h1TXA4NHhyZjM3ZlBsWG40OUhBNW",The New Indian Express,26.74276921135682,84.89351030009135
cc7bc95,live-f176c1de,2026-08-05T10:15:19.977744+00:00,Multiple,Reported area,Structural Failure,Aftermath,4.4-magnitude earthquake jolts Nepal’s Rolpa district - Daily Pioneer,"<a href=""https://news.google.com/rss/articles/CBMiiAFBVV95cUxPLXo2RlgzeHBFY3V1NWRBMlBDcTI0LVQ5UnV1d0VqdEgwUmJ5dzVyMUpCa1V6M0JhUWpQcVMtQ3JhTmpxcGNrQjVQSWwycy1SQ01udldYQ0V4dk8xLW91MlViVlg4VmhYN2VKcmVUUD",Daily Pioneer,28.422884626536447,84.32669357249905
cc7bc95,live-21723406,2026-08-05T10:15:19.977728+00:00,Multiple,Reported area,Landslide,Aftermath,Six-year study reveals ancient quakes along 150-mile fault system in Nepal - Virginia Tech News,"<a href=""https://news.google.com/rss/articles/CBMigAFBVV95cUxPbFc3VGRyWjFhZmpvb0pXMGhfVWVWbFBVQXN4ay1VeDA3bUtoeWVraEpWT2lKMTdTQmVfVjByVk1SaE1kbDQtd1RFVG5XaEN1TzBjWVhwOUtRVk9QZUN6Q0hNbDJuOTM3ZmpaUTVibX",Virginia Tech News,28.207593555185515,85.42738935007831
cc7bc95,live-5ba9739c,2026-08-05T10:15:19.977696+00:00,Multiple,Reported area,Structural Failure,Aftermath,Nepal and Northern India are not overdue for a huge earthquake - New Scientist,"<a href=""https://news.google.com/rss/articles/CBMirAFBVV95cUxOTTIwNHM3ZjM1NHFEek5jVkNQblpUQkJsYTRNcDdINHhDMWJmbU9taGFTNFlDbHRUMVhmRGpVb3dsbkRfRnZKd3lkbVFfRExseXR4SGZvOHNhVzRyX29TMlVxWDF5SUhyLXdTNHctMD",New Scientist,27.56912862147917,84.74328292830761
cc7bc95,live-bb729068,2026-08-05T10:15:19.977655+00:00,Multiple,Reported area,Structural Failure,Aftermath,Aftershock: Everest and the Nepal Earthquake (2022) - IMDb,"<a href=""https://news.google.com/rss/articles/CBMicEFVX3lxTE1RV1NnQ1MtcklKQ2xLZHBwODlGNkFIeVM1eEJ2aloyV2Q2VjEtbGhjQjJxdDBjM1ExcjVxRW5jZ2FkWC1qdUlpSlVqQ0JEc0RNWmtjTlcxTGt3NzNYUXg4T3dhRlJCZ2pRVmIxVFdyZH",IMDb,27.072737161197328,85.78387724801591
cc7bc95,live-80567b2b,2026-08-05T10:15:19.977612+00:00,Multiple,Reported area,Structural Failure,Aftermath,The economic damage from the Nepal earthquake is almost half of the country’s GDP - qz.com,"<a href=""https://news.google.com/rss/articles/CBMirAFBVV95cUxPWUJKV2JuVTNqa0ZDNUVwMFlIVk9kNU1JMy0wNVQ5dUg0TEFyS2xRczM4em9qYXRqVVBlXzQwVmlzWm8ydFJUYjNFWVhiTEYtWW41cE9fMXAxd2lZYkFINmlaZnBrSW8yWnBBcURVR1",qz.com,28.49511528186285,85.09793723114068
54c66f8,live-3156a0dd,2026-08-05T04:28:12.366630+00:00,Multiple,Reported area,Structural Failure,Aftermath,3.8 magnitude earthquake hits Nepal - thehindubusinessline.com,"<a href=""https://news.google.com/rss/articles/CBMipAFBVV95cUxOS2pNaDlFZkdIRlBWc2lmSVJQWWlHWW9rZ0ozUDZjakl5cTYxYS1mSzJ2TVUxb255dlpyUEVxcmZtajR5RkZKSGx4ZWpJeVk4LTdGT0tyOHFTTnZvSDFhbmk5RC1xUWR0czlQaWRzUk",thehindubusinessline.com,28.105638904009883,84.6822299506719
54c66f8,live-2b257af3,2026-08-05T04:28:12.366618+00:00,Multiple,Reported area,Structural Failure,Aftermath,"A Look Back At The 2015 Nepal Earthquake When 9,000 People Died - NDTV","<a href=""https://news.google.com/rss/articles/CBMiugFBVV95cUxOVHhaRFBXbmw3aFJGbEdCeHdYR050UnlvWFhfc2pZcGEzV3RPaDNxb3V4SHBNaVB0UWEwaHg4VF9sc21CekpfdmhVSEJYLXBFTzh1eUxnOTV6ZE1pUXMtX0RVSVhENnR1NkN4OWpqcl",NDTV,27.783673945835304,86.0757615594026
54c66f8,live-9c5e1109,2026-08-05T04:28:12.366605+00:00,Multiple,Reported area,Structural Failure,Aftermath,3.8 Magnitude Earthquake Hits Nepal - Deccan Chronicle,"<a href=""https://news.google.com/rss/articles/CBMilgFBVV95cUxPd25LeVA1aTREVVVka0xUWGFZNGx0RmZZNFQ4UGpmRmdyclQtRW1vS09lTDQ0NEhyd0lNbEZpZklKVWdFa1MxQzRfUXZLdk04QnM2cVZNSmlTUENVUnVrd1hZTzlrb3dDSlRwdGZTSU",Deccan Chronicle,27.58574884214815,84.79895833975917
54c66f8,live-4b857030,2026-08-05T04:28:12.366587+00:00,Multiple,Reported area,Structural Failure,Aftermath,Nepal Earthquake: How to Help - Save the Children US,"<a href=""https://news.google.com/rss/articles/CBMikgFBVV95cUxPZWZVZ2l6bGtkb3ZVVUNPdzVfRzVZSURtWlJ3X3g2YlFUVHNZaUlVZ0hmSVllV1pad1Y3eS1rcG91X21EMnAtaUNHSGRNaC1XcEtEeUxkYjk0dnZSSmUwYXF0SjU1N0VnU0RwVmE4Z3",Save the Children US,26.748926871884134,85.46264819539265
54c66f8,live-e1cb72b0,2026-08-05T04:28:12.366576+00:00,Multiple,Reported area,Structural Failure,Aftermath,4.2-magnitude earthquake strikes western Nepal; no damage reported - The New Indian Express,"<a href=""https://news.google.com/rss/articles/CBMitgFBVV95cUxNd0ZpbnRBR01HcVQ1R0xsY01ibGNaTmZWYmpHUkI1R3FmVjlTbkd4Mko1a2Y5enZPOWwtWHlycEpRU1RGei0xR2I2NUVCd2JMVTFPMTlOMnpiQ3h1TXA4NHhyZjM3ZlBsWG40OUhBNW",The New Indian Express,26.820553374510705,85.89380234318274
54c66f8,live-5f40f626,2026-08-05T04:28:12.366565+00:00,Multiple,Reported area,Structural Failure,Aftermath,4.4-magnitude earthquake jolts Nepal’s Rolpa district - Daily Pioneer,"<a href=""https://news.google.com/rss/articles/CBMiiAFBVV95cUxPLXo2RlgzeHBFY3V1NWRBMlBDcTI0LVQ5UnV1d0VqdEgwUmJ5dzVyMUpCa1V6M0JhUWpQcVMtQ3JhTmpxcGNrQjVQSWwycy1SQ01udldYQ0V4dk8xLW91MlViVlg4VmhYN2VKcmVUUD",Daily Pioneer,28.124701711319005,85.86936172420022
54c66f8,live-dc326c9a,2026-08-05T04:28:12.366551+00:00,Multiple,Reported area,Landslide,Aftermath,Six-year study reveals ancient quakes along 150-mile fault system in Nepal - Virginia Tech News,"<a href=""https://news.google.com/rss/articles/CBMigAFBVV95cUxPbFc3VGRyWjFhZmpvb0pXMGhfVWVWbFBVQXN4ay1VeDA3bUtoeWVraEpWT2lKMTdTQmVfVjByVk1SaE1kbDQtd1RFVG5XaEN1TzBjWVhwOUtRVk9QZUN6Q0hNbDJuOTM3ZmpaUTVibX",Virginia Tech News,26.853917443446626,84.44989191555561
54c66f8,live-ee6c9561,2026-08-05T04:28:12.366529+00:00,Multiple,Reported area,Structural Failure,Aftermath,Nepal and Northern India are not overdue for a huge earthquake - New Scientist,"<a href=""https://news.google.com/rss/articles/CBMirAFBVV95cUxOTTIwNHM3ZjM1NHFEek5jVkNQblpUQkJsYTRNcDdINHhDMWJmbU9taGFTNFlDbHRUMVhmRGpVb3dsbkRfRnZKd3lkbVFfRExseXR4SGZvOHNhVzRyX29TMlVxWDF5SUhyLXdTNHctMD",New Scientist,27.44802528361906,85.45109008444479
54c66f8,live-a51adac2,2026-08-05T04:28:12.366515+00:00,Multiple,Reported area,Structural Failure,Aftermath,Aftershock: Everest and the Nepal Earthquake (2022) - imdb.com,"<a href=""https://news.google.com/rss/articles/CBMicEFVX3lxTE1RV1NnQ1MtcklKQ2xLZHBwODlGNkFIeVM1eEJ2aloyV2Q2VjEtbGhjQjJxdDBjM1ExcjVxRW5jZ2FkWC1qdUlpSlVqQ0JEc0RNWmtjTlcxTGt3NzNYUXg4T3dhRlJCZ2pRVmIxVFdyZH",imdb.com,26.83923957961665,85.04699966342427
54c66f8,live-3f53e476,2026-08-05T04:28:12.366482+00:00,Multiple,Reported area,Structural Failure,Aftermath,The economic damage from the Nepal earthquake is almost half of the country’s GDP - qz.com,"<a href=""https://news.google.com/rss/articles/CBMirAFBVV95cUxPWUJKV2JuVTNqa0ZDNUVwMFlIVk9kNU1JMy0wNVQ5dUg0TEFyS2xRczM4em9qYXRqVVBlXzQwVmlzWm8ydFJUYjNFWVhiTEYtWW41cE9fMXAxd2lZYkFINmlaZnBrSW8yWnBBcURVR1",qz.com,28.01013056762763,85.23806166768007
608bc77,live-278e7468,2026-08-05T01:03:40.511527+00:00,Multiple,Reported area,Structural Failure,Aftermath,3.8 magnitude earthquake hits Nepal - BusinessLine,"<a href=""https://news.google.com/rss/articles/CBMipAFBVV95cUxOS2pNaDlFZkdIRlBWc2lmSVJQWWlHWW9rZ0ozUDZjakl5cTYxYS1mSzJ2TVUxb255dlpyUEVxcmZtajR5RkZKSGx4ZWpJeVk4LTdGT0tyOHFTTnZvSDFhbmk5RC1xUWR0czlQaWRzUk",BusinessLine,27.05870496004127,85.62320623415783
608bc77,live-299fe8b9,2026-08-05T01:03:40.511515+00:00,Multiple,Reported area,Structural Failure,Aftermath,"A Look Back At The 2015 Nepal Earthquake When 9,000 People Died - NDTV","<a href=""https://news.google.com/rss/articles/CBMiugFBVV95cUxOVHhaRFBXbmw3aFJGbEdCeHdYR050UnlvWFhfc2pZcGEzV3RPaDNxb3V4SHBNaVB0UWEwaHg4VF9sc21CekpfdmhVSEJYLXBFTzh1eUxnOTV6ZE1pUXMtX0RVSVhENnR1NkN4OWpqcl",NDTV,27.522281649993047,84.41990972762603
608bc77,live-a02f8ac8,2026-08-05T01:03:40.511502+00:00,Multiple,Reported area,Structural Failure,Aftermath,3.8 Magnitude Earthquake Hits Nepal - Deccan Chronicle,"<a href=""https://news.google.com/rss/articles/CBMilgFBVV95cUxPd25LeVA1aTREVVVka0xUWGFZNGx0RmZZNFQ4UGpmRmdyclQtRW1vS09lTDQ0NEhyd0lNbEZpZklKVWdFa1MxQzRfUXZLdk04QnM2cVZNSmlTUENVUnVrd1hZTzlrb3dDSlRwdGZTSU",Deccan Chronicle,28.575286864753764,84.74957199585727
608bc77,live-7e7003f2,2026-08-05T01:03:40.511485+00:00,Multiple,Reported area,Structural Failure,Aftermath,4.4-magnitude earthquake jolts Nepal’s Rolpa district - dailypioneer.com,"<a href=""https://news.google.com/rss/articles/CBMiiAFBVV95cUxPLXo2RlgzeHBFY3V1NWRBMlBDcTI0LVQ5UnV1d0VqdEgwUmJ5dzVyMUpCa1V6M0JhUWpQcVMtQ3JhTmpxcGNrQjVQSWwycy1SQ01udldYQ0V4dk8xLW91MlViVlg4VmhYN2VKcmVUUD",dailypioneer.com,28.114356730715915,85.89597258695342
608bc77,live-c16e93e6,2026-08-05T01:03:40.511472+00:00,Multiple,Reported area,Structural Failure,Aftermath,Nepal Earthquake: How to Help - Save the Children US,"<a href=""https://news.google.com/rss/articles/CBMikgFBVV95cUxPZWZVZ2l6bGtkb3ZVVUNPdzVfRzVZSURtWlJ3X3g2YlFUVHNZaUlVZ0hmSVllV1pad1Y3eS1rcG91X21EMnAtaUNHSGRNaC1XcEtEeUxkYjk0dnZSSmUwYXF0SjU1N0VnU0RwVmE4Z3",Save the Children US,28.135350619679688,85.17004623338424
608bc77,live-f2062d0b,2026-08-05T01:03:40.511460+00:00,Multiple,Reported area,Structural Failure,Aftermath,4.2-magnitude earthquake strikes western Nepal; no damage reported - The New Indian Express,"<a href=""https://news.google.com/rss/articles/CBMitgFBVV95cUxNd0ZpbnRBR01HcVQ1R0xsY01ibGNaTmZWYmpHUkI1R3FmVjlTbkd4Mko1a2Y5enZPOWwtWHlycEpRU1RGei0xR2I2NUVCd2JMVTFPMTlOMnpiQ3h1TXA4NHhyZjM3ZlBsWG40OUhBNW",The New Indian Express,28.26459587925965,85.79796586733174
608bc77,live-5835b791,2026-08-05T01:03:40.511443+00:00,Multiple,Reported area,Landslide,Aftermath,Six-year study reveals ancient quakes along 150-mile fault system in Nepal - Virginia Tech News,"<a href=""https://news.google.com/rss/articles/CBMigAFBVV95cUxPbFc3VGRyWjFhZmpvb0pXMGhfVWVWbFBVQXN4ay1VeDA3bUtoeWVraEpWT2lKMTdTQmVfVjByVk1SaE1kbDQtd1RFVG5XaEN1TzBjWVhwOUtRVk9QZUN6Q0hNbDJuOTM3ZmpaUTVibX",Virginia Tech News,27.92203780917381,85.91181726788068
608bc77,live-fe7b4dbd,2026-08-05T01:03:40.511425+00:00,Multiple,Reported area,Structural Failure,Aftermath,Nepal and Northern India are not overdue for a huge earthquake - New Scientist,"<a href=""https://news.google.com/rss/articles/CBMirAFBVV95cUxOTTIwNHM3ZjM1NHFEek5jVkNQblpUQkJsYTRNcDdINHhDMWJmbU9taGFTNFlDbHRUMVhmRGpVb3dsbkRfRnZKd3lkbVFfRExseXR4SGZvOHNhVzRyX29TMlVxWDF5SUhyLXdTNHctMD",New Scientist,27.293644532578575,85.36578094418
608bc77,live-8625021e,2026-08-05T01:03:40.511410+00:00,Multiple,Reported area,Structural Failure,Aftermath,Aftershock: Everest and the Nepal Earthquake (2022) - IMDb,"<a href=""https://news.google.com/rss/articles/CBMicEFVX3lxTE1RV1NnQ1MtcklKQ2xLZHBwODlGNkFIeVM1eEJ2aloyV2Q2VjEtbGhjQjJxdDBjM1ExcjVxRW5jZ2FkWC1qdUlpSlVqQ0JEc0RNWmtjTlcxTGt3NzNYUXg4T3dhRlJCZ2pRVmIxVFdyZH",IMDb,27.89958504152988,84.97498243794608
608bc77,live-0ef1f9e3,2026-08-05T01:03:40.511372+00:00,Multiple,Reported area,Structural Failure,Aftermath,The economic damage from the Nepal earthquake is almost half of the country’s GDP - qz.com,"<a href=""https://news.google.com/rss/articles/CBMirAFBVV95cUxPWUJKV2JuVTNqa0ZDNUVwMFlIVk9kNU1JMy0wNVQ5dUg0TEFyS2xRczM4em9qYXRqVVBlXzQwVmlzWm8ydFJUYjNFWVhiTEYtWW41cE9fMXAxd2lZYkFINmlaZnBrSW8yWnBBcURVR1",qz.com,26.793228969971693,84.76785344778008
bc1d77e,live-dd439ac3,2026-08-04T23:17:29.158421+00:00,Multiple,Reported area,Structural Failure,Aftermath,3.8 magnitude earthquake hits Nepal - BusinessLine,"<a href=""https://news.google.com/rss/articles/CBMipAFBVV95cUxOS2pNaDlFZkdIRlBWc2lmSVJQWWlHWW9rZ0ozUDZjakl5cTYxYS1mSzJ2TVUxb255dlpyUEVxcmZtajR5RkZKSGx4ZWpJeVk4LTdGT0tyOHFTTnZvSDFhbmk5RC1xUWR0czlQaWRzUk",BusinessLine,28.004490345603166,85.59029130074347
bc1d77e,live-c3e51150,2026-08-04T23:17:29.158407+00:00,Multiple,Reported area,Structural Failure,Aftermath,"A Look Back At The 2015 Nepal Earthquake When 9,000 People Died - NDTV","<a href=""https://news.google.com/rss/articles/CBMiugFBVV95cUxOVHhaRFBXbmw3aFJGbEdCeHdYR050UnlvWFhfc2pZcGEzV3RPaDNxb3V4SHBNaVB0UWEwaHg4VF9sc21CekpfdmhVSEJYLXBFTzh1eUxnOTV6ZE1pUXMtX0RVSVhENnR1NkN4OWpqcl",NDTV,27.054981243412605,84.9674756729659
bc1d77e,live-8a77997b,2026-08-04T23:17:29.158394+00:00,Multiple,Reported area,Structural Failure,Aftermath,3.8 Magnitude Earthquake Hits Nepal - Deccan Chronicle,"<a href=""https://news.google.com/rss/articles/CBMilgFBVV95cUxPd25LeVA1aTREVVVka0xUWGFZNGx0RmZZNFQ4UGpmRmdyclQtRW1vS09lTDQ0NEhyd0lNbEZpZklKVWdFa1MxQzRfUXZLdk04QnM2cVZNSmlTUENVUnVrd1hZTzlrb3dDSlRwdGZTSU",Deccan Chronicle,27.69719550512543,85.1893931271113
bc1d77e,live-bc30c47d,2026-08-04T23:17:29.158375+00:00,Multiple,Reported area,Structural Failure,Aftermath,4.4-magnitude earthquake jolts Nepal’s Rolpa district - Daily Pioneer,"<a href=""https://news.google.com/rss/articles/CBMiiAFBVV95cUxPLXo2RlgzeHBFY3V1NWRBMlBDcTI0LVQ5UnV1d0VqdEgwUmJ5dzVyMUpCa1V6M0JhUWpQcVMtQ3JhTmpxcGNrQjVQSWwycy1SQ01udldYQ0V4dk8xLW91MlViVlg4VmhYN2VKcmVUUD",Daily Pioneer,28.49357231853842,84.6293270312361
bc1d77e,live-f1b7419a,2026-08-04T23:17:29.158361+00:00,Multiple,Reported area,Structural Failure,Aftermath,Nepal Earthquake: How to Help - savethechildren.org,"<a href=""https://news.google.com/rss/articles/CBMikgFBVV95cUxPZWZVZ2l6bGtkb3ZVVUNPdzVfRzVZSURtWlJ3X3g2YlFUVHNZaUlVZ0hmSVllV1pad1Y3eS1rcG91X21EMnAtaUNHSGRNaC1XcEtEeUxkYjk0dnZSSmUwYXF0SjU1N0VnU0RwVmE4Z3",savethechildren.org,28.033801313279408,85.79814333094257
bc1d77e,live-8ac390ff,2026-08-04T23:17:29.158347+00:00,Multiple,Reported area,Structural Failure,Aftermath,4.2-magnitude earthquake strikes western Nepal; no damage reported - The New Indian Express,"<a href=""https://news.google.com/rss/articles/CBMitgFBVV95cUxNd0ZpbnRBR01HcVQ1R0xsY01ibGNaTmZWYmpHUkI1R3FmVjlTbkd4Mko1a2Y5enZPOWwtWHlycEpRU1RGei0xR2I2NUVCd2JMVTFPMTlOMnpiQ3h1TXA4NHhyZjM3ZlBsWG40OUhBNW",The New Indian Express,27.438306985589588,84.36326977224999
bc1d77e,live-e6073e4a,2026-08-04T23:17:29.158327+00:00,Multiple,Reported area,Landslide,Aftermath,Six-year study reveals ancient quakes along 150-mile fault system in Nepal - Virginia Tech News,"<a href=""https://news.google.com/rss/articles/CBMigAFBVV95cUxPbFc3VGRyWjFhZmpvb0pXMGhfVWVWbFBVQXN4ay1VeDA3bUtoeWVraEpWT2lKMTdTQmVfVjByVk1SaE1kbDQtd1RFVG5XaEN1TzBjWVhwOUtRVk9QZUN6Q0hNbDJuOTM3ZmpaUTVibX",Virginia Tech News,28.613903727577952,84.71718608630316
bc1d77e,live-40ff4efe,2026-08-04T23:17:29.158308+00:00,Multiple,Reported area,Structural Failure,Aftermath,Nepal and Northern India are not overdue for a huge earthquake - New Scientist,"<a href=""https://news.google.com/rss/articles/CBMirAFBVV95cUxOTTIwNHM3ZjM1NHFEek5jVkNQblpUQkJsYTRNcDdINHhDMWJmbU9taGFTNFlDbHRUMVhmRGpVb3dsbkRfRnZKd3lkbVFfRExseXR4SGZvOHNhVzRyX29TMlVxWDF5SUhyLXdTNHctMD",New Scientist,28.58630653959993,84.86022389745783
bc1d77e,live-b020d3a7,2026-08-04T23:17:29.158292+00:00,Multiple,Reported area,Structural Failure,Aftermath,The economic damage from the Nepal earthquake is almost half of the country’s GDP - qz.com,"<a href=""https://news.google.com/rss/articles/CBMirAFBVV95cUxPWUJKV2JuVTNqa0ZDNUVwMFlIVk9kNU1JMy0wNVQ5dUg0TEFyS2xRczM4em9qYXRqVVBlXzQwVmlzWm8ydFJUYjNFWVhiTEYtWW41cE9fMXAxd2lZYkFINmlaZnBrSW8yWnBBcURVR1",qz.com,27.20958863562523,85.61042925371446
bc1d77e,live-5f9b1dda,2026-08-04T23:17:29.158250+00:00,Multiple,Reported area,Structural Failure,Aftermath,Aftershock: Everest and the Nepal Earthquake (2022) - imdb.com,"<a href=""https://news.google.com/rss/articles/CBMicEFVX3lxTE1RV1NnQ1MtcklKQ2xLZHBwODlGNkFIeVM1eEJ2aloyV2Q2VjEtbGhjQjJxdDBjM1ExcjVxRW5jZ2FkWC1qdUlpSlVqQ0JEc0RNWmtjTlcxTGt3NzNYUXg4T3dhRlJCZ2pRVmIxVFdyZH",imdb.com,27.53542762425817,85.81225620652994
954b282,live-bd7b032a,2026-08-04T21:55:29.453550+00:00,Multiple,Reported area,Structural Failure,Aftermath,3.8 magnitude earthquake hits Nepal - BusinessLine,"<a href=""https://news.google.com/rss/articles/CBMipAFBVV95cUxOS2pNaDlFZkdIRlBWc2lmSVJQWWlHWW9rZ0ozUDZjakl5cTYxYS1mSzJ2TVUxb255dlpyUEVxcmZtajR5RkZKSGx4ZWpJeVk4LTdGT0tyOHFTTnZvSDFhbmk5RC1xUWR0czlQaWRzUk",BusinessLine,27.590363074470645,84.39520229314367
954b282,live-1150fdd7,2026-08-04T21:55:29.453537+00:00,Multiple,Reported area,Structural Failure,Aftermath,"A Look Back At The 2015 Nepal Earthquake When 9,000 People Died - NDTV","<a href=""https://news.google.com/rss/articles/CBMiugFBVV95cUxOVHhaRFBXbmw3aFJGbEdCeHdYR050UnlvWFhfc2pZcGEzV3RPaDNxb3V4SHBNaVB0UWEwaHg4VF9sc21CekpfdmhVSEJYLXBFTzh1eUxnOTV6ZE1pUXMtX0RVSVhENnR1NkN4OWpqcl",NDTV,28.43535901403649,85.33770100758889
954b282,live-9025dc0b,2026-08-04T21:55:29.453524+00:00,Multiple,Reported area,Structural Failure,Aftermath,3.8 Magnitude Earthquake Hits Nepal - Deccan Chronicle,"<a href=""https://news.google.com/rss/articles/CBMilgFBVV95cUxPd25LeVA1aTREVVVka0xUWGFZNGx0RmZZNFQ4UGpmRmdyclQtRW1vS09lTDQ0NEhyd0lNbEZpZklKVWdFa1MxQzRfUXZLdk04QnM2cVZNSmlTUENVUnVrd1hZTzlrb3dDSlRwdGZTSU",Deccan Chronicle,27.35606538951666,84.79117880156821
954b282,live-df0580ca,2026-08-04T21:55:29.453506+00:00,Multiple,Reported area,Structural Failure,Aftermath,Nepal Earthquake: How to Help - Save the Children US,"<a href=""https://news.google.com/rss/articles/CBMikgFBVV95cUxPZWZVZ2l6bGtkb3ZVVUNPdzVfRzVZSURtWlJ3X3g2YlFUVHNZaUlVZ0hmSVllV1pad1Y3eS1rcG91X21EMnAtaUNHSGRNaC1XcEtEeUxkYjk0dnZSSmUwYXF0SjU1N0VnU0RwVmE4Z3",Save the Children US,26.747843664481767,85.56634839438291
954b282,live-870de67f,2026-08-04T21:55:29.453495+00:00,Multiple,Reported area,Structural Failure,Aftermath,4.4-magnitude earthquake jolts Nepal’s Rolpa district - Daily Pioneer,"<a href=""https://news.google.com/rss/articles/CBMiiAFBVV95cUxPLXo2RlgzeHBFY3V1NWRBMlBDcTI0LVQ5UnV1d0VqdEgwUmJ5dzVyMUpCa1V6M0JhUWpQcVMtQ3JhTmpxcGNrQjVQSWwycy1SQ01udldYQ0V4dk8xLW91MlViVlg4VmhYN2VKcmVUUD",Daily Pioneer,27.235452745084118,85.39858527364358
954b282,live-83471dc5,2026-08-04T21:55:29.453482+00:00,Multiple,Reported area,Structural Failure,Aftermath,4.2-magnitude earthquake strikes western Nepal; no damage reported - The New Indian Express,"<a href=""https://news.google.com/rss/articles/CBMitgFBVV95cUxNd0ZpbnRBR01HcVQ1R0xsY01ibGNaTmZWYmpHUkI1R3FmVjlTbkd4Mko1a2Y5enZPOWwtWHlycEpRU1RGei0xR2I2NUVCd2JMVTFPMTlOMnpiQ3h1TXA4NHhyZjM3ZlBsWG40OUhBNW",The New Indian Express,28.6729467959235,85.88435528801425
954b282,live-9c3740dd,2026-08-04T21:55:29.453469+00:00,Multiple,Reported area,Landslide,Aftermath,Six-year study reveals ancient quakes along 150-mile fault system in Nepal - Virginia Tech News,"<a href=""https://news.google.com/rss/articles/CBMigAFBVV95cUxPbFc3VGRyWjFhZmpvb0pXMGhfVWVWbFBVQXN4ay1VeDA3bUtoeWVraEpWT2lKMTdTQmVfVjByVk1SaE1kbDQtd1RFVG5XaEN1TzBjWVhwOUtRVk9QZUN6Q0hNbDJuOTM3ZmpaUTVibX",Virginia Tech News,27.66378044523857,85.75559873011552
954b282,live-76875eec,2026-08-04T21:55:29.453447+00:00,Multiple,Reported area,Structural Failure,Aftermath,Nepal and Northern India are not overdue for a huge earthquake - New Scientist,"<a href=""https://news.google.com/rss/articles/CBMirAFBVV95cUxOTTIwNHM3ZjM1NHFEek5jVkNQblpUQkJsYTRNcDdINHhDMWJmbU9taGFTNFlDbHRUMVhmRGpVb3dsbkRfRnZKd3lkbVFfRExseXR4SGZvOHNhVzRyX29TMlVxWDF5SUhyLXdTNHctMD",New Scientist,27.03740728316029,86.25932340724756
954b282,live-b3efa9f3,2026-08-04T21:55:29.453433+00:00,Multiple,Reported area,Structural Failure,Aftermath,The economic damage from the Nepal earthquake is almost half of the country’s GDP - qz.com,"<a href=""https://news.google.com/rss/articles/CBMirAFBVV95cUxPWUJKV2JuVTNqa0ZDNUVwMFlIVk9kNU1JMy0wNVQ5dUg0TEFyS2xRczM4em9qYXRqVVBlXzQwVmlzWm8ydFJUYjNFWVhiTEYtWW41cE9fMXAxd2lZYkFINmlaZnBrSW8yWnBBcURVR1",qz.com,28.29865934901241,85.42485673279441
954b282,live-09124f38,2026-08-04T21:55:29.453396+00:00,Multiple,Reported area,Structural Failure,Aftermath,Aftershock: Everest and the Nepal Earthquake (2022) - IMDb,"<a href=""https://news.google.com/rss/articles/CBMicEFVX3lxTE1RV1NnQ1MtcklKQ2xLZHBwODlGNkFIeVM1eEJ2aloyV2Q2VjEtbGhjQjJxdDBjM1ExcjVxRW5jZ2FkWC1qdUlpSlVqQ0JEc0RNWmtjTlcxTGt3NzNYUXg4T3dhRlJCZ2pRVmIxVFdyZH",IMDb,27.309657303859677,84.41370248726788
a289d05,live-0528dbd5,2026-08-04T20:41:41.367825+00:00,Multiple,Reported area,Structural Failure,Aftermath,3.8 magnitude earthquake hits Nepal - BusinessLine,"<a href=""https://news.google.com/rss/articles/CBMipAFBVV95cUxOS2pNaDlFZkdIRlBWc2lmSVJQWWlHWW9rZ0ozUDZjakl5cTYxYS1mSzJ2TVUxb255dlpyUEVxcmZtajR5RkZKSGx4ZWpJeVk4LTdGT0tyOHFTTnZvSDFhbmk5RC1xUWR0czlQaWRzUk",BusinessLine,27.742739504568608,84.52736591062336
a289d05,live-06d8366e,2026-08-04T20:41:41.367816+00:00,Multiple,Reported area,Structural Failure,Aftermath,"A Look Back At The 2015 Nepal Earthquake When 9,000 People Died - NDTV","<a href=""https://news.google.com/rss/articles/CBMiugFBVV95cUxOVHhaRFBXbmw3aFJGbEdCeHdYR050UnlvWFhfc2pZcGEzV3RPaDNxb3V4SHBNaVB0UWEwaHg4VF9sc21CekpfdmhVSEJYLXBFTzh1eUxnOTV6ZE1pUXMtX0RVSVhENnR1NkN4OWpqcl",NDTV,27.517109560309663,85.16604973445011
a289d05,live-26d34102,2026-08-04T20:41:41.367807+00:00,Multiple,Reported area,Structural Failure,Aftermath,3.8 Magnitude Earthquake Hits Nepal - Deccan Chronicle,"<a href=""https://news.google.com/rss/articles/CBMilgFBVV95cUxPd25LeVA1aTREVVVka0xUWGFZNGx0RmZZNFQ4UGpmRmdyclQtRW1vS09lTDQ0NEhyd0lNbEZpZklKVWdFa1MxQzRfUXZLdk04QnM2cVZNSmlTUENVUnVrd1hZTzlrb3dDSlRwdGZTSU",Deccan Chronicle,28.357119857876437,85.9989364242551
a289d05,live-c5ac0aba,2026-08-04T20:41:41.367793+00:00,Multiple,Reported area,Structural Failure,Aftermath,Nepal Earthquake: How to Help - Save the Children US,"<a href=""https://news.google.com/rss/articles/CBMikgFBVV95cUxPZWZVZ2l6bGtkb3ZVVUNPdzVfRzVZSURtWlJ3X3g2YlFUVHNZaUlVZ0hmSVllV1pad1Y3eS1rcG91X21EMnAtaUNHSGRNaC1XcEtEeUxkYjk0dnZSSmUwYXF0SjU1N0VnU0RwVmE4Z3",Save the Children US,28.5841950507824,84.45463493198297
a289d05,live-41d1bf16,2026-08-04T20:41:41.367785+00:00,Multiple,Reported area,Structural Failure,Aftermath,4.4-magnitude earthquake jolts Nepal’s Rolpa district - Daily Pioneer,"<a href=""https://news.google.com/rss/articles/CBMiiAFBVV95cUxPLXo2RlgzeHBFY3V1NWRBMlBDcTI0LVQ5UnV1d0VqdEgwUmJ5dzVyMUpCa1V6M0JhUWpQcVMtQ3JhTmpxcGNrQjVQSWwycy1SQ01udldYQ0V4dk8xLW91MlViVlg4VmhYN2VKcmVUUD",Daily Pioneer,27.836530503061383,85.86255103409952
a289d05,live-41993beb,2026-08-04T20:41:41.367774+00:00,Multiple,Reported area,Structural Failure,Aftermath,4.2-magnitude earthquake strikes western Nepal; no damage reported - The New Indian Express,"<a href=""https://news.google.com/rss/articles/CBMitgFBVV95cUxNd0ZpbnRBR01HcVQ1R0xsY01ibGNaTmZWYmpHUkI1R3FmVjlTbkd4Mko1a2Y5enZPOWwtWHlycEpRU1RGei0xR2I2NUVCd2JMVTFPMTlOMnpiQ3h1TXA4NHhyZjM3ZlBsWG40OUhBNW",The New Indian Express,27.811054037055136,86.2085599643786
a289d05,live-63eeb57b,2026-08-04T20:41:41.367765+00:00,Multiple,Reported area,Landslide,Aftermath,Six-year study reveals ancient quakes along 150-mile fault system in Nepal - Virginia Tech News,"<a href=""https://news.google.com/rss/articles/CBMigAFBVV95cUxPbFc3VGRyWjFhZmpvb0pXMGhfVWVWbFBVQXN4ay1VeDA3bUtoeWVraEpWT2lKMTdTQmVfVjByVk1SaE1kbDQtd1RFVG5XaEN1TzBjWVhwOUtRVk9QZUN6Q0hNbDJuOTM3ZmpaUTVibX",Virginia Tech News,27.589157063161643,84.55875443036662
a289d05,live-07f50a60,2026-08-04T20:41:41.367749+00:00,Multiple,Reported area,Structural Failure,Aftermath,Nepal and Northern India are not overdue for a huge earthquake - New Scientist,"<a href=""https://news.google.com/rss/articles/CBMirAFBVV95cUxOTTIwNHM3ZjM1NHFEek5jVkNQblpUQkJsYTRNcDdINHhDMWJmbU9taGFTNFlDbHRUMVhmRGpVb3dsbkRfRnZKd3lkbVFfRExseXR4SGZvOHNhVzRyX29TMlVxWDF5SUhyLXdTNHctMD",New Scientist,27.00616954418629,85.85379704064819
a289d05,live-21b8847b,2026-08-04T20:41:41.367737+00:00,Multiple,Reported area,Structural Failure,Aftermath,The economic damage from the Nepal earthquake is almost half of the country’s GDP - qz.com,"<a href=""https://news.google.com/rss/articles/CBMirAFBVV95cUxPWUJKV2JuVTNqa0ZDNUVwMFlIVk9kNU1JMy0wNVQ5dUg0TEFyS2xRczM4em9qYXRqVVBlXzQwVmlzWm8ydFJUYjNFWVhiTEYtWW41cE9fMXAxd2lZYkFINmlaZnBrSW8yWnBBcURVR1",qz.com,28.19052450572683,85.61058915825694
a289d05,live-52afecb7,2026-08-04T20:41:41.367688+00:00,Multiple,Reported area,Structural Failure,Aftermath,Aftershock: Everest and the Nepal Earthquake (2022) - IMDb,"<a href=""https://news.google.com/rss/articles/CBMicEFVX3lxTE1RV1NnQ1MtcklKQ2xLZHBwODlGNkFIeVM1eEJ2aloyV2Q2VjEtbGhjQjJxdDBjM1ExcjVxRW5jZ2FkWC1qdUlpSlVqQ0JEc0RNWmtjTlcxTGt3NzNYUXg4T3dhRlJCZ2pRVmIxVFdyZH",IMDb,27.743645236625724,84.58726651896079
257fd6a,live-063b719f,2026-08-04T18:50:24.990486+00:00,Multiple,Reported area,Structural Failure,Aftermath,3.8 magnitude earthquake hits Nepal - BusinessLine,"<a href=""https://news.google.com/rss/articles/CBMipAFBVV95cUxOS2pNaDlFZkdIRlBWc2lmSVJQWWlHWW9rZ0ozUDZjakl5cTYxYS1mSzJ2TVUxb255dlpyUEVxcmZtajR5RkZKSGx4ZWpJeVk4LTdGT0tyOHFTTnZvSDFhbmk5RC1xUWR0czlQaWRzUk",BusinessLine,28.427387132945345,85.55743225781589
257fd6a,live-80bb9626,2026-08-04T18:50:24.990477+00:00,Multiple,Reported area,Structural Failure,Aftermath,"A Look Back At The 2015 Nepal Earthquake When 9,000 People Died - ndtv.com","<a href=""https://news.google.com/rss/articles/CBMiugFBVV95cUxOVHhaRFBXbmw3aFJGbEdCeHdYR050UnlvWFhfc2pZcGEzV3RPaDNxb3V4SHBNaVB0UWEwaHg4VF9sc21CekpfdmhVSEJYLXBFTzh1eUxnOTV6ZE1pUXMtX0RVSVhENnR1NkN4OWpqcl",ndtv.com,27.58585668948752,85.73440566880043
257fd6a,live-1655cf96,2026-08-04T18:50:24.990467+00:00,Multiple,Reported area,Structural Failure,Aftermath,3.8 Magnitude Earthquake Hits Nepal - Deccan Chronicle,"<a href=""https://news.google.com/rss/articles/CBMilgFBVV95cUxPd25LeVA1aTREVVVka0xUWGFZNGx0RmZZNFQ4UGpmRmdyclQtRW1vS09lTDQ0NEhyd0lNbEZpZklKVWdFa1MxQzRfUXZLdk04QnM2cVZNSmlTUENVUnVrd1hZTzlrb3dDSlRwdGZTSU",Deccan Chronicle,27.85436735995883,86.15045765640745
257fd6a,live-35d211e9,2026-08-04T18:50:24.990452+00:00,Multiple,Reported area,Structural Failure,Aftermath,Nepal Earthquake: How to Help - Save the Children US,"<a href=""https://news.google.com/rss/articles/CBMikgFBVV95cUxPZWZVZ2l6bGtkb3ZVVUNPdzVfRzVZSURtWlJ3X3g2YlFUVHNZaUlVZ0hmSVllV1pad1Y3eS1rcG91X21EMnAtaUNHSGRNaC1XcEtEeUxkYjk0dnZSSmUwYXF0SjU1N0VnU0RwVmE4Z3",Save the Children US,27.372405669966188,85.88695909750524
257fd6a,live-eb091672,2026-08-04T18:50:24.990443+00:00,Multiple,Reported area,Structural Failure,Aftermath,4.4-magnitude earthquake jolts Nepal’s Rolpa district - Daily Pioneer,"<a href=""https://news.google.com/rss/articles/CBMiiAFBVV95cUxPLXo2RlgzeHBFY3V1NWRBMlBDcTI0LVQ5UnV1d0VqdEgwUmJ5dzVyMUpCa1V6M0JhUWpQcVMtQ3JhTmpxcGNrQjVQSWwycy1SQ01udldYQ0V4dk8xLW91MlViVlg4VmhYN2VKcmVUUD",Daily Pioneer,27.29178546850226,86.16841786235376
257fd6a,live-d3fa8fd8,2026-08-04T18:50:24.990433+00:00,Multiple,Reported area,Structural Failure,Aftermath,4.2-magnitude earthquake strikes western Nepal; no damage reported - The New Indian Express,"<a href=""https://news.google.com/rss/articles/CBMitgFBVV95cUxNd0ZpbnRBR01HcVQ1R0xsY01ibGNaTmZWYmpHUkI1R3FmVjlTbkd4Mko1a2Y5enZPOWwtWHlycEpRU1RGei0xR2I2NUVCd2JMVTFPMTlOMnpiQ3h1TXA4NHhyZjM3ZlBsWG40OUhBNW",The New Indian Express,28.35180423906861,84.45067739066991
257fd6a,live-1e13ef40,2026-08-04T18:50:24.990420+00:00,Multiple,Reported area,Landslide,Aftermath,Six-year study reveals ancient quakes along 150-mile fault system in Nepal - Virginia Tech News,"<a href=""https://news.google.com/rss/articles/CBMigAFBVV95cUxPbFc3VGRyWjFhZmpvb0pXMGhfVWVWbFBVQXN4ay1VeDA3bUtoeWVraEpWT2lKMTdTQmVfVjByVk1SaE1kbDQtd1RFVG5XaEN1TzBjWVhwOUtRVk9QZUN6Q0hNbDJuOTM3ZmpaUTVibX",Virginia Tech News,27.16575395425354,85.1478749970224
257fd6a,live-8ec66c4d,2026-08-04T18:50:24.990406+00:00,Multiple,Reported area,Structural Failure,Aftermath,Nepal and Northern India are not overdue for a huge earthquake - New Scientist,"<a href=""https://news.google.com/rss/articles/CBMirAFBVV95cUxOTTIwNHM3ZjM1NHFEek5jVkNQblpUQkJsYTRNcDdINHhDMWJmbU9taGFTNFlDbHRUMVhmRGpVb3dsbkRfRnZKd3lkbVFfRExseXR4SGZvOHNhVzRyX29TMlVxWDF5SUhyLXdTNHctMD",New Scientist,27.546025371104093,85.10893608404167
257fd6a,live-a734764e,2026-08-04T18:50:24.990394+00:00,Multiple,Reported area,Structural Failure,Aftermath,The economic damage from the Nepal earthquake is almost half of the country’s GDP - qz.com,"<a href=""https://news.google.com/rss/articles/CBMirAFBVV95cUxPWUJKV2JuVTNqa0ZDNUVwMFlIVk9kNU1JMy0wNVQ5dUg0TEFyS2xRczM4em9qYXRqVVBlXzQwVmlzWm8ydFJUYjNFWVhiTEYtWW41cE9fMXAxd2lZYkFINmlaZnBrSW8yWnBBcURVR1",qz.com,28.450697315987075,84.50054968261789
257fd6a,live-79e2c2f1,2026-08-04T18:50:24.990364+00:00,Multiple,Reported area,Structural Failure,Aftermath,Aftershock: Everest and the Nepal Earthquake (2022) - IMDb,"<a href=""https://news.google.com/rss/articles/CBMicEFVX3lxTE1RV1NnQ1MtcklKQ2xLZHBwODlGNkFIeVM1eEJ2aloyV2Q2VjEtbGhjQjJxdDBjM1ExcjVxRW5jZ2FkWC1qdUlpSlVqQ0JEc0RNWmtjTlcxTGt3NzNYUXg4T3dhRlJCZ2pRVmIxVFdyZH",IMDb,27.29260414939031,85.01224060468418
69a2bf3,live-1cb1e99e,2026-08-04T17:02:27.309763+00:00,Multiple,Reported area,Structural Failure,Aftermath,3.8 magnitude earthquake hits Nepal - BusinessLine,"<a href=""https://news.google.com/rss/articles/CBMipAFBVV95cUxOS2pNaDlFZkdIRlBWc2lmSVJQWWlHWW9rZ0ozUDZjakl5cTYxYS1mSzJ2TVUxb255dlpyUEVxcmZtajR5RkZKSGx4ZWpJeVk4LTdGT0tyOHFTTnZvSDFhbmk5RC1xUWR0czlQaWRzUk",BusinessLine,27.356854931667986,84.4809655521233
69a2bf3,live-6f4a5ef6,2026-08-04T17:02:27.309750+00:00,Multiple,Reported area,Structural Failure,Aftermath,"A Look Back At The 2015 Nepal Earthquake When 9,000 People Died - NDTV","<a href=""https://news.google.com/rss/articles/CBMiugFBVV95cUxOVHhaRFBXbmw3aFJGbEdCeHdYR050UnlvWFhfc2pZcGEzV3RPaDNxb3V4SHBNaVB0UWEwaHg4VF9sc21CekpfdmhVSEJYLXBFTzh1eUxnOTV6ZE1pUXMtX0RVSVhENnR1NkN4OWpqcl",NDTV,27.12543951547999,85.36526376492168
69a2bf3,live-d31da169,2026-08-04T17:02:27.309734+00:00,Multiple,Reported area,Structural Failure,Aftermath,3.8 Magnitude Earthquake Hits Nepal - deccanchronicle.com,"<a href=""https://news.google.com/rss/articles/CBMilgFBVV95cUxPd25LeVA1aTREVVVka0xUWGFZNGx0RmZZNFQ4UGpmRmdyclQtRW1vS09lTDQ0NEhyd0lNbEZpZklKVWdFa1MxQzRfUXZLdk04QnM2cVZNSmlTUENVUnVrd1hZTzlrb3dDSlRwdGZTSU",deccanchronicle.com,28.17978514192514,84.56175993169073
69a2bf3,live-5b4f6646,2026-08-04T17:02:27.309715+00:00,Multiple,Reported area,Structural Failure,Aftermath,Nepal Earthquake: How to Help - savethechildren.org,"<a href=""https://news.google.com/rss/articles/CBMikgFBVV95cUxPZWZVZ2l6bGtkb3ZVVUNPdzVfRzVZSURtWlJ3X3g2YlFUVHNZaUlVZ0hmSVllV1pad1Y3eS1rcG91X21EMnAtaUNHSGRNaC1XcEtEeUxkYjk0dnZSSmUwYXF0SjU1N0VnU0RwVmE4Z3",savethechildren.org,27.646407130797034,84.44663782406575
69a2bf3,live-2be39ee4,2026-08-04T17:02:27.309703+00:00,Multiple,Reported area,Structural Failure,Aftermath,4.4-magnitude earthquake jolts Nepal’s Rolpa district - dailypioneer.com,"<a href=""https://news.google.com/rss/articles/CBMiiAFBVV95cUxPLXo2RlgzeHBFY3V1NWRBMlBDcTI0LVQ5UnV1d0VqdEgwUmJ5dzVyMUpCa1V6M0JhUWpQcVMtQ3JhTmpxcGNrQjVQSWwycy1SQ01udldYQ0V4dk8xLW91MlViVlg4VmhYN2VKcmVUUD",dailypioneer.com,27.125392816847175,85.13592645189911
69a2bf3,live-8d7762d6,2026-08-04T17:02:27.309689+00:00,Multiple,Reported area,Structural Failure,Aftermath,4.2-magnitude earthquake strikes western Nepal; no damage reported - The New Indian Express,"<a href=""https://news.google.com/rss/articles/CBMitgFBVV95cUxNd0ZpbnRBR01HcVQ1R0xsY01ibGNaTmZWYmpHUkI1R3FmVjlTbkd4Mko1a2Y5enZPOWwtWHlycEpRU1RGei0xR2I2NUVCd2JMVTFPMTlOMnpiQ3h1TXA4NHhyZjM3ZlBsWG40OUhBNW",The New Indian Express,27.332651966950415,85.350318217566
69a2bf3,live-2e72ac58,2026-08-04T17:02:27.309671+00:00,Multiple,Reported area,Landslide,Aftermath,Six-year study reveals ancient quakes along 150-mile fault system in Nepal - Virginia Tech News,"<a href=""https://news.google.com/rss/articles/CBMigAFBVV95cUxPbFc3VGRyWjFhZmpvb0pXMGhfVWVWbFBVQXN4ay1VeDA3bUtoeWVraEpWT2lKMTdTQmVfVjByVk1SaE1kbDQtd1RFVG5XaEN1TzBjWVhwOUtRVk9QZUN6Q0hNbDJuOTM3ZmpaUTVibX",Virginia Tech News,27.968382021600505,84.89512013829598
69a2bf3,live-af7f3637,2026-08-04T17:02:27.309651+00:00,Multiple,Reported area,Structural Failure,Aftermath,Nepal and Northern India are not overdue for a huge earthquake - New Scientist,"<a href=""https://news.google.com/rss/articles/CBMirAFBVV95cUxOTTIwNHM3ZjM1NHFEek5jVkNQblpUQkJsYTRNcDdINHhDMWJmbU9taGFTNFlDbHRUMVhmRGpVb3dsbkRfRnZKd3lkbVFfRExseXR4SGZvOHNhVzRyX29TMlVxWDF5SUhyLXdTNHctMD",New Scientist,27.467705313593214,86.26809342666678
69a2bf3,live-f82b1412,2026-08-04T17:02:27.309636+00:00,Multiple,Reported area,Structural Failure,Aftermath,The economic damage from the Nepal earthquake is almost half of the country’s GDP - qz.com,"<a href=""https://news.google.com/rss/articles/CBMirAFBVV95cUxPWUJKV2JuVTNqa0ZDNUVwMFlIVk9kNU1JMy0wNVQ5dUg0TEFyS2xRczM4em9qYXRqVVBlXzQwVmlzWm8ydFJUYjNFWVhiTEYtWW41cE9fMXAxd2lZYkFINmlaZnBrSW8yWnBBcURVR1",qz.com,28.303813625195588,84.67039902893161
69a2bf3,live-61bbf871,2026-08-04T17:02:27.309595+00:00,Multiple,Reported area,Structural Failure,Aftermath,Aftershock: Everest and the Nepal Earthquake (2022) - IMDb,"<a href=""https://news.google.com/rss/articles/CBMicEFVX3lxTE1RV1NnQ1MtcklKQ2xLZHBwODlGNkFIeVM1eEJ2aloyV2Q2VjEtbGhjQjJxdDBjM1ExcjVxRW5jZ2FkWC1qdUlpSlVqQ0JEc0RNWmtjTlcxTGt3NzNYUXg4T3dhRlJCZ2pRVmIxVFdyZH",IMDb,26.717526778196426,85.13915649815927
2932e5d,live-af9fbecd,2026-08-04T15:09:37.282852+00:00,Multiple,Reported area,Structural Failure,Aftermath,3.8 magnitude earthquake hits Nepal - BusinessLine,"<a href=""https://news.google.com/rss/articles/CBMipAFBVV95cUxOS2pNaDlFZkdIRlBWc2lmSVJQWWlHWW9rZ0ozUDZjakl5cTYxYS1mSzJ2TVUxb255dlpyUEVxcmZtajR5RkZKSGx4ZWpJeVk4LTdGT0tyOHFTTnZvSDFhbmk5RC1xUWR0czlQaWRzUk",BusinessLine,27.21887978085548,85.7072075015162
2932e5d,live-682f51d7,2026-08-04T15:09:37.282840+00:00,Multiple,Reported area,Structural Failure,Aftermath,"A Look Back At The 2015 Nepal Earthquake When 9,000 People Died - NDTV","<a href=""https://news.google.com/rss/articles/CBMiugFBVV95cUxOVHhaRFBXbmw3aFJGbEdCeHdYR050UnlvWFhfc2pZcGEzV3RPaDNxb3V4SHBNaVB0UWEwaHg4VF9sc21CekpfdmhVSEJYLXBFTzh1eUxnOTV6ZE1pUXMtX0RVSVhENnR1NkN4OWpqcl",NDTV,26.823013176152504,85.82988802043087
2932e5d,live-7fd8a1e4,2026-08-04T15:09:37.282826+00:00,Multiple,Reported area,Structural Failure,Aftermath,3.8 Magnitude Earthquake Hits Nepal - Deccan Chronicle,"<a href=""https://news.google.com/rss/articles/CBMilgFBVV95cUxPd25LeVA1aTREVVVka0xUWGFZNGx0RmZZNFQ4UGpmRmdyclQtRW1vS09lTDQ0NEhyd0lNbEZpZklKVWdFa1MxQzRfUXZLdk04QnM2cVZNSmlTUENVUnVrd1hZTzlrb3dDSlRwdGZTSU",Deccan Chronicle,27.049373408789897,86.13508955495524
2932e5d,live-b89d6c41,2026-08-04T15:09:37.282808+00:00,Multiple,Reported area,Structural Failure,Aftermath,4.4-magnitude earthquake jolts Nepal’s Rolpa district - dailypioneer.com,"<a href=""https://news.google.com/rss/articles/CBMiiAFBVV95cUxPLXo2RlgzeHBFY3V1NWRBMlBDcTI0LVQ5UnV1d0VqdEgwUmJ5dzVyMUpCa1V6M0JhUWpQcVMtQ3JhTmpxcGNrQjVQSWwycy1SQ01udldYQ0V4dk8xLW91MlViVlg4VmhYN2VKcmVUUD",dailypioneer.com,27.674316316292966,85.93021545970583
2932e5d,live-989d890a,2026-08-04T15:09:37.282794+00:00,Multiple,Reported area,Structural Failure,Aftermath,Nepal Earthquake: How to Help - Save the Children US,"<a href=""https://news.google.com/rss/articles/CBMikgFBVV95cUxPZWZVZ2l6bGtkb3ZVVUNPdzVfRzVZSURtWlJ3X3g2YlFUVHNZaUlVZ0hmSVllV1pad1Y3eS1rcG91X21EMnAtaUNHSGRNaC1XcEtEeUxkYjk0dnZSSmUwYXF0SjU1N0VnU0RwVmE4Z3",Save the Children US,27.29359537786296,85.91104874427752
2932e5d,live-8a31abd8,2026-08-04T15:09:37.282781+00:00,Multiple,Reported area,Structural Failure,Aftermath,4.2-magnitude earthquake strikes western Nepal; no damage reported - The New Indian Express,"<a href=""https://news.google.com/rss/articles/CBMitgFBVV95cUxNd0ZpbnRBR01HcVQ1R0xsY01ibGNaTmZWYmpHUkI1R3FmVjlTbkd4Mko1a2Y5enZPOWwtWHlycEpRU1RGei0xR2I2NUVCd2JMVTFPMTlOMnpiQ3h1TXA4NHhyZjM3ZlBsWG40OUhBNW",The New Indian Express,27.88768206837458,85.24108081323374
2932e5d,live-e4bdfc69,2026-08-04T15:09:37.282761+00:00,Multiple,Reported area,Landslide,Aftermath,Six-year study reveals ancient quakes along 150-mile fault system in Nepal - Virginia Tech News,"<a href=""https://news.google.com/rss/articles/CBMigAFBVV95cUxPbFc3VGRyWjFhZmpvb0pXMGhfVWVWbFBVQXN4ay1VeDA3bUtoeWVraEpWT2lKMTdTQmVfVjByVk1SaE1kbDQtd1RFVG5XaEN1TzBjWVhwOUtRVk9QZUN6Q0hNbDJuOTM3ZmpaUTVibX",Virginia Tech News,27.2613026051804,85.47440651047224
2932e5d,live-8b44e897,2026-08-04T15:09:37.282742+00:00,Multiple,Reported area,Structural Failure,Aftermath,Nepal and Northern India are not overdue for a huge earthquake - New Scientist,"<a href=""https://news.google.com/rss/articles/CBMirAFBVV95cUxOTTIwNHM3ZjM1NHFEek5jVkNQblpUQkJsYTRNcDdINHhDMWJmbU9taGFTNFlDbHRUMVhmRGpVb3dsbkRfRnZKd3lkbVFfRExseXR4SGZvOHNhVzRyX29TMlVxWDF5SUhyLXdTNHctMD",New Scientist,27.29029110256013,84.35018439550835
2932e5d,live-18166d4a,2026-08-04T15:09:37.282726+00:00,Multiple,Reported area,Structural Failure,Aftermath,The economic damage from the Nepal earthquake is almost half of the country’s GDP - qz.com,"<a href=""https://news.google.com/rss/articles/CBMirAFBVV95cUxPWUJKV2JuVTNqa0ZDNUVwMFlIVk9kNU1JMy0wNVQ5dUg0TEFyS2xRczM4em9qYXRqVVBlXzQwVmlzWm8ydFJUYjNFWVhiTEYtWW41cE9fMXAxd2lZYkFINmlaZnBrSW8yWnBBcURVR1",qz.com,27.58213846326074,84.70677746128081
2932e5d,live-c630316f,2026-08-04T15:09:37.282688+00:00,Multiple,Reported area,Structural Failure,Aftermath,Aftershock: Everest and the Nepal Earthquake (2022) - IMDb,"<a href=""https://news.google.com/rss/articles/CBMicEFVX3lxTE1RV1NnQ1MtcklKQ2xLZHBwODlGNkFIeVM1eEJ2aloyV2Q2VjEtbGhjQjJxdDBjM1ExcjVxRW5jZ2FkWC1qdUlpSlVqQ0JEc0RNWmtjTlcxTGt3NzNYUXg4T3dhRlJCZ2pRVmIxVFdyZH",IMDb,27.40358764796491,86.27566795265618
2fa9d01,live-b29e488a,2026-08-04T12:29:04.378615+00:00,Multiple,Reported area,Structural Failure,Aftermath,3.8 magnitude earthquake hits Nepal - BusinessLine,"<a href=""https://news.google.com/rss/articles/CBMipAFBVV95cUxOS2pNaDlFZkdIRlBWc2lmSVJQWWlHWW9rZ0ozUDZjakl5cTYxYS1mSzJ2TVUxb255dlpyUEVxcmZtajR5RkZKSGx4ZWpJeVk4LTdGT0tyOHFTTnZvSDFhbmk5RC1xUWR0czlQaWRzUk",BusinessLine,28.635952501343805,85.41111442554781
2fa9d01,live-3782f7c8,2026-08-04T12:29:04.378603+00:00,Multiple,Reported area,Structural Failure,Aftermath,"A Look Back At The 2015 Nepal Earthquake When 9,000 People Died - NDTV","<a href=""https://news.google.com/rss/articles/CBMiugFBVV95cUxOVHhaRFBXbmw3aFJGbEdCeHdYR050UnlvWFhfc2pZcGEzV3RPaDNxb3V4SHBNaVB0UWEwaHg4VF9sc21CekpfdmhVSEJYLXBFTzh1eUxnOTV6ZE1pUXMtX0RVSVhENnR1NkN4OWpqcl",NDTV,28.099765562035874,85.65842680116651
2fa9d01,live-34676344,2026-08-04T12:29:04.378587+00:00,Multiple,Reported area,Structural Failure,Aftermath,3.8 Magnitude Earthquake Hits Nepal - Deccan Chronicle,"<a href=""https://news.google.com/rss/articles/CBMilgFBVV95cUxPd25LeVA1aTREVVVka0xUWGFZNGx0RmZZNFQ4UGpmRmdyclQtRW1vS09lTDQ0NEhyd0lNbEZpZklKVWdFa1MxQzRfUXZLdk04QnM2cVZNSmlTUENVUnVrd1hZTzlrb3dDSlRwdGZTSU",Deccan Chronicle,26.739161773625156,84.73368294609469
2fa9d01,live-0b5325fe,2026-08-04T12:29:04.378569+00:00,Multiple,Reported area,Structural Failure,Aftermath,4.4-magnitude earthquake jolts Nepal’s Rolpa district - Daily Pioneer,"<a href=""https://news.google.com/rss/articles/CBMiiAFBVV95cUxPLXo2RlgzeHBFY3V1NWRBMlBDcTI0LVQ5UnV1d0VqdEgwUmJ5dzVyMUpCa1V6M0JhUWpQcVMtQ3JhTmpxcGNrQjVQSWwycy1SQ01udldYQ0V4dk8xLW91MlViVlg4VmhYN2VKcmVUUD",Daily Pioneer,28.528662749916165,84.85377062715493
2fa9d01,live-00c6e07f,2026-08-04T12:29:04.378556+00:00,Multiple,Reported area,Structural Failure,Aftermath,Nepal Earthquake: How to Help - Save the Children US,"<a href=""https://news.google.com/rss/articles/CBMikgFBVV95cUxPZWZVZ2l6bGtkb3ZVVUNPdzVfRzVZSURtWlJ3X3g2YlFUVHNZaUlVZ0hmSVllV1pad1Y3eS1rcG91X21EMnAtaUNHSGRNaC1XcEtEeUxkYjk0dnZSSmUwYXF0SjU1N0VnU0RwVmE4Z3",Save the Children US,27.215003555159463,84.79061388049475
2fa9d01,live-4cdda4e8,2026-08-04T12:29:04.378542+00:00,Multiple,Reported area,Structural Failure,Aftermath,4.2-magnitude earthquake strikes western Nepal; no damage reported - The New Indian Express,"<a href=""https://news.google.com/rss/articles/CBMitgFBVV95cUxNd0ZpbnRBR01HcVQ1R0xsY01ibGNaTmZWYmpHUkI1R3FmVjlTbkd4Mko1a2Y5enZPOWwtWHlycEpRU1RGei0xR2I2NUVCd2JMVTFPMTlOMnpiQ3h1TXA4NHhyZjM3ZlBsWG40OUhBNW",The New Indian Express,26.82355718062208,86.0254692654389
2fa9d01,live-54be783d,2026-08-04T12:29:04.378524+00:00,Multiple,Reported area,Landslide,Aftermath,Six-year study reveals ancient quakes along 150-mile fault system in Nepal - Virginia Tech News,"<a href=""https://news.google.com/rss/articles/CBMigAFBVV95cUxPbFc3VGRyWjFhZmpvb0pXMGhfVWVWbFBVQXN4ay1VeDA3bUtoeWVraEpWT2lKMTdTQmVfVjByVk1SaE1kbDQtd1RFVG5XaEN1TzBjWVhwOUtRVk9QZUN6Q0hNbDJuOTM3ZmpaUTVibX",Virginia Tech News,27.927986448056043,84.81662890664778
2fa9d01,live-06017a7c,2026-08-04T12:29:04.378507+00:00,Multiple,Reported area,Structural Failure,Aftermath,Nepal and Northern India are not overdue for a huge earthquake - New Scientist,"<a href=""https://news.google.com/rss/articles/CBMirAFBVV95cUxOTTIwNHM3ZjM1NHFEek5jVkNQblpUQkJsYTRNcDdINHhDMWJmbU9taGFTNFlDbHRUMVhmRGpVb3dsbkRfRnZKd3lkbVFfRExseXR4SGZvOHNhVzRyX29TMlVxWDF5SUhyLXdTNHctMD",New Scientist,27.45303583873475,86.12909249476093
2fa9d01,live-872e773b,2026-08-04T12:29:04.378491+00:00,Multiple,Reported area,Structural Failure,Aftermath,The economic damage from the Nepal earthquake is almost half of the country’s GDP - qz.com,"<a href=""https://news.google.com/rss/articles/CBMirAFBVV95cUxPWUJKV2JuVTNqa0ZDNUVwMFlIVk9kNU1JMy0wNVQ5dUg0TEFyS2xRczM4em9qYXRqVVBlXzQwVmlzWm8ydFJUYjNFWVhiTEYtWW41cE9fMXAxd2lZYkFINmlaZnBrSW8yWnBBcURVR1",qz.com,27.859599687565034,85.61513217533846
2fa9d01,live-e789bb92,2026-08-04T12:29:04.378459+00:00,Multiple,Reported area,Structural Failure,Aftermath,Aftershock: Everest and the Nepal Earthquake (2022) - IMDb,"<a href=""https://news.google.com/rss/articles/CBMicEFVX3lxTE1RV1NnQ1MtcklKQ2xLZHBwODlGNkFIeVM1eEJ2aloyV2Q2VjEtbGhjQjJxdDBjM1ExcjVxRW5jZ2FkWC1qdUlpSlVqQ0JEc0RNWmtjTlcxTGt3NzNYUXg4T3dhRlJCZ2pRVmIxVFdyZH",IMDb,26.708798850311187,85.83417553094307
1c1a339,live-b126be0a,2026-08-04T10:18:06.545013+00:00,Multiple,Reported area,Structural Failure,Aftermath,"A Look Back At The 2015 Nepal Earthquake When 9,000 People Died - NDTV","<a href=""https://news.google.com/rss/articles/CBMiugFBVV95cUxOVHhaRFBXbmw3aFJGbEdCeHdYR050UnlvWFhfc2pZcGEzV3RPaDNxb3V4SHBNaVB0UWEwaHg4VF9sc21CekpfdmhVSEJYLXBFTzh1eUxnOTV6ZE1pUXMtX0RVSVhENnR1NkN4OWpqcl",NDTV,28.12540264450905,84.34151649508404
1c1a339,live-6dedf0bc,2026-08-04T10:18:06.544974+00:00,Multiple,Reported area,Structural Failure,Aftermath,3.8 Magnitude Earthquake Hits Nepal - deccanchronicle.com,"<a href=""https://news.google.com/rss/articles/CBMilgFBVV95cUxPd25LeVA1aTREVVVka0xUWGFZNGx0RmZZNFQ4UGpmRmdyclQtRW1vS09lTDQ0NEhyd0lNbEZpZklKVWdFa1MxQzRfUXZLdk04QnM2cVZNSmlTUENVUnVrd1hZTzlrb3dDSlRwdGZTSU",deccanchronicle.com,27.553633989016447,84.62987095011759
1c1a339,live-4b84b3fe,2026-08-04T10:18:06.544961+00:00,Multiple,Reported area,Structural Failure,Aftermath,4.2-magnitude earthquake strikes western Nepal; no damage reported - The New Indian Express,"<a href=""https://news.google.com/rss/articles/CBMitgFBVV95cUxNd0ZpbnRBR01HcVQ1R0xsY01ibGNaTmZWYmpHUkI1R3FmVjlTbkd4Mko1a2Y5enZPOWwtWHlycEpRU1RGei0xR2I2NUVCd2JMVTFPMTlOMnpiQ3h1TXA4NHhyZjM3ZlBsWG40OUhBNW",The New Indian Express,26.980204127948934,85.07874078958088
1c1a339,live-2e00dd7c,2026-08-04T10:18:06.544944+00:00,Multiple,Reported area,Structural Failure,Aftermath,Post-Disaster Housing Reconstruction in Rural Nepal A Case Study in the Aftermath of the 2015 Nepal ,"<a href=""https://news.google.com/rss/articles/CBMibkFVX3lxTE15U3JKZkRRbl9FemdvVllucXVsTmpxS2E5aW1mQ1Y4Q3RRNHhQUjhQd2NrRjZaSXY1alZLLUNTRi1WbFdFN2Fpd2Vta0lLZXNoWDB2RFRDS25rMmo3T3ZvRWt2NGV5NW5uRDJvUVdn?o",SCIRP Open Access,27.694537771463583,86.2918011021318
1c1a339,live-7356547a,2026-08-04T10:18:06.544931+00:00,Multiple,Reported area,Structural Failure,Aftermath,Nepal Earthquake: How to Help - Save the Children US,"<a href=""https://news.google.com/rss/articles/CBMikgFBVV95cUxPZWZVZ2l6bGtkb3ZVVUNPdzVfRzVZSURtWlJ3X3g2YlFUVHNZaUlVZ0hmSVllV1pad1Y3eS1rcG91X21EMnAtaUNHSGRNaC1XcEtEeUxkYjk0dnZSSmUwYXF0SjU1N0VnU0RwVmE4Z3",Save the Children US,28.54703294667133,85.39532597740127
1c1a339,live-223546e2,2026-08-04T10:18:06.544918+00:00,Multiple,Reported area,Structural Failure,Aftermath,4.4-magnitude earthquake jolts Nepal’s Rolpa district - Daily Pioneer,"<a href=""https://news.google.com/rss/articles/CBMiiAFBVV95cUxPLXo2RlgzeHBFY3V1NWRBMlBDcTI0LVQ5UnV1d0VqdEgwUmJ5dzVyMUpCa1V6M0JhUWpQcVMtQ3JhTmpxcGNrQjVQSWwycy1SQ01udldYQ0V4dk8xLW91MlViVlg4VmhYN2VKcmVUUD",Daily Pioneer,27.511171935674934,85.52334485263947
1c1a339,live-77da59e2,2026-08-04T10:18:06.544898+00:00,Multiple,Reported area,Landslide,Aftermath,Six-year study reveals ancient quakes along 150-mile fault system in Nepal - Virginia Tech News,"<a href=""https://news.google.com/rss/articles/CBMigAFBVV95cUxPbFc3VGRyWjFhZmpvb0pXMGhfVWVWbFBVQXN4ay1VeDA3bUtoeWVraEpWT2lKMTdTQmVfVjByVk1SaE1kbDQtd1RFVG5XaEN1TzBjWVhwOUtRVk9QZUN6Q0hNbDJuOTM3ZmpaUTVibX",Virginia Tech News,27.20188602335509,85.12188002194178
1c1a339,live-1443f9b3,2026-08-04T10:18:06.544880+00:00,Multiple,Reported area,Structural Failure,Aftermath,Nepal and Northern India are not overdue for a huge earthquake - New Scientist,"<a href=""https://news.google.com/rss/articles/CBMirAFBVV95cUxOTTIwNHM3ZjM1NHFEek5jVkNQblpUQkJsYTRNcDdINHhDMWJmbU9taGFTNFlDbHRUMVhmRGpVb3dsbkRfRnZKd3lkbVFfRExseXR4SGZvOHNhVzRyX29TMlVxWDF5SUhyLXdTNHctMD",New Scientist,27.486555069240072,85.59588802702285
1c1a339,live-bdf3b4e9,2026-08-04T10:18:06.544864+00:00,Multiple,Reported area,Structural Failure,Aftermath,The economic damage from the Nepal earthquake is almost half of the country’s GDP - qz.com,"<a href=""https://news.google.com/rss/articles/CBMirAFBVV95cUxPWUJKV2JuVTNqa0ZDNUVwMFlIVk9kNU1JMy0wNVQ5dUg0TEFyS2xRczM4em9qYXRqVVBlXzQwVmlzWm8ydFJUYjNFWVhiTEYtWW41cE9fMXAxd2lZYkFINmlaZnBrSW8yWnBBcURVR1",qz.com,28.4080928312447,85.2179638602191
1c1a339,live-0acfdae8,2026-08-04T10:18:06.544831+00:00,Multiple,Reported area,Structural Failure,Aftermath,Aftershock: Everest and the Nepal Earthquake (2022) - IMDb,"<a href=""https://news.google.com/rss/articles/CBMicEFVX3lxTE1RV1NnQ1MtcklKQ2xLZHBwODlGNkFIeVM1eEJ2aloyV2Q2VjEtbGhjQjJxdDBjM1ExcjVxRW5jZ2FkWC1qdUlpSlVqQ0JEc0RNWmtjTlcxTGt3NzNYUXg4T3dhRlJCZ2pRVmIxVFdyZH",IMDb,26.906917764817898,85.71378158507734
09526fa,live-311e18dc,2026-08-04T07:22:18.800721+00:00,Multiple,Reported area,Structural Failure,Aftermath,Earthquake of 4.4 magnitude hits Nepals Rolpa district - Daily Excelsior,"<a href=""https://news.google.com/rss/articles/CBMijwFBVV95cUxOWnkzeUxJQWlhd2tUZnp4aGRDaTRjTDVlS1BrYTdaYU9zTnlXYUh6b1N6bjhTZlRUb1V5cXBYbU00cDhnbU9qLTBDUUFyUEl2UlBRczBsZTU0X1FjTTVaRTVDQXhCZ2NtaUMyeTBxZF",Daily Excelsior,26.9092785610557,84.63224809580603
09526fa,live-bcd36b71,2026-08-04T07:22:18.800710+00:00,Multiple,Reported area,Structural Failure,Aftermath,3.8 Magnitude Earthquake Hits Nepal - Deccan Chronicle,"<a href=""https://news.google.com/rss/articles/CBMilgFBVV95cUxPd25LeVA1aTREVVVka0xUWGFZNGx0RmZZNFQ4UGpmRmdyclQtRW1vS09lTDQ0NEhyd0lNbEZpZklKVWdFa1MxQzRfUXZLdk04QnM2cVZNSmlTUENVUnVrd1hZTzlrb3dDSlRwdGZTSU",Deccan Chronicle,27.87646836797628,85.79404520605925
09526fa,live-3dfda489,2026-08-04T07:22:18.800697+00:00,Multiple,Reported area,Structural Failure,Aftermath,4.2-magnitude earthquake strikes western Nepal; no damage reported - The New Indian Express,"<a href=""https://news.google.com/rss/articles/CBMitgFBVV95cUxNd0ZpbnRBR01HcVQ1R0xsY01ibGNaTmZWYmpHUkI1R3FmVjlTbkd4Mko1a2Y5enZPOWwtWHlycEpRU1RGei0xR2I2NUVCd2JMVTFPMTlOMnpiQ3h1TXA4NHhyZjM3ZlBsWG40OUhBNW",The New Indian Express,27.66815765107317,85.11434100341688
09526fa,live-c0aa13b7,2026-08-04T07:22:18.800681+00:00,Multiple,Reported area,Structural Failure,Aftermath,Post-Disaster Housing Reconstruction in Rural Nepal A Case Study in the Aftermath of the 2015 Nepal ,"<a href=""https://news.google.com/rss/articles/CBMibkFVX3lxTE15U3JKZkRRbl9FemdvVllucXVsTmpxS2E5aW1mQ1Y4Q3RRNHhQUjhQd2NrRjZaSXY1alZLLUNTRi1WbFdFN2Fpd2Vta0lLZXNoWDB2RFRDS25rMmo3T3ZvRWt2NGV5NW5uRDJvUVdn?o",SCIRP Open Access,28.24729729792094,84.93718479386986
09526fa,live-c14c96b0,2026-08-04T07:22:18.800671+00:00,Multiple,Reported area,Structural Failure,Aftermath,Nepal Earthquake: How to Help - Save the Children US,"<a href=""https://news.google.com/rss/articles/CBMikgFBVV95cUxPZWZVZ2l6bGtkb3ZVVUNPdzVfRzVZSURtWlJ3X3g2YlFUVHNZaUlVZ0hmSVllV1pad1Y3eS1rcG91X21EMnAtaUNHSGRNaC1XcEtEeUxkYjk0dnZSSmUwYXF0SjU1N0VnU0RwVmE4Z3",Save the Children US,27.14964981155836,85.76341717253587
09526fa,live-c27416c4,2026-08-04T07:22:18.800659+00:00,Multiple,Reported area,Landslide,Aftermath,Six-year study reveals ancient quakes along 150-mile fault system in Nepal - Virginia Tech News,"<a href=""https://news.google.com/rss/articles/CBMigAFBVV95cUxPbFc3VGRyWjFhZmpvb0pXMGhfVWVWbFBVQXN4ay1VeDA3bUtoeWVraEpWT2lKMTdTQmVfVjByVk1SaE1kbDQtd1RFVG5XaEN1TzBjWVhwOUtRVk9QZUN6Q0hNbDJuOTM3ZmpaUTVibX",Virginia Tech News,28.361732295071427,86.11912217148735
09526fa,live-28818e8d,2026-08-04T07:22:18.800644+00:00,Multiple,Reported area,Structural Failure,Aftermath,Nepal and Northern India are not overdue for a huge earthquake - New Scientist,"<a href=""https://news.google.com/rss/articles/CBMirAFBVV95cUxOTTIwNHM3ZjM1NHFEek5jVkNQblpUQkJsYTRNcDdINHhDMWJmbU9taGFTNFlDbHRUMVhmRGpVb3dsbkRfRnZKd3lkbVFfRExseXR4SGZvOHNhVzRyX29TMlVxWDF5SUhyLXdTNHctMD",New Scientist,28.234877507267917,85.66035847025178
09526fa,live-d7c2d50f,2026-08-04T07:22:18.800628+00:00,Multiple,Reported area,Structural Failure,Aftermath,4.4-magnitude earthquake jolts Nepal’s Rolpa district - Daily Pioneer,"<a href=""https://news.google.com/rss/articles/CBMiiAFBVV95cUxPLXo2RlgzeHBFY3V1NWRBMlBDcTI0LVQ5UnV1d0VqdEgwUmJ5dzVyMUpCa1V6M0JhUWpQcVMtQ3JhTmpxcGNrQjVQSWwycy1SQ01udldYQ0V4dk8xLW91MlViVlg4VmhYN2VKcmVUUD",Daily Pioneer,28.446934673295964,86.1006983303946
09526fa,live-c3fd16b4,2026-08-04T07:22:18.800614+00:00,Multiple,Reported area,Structural Failure,Aftermath,The economic damage from the Nepal earthquake is almost half of the country’s GDP - qz.com,"<a href=""https://news.google.com/rss/articles/CBMirAFBVV95cUxPWUJKV2JuVTNqa0ZDNUVwMFlIVk9kNU1JMy0wNVQ5dUg0TEFyS2xRczM4em9qYXRqVVBlXzQwVmlzWm8ydFJUYjNFWVhiTEYtWW41cE9fMXAxd2lZYkFINmlaZnBrSW8yWnBBcURVR1",qz.com,28.48843813337819,86.01500512268183
09526fa,live-544db028,2026-08-04T07:22:18.800579+00:00,Multiple,Reported area,Structural Failure,Aftermath,Aftershock: Everest and the Nepal Earthquake (2022) - IMDb,"<a href=""https://news.google.com/rss/articles/CBMicEFVX3lxTE1RV1NnQ1MtcklKQ2xLZHBwODlGNkFIeVM1eEJ2aloyV2Q2VjEtbGhjQjJxdDBjM1ExcjVxRW5jZ2FkWC1qdUlpSlVqQ0JEc0RNWmtjTlcxTGt3NzNYUXg4T3dhRlJCZ2pRVmIxVFdyZH",IMDb,28.215085256644706,85.50823339491805
db5381d,live-2a3400c7,2026-08-04T01:05:26.802916+00:00,Multiple,Reported area,Structural Failure,Aftermath,3.8 Magnitude Earthquake Hits Nepal - Deccan Chronicle,"<a href=""https://news.google.com/rss/articles/CBMilgFBVV95cUxPd25LeVA1aTREVVVka0xUWGFZNGx0RmZZNFQ4UGpmRmdyclQtRW1vS09lTDQ0NEhyd0lNbEZpZklKVWdFa1MxQzRfUXZLdk04QnM2cVZNSmlTUENVUnVrd1hZTzlrb3dDSlRwdGZTSU",Deccan Chronicle,26.72704861639046,85.9075420004813
db5381d,live-75e3eba2,2026-08-04T01:05:26.802904+00:00,Multiple,Reported area,Structural Failure,Aftermath,4.2-magnitude earthquake strikes western Nepal; no damage reported - The New Indian Express,"<a href=""https://news.google.com/rss/articles/CBMitgFBVV95cUxNd0ZpbnRBR01HcVQ1R0xsY01ibGNaTmZWYmpHUkI1R3FmVjlTbkd4Mko1a2Y5enZPOWwtWHlycEpRU1RGei0xR2I2NUVCd2JMVTFPMTlOMnpiQ3h1TXA4NHhyZjM3ZlBsWG40OUhBNW",The New Indian Express,27.11962361135604,84.97539631429167
db5381d,live-c9c2a1e0,2026-08-04T01:05:26.802892+00:00,Multiple,Reported area,Structural Failure,Aftermath,Post-Disaster Housing Reconstruction in Rural Nepal A Case Study in the Aftermath of the 2015 Nepal ,"<a href=""https://news.google.com/rss/articles/CBMibkFVX3lxTE15U3JKZkRRbl9FemdvVllucXVsTmpxS2E5aW1mQ1Y4Q3RRNHhQUjhQd2NrRjZaSXY1alZLLUNTRi1WbFdFN2Fpd2Vta0lLZXNoWDB2RFRDS25rMmo3T3ZvRWt2NGV5NW5uRDJvUVdn?o",SCIRP Open Access,26.798895269224683,85.19628974892926
db5381d,live-fef02ddc,2026-08-04T01:05:26.802875+00:00,Multiple,Reported area,Structural Failure,Aftermath,Nepal Earthquake: How to Help - Save the Children US,"<a href=""https://news.google.com/rss/articles/CBMikgFBVV95cUxPZWZVZ2l6bGtkb3ZVVUNPdzVfRzVZSURtWlJ3X3g2YlFUVHNZaUlVZ0hmSVllV1pad1Y3eS1rcG91X21EMnAtaUNHSGRNaC1XcEtEeUxkYjk0dnZSSmUwYXF0SjU1N0VnU0RwVmE4Z3",Save the Children US,28.508011188429528,84.73350167684221
db5381d,live-33412367,2026-08-04T01:05:26.802864+00:00,Multiple,Reported area,Landslide,Aftermath,Six-year study reveals ancient quakes along 150-mile fault system in Nepal - Virginia Tech News,"<a href=""https://news.google.com/rss/articles/CBMigAFBVV95cUxPbFc3VGRyWjFhZmpvb0pXMGhfVWVWbFBVQXN4ay1VeDA3bUtoeWVraEpWT2lKMTdTQmVfVjByVk1SaE1kbDQtd1RFVG5XaEN1TzBjWVhwOUtRVk9QZUN6Q0hNbDJuOTM3ZmpaUTVibX",Virginia Tech News,28.508129113960837,84.46500042064515
db5381d,live-ddd23564,2026-08-04T01:05:26.802852+00:00,Multiple,Reported area,Structural Failure,Aftermath,Nepal and Northern India are not overdue for a huge earthquake - New Scientist,"<a href=""https://news.google.com/rss/articles/CBMirAFBVV95cUxOTTIwNHM3ZjM1NHFEek5jVkNQblpUQkJsYTRNcDdINHhDMWJmbU9taGFTNFlDbHRUMVhmRGpVb3dsbkRfRnZKd3lkbVFfRExseXR4SGZvOHNhVzRyX29TMlVxWDF5SUhyLXdTNHctMD",New Scientist,26.892111264174407,86.26048957050732
db5381d,live-2496c2ad,2026-08-04T01:05:26.802836+00:00,Multiple,Reported area,Structural Failure,Aftermath,Earthquake of 4.4 magnitude hits Nepals Rolpa district - Daily Excelsior,"<a href=""https://news.google.com/rss/articles/CBMijwFBVV95cUxOWnkzeUxJQWlhd2tUZnp4aGRDaTRjTDVlS1BrYTdaYU9zTnlXYUh6b1N6bjhTZlRUb1V5cXBYbU00cDhnbU9qLTBDUUFyUEl2UlBRczBsZTU0X1FjTTVaRTVDQXhCZ2NtaUMyeTBxZF",Daily Excelsior,28.504284379796164,84.37996594265914
db5381d,live-cc2b8920,2026-08-04T01:05:26.802818+00:00,Multiple,Reported area,Structural Failure,Aftermath,The economic damage from the Nepal earthquake is almost half of the country’s GDP - qz.com,"<a href=""https://news.google.com/rss/articles/CBMirAFBVV95cUxPWUJKV2JuVTNqa0ZDNUVwMFlIVk9kNU1JMy0wNVQ5dUg0TEFyS2xRczM4em9qYXRqVVBlXzQwVmlzWm8ydFJUYjNFWVhiTEYtWW41cE9fMXAxd2lZYkFINmlaZnBrSW8yWnBBcURVR1",qz.com,26.72897312850527,84.66754530901207
db5381d,live-56f5b975,2026-08-04T01:05:26.802801+00:00,Multiple,Reported area,Structural Failure,Aftermath,4.4-magnitude earthquake jolts Nepal’s Rolpa district - Daily Pioneer,"<a href=""https://news.google.com/rss/articles/CBMiiAFBVV95cUxPLXo2RlgzeHBFY3V1NWRBMlBDcTI0LVQ5UnV1d0VqdEgwUmJ5dzVyMUpCa1V6M0JhUWpQcVMtQ3JhTmpxcGNrQjVQSWwycy1SQ01udldYQ0V4dk8xLW91MlViVlg4VmhYN2VKcmVUUD",Daily Pioneer,27.13497549746878,85.75050923947614
db5381d,live-9ae76793,2026-08-04T01:05:26.802767+00:00,Multiple,Reported area,Structural Failure,Aftermath,Aftershock: Everest and the Nepal Earthquake (2022) - imdb.com,"<a href=""https://news.google.com/rss/articles/CBMicEFVX3lxTE1RV1NnQ1MtcklKQ2xLZHBwODlGNkFIeVM1eEJ2aloyV2Q2VjEtbGhjQjJxdDBjM1ExcjVxRW5jZ2FkWC1qdUlpSlVqQ0JEc0RNWmtjTlcxTGt3NzNYUXg4T3dhRlJCZ2pRVmIxVFdyZH",imdb.com,27.197955939301707,85.73470298877152
be36376,live-b83b7292,2026-08-03T23:18:14.495515+00:00,Multiple,Reported area,Structural Failure,Aftermath,3.8 Magnitude Earthquake Hits Nepal - Deccan Chronicle,"<a href=""https://news.google.com/rss/articles/CBMilgFBVV95cUxPd25LeVA1aTREVVVka0xUWGFZNGx0RmZZNFQ4UGpmRmdyclQtRW1vS09lTDQ0NEhyd0lNbEZpZklKVWdFa1MxQzRfUXZLdk04QnM2cVZNSmlTUENVUnVrd1hZTzlrb3dDSlRwdGZTSU",Deccan Chronicle,26.88116296438708,85.21513113018123
be36376,live-20660099,2026-08-03T23:18:14.495504+00:00,Multiple,Reported area,Structural Failure,Aftermath,4.2-magnitude earthquake strikes western Nepal; no damage reported - The New Indian Express,"<a href=""https://news.google.com/rss/articles/CBMitgFBVV95cUxNd0ZpbnRBR01HcVQ1R0xsY01ibGNaTmZWYmpHUkI1R3FmVjlTbkd4Mko1a2Y5enZPOWwtWHlycEpRU1RGei0xR2I2NUVCd2JMVTFPMTlOMnpiQ3h1TXA4NHhyZjM3ZlBsWG40OUhBNW",The New Indian Express,27.477624658336346,85.74248231982153
be36376,live-b04d94e4,2026-08-03T23:18:14.495491+00:00,Multiple,Reported area,Structural Failure,Aftermath,Post-Disaster Housing Reconstruction in Rural Nepal A Case Study in the Aftermath of the 2015 Nepal ,"<a href=""https://news.google.com/rss/articles/CBMibkFVX3lxTE15U3JKZkRRbl9FemdvVllucXVsTmpxS2E5aW1mQ1Y4Q3RRNHhQUjhQd2NrRjZaSXY1alZLLUNTRi1WbFdFN2Fpd2Vta0lLZXNoWDB2RFRDS25rMmo3T3ZvRWt2NGV5NW5uRDJvUVdn?o",SCIRP Open Access,27.059496719083484,84.4710500913449
be36376,live-a42a0cdc,2026-08-03T23:18:14.495473+00:00,Multiple,Reported area,Structural Failure,Aftermath,Nepal Earthquake: How to Help - Save the Children US,"<a href=""https://news.google.com/rss/articles/CBMikgFBVV95cUxPZWZVZ2l6bGtkb3ZVVUNPdzVfRzVZSURtWlJ3X3g2YlFUVHNZaUlVZ0hmSVllV1pad1Y3eS1rcG91X21EMnAtaUNHSGRNaC1XcEtEeUxkYjk0dnZSSmUwYXF0SjU1N0VnU0RwVmE4Z3",Save the Children US,27.00689715354692,85.77205075182353
be36376,live-2e93e854,2026-08-03T23:18:14.495462+00:00,Multiple,Reported area,Landslide,Aftermath,Six-year study reveals ancient quakes along 150-mile fault system in Nepal - Virginia Tech News,"<a href=""https://news.google.com/rss/articles/CBMigAFBVV95cUxPbFc3VGRyWjFhZmpvb0pXMGhfVWVWbFBVQXN4ay1VeDA3bUtoeWVraEpWT2lKMTdTQmVfVjByVk1SaE1kbDQtd1RFVG5XaEN1TzBjWVhwOUtRVk9QZUN6Q0hNbDJuOTM3ZmpaUTVibX",Virginia Tech News,27.017759811818593,84.68717162713952
be36376,live-ef2ad77c,2026-08-03T23:18:14.495449+00:00,Multiple,Reported area,Structural Failure,Aftermath,Nepal and Northern India are not overdue for a huge earthquake - New Scientist,"<a href=""https://news.google.com/rss/articles/CBMirAFBVV95cUxOTTIwNHM3ZjM1NHFEek5jVkNQblpUQkJsYTRNcDdINHhDMWJmbU9taGFTNFlDbHRUMVhmRGpVb3dsbkRfRnZKd3lkbVFfRExseXR4SGZvOHNhVzRyX29TMlVxWDF5SUhyLXdTNHctMD",New Scientist,27.545543674163127,85.87784494495396
be36376,live-bec324ba,2026-08-03T23:18:14.495431+00:00,Multiple,Reported area,Structural Failure,Aftermath,The economic damage from the Nepal earthquake is almost half of the country’s GDP - qz.com,"<a href=""https://news.google.com/rss/articles/CBMirAFBVV95cUxPWUJKV2JuVTNqa0ZDNUVwMFlIVk9kNU1JMy0wNVQ5dUg0TEFyS2xRczM4em9qYXRqVVBlXzQwVmlzWm8ydFJUYjNFWVhiTEYtWW41cE9fMXAxd2lZYkFINmlaZnBrSW8yWnBBcURVR1",qz.com,26.838371944653602,85.67071947838765
be36376,live-a205cd6a,2026-08-03T23:18:14.495411+00:00,Multiple,Reported area,Structural Failure,Aftermath,Earthquake of 4.4 magnitude hits Nepals Rolpa district - Daily Excelsior,"<a href=""https://news.google.com/rss/articles/CBMijwFBVV95cUxOWnkzeUxJQWlhd2tUZnp4aGRDaTRjTDVlS1BrYTdaYU9zTnlXYUh6b1N6bjhTZlRUb1V5cXBYbU00cDhnbU9qLTBDUUFyUEl2UlBRczBsZTU0X1FjTTVaRTVDQXhCZ2NtaUMyeTBxZF",Daily Excelsior,26.771501195266453,84.38676914844551
be36376,live-c419dd36,2026-08-03T23:18:14.495396+00:00,Multiple,Reported area,Structural Failure,Aftermath,Aftershock: Everest and the Nepal Earthquake (2022) - IMDb,"<a href=""https://news.google.com/rss/articles/CBMicEFVX3lxTE1RV1NnQ1MtcklKQ2xLZHBwODlGNkFIeVM1eEJ2aloyV2Q2VjEtbGhjQjJxdDBjM1ExcjVxRW5jZ2FkWC1qdUlpSlVqQ0JEc0RNWmtjTlcxTGt3NzNYUXg4T3dhRlJCZ2pRVmIxVFdyZH",IMDb,27.954249948253334,86.2761218385373
be36376,live-62a0ba21,2026-08-03T23:18:14.495364+00:00,Multiple,Reported area,Structural Failure,Aftermath,4.4-magnitude earthquake jolts Nepal’s Rolpa district - Daily Pioneer,"<a href=""https://news.google.com/rss/articles/CBMiiAFBVV95cUxPLXo2RlgzeHBFY3V1NWRBMlBDcTI0LVQ5UnV1d0VqdEgwUmJ5dzVyMUpCa1V6M0JhUWpQcVMtQ3JhTmpxcGNrQjVQSWwycy1SQ01udldYQ0V4dk8xLW91MlViVlg4VmhYN2VKcmVUUD",Daily Pioneer,27.07852633734923,86.03117070573676
4fed2ad,live-c1a9f7ef,2026-08-03T21:47:23.599273+00:00,Multiple,Reported area,Structural Failure,Aftermath,"A Look Back At The 2015 Nepal Earthquake When 9,000 People Died - NDTV","<a href=""https://news.google.com/rss/articles/CBMiugFBVV95cUxOVHhaRFBXbmw3aFJGbEdCeHdYR050UnlvWFhfc2pZcGEzV3RPaDNxb3V4SHBNaVB0UWEwaHg4VF9sc21CekpfdmhVSEJYLXBFTzh1eUxnOTV6ZE1pUXMtX0RVSVhENnR1NkN4OWpqcl",NDTV,28.117720630428163,84.3591674396522
4fed2ad,live-d2de764a,2026-08-03T21:47:23.599261+00:00,Multiple,Reported area,Structural Failure,Aftermath,3.8 Magnitude Earthquake Hits Nepal - Deccan Chronicle,"<a href=""https://news.google.com/rss/articles/CBMilgFBVV95cUxPd25LeVA1aTREVVVka0xUWGFZNGx0RmZZNFQ4UGpmRmdyclQtRW1vS09lTDQ0NEhyd0lNbEZpZklKVWdFa1MxQzRfUXZLdk04QnM2cVZNSmlTUENVUnVrd1hZTzlrb3dDSlRwdGZTSU",Deccan Chronicle,28.26034617161887,84.62512637798996
4fed2ad,live-421a2fca,2026-08-03T21:47:23.599248+00:00,Multiple,Reported area,Structural Failure,Aftermath,4.2-magnitude earthquake strikes western Nepal; no damage reported - The New Indian Express,"<a href=""https://news.google.com/rss/articles/CBMitgFBVV95cUxNd0ZpbnRBR01HcVQ1R0xsY01ibGNaTmZWYmpHUkI1R3FmVjlTbkd4Mko1a2Y5enZPOWwtWHlycEpRU1RGei0xR2I2NUVCd2JMVTFPMTlOMnpiQ3h1TXA4NHhyZjM3ZlBsWG40OUhBNW",The New Indian Express,28.388250715176074,84.98241739395755
4fed2ad,live-bea6b96d,2026-08-03T21:47:23.599230+00:00,Multiple,Reported area,Structural Failure,Aftermath,Post-Disaster Housing Reconstruction in Rural Nepal A Case Study in the Aftermath of the 2015 Nepal ,"<a href=""https://news.google.com/rss/articles/CBMibkFVX3lxTE15U3JKZkRRbl9FemdvVllucXVsTmpxS2E5aW1mQ1Y4Q3RRNHhQUjhQd2NrRjZaSXY1alZLLUNTRi1WbFdFN2Fpd2Vta0lLZXNoWDB2RFRDS25rMmo3T3ZvRWt2NGV5NW5uRDJvUVdn?o",SCIRP Open Access,27.084248447167276,84.59137526401787
4fed2ad,live-d6391ebe,2026-08-03T21:47:23.599217+00:00,Multiple,Reported area,Structural Failure,Aftermath,Nepal Earthquake: How to Help - Save the Children US,"<a href=""https://news.google.com/rss/articles/CBMikgFBVV95cUxPZWZVZ2l6bGtkb3ZVVUNPdzVfRzVZSURtWlJ3X3g2YlFUVHNZaUlVZ0hmSVllV1pad1Y3eS1rcG91X21EMnAtaUNHSGRNaC1XcEtEeUxkYjk0dnZSSmUwYXF0SjU1N0VnU0RwVmE4Z3",Save the Children US,28.619409700373225,84.749960530594
4fed2ad,live-be9fe976,2026-08-03T21:47:23.599198+00:00,Multiple,Reported area,Structural Failure,Aftermath,Nepal and Northern India are not overdue for a huge earthquake - New Scientist,"<a href=""https://news.google.com/rss/articles/CBMirAFBVV95cUxOTTIwNHM3ZjM1NHFEek5jVkNQblpUQkJsYTRNcDdINHhDMWJmbU9taGFTNFlDbHRUMVhmRGpVb3dsbkRfRnZKd3lkbVFfRExseXR4SGZvOHNhVzRyX29TMlVxWDF5SUhyLXdTNHctMD",New Scientist,28.57676633336568,85.96388385728616
4fed2ad,live-8d5c0c78,2026-08-03T21:47:23.599184+00:00,Multiple,Reported area,Structural Failure,Aftermath,The economic damage from the Nepal earthquake is almost half of the country’s GDP - qz.com,"<a href=""https://news.google.com/rss/articles/CBMirAFBVV95cUxPWUJKV2JuVTNqa0ZDNUVwMFlIVk9kNU1JMy0wNVQ5dUg0TEFyS2xRczM4em9qYXRqVVBlXzQwVmlzWm8ydFJUYjNFWVhiTEYtWW41cE9fMXAxd2lZYkFINmlaZnBrSW8yWnBBcURVR1",qz.com,26.850460142379863,84.72634371581435
4fed2ad,live-408f1b0f,2026-08-03T21:47:23.599163+00:00,Multiple,Reported area,Structural Failure,Aftermath,Earthquake of 4.4 magnitude hits Nepals Rolpa district - Daily Excelsior,"<a href=""https://news.google.com/rss/articles/CBMijwFBVV95cUxOWnkzeUxJQWlhd2tUZnp4aGRDaTRjTDVlS1BrYTdaYU9zTnlXYUh6b1N6bjhTZlRUb1V5cXBYbU00cDhnbU9qLTBDUUFyUEl2UlBRczBsZTU0X1FjTTVaRTVDQXhCZ2NtaUMyeTBxZF",Daily Excelsior,27.8262768424936,84.92761558882934
4fed2ad,live-5a873ccf,2026-08-03T21:47:23.599148+00:00,Multiple,Reported area,Structural Failure,Aftermath,Aftershock: Everest and the Nepal Earthquake (2022) - IMDb,"<a href=""https://news.google.com/rss/articles/CBMicEFVX3lxTE1RV1NnQ1MtcklKQ2xLZHBwODlGNkFIeVM1eEJ2aloyV2Q2VjEtbGhjQjJxdDBjM1ExcjVxRW5jZ2FkWC1qdUlpSlVqQ0JEc0RNWmtjTlcxTGt3NzNYUXg4T3dhRlJCZ2pRVmIxVFdyZH",IMDb,28.347587822392498,86.14084187118831
4fed2ad,live-a9ee4aa1,2026-08-03T21:47:23.599116+00:00,Multiple,Reported area,Structural Failure,Aftermath,4.4-magnitude earthquake jolts Nepal’s Rolpa district - Daily Pioneer,"<a href=""https://news.google.com/rss/articles/CBMiiAFBVV95cUxPLXo2RlgzeHBFY3V1NWRBMlBDcTI0LVQ5UnV1d0VqdEgwUmJ5dzVyMUpCa1V6M0JhUWpQcVMtQ3JhTmpxcGNrQjVQSWwycy1SQ01udldYQ0V4dk8xLW91MlViVlg4VmhYN2VKcmVUUD",Daily Pioneer,27.77763796481508,85.6545699551482
1534e67,live-c8c4879e,2026-08-03T20:17:25.941750+00:00,Multiple,Reported area,Structural Failure,Aftermath,"A Look Back At The 2015 Nepal Earthquake When 9,000 People Died - NDTV","<a href=""https://news.google.com/rss/articles/CBMiugFBVV95cUxOVHhaRFBXbmw3aFJGbEdCeHdYR050UnlvWFhfc2pZcGEzV3RPaDNxb3V4SHBNaVB0UWEwaHg4VF9sc21CekpfdmhVSEJYLXBFTzh1eUxnOTV6ZE1pUXMtX0RVSVhENnR1NkN4OWpqcl",NDTV,28.367556296878632,84.6791026937428
1534e67,live-b015475b,2026-08-03T20:17:25.941737+00:00,Multiple,Reported area,Structural Failure,Aftermath,3.8 Magnitude Earthquake Hits Nepal - Deccan Chronicle,"<a href=""https://news.google.com/rss/articles/CBMilgFBVV95cUxPd25LeVA1aTREVVVka0xUWGFZNGx0RmZZNFQ4UGpmRmdyclQtRW1vS09lTDQ0NEhyd0lNbEZpZklKVWdFa1MxQzRfUXZLdk04QnM2cVZNSmlTUENVUnVrd1hZTzlrb3dDSlRwdGZTSU",Deccan Chronicle,27.787237502690928,84.77473210417723
1534e67,live-29f657d2,2026-08-03T20:17:25.941724+00:00,Multiple,Reported area,Structural Failure,Aftermath,4.2-magnitude earthquake strikes western Nepal; no damage reported - The New Indian Express,"<a href=""https://news.google.com/rss/articles/CBMitgFBVV95cUxNd0ZpbnRBR01HcVQ1R0xsY01ibGNaTmZWYmpHUkI1R3FmVjlTbkd4Mko1a2Y5enZPOWwtWHlycEpRU1RGei0xR2I2NUVCd2JMVTFPMTlOMnpiQ3h1TXA4NHhyZjM3ZlBsWG40OUhBNW",The New Indian Express,28.079749979248717,85.0748629577086
1534e67,live-6a46f4ac,2026-08-03T20:17:25.941705+00:00,Multiple,Reported area,Structural Failure,Aftermath,Post-Disaster Housing Reconstruction in Rural Nepal A Case Study in the Aftermath of the 2015 Nepal ,"<a href=""https://news.google.com/rss/articles/CBMibkFVX3lxTE15U3JKZkRRbl9FemdvVllucXVsTmpxS2E5aW1mQ1Y4Q3RRNHhQUjhQd2NrRjZaSXY1alZLLUNTRi1WbFdFN2Fpd2Vta0lLZXNoWDB2RFRDS25rMmo3T3ZvRWt2NGV5NW5uRDJvUVdn?o",SCIRP Open Access,26.964679351051284,85.80009600762843
1534e67,live-11f984c1,2026-08-03T20:17:25.941691+00:00,Multiple,Reported area,Structural Failure,Aftermath,Nepal Earthquake: How to Help - Save the Children US,"<a href=""https://news.google.com/rss/articles/CBMikgFBVV95cUxPZWZVZ2l6bGtkb3ZVVUNPdzVfRzVZSURtWlJ3X3g2YlFUVHNZaUlVZ0hmSVllV1pad1Y3eS1rcG91X21EMnAtaUNHSGRNaC1XcEtEeUxkYjk0dnZSSmUwYXF0SjU1N0VnU0RwVmE4Z3",Save the Children US,28.2136452504385,85.51517229744195
1534e67,live-02f94be2,2026-08-03T20:17:25.941677+00:00,Multiple,Reported area,Landslide,Aftermath,Six-year study reveals ancient quakes along 150-mile fault system in Nepal - Virginia Tech News,"<a href=""https://news.google.com/rss/articles/CBMigAFBVV95cUxPbFc3VGRyWjFhZmpvb0pXMGhfVWVWbFBVQXN4ay1VeDA3bUtoeWVraEpWT2lKMTdTQmVfVjByVk1SaE1kbDQtd1RFVG5XaEN1TzBjWVhwOUtRVk9QZUN6Q0hNbDJuOTM3ZmpaUTVibX",Virginia Tech News,27.52959759699798,85.48015281314538
1534e67,live-30ce11df,2026-08-03T20:17:25.941657+00:00,Multiple,Reported area,Structural Failure,Aftermath,Nepal and Northern India are not overdue for a huge earthquake - New Scientist,"<a href=""https://news.google.com/rss/articles/CBMirAFBVV95cUxOTTIwNHM3ZjM1NHFEek5jVkNQblpUQkJsYTRNcDdINHhDMWJmbU9taGFTNFlDbHRUMVhmRGpVb3dsbkRfRnZKd3lkbVFfRExseXR4SGZvOHNhVzRyX29TMlVxWDF5SUhyLXdTNHctMD",New Scientist,28.329159462571443,86.2172378500086
1534e67,live-f1736e58,2026-08-03T20:17:25.941637+00:00,Multiple,Reported area,Structural Failure,Aftermath,The economic damage from the Nepal earthquake is almost half of the country’s GDP - qz.com,"<a href=""https://news.google.com/rss/articles/CBMirAFBVV95cUxPWUJKV2JuVTNqa0ZDNUVwMFlIVk9kNU1JMy0wNVQ5dUg0TEFyS2xRczM4em9qYXRqVVBlXzQwVmlzWm8ydFJUYjNFWVhiTEYtWW41cE9fMXAxd2lZYkFINmlaZnBrSW8yWnBBcURVR1",qz.com,28.671860382926337,85.22632268619058
1534e67,live-ea67c1c5,2026-08-03T20:17:25.941617+00:00,Multiple,Reported area,Structural Failure,Aftermath,Aftershock: Everest and the Nepal Earthquake (2022) - IMDb,"<a href=""https://news.google.com/rss/articles/CBMicEFVX3lxTE1RV1NnQ1MtcklKQ2xLZHBwODlGNkFIeVM1eEJ2aloyV2Q2VjEtbGhjQjJxdDBjM1ExcjVxRW5jZ2FkWC1qdUlpSlVqQ0JEc0RNWmtjTlcxTGt3NzNYUXg4T3dhRlJCZ2pRVmIxVFdyZH",IMDb,27.27319574920386,86.21460067766347
1534e67,live-a0093069,2026-08-03T20:17:25.941580+00:00,Multiple,Reported area,Structural Failure,Aftermath,4.4-magnitude earthquake jolts Nepal’s Rolpa district - Daily Pioneer,"<a href=""https://news.google.com/rss/articles/CBMiiAFBVV95cUxPLXo2RlgzeHBFY3V1NWRBMlBDcTI0LVQ5UnV1d0VqdEgwUmJ5dzVyMUpCa1V6M0JhUWpQcVMtQ3JhTmpxcGNrQjVQSWwycy1SQ01udldYQ0V4dk8xLW91MlViVlg4VmhYN2VKcmVUUD",Daily Pioneer,27.025471096616982,86.17272603595117
a279e3d,live-6aa554aa,2026-08-03T18:25:33.340934+00:00,Multiple,Reported area,Structural Failure,Aftermath,3.8 magnitude earthquake hits Nepal - thehindubusinessline.com,"<a href=""https://news.google.com/rss/articles/CBMipAFBVV95cUxOS2pNaDlFZkdIRlBWc2lmSVJQWWlHWW9rZ0ozUDZjakl5cTYxYS1mSzJ2TVUxb255dlpyUEVxcmZtajR5RkZKSGx4ZWpJeVk4LTdGT0tyOHFTTnZvSDFhbmk5RC1xUWR0czlQaWRzUk",thehindubusinessline.com,27.800203565426795,85.89639688543795
a279e3d,live-e76faca5,2026-08-03T18:25:33.340921+00:00,Multiple,Reported area,Structural Failure,Aftermath,"A Look Back At The 2015 Nepal Earthquake When 9,000 People Died - NDTV","<a href=""https://news.google.com/rss/articles/CBMiugFBVV95cUxOVHhaRFBXbmw3aFJGbEdCeHdYR050UnlvWFhfc2pZcGEzV3RPaDNxb3V4SHBNaVB0UWEwaHg4VF9sc21CekpfdmhVSEJYLXBFTzh1eUxnOTV6ZE1pUXMtX0RVSVhENnR1NkN4OWpqcl",NDTV,28.358852371079408,84.41107988310426
a279e3d,live-3dcfa0b4,2026-08-03T18:25:33.340883+00:00,Multiple,Reported area,Structural Failure,Aftermath,3.8 Magnitude Earthquake Hits Nepal - Deccan Chronicle,"<a href=""https://news.google.com/rss/articles/CBMilgFBVV95cUxPd25LeVA1aTREVVVka0xUWGFZNGx0RmZZNFQ4UGpmRmdyclQtRW1vS09lTDQ0NEhyd0lNbEZpZklKVWdFa1MxQzRfUXZLdk04QnM2cVZNSmlTUENVUnVrd1hZTzlrb3dDSlRwdGZTSU",Deccan Chronicle,28.086243262413053,84.32993076152486
a279e3d,live-ca93c568,2026-08-03T18:25:33.340864+00:00,Multiple,Reported area,Structural Failure,Aftermath,4.2-magnitude earthquake strikes western Nepal; no damage reported - The New Indian Express,"<a href=""https://news.google.com/rss/articles/CBMitgFBVV95cUxNd0ZpbnRBR01HcVQ1R0xsY01ibGNaTmZWYmpHUkI1R3FmVjlTbkd4Mko1a2Y5enZPOWwtWHlycEpRU1RGei0xR2I2NUVCd2JMVTFPMTlOMnpiQ3h1TXA4NHhyZjM3ZlBsWG40OUhBNW",The New Indian Express,27.270048305791896,84.64001846306431
a279e3d,live-3e7d0295,2026-08-03T18:25:33.340852+00:00,Multiple,Reported area,Structural Failure,Aftermath,Post-Disaster Housing Reconstruction in Rural Nepal A Case Study in the Aftermath of the 2015 Nepal ,"<a href=""https://news.google.com/rss/articles/CBMibkFVX3lxTE15U3JKZkRRbl9FemdvVllucXVsTmpxS2E5aW1mQ1Y4Q3RRNHhQUjhQd2NrRjZaSXY1alZLLUNTRi1WbFdFN2Fpd2Vta0lLZXNoWDB2RFRDS25rMmo3T3ZvRWt2NGV5NW5uRDJvUVdn?o",SCIRP Open Access,27.739997241592242,85.88682174107122
a279e3d,live-ed26924c,2026-08-03T18:25:33.340839+00:00,Multiple,Reported area,Structural Failure,Aftermath,Nepal Earthquake: How to Help - savethechildren.org,"<a href=""https://news.google.com/rss/articles/CBMikgFBVV95cUxPZWZVZ2l6bGtkb3ZVVUNPdzVfRzVZSURtWlJ3X3g2YlFUVHNZaUlVZ0hmSVllV1pad1Y3eS1rcG91X21EMnAtaUNHSGRNaC1XcEtEeUxkYjk0dnZSSmUwYXF0SjU1N0VnU0RwVmE4Z3",savethechildren.org,27.605569577143445,84.71675608254075
a279e3d,live-ff7b2ee6,2026-08-03T18:25:33.340821+00:00,Multiple,Reported area,Structural Failure,Aftermath,Nepal and Northern India are not overdue for a huge earthquake - New Scientist,"<a href=""https://news.google.com/rss/articles/CBMirAFBVV95cUxOTTIwNHM3ZjM1NHFEek5jVkNQblpUQkJsYTRNcDdINHhDMWJmbU9taGFTNFlDbHRUMVhmRGpVb3dsbkRfRnZKd3lkbVFfRExseXR4SGZvOHNhVzRyX29TMlVxWDF5SUhyLXdTNHctMD",New Scientist,28.093268841956164,85.72333540678282
a279e3d,live-8bd80533,2026-08-03T18:25:33.340802+00:00,Multiple,Reported area,Structural Failure,Aftermath,The economic damage from the Nepal earthquake is almost half of the country’s GDP - qz.com,"<a href=""https://news.google.com/rss/articles/CBMirAFBVV95cUxPWUJKV2JuVTNqa0ZDNUVwMFlIVk9kNU1JMy0wNVQ5dUg0TEFyS2xRczM4em9qYXRqVVBlXzQwVmlzWm8ydFJUYjNFWVhiTEYtWW41cE9fMXAxd2lZYkFINmlaZnBrSW8yWnBBcURVR1",qz.com,26.71878498673299,85.64516069302782
a279e3d,live-caddedd8,2026-08-03T18:25:33.340785+00:00,Multiple,Reported area,Structural Failure,Aftermath,Aftershock: Everest and the Nepal Earthquake (2022) - imdb.com,"<a href=""https://news.google.com/rss/articles/CBMicEFVX3lxTE1RV1NnQ1MtcklKQ2xLZHBwODlGNkFIeVM1eEJ2aloyV2Q2VjEtbGhjQjJxdDBjM1ExcjVxRW5jZ2FkWC1qdUlpSlVqQ0JEc0RNWmtjTlcxTGt3NzNYUXg4T3dhRlJCZ2pRVmIxVFdyZH",imdb.com,27.172143481190766,84.5734244493956
a279e3d,live-3eedf37c,2026-08-03T18:25:33.340748+00:00,Multiple,Reported area,Structural Failure,Aftermath,4.4-magnitude earthquake jolts Nepal’s Rolpa district - Daily Pioneer,"<a href=""https://news.google.com/rss/articles/CBMiiAFBVV95cUxPLXo2RlgzeHBFY3V1NWRBMlBDcTI0LVQ5UnV1d0VqdEgwUmJ5dzVyMUpCa1V6M0JhUWpQcVMtQ3JhTmpxcGNrQjVQSWwycy1SQ01udldYQ0V4dk8xLW91MlViVlg4VmhYN2VKcmVUUD",Daily Pioneer,27.976496171778983,84.57599263633011
d89bf49,live-2027dc89,2026-08-03T16:40:01.583949+00:00,Multiple,Reported area,Structural Failure,Aftermath,3.8 magnitude earthquake hits Nepal - BusinessLine,"<a href=""https://news.google.com/rss/articles/CBMipAFBVV95cUxOS2pNaDlFZkdIRlBWc2lmSVJQWWlHWW9rZ0ozUDZjakl5cTYxYS1mSzJ2TVUxb255dlpyUEVxcmZtajR5RkZKSGx4ZWpJeVk4LTdGT0tyOHFTTnZvSDFhbmk5RC1xUWR0czlQaWRzUk",BusinessLine,28.192381150540694,84.98772252752204
d89bf49,live-30dfe690,2026-08-03T16:40:01.583938+00:00,Multiple,Reported area,Structural Failure,Aftermath,"A Look Back At The 2015 Nepal Earthquake When 9,000 People Died - ndtv.com","<a href=""https://news.google.com/rss/articles/CBMiugFBVV95cUxOVHhaRFBXbmw3aFJGbEdCeHdYR050UnlvWFhfc2pZcGEzV3RPaDNxb3V4SHBNaVB0UWEwaHg4VF9sc21CekpfdmhVSEJYLXBFTzh1eUxnOTV6ZE1pUXMtX0RVSVhENnR1NkN4OWpqcl",ndtv.com,28.496784506129103,85.06832241431113
d89bf49,live-45d7a84d,2026-08-03T16:40:01.583927+00:00,Multiple,Reported area,Structural Failure,Aftermath,3.8 Magnitude Earthquake Hits Nepal - Deccan Chronicle,"<a href=""https://news.google.com/rss/articles/CBMilgFBVV95cUxPd25LeVA1aTREVVVka0xUWGFZNGx0RmZZNFQ4UGpmRmdyclQtRW1vS09lTDQ0NEhyd0lNbEZpZklKVWdFa1MxQzRfUXZLdk04QnM2cVZNSmlTUENVUnVrd1hZTzlrb3dDSlRwdGZTSU",Deccan Chronicle,27.464774702704016,84.88355418283244
d89bf49,live-f63a9b80,2026-08-03T16:40:01.583911+00:00,Multiple,Reported area,Structural Failure,Aftermath,4.2-magnitude earthquake strikes western Nepal; no damage reported - The New Indian Express,"<a href=""https://news.google.com/rss/articles/CBMitgFBVV95cUxNd0ZpbnRBR01HcVQ1R0xsY01ibGNaTmZWYmpHUkI1R3FmVjlTbkd4Mko1a2Y5enZPOWwtWHlycEpRU1RGei0xR2I2NUVCd2JMVTFPMTlOMnpiQ3h1TXA4NHhyZjM3ZlBsWG40OUhBNW",The New Indian Express,26.729458993444464,84.90428244441041
d89bf49,live-dbf52c9a,2026-08-03T16:40:01.583900+00:00,Multiple,Reported area,Structural Failure,Aftermath,Post-Disaster Housing Reconstruction in Rural Nepal A Case Study in the Aftermath of the 2015 Nepal ,"<a href=""https://news.google.com/rss/articles/CBMibkFVX3lxTE15U3JKZkRRbl9FemdvVllucXVsTmpxS2E5aW1mQ1Y4Q3RRNHhQUjhQd2NrRjZaSXY1alZLLUNTRi1WbFdFN2Fpd2Vta0lLZXNoWDB2RFRDS25rMmo3T3ZvRWt2NGV5NW5uRDJvUVdn?o",SCIRP Open Access,26.789405690039114,84.93096125885288
d89bf49,live-28a22b5b,2026-08-03T16:40:01.583888+00:00,Multiple,Reported area,Structural Failure,Aftermath,Nepal Earthquake: How to Help - Save the Children US,"<a href=""https://news.google.com/rss/articles/CBMikgFBVV95cUxPZWZVZ2l6bGtkb3ZVVUNPdzVfRzVZSURtWlJ3X3g2YlFUVHNZaUlVZ0hmSVllV1pad1Y3eS1rcG91X21EMnAtaUNHSGRNaC1XcEtEeUxkYjk0dnZSSmUwYXF0SjU1N0VnU0RwVmE4Z3",Save the Children US,28.26393625961492,85.12727139767004
d89bf49,live-3dc63b1b,2026-08-03T16:40:01.583855+00:00,Multiple,Reported area,Structural Failure,Aftermath,Nepal and Northern India are not overdue for a huge earthquake - New Scientist,"<a href=""https://news.google.com/rss/articles/CBMirAFBVV95cUxOTTIwNHM3ZjM1NHFEek5jVkNQblpUQkJsYTRNcDdINHhDMWJmbU9taGFTNFlDbHRUMVhmRGpVb3dsbkRfRnZKd3lkbVFfRExseXR4SGZvOHNhVzRyX29TMlVxWDF5SUhyLXdTNHctMD",New Scientist,27.912611155326417,85.39789121600127
d89bf49,live-7baa69d9,2026-08-03T16:40:01.583838+00:00,Multiple,Reported area,Structural Failure,Aftermath,The economic damage from the Nepal earthquake is almost half of the country’s GDP - qz.com,"<a href=""https://news.google.com/rss/articles/CBMirAFBVV95cUxPWUJKV2JuVTNqa0ZDNUVwMFlIVk9kNU1JMy0wNVQ5dUg0TEFyS2xRczM4em9qYXRqVVBlXzQwVmlzWm8ydFJUYjNFWVhiTEYtWW41cE9fMXAxd2lZYkFINmlaZnBrSW8yWnBBcURVR1",qz.com,27.954446764169646,84.57867508702773
d89bf49,live-78925ed9,2026-08-03T16:40:01.583823+00:00,Multiple,Reported area,Structural Failure,Aftermath,Aftershock: Everest and the Nepal Earthquake (2022) - IMDb,"<a href=""https://news.google.com/rss/articles/CBMicEFVX3lxTE1RV1NnQ1MtcklKQ2xLZHBwODlGNkFIeVM1eEJ2aloyV2Q2VjEtbGhjQjJxdDBjM1ExcjVxRW5jZ2FkWC1qdUlpSlVqQ0JEc0RNWmtjTlcxTGt3NzNYUXg4T3dhRlJCZ2pRVmIxVFdyZH",IMDb,27.352034856321495,84.99024307986176
d89bf49,live-3f3e61f2,2026-08-03T16:40:01.583792+00:00,Multiple,Reported area,Structural Failure,Aftermath,4.4-magnitude earthquake jolts Nepal’s Rolpa district - Daily Pioneer,"<a href=""https://news.google.com/rss/articles/CBMiiAFBVV95cUxPLXo2RlgzeHBFY3V1NWRBMlBDcTI0LVQ5UnV1d0VqdEgwUmJ5dzVyMUpCa1V6M0JhUWpQcVMtQ3JhTmpxcGNrQjVQSWwycy1SQ01udldYQ0V4dk8xLW91MlViVlg4VmhYN2VKcmVUUD",Daily Pioneer,27.11900911838365,84.45277547750693
8da334d,live-774bd8fe,2026-08-03T13:48:03.443249+00:00,Multiple,Reported area,Structural Failure,Aftermath,"A Look Back At The 2015 Nepal Earthquake When 9,000 People Died - NDTV","<a href=""https://news.google.com/rss/articles/CBMiugFBVV95cUxOVHhaRFBXbmw3aFJGbEdCeHdYR050UnlvWFhfc2pZcGEzV3RPaDNxb3V4SHBNaVB0UWEwaHg4VF9sc21CekpfdmhVSEJYLXBFTzh1eUxnOTV6ZE1pUXMtX0RVSVhENnR1NkN4OWpqcl",NDTV,27.183302603605384,84.70640520230995
8da334d,live-86416b23,2026-08-03T13:48:03.443237+00:00,Multiple,Reported area,Structural Failure,Aftermath,3.8 Magnitude Earthquake Hits Nepal - Deccan Chronicle,"<a href=""https://news.google.com/rss/articles/CBMilgFBVV95cUxPd25LeVA1aTREVVVka0xUWGFZNGx0RmZZNFQ4UGpmRmdyclQtRW1vS09lTDQ0NEhyd0lNbEZpZklKVWdFa1MxQzRfUXZLdk04QnM2cVZNSmlTUENVUnVrd1hZTzlrb3dDSlRwdGZTSU",Deccan Chronicle,26.891505072497953,84.37629640843785
8da334d,live-2c06d21f,2026-08-03T13:48:03.443224+00:00,Multiple,Reported area,Structural Failure,Aftermath,4.2-magnitude earthquake strikes western Nepal; no damage reported - The New Indian Express,"<a href=""https://news.google.com/rss/articles/CBMitgFBVV95cUxNd0ZpbnRBR01HcVQ1R0xsY01ibGNaTmZWYmpHUkI1R3FmVjlTbkd4Mko1a2Y5enZPOWwtWHlycEpRU1RGei0xR2I2NUVCd2JMVTFPMTlOMnpiQ3h1TXA4NHhyZjM3ZlBsWG40OUhBNW",The New Indian Express,28.12601450788868,85.89528672680939
8da334d,live-8b2c937c,2026-08-03T13:48:03.443200+00:00,Multiple,Reported area,Structural Failure,Aftermath,Post-Disaster Housing Reconstruction in Rural Nepal A Case Study in the Aftermath of the 2015 Nepal ,"<a href=""https://news.google.com/rss/articles/CBMibkFVX3lxTE15U3JKZkRRbl9FemdvVllucXVsTmpxS2E5aW1mQ1Y4Q3RRNHhQUjhQd2NrRjZaSXY1alZLLUNTRi1WbFdFN2Fpd2Vta0lLZXNoWDB2RFRDS25rMmo3T3ZvRWt2NGV5NW5uRDJvUVdn?o",SCIRP Open Access,27.903975912383885,84.59878900093736
8da334d,live-9b6c4aaa,2026-08-03T13:48:03.443188+00:00,Multiple,Reported area,Structural Failure,Aftermath,Nepal Earthquake: How to Help - Save the Children US,"<a href=""https://news.google.com/rss/articles/CBMikgFBVV95cUxPZWZVZ2l6bGtkb3ZVVUNPdzVfRzVZSURtWlJ3X3g2YlFUVHNZaUlVZ0hmSVllV1pad1Y3eS1rcG91X21EMnAtaUNHSGRNaC1XcEtEeUxkYjk0dnZSSmUwYXF0SjU1N0VnU0RwVmE4Z3",Save the Children US,27.631640652423638,85.90791924613757
8da334d,live-41508ee7,2026-08-03T13:48:03.443176+00:00,Multiple,Reported area,Structural Failure,Aftermath,Nepal and Northern India are not overdue for a huge earthquake - New Scientist,"<a href=""https://news.google.com/rss/articles/CBMirAFBVV95cUxOTTIwNHM3ZjM1NHFEek5jVkNQblpUQkJsYTRNcDdINHhDMWJmbU9taGFTNFlDbHRUMVhmRGpVb3dsbkRfRnZKd3lkbVFfRExseXR4SGZvOHNhVzRyX29TMlVxWDF5SUhyLXdTNHctMD",New Scientist,28.433894168430594,84.74699216145173
8da334d,live-99ed8ec1,2026-08-03T13:48:03.443162+00:00,Multiple,Reported area,Structural Failure,Aftermath,The economic damage from the Nepal earthquake is almost half of the country’s GDP - qz.com,"<a href=""https://news.google.com/rss/articles/CBMirAFBVV95cUxPWUJKV2JuVTNqa0ZDNUVwMFlIVk9kNU1JMy0wNVQ5dUg0TEFyS2xRczM4em9qYXRqVVBlXzQwVmlzWm8ydFJUYjNFWVhiTEYtWW41cE9fMXAxd2lZYkFINmlaZnBrSW8yWnBBcURVR1",qz.com,28.69621507002678,84.96989543612669
8da334d,live-de275ee6,2026-08-03T13:48:03.443138+00:00,Multiple,Reported area,Landslide,Aftermath,Magnitude 4.4 tremor rattles Rolpa and neighboring districts - Nepalnews.com,"<a href=""https://news.google.com/rss/articles/CBMiogFBVV95cUxNX2dtNS1PQm9tcVBfZXlSYlFLWERJNWtpcGlmNFU0WDR4M1NsV1BOWC10OWFXcHZobDY4SDhCTHpZalRYT3pxU0ZnWEE5RlpxWmZ1VVB4VVd4UHg3NTROWmpyRXBSMmhSZjFVR0lrcm",Nepalnews.com,27.925648960192415,85.73696219881262
8da334d,live-e285d40a,2026-08-03T13:48:03.443122+00:00,Multiple,Reported area,Structural Failure,Aftermath,Aftershock: Everest and the Nepal Earthquake (2022) - IMDb,"<a href=""https://news.google.com/rss/articles/CBMicEFVX3lxTE1RV1NnQ1MtcklKQ2xLZHBwODlGNkFIeVM1eEJ2aloyV2Q2VjEtbGhjQjJxdDBjM1ExcjVxRW5jZ2FkWC1qdUlpSlVqQ0JEc0RNWmtjTlcxTGt3NzNYUXg4T3dhRlJCZ2pRVmIxVFdyZH",IMDb,28.137369953187747,84.93531644981447
8da334d,live-d33a18ea,2026-08-03T13:48:03.443094+00:00,Multiple,Reported area,Structural Failure,Aftermath,4.4-magnitude earthquake jolts Nepal’s Rolpa district - Daily Pioneer,"<a href=""https://news.google.com/rss/articles/CBMiiAFBVV95cUxPLXo2RlgzeHBFY3V1NWRBMlBDcTI0LVQ5UnV1d0VqdEgwUmJ5dzVyMUpCa1V6M0JhUWpQcVMtQ3JhTmpxcGNrQjVQSWwycy1SQ01udldYQ0V4dk8xLW91MlViVlg4VmhYN2VKcmVUUD",Daily Pioneer,27.037841144603203,85.66113875295564
a487383,live-2fb1963c,2026-08-03T10:59:18.023841+00:00,Multiple,Reported area,Structural Failure,Aftermath,"A Look Back At The 2015 Nepal Earthquake When 9,000 People Died - NDTV","<a href=""https://news.google.com/rss/articles/CBMiugFBVV95cUxOVHhaRFBXbmw3aFJGbEdCeHdYR050UnlvWFhfc2pZcGEzV3RPaDNxb3V4SHBNaVB0UWEwaHg4VF9sc21CekpfdmhVSEJYLXBFTzh1eUxnOTV6ZE1pUXMtX0RVSVhENnR1NkN4OWpqcl",NDTV,26.756656328473515,84.7338766404495
a487383,live-4321e654,2026-08-03T10:59:18.023829+00:00,Multiple,Reported area,Structural Failure,Aftermath,3.8 Magnitude Earthquake Hits Nepal - deccanchronicle.com,"<a href=""https://news.google.com/rss/articles/CBMilgFBVV95cUxPd25LeVA1aTREVVVka0xUWGFZNGx0RmZZNFQ4UGpmRmdyclQtRW1vS09lTDQ0NEhyd0lNbEZpZklKVWdFa1MxQzRfUXZLdk04QnM2cVZNSmlTUENVUnVrd1hZTzlrb3dDSlRwdGZTSU",deccanchronicle.com,26.87934810409975,84.97495637193711
a487383,live-8a937495,2026-08-03T10:59:18.023816+00:00,Multiple,Reported area,Structural Failure,Aftermath,Post-Disaster Housing Reconstruction in Rural Nepal A Case Study in the Aftermath of the 2015 Nepal ,"<a href=""https://news.google.com/rss/articles/CBMibkFVX3lxTE15U3JKZkRRbl9FemdvVllucXVsTmpxS2E5aW1mQ1Y4Q3RRNHhQUjhQd2NrRjZaSXY1alZLLUNTRi1WbFdFN2Fpd2Vta0lLZXNoWDB2RFRDS25rMmo3T3ZvRWt2NGV5NW5uRDJvUVdn?o",SCIRP Open Access,27.669600705916302,85.3813316031341
a487383,live-e47b3ece,2026-08-03T10:59:18.023796+00:00,Multiple,Reported area,Structural Failure,Aftermath,4.2-magnitude earthquake strikes western Nepal; no damage reported - The New Indian Express,"<a href=""https://news.google.com/rss/articles/CBMitgFBVV95cUxNd0ZpbnRBR01HcVQ1R0xsY01ibGNaTmZWYmpHUkI1R3FmVjlTbkd4Mko1a2Y5enZPOWwtWHlycEpRU1RGei0xR2I2NUVCd2JMVTFPMTlOMnpiQ3h1TXA4NHhyZjM3ZlBsWG40OUhBNW",The New Indian Express,28.397108771837214,86.29072518126904
a487383,live-b9eec9c8,2026-08-03T10:59:18.023785+00:00,Multiple,Reported area,Structural Failure,Aftermath,Nepal Earthquake: How to Help - Save the Children US,"<a href=""https://news.google.com/rss/articles/CBMikgFBVV95cUxPZWZVZ2l6bGtkb3ZVVUNPdzVfRzVZSURtWlJ3X3g2YlFUVHNZaUlVZ0hmSVllV1pad1Y3eS1rcG91X21EMnAtaUNHSGRNaC1XcEtEeUxkYjk0dnZSSmUwYXF0SjU1N0VnU0RwVmE4Z3",Save the Children US,28.521069586182545,85.56274672197623
a487383,live-4290e062,2026-08-03T10:59:18.023772+00:00,Multiple,Reported area,Structural Failure,Aftermath,Nepal and Northern India are not overdue for a huge earthquake - New Scientist,"<a href=""https://news.google.com/rss/articles/CBMirAFBVV95cUxOTTIwNHM3ZjM1NHFEek5jVkNQblpUQkJsYTRNcDdINHhDMWJmbU9taGFTNFlDbHRUMVhmRGpVb3dsbkRfRnZKd3lkbVFfRExseXR4SGZvOHNhVzRyX29TMlVxWDF5SUhyLXdTNHctMD",New Scientist,28.040965212792976,85.0909674149833
a487383,live-4ad0edf2,2026-08-03T10:59:18.023759+00:00,Multiple,Reported area,Structural Failure,Aftermath,The economic damage from the Nepal earthquake is almost half of the country’s GDP - qz.com,"<a href=""https://news.google.com/rss/articles/CBMirAFBVV95cUxPWUJKV2JuVTNqa0ZDNUVwMFlIVk9kNU1JMy0wNVQ5dUg0TEFyS2xRczM4em9qYXRqVVBlXzQwVmlzWm8ydFJUYjNFWVhiTEYtWW41cE9fMXAxd2lZYkFINmlaZnBrSW8yWnBBcURVR1",qz.com,28.462270097490403,84.63355880176852
a487383,live-5e9a09d0,2026-08-03T10:59:18.023735+00:00,Multiple,Reported area,Landslide,Aftermath,Magnitude 4.4 tremor rattles Rolpa and neighboring districts - Nepalnews.com,"<a href=""https://news.google.com/rss/articles/CBMiogFBVV95cUxNX2dtNS1PQm9tcVBfZXlSYlFLWERJNWtpcGlmNFU0WDR4M1NsV1BOWC10OWFXcHZobDY4SDhCTHpZalRYT3pxU0ZnWEE5RlpxWmZ1VVB4VVd4UHg3NTROWmpyRXBSMmhSZjFVR0lrcm",Nepalnews.com,27.480793442351153,85.8833867275572
a487383,live-1b0ff239,2026-08-03T10:59:18.023719+00:00,Multiple,Reported area,Structural Failure,Aftermath,Aftershock: Everest and the Nepal Earthquake (2022) - IMDb,"<a href=""https://news.google.com/rss/articles/CBMicEFVX3lxTE1RV1NnQ1MtcklKQ2xLZHBwODlGNkFIeVM1eEJ2aloyV2Q2VjEtbGhjQjJxdDBjM1ExcjVxRW5jZ2FkWC1qdUlpSlVqQ0JEc0RNWmtjTlcxTGt3NzNYUXg4T3dhRlJCZ2pRVmIxVFdyZH",IMDb,27.881220469371918,84.45753693119586
a487383,live-039d0a91,2026-08-03T10:59:18.023684+00:00,Multiple,Reported area,Structural Failure,Aftermath,4.4-magnitude earthquake jolts Nepal’s Rolpa district - Daily Pioneer,"<a href=""https://news.google.com/rss/articles/CBMiiAFBVV95cUxPLXo2RlgzeHBFY3V1NWRBMlBDcTI0LVQ5UnV1d0VqdEgwUmJ5dzVyMUpCa1V6M0JhUWpQcVMtQ3JhTmpxcGNrQjVQSWwycy1SQ01udldYQ0V4dk8xLW91MlViVlg4VmhYN2VKcmVUUD",Daily Pioneer,27.013314729825662,85.27261122443535
231d946,live-32eefb82,2026-08-03T07:44:57.521834+00:00,Multiple,Reported area,Structural Failure,Aftermath,"Multiple earthquakes strike China, Tibet, Nepal - News On AIR","<a href=""https://news.google.com/rss/articles/CBMie0FVX3lxTE5GeHp2Mkw2TEh6ZVVvNWd0SHlWaUJmdHdhaG9RZVZndTFoanI4enYyWXM3R2lDaHJHd2NLcThldGsxYzZ1TGZJMktzZU9iRTNmVGdCRjJTOEQ2MVhLWmxCLW16a3RMVFI1N08xWGx0ME",News On AIR,27.09841329338089,85.27790059310283
231d946,live-dc48cbf9,2026-08-03T07:44:57.521825+00:00,Multiple,Reported area,Structural Failure,Aftermath,3.8 magnitude earthquake hits Nepal - BusinessLine,"<a href=""https://news.google.com/rss/articles/CBMipAFBVV95cUxOS2pNaDlFZkdIRlBWc2lmSVJQWWlHWW9rZ0ozUDZjakl5cTYxYS1mSzJ2TVUxb255dlpyUEVxcmZtajR5RkZKSGx4ZWpJeVk4LTdGT0tyOHFTTnZvSDFhbmk5RC1xUWR0czlQaWRzUk",BusinessLine,28.589100258386868,84.47415494104868
231d946,live-c2819007,2026-08-03T07:44:57.521816+00:00,Multiple,Reported area,Structural Failure,Aftermath,"A Look Back At The 2015 Nepal Earthquake When 9,000 People Died - NDTV","<a href=""https://news.google.com/rss/articles/CBMiugFBVV95cUxOVHhaRFBXbmw3aFJGbEdCeHdYR050UnlvWFhfc2pZcGEzV3RPaDNxb3V4SHBNaVB0UWEwaHg4VF9sc21CekpfdmhVSEJYLXBFTzh1eUxnOTV6ZE1pUXMtX0RVSVhENnR1NkN4OWpqcl",NDTV,28.607906798113635,85.55455491459144
231d946,live-1007429e,2026-08-03T07:44:57.521802+00:00,Multiple,Reported area,Structural Failure,Aftermath,3.8 Magnitude Earthquake Hits Nepal - Deccan Chronicle,"<a href=""https://news.google.com/rss/articles/CBMilgFBVV95cUxPd25LeVA1aTREVVVka0xUWGFZNGx0RmZZNFQ4UGpmRmdyclQtRW1vS09lTDQ0NEhyd0lNbEZpZklKVWdFa1MxQzRfUXZLdk04QnM2cVZNSmlTUENVUnVrd1hZTzlrb3dDSlRwdGZTSU",Deccan Chronicle,27.879665359184695,85.21401124230903
231d946,live-1ededa38,2026-08-03T07:44:57.521793+00:00,Multiple,Reported area,Structural Failure,Aftermath,Post-Disaster Housing Reconstruction in Rural Nepal A Case Study in the Aftermath of the 2015 Nepal ,"<a href=""https://news.google.com/rss/articles/CBMibkFVX3lxTE15U3JKZkRRbl9FemdvVllucXVsTmpxS2E5aW1mQ1Y4Q3RRNHhQUjhQd2NrRjZaSXY1alZLLUNTRi1WbFdFN2Fpd2Vta0lLZXNoWDB2RFRDS25rMmo3T3ZvRWt2NGV5NW5uRDJvUVdn?o",SCIRP Open Access,27.240383111093244,86.26664770979797
231d946,live-f186e414,2026-08-03T07:44:57.521784+00:00,Multiple,Reported area,Structural Failure,Aftermath,4.2-magnitude earthquake strikes western Nepal; no damage reported - The New Indian Express,"<a href=""https://news.google.com/rss/articles/CBMitgFBVV95cUxNd0ZpbnRBR01HcVQ1R0xsY01ibGNaTmZWYmpHUkI1R3FmVjlTbkd4Mko1a2Y5enZPOWwtWHlycEpRU1RGei0xR2I2NUVCd2JMVTFPMTlOMnpiQ3h1TXA4NHhyZjM3ZlBsWG40OUhBNW",The New Indian Express,27.464832670831502,84.4701870834447
231d946,live-033cc0b6,2026-08-03T07:44:57.521774+00:00,Multiple,Reported area,Structural Failure,Aftermath,Nepal Earthquake: How to Help - Save the Children US,"<a href=""https://news.google.com/rss/articles/CBMikgFBVV95cUxPZWZVZ2l6bGtkb3ZVVUNPdzVfRzVZSURtWlJ3X3g2YlFUVHNZaUlVZ0hmSVllV1pad1Y3eS1rcG91X21EMnAtaUNHSGRNaC1XcEtEeUxkYjk0dnZSSmUwYXF0SjU1N0VnU0RwVmE4Z3",Save the Children US,26.90534967026922,84.67091102767066
231d946,live-61aca543,2026-08-03T07:44:57.521757+00:00,Multiple,Reported area,Structural Failure,Aftermath,Nepal and Northern India are not overdue for a huge earthquake - New Scientist,"<a href=""https://news.google.com/rss/articles/CBMirAFBVV95cUxOTTIwNHM3ZjM1NHFEek5jVkNQblpUQkJsYTRNcDdINHhDMWJmbU9taGFTNFlDbHRUMVhmRGpVb3dsbkRfRnZKd3lkbVFfRExseXR4SGZvOHNhVzRyX29TMlVxWDF5SUhyLXdTNHctMD",New Scientist,28.48910190184817,85.66372709645195
231d946,live-e57b581d,2026-08-03T07:44:57.521747+00:00,Multiple,Reported area,Structural Failure,Aftermath,The economic damage from the Nepal earthquake is almost half of the country’s GDP - qz.com,"<a href=""https://news.google.com/rss/articles/CBMirAFBVV95cUxPWUJKV2JuVTNqa0ZDNUVwMFlIVk9kNU1JMy0wNVQ5dUg0TEFyS2xRczM4em9qYXRqVVBlXzQwVmlzWm8ydFJUYjNFWVhiTEYtWW41cE9fMXAxd2lZYkFINmlaZnBrSW8yWnBBcURVR1",qz.com,26.96917965202904,84.44498578461523
231d946,live-e4b5520b,2026-08-03T07:44:57.521714+00:00,Multiple,Reported area,Structural Failure,Aftermath,Aftershock: Everest and the Nepal Earthquake (2022) - IMDb,"<a href=""https://news.google.com/rss/articles/CBMicEFVX3lxTE1RV1NnQ1MtcklKQ2xLZHBwODlGNkFIeVM1eEJ2aloyV2Q2VjEtbGhjQjJxdDBjM1ExcjVxRW5jZ2FkWC1qdUlpSlVqQ0JEc0RNWmtjTlcxTGt3NzNYUXg4T3dhRlJCZ2pRVmIxVFdyZH",IMDb,28.03075695756374,85.58583022215424
feb19e5,live-302ac278,2026-08-03T03:53:29.506625+00:00,Multiple,Reported area,Structural Failure,Aftermath,"Multiple earthquakes strike China, Tibet, Nepal - newsonair.gov.in","<a href=""https://news.google.com/rss/articles/CBMie0FVX3lxTE5GeHp2Mkw2TEh6ZVVvNWd0SHlWaUJmdHdhaG9RZVZndTFoanI4enYyWXM3R2lDaHJHd2NLcThldGsxYzZ1TGZJMktzZU9iRTNmVGdCRjJTOEQ2MVhLWmxCLW16a3RMVFI1N08xWGx0ME",newsonair.gov.in,28.192651308142143,84.51382203740508
feb19e5,live-85a38acb,2026-08-03T03:53:29.506613+00:00,Multiple,Reported area,Structural Failure,Aftermath,3.8 magnitude earthquake hits Nepal - BusinessLine,"<a href=""https://news.google.com/rss/articles/CBMipAFBVV95cUxOS2pNaDlFZkdIRlBWc2lmSVJQWWlHWW9rZ0ozUDZjakl5cTYxYS1mSzJ2TVUxb255dlpyUEVxcmZtajR5RkZKSGx4ZWpJeVk4LTdGT0tyOHFTTnZvSDFhbmk5RC1xUWR0czlQaWRzUk",BusinessLine,26.90921831130145,84.75318860072106
feb19e5,live-01e6d27f,2026-08-03T03:53:29.506600+00:00,Multiple,Reported area,Structural Failure,Aftermath,"A Look Back At The 2015 Nepal Earthquake When 9,000 People Died - ndtv.com","<a href=""https://news.google.com/rss/articles/CBMiugFBVV95cUxOVHhaRFBXbmw3aFJGbEdCeHdYR050UnlvWFhfc2pZcGEzV3RPaDNxb3V4SHBNaVB0UWEwaHg4VF9sc21CekpfdmhVSEJYLXBFTzh1eUxnOTV6ZE1pUXMtX0RVSVhENnR1NkN4OWpqcl",ndtv.com,27.572575171018407,86.18212463050085
feb19e5,live-877dcf36,2026-08-03T03:53:29.506581+00:00,Multiple,Reported area,Structural Failure,Aftermath,3.8 Magnitude Earthquake Hits Nepal - Deccan Chronicle,"<a href=""https://news.google.com/rss/articles/CBMilgFBVV95cUxPd25LeVA1aTREVVVka0xUWGFZNGx0RmZZNFQ4UGpmRmdyclQtRW1vS09lTDQ0NEhyd0lNbEZpZklKVWdFa1MxQzRfUXZLdk04QnM2cVZNSmlTUENVUnVrd1hZTzlrb3dDSlRwdGZTSU",Deccan Chronicle,27.962919016953194,84.56423965443868
feb19e5,live-597f2272,2026-08-03T03:53:29.506570+00:00,Multiple,Reported area,Structural Failure,Aftermath,Post-Disaster Housing Reconstruction in Rural Nepal A Case Study in the Aftermath of the 2015 Nepal ,"<a href=""https://news.google.com/rss/articles/CBMibkFVX3lxTE15U3JKZkRRbl9FemdvVllucXVsTmpxS2E5aW1mQ1Y4Q3RRNHhQUjhQd2NrRjZaSXY1alZLLUNTRi1WbFdFN2Fpd2Vta0lLZXNoWDB2RFRDS25rMmo3T3ZvRWt2NGV5NW5uRDJvUVdn?o",SCIRP Open Access,28.35940573076719,84.86970330469853
feb19e5,live-1e4ec586,2026-08-03T03:53:29.506557+00:00,Multiple,Reported area,Structural Failure,Aftermath,4.2-magnitude earthquake strikes western Nepal; no damage reported - The New Indian Express,"<a href=""https://news.google.com/rss/articles/CBMitgFBVV95cUxNd0ZpbnRBR01HcVQ1R0xsY01ibGNaTmZWYmpHUkI1R3FmVjlTbkd4Mko1a2Y5enZPOWwtWHlycEpRU1RGei0xR2I2NUVCd2JMVTFPMTlOMnpiQ3h1TXA4NHhyZjM3ZlBsWG40OUhBNW",The New Indian Express,28.694978262289094,86.1084971657317
feb19e5,live-f298489b,2026-08-03T03:53:29.506545+00:00,Multiple,Reported area,Structural Failure,Aftermath,Nepal Earthquake: How to Help - Save the Children US,"<a href=""https://news.google.com/rss/articles/CBMikgFBVV95cUxPZWZVZ2l6bGtkb3ZVVUNPdzVfRzVZSURtWlJ3X3g2YlFUVHNZaUlVZ0hmSVllV1pad1Y3eS1rcG91X21EMnAtaUNHSGRNaC1XcEtEeUxkYjk0dnZSSmUwYXF0SjU1N0VnU0RwVmE4Z3",Save the Children US,27.315011021949744,86.2086264014562
feb19e5,live-a67fe216,2026-08-03T03:53:29.506523+00:00,Multiple,Reported area,Structural Failure,Aftermath,Nepal and Northern India are not overdue for a huge earthquake - New Scientist,"<a href=""https://news.google.com/rss/articles/CBMirAFBVV95cUxOTTIwNHM3ZjM1NHFEek5jVkNQblpUQkJsYTRNcDdINHhDMWJmbU9taGFTNFlDbHRUMVhmRGpVb3dsbkRfRnZKd3lkbVFfRExseXR4SGZvOHNhVzRyX29TMlVxWDF5SUhyLXdTNHctMD",New Scientist,27.89419893636091,85.96547077888238
feb19e5,live-4f2ea0a9,2026-08-03T03:53:29.506508+00:00,Multiple,Reported area,Structural Failure,Aftermath,The economic damage from the Nepal earthquake is almost half of the country’s GDP - qz.com,"<a href=""https://news.google.com/rss/articles/CBMirAFBVV95cUxPWUJKV2JuVTNqa0ZDNUVwMFlIVk9kNU1JMy0wNVQ5dUg0TEFyS2xRczM4em9qYXRqVVBlXzQwVmlzWm8ydFJUYjNFWVhiTEYtWW41cE9fMXAxd2lZYkFINmlaZnBrSW8yWnBBcURVR1",qz.com,27.935286024948095,85.79716432358367
feb19e5,live-4c3e85ee,2026-08-03T03:53:29.506472+00:00,Multiple,Reported area,Structural Failure,Aftermath,Aftershock: Everest and the Nepal Earthquake (2022) - IMDb,"<a href=""https://news.google.com/rss/articles/CBMicEFVX3lxTE1RV1NnQ1MtcklKQ2xLZHBwODlGNkFIeVM1eEJ2aloyV2Q2VjEtbGhjQjJxdDBjM1ExcjVxRW5jZ2FkWC1qdUlpSlVqQ0JEc0RNWmtjTlcxTGt3NzNYUXg4T3dhRlJCZ2pRVmIxVFdyZH",IMDb,28.589740380476048,84.8273074145875
c6c2066,live-399273f7,2026-08-03T00:11:16.151407+00:00,Multiple,Reported area,Structural Failure,Aftermath,3.8 magnitude earthquake hits Nepal - BusinessLine,"<a href=""https://news.google.com/rss/articles/CBMipAFBVV95cUxOS2pNaDlFZkdIRlBWc2lmSVJQWWlHWW9rZ0ozUDZjakl5cTYxYS1mSzJ2TVUxb255dlpyUEVxcmZtajR5RkZKSGx4ZWpJeVk4LTdGT0tyOHFTTnZvSDFhbmk5RC1xUWR0czlQaWRzUk",BusinessLine,27.77873497210935,85.46647275397753
c6c2066,live-b518dd30,2026-08-03T00:11:16.151399+00:00,Multiple,Reported area,Structural Failure,Aftermath,"Multiple earthquakes strike China, Tibet, Nepal within hours, says National Center for Seismology - ","<a href=""https://news.google.com/rss/articles/CBMivAFBVV95cUxQcDh4RThfT3hRYXIyT0lvUjAyTkd4NkxrM0NJVmdDaU51STNqb1Zwa3NkajdENXlkbDZJRllaMkpnTU9iVnhtTTdGN2V5c3pvcEx3dDl3MXY1c2pMc1BVNXRaSmVObGRQY2RzTkhldV",MorungExpress,28.259243904481036,85.95380994851693
c6c2066,live-4f7142f9,2026-08-03T00:11:16.151392+00:00,Multiple,Reported area,Structural Failure,Aftermath,"A Look Back At The 2015 Nepal Earthquake When 9,000 People Died - NDTV","<a href=""https://news.google.com/rss/articles/CBMiugFBVV95cUxOVHhaRFBXbmw3aFJGbEdCeHdYR050UnlvWFhfc2pZcGEzV3RPaDNxb3V4SHBNaVB0UWEwaHg4VF9sc21CekpfdmhVSEJYLXBFTzh1eUxnOTV6ZE1pUXMtX0RVSVhENnR1NkN4OWpqcl",NDTV,27.60875852082502,84.58110218362248
c6c2066,live-11b425d2,2026-08-03T00:11:16.151381+00:00,Multiple,Reported area,Structural Failure,Aftermath,3.8 Magnitude Earthquake Hits Nepal - Deccan Chronicle,"<a href=""https://news.google.com/rss/articles/CBMilgFBVV95cUxPd25LeVA1aTREVVVka0xUWGFZNGx0RmZZNFQ4UGpmRmdyclQtRW1vS09lTDQ0NEhyd0lNbEZpZklKVWdFa1MxQzRfUXZLdk04QnM2cVZNSmlTUENVUnVrd1hZTzlrb3dDSlRwdGZTSU",Deccan Chronicle,28.298729954316652,84.69111482013317
c6c2066,live-eb7d8d77,2026-08-03T00:11:16.151374+00:00,Multiple,Reported area,Structural Failure,Aftermath,4.2-magnitude earthquake strikes western Nepal; no damage reported - The New Indian Express,"<a href=""https://news.google.com/rss/articles/CBMitgFBVV95cUxNd0ZpbnRBR01HcVQ1R0xsY01ibGNaTmZWYmpHUkI1R3FmVjlTbkd4Mko1a2Y5enZPOWwtWHlycEpRU1RGei0xR2I2NUVCd2JMVTFPMTlOMnpiQ3h1TXA4NHhyZjM3ZlBsWG40OUhBNW",The New Indian Express,27.741283097194415,85.97210521506159
c6c2066,live-8a311977,2026-08-03T00:11:16.151367+00:00,Multiple,Reported area,Structural Failure,Aftermath,Post-Disaster Housing Reconstruction in Rural Nepal A Case Study in the Aftermath of the 2015 Nepal ,"<a href=""https://news.google.com/rss/articles/CBMibkFVX3lxTE15U3JKZkRRbl9FemdvVllucXVsTmpxS2E5aW1mQ1Y4Q3RRNHhQUjhQd2NrRjZaSXY1alZLLUNTRi1WbFdFN2Fpd2Vta0lLZXNoWDB2RFRDS25rMmo3T3ZvRWt2NGV5NW5uRDJvUVdn?o",SCIRP Open Access,27.233817119748995,84.93240034729274
c6c2066,live-47df429c,2026-08-03T00:11:16.151358+00:00,Multiple,Reported area,Structural Failure,Aftermath,Nepal Earthquake: How to Help - Save the Children US,"<a href=""https://news.google.com/rss/articles/CBMikgFBVV95cUxPZWZVZ2l6bGtkb3ZVVUNPdzVfRzVZSURtWlJ3X3g2YlFUVHNZaUlVZ0hmSVllV1pad1Y3eS1rcG91X21EMnAtaUNHSGRNaC1XcEtEeUxkYjk0dnZSSmUwYXF0SjU1N0VnU0RwVmE4Z3",Save the Children US,27.340226048241345,85.92146220318519
c6c2066,live-9f4d5cdb,2026-08-03T00:11:16.151347+00:00,Multiple,Reported area,Structural Failure,Aftermath,Nepal and Northern India are not overdue for a huge earthquake - New Scientist,"<a href=""https://news.google.com/rss/articles/CBMirAFBVV95cUxOTTIwNHM3ZjM1NHFEek5jVkNQblpUQkJsYTRNcDdINHhDMWJmbU9taGFTNFlDbHRUMVhmRGpVb3dsbkRfRnZKd3lkbVFfRExseXR4SGZvOHNhVzRyX29TMlVxWDF5SUhyLXdTNHctMD",New Scientist,27.536572215761613,86.22369851482257
c6c2066,live-32ec6d57,2026-08-03T00:11:16.151339+00:00,Multiple,Reported area,Structural Failure,Aftermath,The economic damage from the Nepal earthquake is almost half of the country’s GDP - qz.com,"<a href=""https://news.google.com/rss/articles/CBMirAFBVV95cUxPWUJKV2JuVTNqa0ZDNUVwMFlIVk9kNU1JMy0wNVQ5dUg0TEFyS2xRczM4em9qYXRqVVBlXzQwVmlzWm8ydFJUYjNFWVhiTEYtWW41cE9fMXAxd2lZYkFINmlaZnBrSW8yWnBBcURVR1",qz.com,27.360747902734904,86.15144354798223
c6c2066,live-8f85ea59,2026-08-03T00:11:16.151318+00:00,Multiple,Reported area,Structural Failure,Aftermath,Aftershock: Everest and the Nepal Earthquake (2022) - IMDb,"<a href=""https://news.google.com/rss/articles/CBMicEFVX3lxTE1RV1NnQ1MtcklKQ2xLZHBwODlGNkFIeVM1eEJ2aloyV2Q2VjEtbGhjQjJxdDBjM1ExcjVxRW5jZ2FkWC1qdUlpSlVqQ0JEc0RNWmtjTlcxTGt3NzNYUXg4T3dhRlJCZ2pRVmIxVFdyZH",IMDb,27.16957071620534,84.61694738722764
f314692,live-33716791,2026-08-02T23:09:41.169852+00:00,Multiple,Reported area,Structural Failure,Aftermath,3.8 magnitude earthquake hits Nepal - BusinessLine,"<a href=""https://news.google.com/rss/articles/CBMipAFBVV95cUxOS2pNaDlFZkdIRlBWc2lmSVJQWWlHWW9rZ0ozUDZjakl5cTYxYS1mSzJ2TVUxb255dlpyUEVxcmZtajR5RkZKSGx4ZWpJeVk4LTdGT0tyOHFTTnZvSDFhbmk5RC1xUWR0czlQaWRzUk",BusinessLine,27.886384811107504,85.7429133141877
f314692,live-c0cc9542,2026-08-02T23:09:41.169837+00:00,Multiple,Reported area,Structural Failure,Aftermath,"Multiple earthquakes strike China, Tibet, Nepal within hours, says National Center for Seismology - ","<a href=""https://news.google.com/rss/articles/CBMivAFBVV95cUxQcDh4RThfT3hRYXIyT0lvUjAyTkd4NkxrM0NJVmdDaU51STNqb1Zwa3NkajdENXlkbDZJRllaMkpnTU9iVnhtTTdGN2V5c3pvcEx3dDl3MXY1c2pMc1BVNXRaSmVObGRQY2RzTkhldV",MorungExpress,27.426405574444235,86.07588755763949
f314692,live-d81ed1d2,2026-08-02T23:09:41.169824+00:00,Multiple,Reported area,Structural Failure,Aftermath,"A Look Back At The 2015 Nepal Earthquake When 9,000 People Died - NDTV","<a href=""https://news.google.com/rss/articles/CBMiugFBVV95cUxOVHhaRFBXbmw3aFJGbEdCeHdYR050UnlvWFhfc2pZcGEzV3RPaDNxb3V4SHBNaVB0UWEwaHg4VF9sc21CekpfdmhVSEJYLXBFTzh1eUxnOTV6ZE1pUXMtX0RVSVhENnR1NkN4OWpqcl",NDTV,27.62391364181505,86.03536628720802
f314692,live-928be8c5,2026-08-02T23:09:41.169807+00:00,Multiple,Reported area,Structural Failure,Aftermath,3.8 Magnitude Earthquake Hits Nepal - Deccan Chronicle,"<a href=""https://news.google.com/rss/articles/CBMilgFBVV95cUxPd25LeVA1aTREVVVka0xUWGFZNGx0RmZZNFQ4UGpmRmdyclQtRW1vS09lTDQ0NEhyd0lNbEZpZklKVWdFa1MxQzRfUXZLdk04QnM2cVZNSmlTUENVUnVrd1hZTzlrb3dDSlRwdGZTSU",Deccan Chronicle,27.450768159641566,85.98188512030114
f314692,live-b7294171,2026-08-02T23:09:41.169795+00:00,Multiple,Reported area,Structural Failure,Aftermath,4.2-magnitude earthquake strikes western Nepal; no damage reported - The New Indian Express,"<a href=""https://news.google.com/rss/articles/CBMitgFBVV95cUxNd0ZpbnRBR01HcVQ1R0xsY01ibGNaTmZWYmpHUkI1R3FmVjlTbkd4Mko1a2Y5enZPOWwtWHlycEpRU1RGei0xR2I2NUVCd2JMVTFPMTlOMnpiQ3h1TXA4NHhyZjM3ZlBsWG40OUhBNW",The New Indian Express,28.328385040068905,84.59390388368502
f314692,live-909103d5,2026-08-02T23:09:41.169782+00:00,Multiple,Reported area,Structural Failure,Aftermath,Post-Disaster Housing Reconstruction in Rural Nepal A Case Study in the Aftermath of the 2015 Nepal ,"<a href=""https://news.google.com/rss/articles/CBMibkFVX3lxTE15U3JKZkRRbl9FemdvVllucXVsTmpxS2E5aW1mQ1Y4Q3RRNHhQUjhQd2NrRjZaSXY1alZLLUNTRi1WbFdFN2Fpd2Vta0lLZXNoWDB2RFRDS25rMmo3T3ZvRWt2NGV5NW5uRDJvUVdn?o",SCIRP Open Access,26.71365017777212,84.44418117125339
f314692,live-f21a1a6c,2026-08-02T23:09:41.169760+00:00,Multiple,Reported area,Structural Failure,Aftermath,Nepal Earthquake: How to Help - Save the Children US,"<a href=""https://news.google.com/rss/articles/CBMikgFBVV95cUxPZWZVZ2l6bGtkb3ZVVUNPdzVfRzVZSURtWlJ3X3g2YlFUVHNZaUlVZ0hmSVllV1pad1Y3eS1rcG91X21EMnAtaUNHSGRNaC1XcEtEeUxkYjk0dnZSSmUwYXF0SjU1N0VnU0RwVmE4Z3",Save the Children US,27.44299575800426,85.67569855524417
f314692,live-7dc73111,2026-08-02T23:09:41.169743+00:00,Multiple,Reported area,Structural Failure,Aftermath,Nepal and Northern India are not overdue for a huge earthquake - New Scientist,"<a href=""https://news.google.com/rss/articles/CBMirAFBVV95cUxOTTIwNHM3ZjM1NHFEek5jVkNQblpUQkJsYTRNcDdINHhDMWJmbU9taGFTNFlDbHRUMVhmRGpVb3dsbkRfRnZKd3lkbVFfRExseXR4SGZvOHNhVzRyX29TMlVxWDF5SUhyLXdTNHctMD",New Scientist,27.932916452580994,84.47782752990223
f314692,live-2b506e42,2026-08-02T23:09:41.169721+00:00,Multiple,Reported area,Structural Failure,Aftermath,The economic damage from the Nepal earthquake is almost half of the country’s GDP - qz.com,"<a href=""https://news.google.com/rss/articles/CBMirAFBVV95cUxPWUJKV2JuVTNqa0ZDNUVwMFlIVk9kNU1JMy0wNVQ5dUg0TEFyS2xRczM4em9qYXRqVVBlXzQwVmlzWm8ydFJUYjNFWVhiTEYtWW41cE9fMXAxd2lZYkFINmlaZnBrSW8yWnBBcURVR1",qz.com,27.378854339508717,85.44348330258906
f314692,live-259ab96a,2026-08-02T23:09:41.169690+00:00,Multiple,Reported area,Structural Failure,Aftermath,Aftershock: Everest and the Nepal Earthquake (2022) - IMDb,"<a href=""https://news.google.com/rss/articles/CBMicEFVX3lxTE1RV1NnQ1MtcklKQ2xLZHBwODlGNkFIeVM1eEJ2aloyV2Q2VjEtbGhjQjJxdDBjM1ExcjVxRW5jZ2FkWC1qdUlpSlVqQ0JEc0RNWmtjTlcxTGt3NzNYUXg4T3dhRlJCZ2pRVmIxVFdyZH",IMDb,28.09972566836482,85.92475340088583
4ddcf9f,live-fee60bb8,2026-08-02T22:09:11.155857+00:00,Multiple,Reported area,Structural Failure,Aftermath,"Multiple earthquakes strike China, Tibet, Nepal - newsonair.gov.in","<a href=""https://news.google.com/rss/articles/CBMie0FVX3lxTE5GeHp2Mkw2TEh6ZVVvNWd0SHlWaUJmdHdhaG9RZVZndTFoanI4enYyWXM3R2lDaHJHd2NLcThldGsxYzZ1TGZJMktzZU9iRTNmVGdCRjJTOEQ2MVhLWmxCLW16a3RMVFI1N08xWGx0ME",newsonair.gov.in,27.85482638673621,85.57481289079493
4ddcf9f,live-965affda,2026-08-02T22:09:11.155842+00:00,Multiple,Reported area,Structural Failure,Aftermath,"Multiple earthquakes strike China, Tibet, Nepal within hours, says National Center for Seismology - ","<a href=""https://news.google.com/rss/articles/CBMivAFBVV95cUxQcDh4RThfT3hRYXIyT0lvUjAyTkd4NkxrM0NJVmdDaU51STNqb1Zwa3NkajdENXlkbDZJRllaMkpnTU9iVnhtTTdGN2V5c3pvcEx3dDl3MXY1c2pMc1BVNXRaSmVObGRQY2RzTkhldV",MorungExpress,28.440365667128972,84.56016844661553
4ddcf9f,live-0f011755,2026-08-02T22:09:11.155830+00:00,Multiple,Reported area,Structural Failure,Aftermath,"A Look Back At The 2015 Nepal Earthquake When 9,000 People Died - NDTV","<a href=""https://news.google.com/rss/articles/CBMiugFBVV95cUxOVHhaRFBXbmw3aFJGbEdCeHdYR050UnlvWFhfc2pZcGEzV3RPaDNxb3V4SHBNaVB0UWEwaHg4VF9sc21CekpfdmhVSEJYLXBFTzh1eUxnOTV6ZE1pUXMtX0RVSVhENnR1NkN4OWpqcl",NDTV,26.726931671381955,85.89005682266189
4ddcf9f,live-87d8109b,2026-08-02T22:09:11.155812+00:00,Multiple,Reported area,Structural Failure,Aftermath,3.8 Magnitude Earthquake Hits Nepal - Deccan Chronicle,"<a href=""https://news.google.com/rss/articles/CBMilgFBVV95cUxPd25LeVA1aTREVVVka0xUWGFZNGx0RmZZNFQ4UGpmRmdyclQtRW1vS09lTDQ0NEhyd0lNbEZpZklKVWdFa1MxQzRfUXZLdk04QnM2cVZNSmlTUENVUnVrd1hZTzlrb3dDSlRwdGZTSU",Deccan Chronicle,28.108946636767296,85.99680985001419
4ddcf9f,live-a15e3087,2026-08-02T22:09:11.155800+00:00,Multiple,Reported area,Structural Failure,Aftermath,Post-Disaster Housing Reconstruction in Rural Nepal A Case Study in the Aftermath of the 2015 Nepal ,"<a href=""https://news.google.com/rss/articles/CBMibkFVX3lxTE15U3JKZkRRbl9FemdvVllucXVsTmpxS2E5aW1mQ1Y4Q3RRNHhQUjhQd2NrRjZaSXY1alZLLUNTRi1WbFdFN2Fpd2Vta0lLZXNoWDB2RFRDS25rMmo3T3ZvRWt2NGV5NW5uRDJvUVdn?o",SCIRP Open Access,28.146621428877598,84.87315924841045
4ddcf9f,live-51753520,2026-08-02T22:09:11.155787+00:00,Multiple,Reported area,Structural Failure,Aftermath,4.2-magnitude earthquake strikes western Nepal; no damage reported - The New Indian Express,"<a href=""https://news.google.com/rss/articles/CBMitgFBVV95cUxNd0ZpbnRBR01HcVQ1R0xsY01ibGNaTmZWYmpHUkI1R3FmVjlTbkd4Mko1a2Y5enZPOWwtWHlycEpRU1RGei0xR2I2NUVCd2JMVTFPMTlOMnpiQ3h1TXA4NHhyZjM3ZlBsWG40OUhBNW",The New Indian Express,27.433834379783832,86.2764335671931
4ddcf9f,live-a9759b6d,2026-08-02T22:09:11.155770+00:00,Multiple,Reported area,Structural Failure,Aftermath,Nepal Earthquake: How to Help - Save the Children US,"<a href=""https://news.google.com/rss/articles/CBMikgFBVV95cUxPZWZVZ2l6bGtkb3ZVVUNPdzVfRzVZSURtWlJ3X3g2YlFUVHNZaUlVZ0hmSVllV1pad1Y3eS1rcG91X21EMnAtaUNHSGRNaC1XcEtEeUxkYjk0dnZSSmUwYXF0SjU1N0VnU0RwVmE4Z3",Save the Children US,27.18935872769081,84.76833134875349
4ddcf9f,live-2dece226,2026-08-02T22:09:11.155753+00:00,Multiple,Reported area,Structural Failure,Aftermath,Nepal and Northern India are not overdue for a huge earthquake - New Scientist,"<a href=""https://news.google.com/rss/articles/CBMirAFBVV95cUxOTTIwNHM3ZjM1NHFEek5jVkNQblpUQkJsYTRNcDdINHhDMWJmbU9taGFTNFlDbHRUMVhmRGpVb3dsbkRfRnZKd3lkbVFfRExseXR4SGZvOHNhVzRyX29TMlVxWDF5SUhyLXdTNHctMD",New Scientist,27.094510792898475,84.91989527471264
4ddcf9f,live-6cf8f280,2026-08-02T22:09:11.155738+00:00,Multiple,Reported area,Structural Failure,Aftermath,The economic damage from the Nepal earthquake is almost half of the country’s GDP - qz.com,"<a href=""https://news.google.com/rss/articles/CBMirAFBVV95cUxPWUJKV2JuVTNqa0ZDNUVwMFlIVk9kNU1JMy0wNVQ5dUg0TEFyS2xRczM4em9qYXRqVVBlXzQwVmlzWm8ydFJUYjNFWVhiTEYtWW41cE9fMXAxd2lZYkFINmlaZnBrSW8yWnBBcURVR1",qz.com,28.604192883901593,84.6011856783412
4ddcf9f,live-0633b554,2026-08-02T22:09:11.155702+00:00,Multiple,Reported area,Structural Failure,Aftermath,Aftershock: Everest and the Nepal Earthquake (2022) - IMDb,"<a href=""https://news.google.com/rss/articles/CBMicEFVX3lxTE1RV1NnQ1MtcklKQ2xLZHBwODlGNkFIeVM1eEJ2aloyV2Q2VjEtbGhjQjJxdDBjM1ExcjVxRW5jZ2FkWC1qdUlpSlVqQ0JEc0RNWmtjTlcxTGt3NzNYUXg4T3dhRlJCZ2pRVmIxVFdyZH",IMDb,28.316840067211977,84.38182018514391
b95efb1,live-fb9fbbed,2026-08-02T21:09:42.892401+00:00,Multiple,Reported area,Structural Failure,Aftermath,"A Look Back At The 2015 Nepal Earthquake When 9,000 People Died - NDTV","<a href=""https://news.google.com/rss/articles/CBMiugFBVV95cUxOVHhaRFBXbmw3aFJGbEdCeHdYR050UnlvWFhfc2pZcGEzV3RPaDNxb3V4SHBNaVB0UWEwaHg4VF9sc21CekpfdmhVSEJYLXBFTzh1eUxnOTV6ZE1pUXMtX0RVSVhENnR1NkN4OWpqcl",NDTV,28.596865875780846,85.86004930284355
b95efb1,live-d06f67b4,2026-08-02T21:09:42.892393+00:00,Multiple,Reported area,Structural Failure,Aftermath,"Multiple earthquakes strike China, Tibet, Nepal - News On AIR","<a href=""https://news.google.com/rss/articles/CBMie0FVX3lxTE5GeHp2Mkw2TEh6ZVVvNWd0SHlWaUJmdHdhaG9RZVZndTFoanI4enYyWXM3R2lDaHJHd2NLcThldGsxYzZ1TGZJMktzZU9iRTNmVGdCRjJTOEQ2MVhLWmxCLW16a3RMVFI1N08xWGx0ME",News On AIR,27.477588368495923,84.35051427548777
b95efb1,live-91280b6b,2026-08-02T21:09:42.892384+00:00,Multiple,Reported area,Structural Failure,Aftermath,3.8 Magnitude Earthquake Hits Nepal - Deccan Chronicle,"<a href=""https://news.google.com/rss/articles/CBMilgFBVV95cUxPd25LeVA1aTREVVVka0xUWGFZNGx0RmZZNFQ4UGpmRmdyclQtRW1vS09lTDQ0NEhyd0lNbEZpZklKVWdFa1MxQzRfUXZLdk04QnM2cVZNSmlTUENVUnVrd1hZTzlrb3dDSlRwdGZTSU",Deccan Chronicle,27.953440314913127,84.78509566175364
b95efb1,live-f26f9f05,2026-08-02T21:09:42.892371+00:00,Multiple,Reported area,Structural Failure,Aftermath,4.2-magnitude earthquake strikes western Nepal; no damage reported - The New Indian Express,"<a href=""https://news.google.com/rss/articles/CBMitgFBVV95cUxNd0ZpbnRBR01HcVQ1R0xsY01ibGNaTmZWYmpHUkI1R3FmVjlTbkd4Mko1a2Y5enZPOWwtWHlycEpRU1RGei0xR2I2NUVCd2JMVTFPMTlOMnpiQ3h1TXA4NHhyZjM3ZlBsWG40OUhBNW",The New Indian Express,27.86880299192364,85.42907036186153
b95efb1,live-19bad077,2026-08-02T21:09:42.892362+00:00,Multiple,Reported area,Structural Failure,Aftermath,Post-Disaster Housing Reconstruction in Rural Nepal A Case Study in the Aftermath of the 2015 Nepal ,"<a href=""https://news.google.com/rss/articles/CBMibkFVX3lxTE15U3JKZkRRbl9FemdvVllucXVsTmpxS2E5aW1mQ1Y4Q3RRNHhQUjhQd2NrRjZaSXY1alZLLUNTRi1WbFdFN2Fpd2Vta0lLZXNoWDB2RFRDS25rMmo3T3ZvRWt2NGV5NW5uRDJvUVdn?o",SCIRP Open Access,28.131700819113785,86.16325120087339
b95efb1,live-556ad61d,2026-08-02T21:09:42.892353+00:00,Multiple,Reported area,Structural Failure,Aftermath,Nepal Earthquake: How to Help - Save the Children US,"<a href=""https://news.google.com/rss/articles/CBMikgFBVV95cUxPZWZVZ2l6bGtkb3ZVVUNPdzVfRzVZSURtWlJ3X3g2YlFUVHNZaUlVZ0hmSVllV1pad1Y3eS1rcG91X21EMnAtaUNHSGRNaC1XcEtEeUxkYjk0dnZSSmUwYXF0SjU1N0VnU0RwVmE4Z3",Save the Children US,26.700427482989692,84.60500832080855
b95efb1,live-41c01ca5,2026-08-02T21:09:42.892344+00:00,Multiple,Reported area,Landslide,Aftermath,Six-year study reveals ancient quakes along 150-mile fault system in Nepal - Virginia Tech News,"<a href=""https://news.google.com/rss/articles/CBMigAFBVV95cUxPbFc3VGRyWjFhZmpvb0pXMGhfVWVWbFBVQXN4ay1VeDA3bUtoeWVraEpWT2lKMTdTQmVfVjByVk1SaE1kbDQtd1RFVG5XaEN1TzBjWVhwOUtRVk9QZUN6Q0hNbDJuOTM3ZmpaUTVibX",Virginia Tech News,27.393005268405563,84.55868117900607
b95efb1,live-de75e882,2026-08-02T21:09:42.892330+00:00,Multiple,Reported area,Structural Failure,Aftermath,Nepal and Northern India are not overdue for a huge earthquake - New Scientist,"<a href=""https://news.google.com/rss/articles/CBMirAFBVV95cUxOTTIwNHM3ZjM1NHFEek5jVkNQblpUQkJsYTRNcDdINHhDMWJmbU9taGFTNFlDbHRUMVhmRGpVb3dsbkRfRnZKd3lkbVFfRExseXR4SGZvOHNhVzRyX29TMlVxWDF5SUhyLXdTNHctMD",New Scientist,26.84855407172662,84.86584646093057
b95efb1,live-b226bcf3,2026-08-02T21:09:42.892320+00:00,Multiple,Reported area,Structural Failure,Aftermath,The economic damage from the Nepal earthquake is almost half of the country’s GDP - qz.com,"<a href=""https://news.google.com/rss/articles/CBMirAFBVV95cUxPWUJKV2JuVTNqa0ZDNUVwMFlIVk9kNU1JMy0wNVQ5dUg0TEFyS2xRczM4em9qYXRqVVBlXzQwVmlzWm8ydFJUYjNFWVhiTEYtWW41cE9fMXAxd2lZYkFINmlaZnBrSW8yWnBBcURVR1",qz.com,28.277603442686413,85.87425708065179
b95efb1,live-b9d76bb1,2026-08-02T21:09:42.892291+00:00,Multiple,Reported area,Structural Failure,Aftermath,Aftershock: Everest and the Nepal Earthquake (2022) - IMDb,"<a href=""https://news.google.com/rss/articles/CBMicEFVX3lxTE1RV1NnQ1MtcklKQ2xLZHBwODlGNkFIeVM1eEJ2aloyV2Q2VjEtbGhjQjJxdDBjM1ExcjVxRW5jZ2FkWC1qdUlpSlVqQ0JEc0RNWmtjTlcxTGt3NzNYUXg4T3dhRlJCZ2pRVmIxVFdyZH",IMDb,27.975167852393295,84.86262440463383
27a4125,live-d0a2ae37,2026-08-02T19:54:32.798427+00:00,Multiple,Reported area,Structural Failure,Aftermath,"A Look Back At The 2015 Nepal Earthquake When 9,000 People Died - NDTV","<a href=""https://news.google.com/rss/articles/CBMiugFBVV95cUxOVHhaRFBXbmw3aFJGbEdCeHdYR050UnlvWFhfc2pZcGEzV3RPaDNxb3V4SHBNaVB0UWEwaHg4VF9sc21CekpfdmhVSEJYLXBFTzh1eUxnOTV6ZE1pUXMtX0RVSVhENnR1NkN4OWpqcl",NDTV,28.597632308230008,84.34196666716824
27a4125,live-37e47236,2026-08-02T19:54:32.798414+00:00,Multiple,Reported area,Structural Failure,Aftermath,3.8 Magnitude Earthquake Hits Nepal - Deccan Chronicle,"<a href=""https://news.google.com/rss/articles/CBMilgFBVV95cUxPd25LeVA1aTREVVVka0xUWGFZNGx0RmZZNFQ4UGpmRmdyclQtRW1vS09lTDQ0NEhyd0lNbEZpZklKVWdFa1MxQzRfUXZLdk04QnM2cVZNSmlTUENVUnVrd1hZTzlrb3dDSlRwdGZTSU",Deccan Chronicle,27.398383540409576,84.35376167446205
27a4125,live-78e97c96,2026-08-02T19:54:32.798400+00:00,Multiple,Reported area,Structural Failure,Aftermath,"Multiple earthquakes strike China, Tibet, Nepal - News On AIR","<a href=""https://news.google.com/rss/articles/CBMie0FVX3lxTE5GeHp2Mkw2TEh6ZVVvNWd0SHlWaUJmdHdhaG9RZVZndTFoanI4enYyWXM3R2lDaHJHd2NLcThldGsxYzZ1TGZJMktzZU9iRTNmVGdCRjJTOEQ2MVhLWmxCLW16a3RMVFI1N08xWGx0ME",News On AIR,27.11424077686454,85.55912182991037
27a4125,live-0634e903,2026-08-02T19:54:32.798382+00:00,Multiple,Reported area,Structural Failure,Aftermath,Post-Disaster Housing Reconstruction in Rural Nepal A Case Study in the Aftermath of the 2015 Nepal ,"<a href=""https://news.google.com/rss/articles/CBMibkFVX3lxTE15U3JKZkRRbl9FemdvVllucXVsTmpxS2E5aW1mQ1Y4Q3RRNHhQUjhQd2NrRjZaSXY1alZLLUNTRi1WbFdFN2Fpd2Vta0lLZXNoWDB2RFRDS25rMmo3T3ZvRWt2NGV5NW5uRDJvUVdn?o",scirp.org,27.4983955854549,84.34073060962338
27a4125,live-b343b9c1,2026-08-02T19:54:32.798365+00:00,Multiple,Reported area,Structural Failure,Aftermath,4.2-magnitude earthquake strikes western Nepal; no damage reported - The New Indian Express,"<a href=""https://news.google.com/rss/articles/CBMitgFBVV95cUxNd0ZpbnRBR01HcVQ1R0xsY01ibGNaTmZWYmpHUkI1R3FmVjlTbkd4Mko1a2Y5enZPOWwtWHlycEpRU1RGei0xR2I2NUVCd2JMVTFPMTlOMnpiQ3h1TXA4NHhyZjM3ZlBsWG40OUhBNW",The New Indian Express,27.081605913246925,84.89899700102572
27a4125,live-82584d8e,2026-08-02T19:54:32.798352+00:00,Multiple,Reported area,Structural Failure,Aftermath,Nepal Earthquake: How to Help - Save the Children US,"<a href=""https://news.google.com/rss/articles/CBMikgFBVV95cUxPZWZVZ2l6bGtkb3ZVVUNPdzVfRzVZSURtWlJ3X3g2YlFUVHNZaUlVZ0hmSVllV1pad1Y3eS1rcG91X21EMnAtaUNHSGRNaC1XcEtEeUxkYjk0dnZSSmUwYXF0SjU1N0VnU0RwVmE4Z3",Save the Children US,27.817323901325615,84.43448201127659
27a4125,live-4e286040,2026-08-02T19:54:32.798338+00:00,Multiple,Reported area,Landslide,Aftermath,Six-year study reveals ancient quakes along 150-mile fault system in Nepal - Virginia Tech News,"<a href=""https://news.google.com/rss/articles/CBMigAFBVV95cUxPbFc3VGRyWjFhZmpvb0pXMGhfVWVWbFBVQXN4ay1VeDA3bUtoeWVraEpWT2lKMTdTQmVfVjByVk1SaE1kbDQtd1RFVG5XaEN1TzBjWVhwOUtRVk9QZUN6Q0hNbDJuOTM3ZmpaUTVibX",Virginia Tech News,27.180046161353065,85.97376938443638
27a4125,live-740cef36,2026-08-02T19:54:32.798320+00:00,Multiple,Reported area,Structural Failure,Aftermath,Nepal and Northern India are not overdue for a huge earthquake - New Scientist,"<a href=""https://news.google.com/rss/articles/CBMirAFBVV95cUxOTTIwNHM3ZjM1NHFEek5jVkNQblpUQkJsYTRNcDdINHhDMWJmbU9taGFTNFlDbHRUMVhmRGpVb3dsbkRfRnZKd3lkbVFfRExseXR4SGZvOHNhVzRyX29TMlVxWDF5SUhyLXdTNHctMD",New Scientist,28.578586180196588,85.18384435725675
27a4125,live-3d9be637,2026-08-02T19:54:32.798305+00:00,Multiple,Reported area,Structural Failure,Aftermath,The economic damage from the Nepal earthquake is almost half of the country’s GDP - qz.com,"<a href=""https://news.google.com/rss/articles/CBMirAFBVV95cUxPWUJKV2JuVTNqa0ZDNUVwMFlIVk9kNU1JMy0wNVQ5dUg0TEFyS2xRczM4em9qYXRqVVBlXzQwVmlzWm8ydFJUYjNFWVhiTEYtWW41cE9fMXAxd2lZYkFINmlaZnBrSW8yWnBBcURVR1",qz.com,27.961308954812676,85.22328646995801
27a4125,live-65e465ed,2026-08-02T19:54:32.798270+00:00,Multiple,Reported area,Structural Failure,Aftermath,Aftershock: Everest and the Nepal Earthquake (2022) - imdb.com,"<a href=""https://news.google.com/rss/articles/CBMicEFVX3lxTE1RV1NnQ1MtcklKQ2xLZHBwODlGNkFIeVM1eEJ2aloyV2Q2VjEtbGhjQjJxdDBjM1ExcjVxRW5jZ2FkWC1qdUlpSlVqQ0JEc0RNWmtjTlcxTGt3NzNYUXg4T3dhRlJCZ2pRVmIxVFdyZH",imdb.com,27.10579169808352,85.43334400151309
f857af8,live-a2838bd6,2026-08-02T18:42:38.484407+00:00,Multiple,Reported area,Structural Failure,Aftermath,"Multiple earthquakes strike China, Tibet, Nepal within hours, says National Center for Seismology - ","<a href=""https://news.google.com/rss/articles/CBMivAFBVV95cUxQcDh4RThfT3hRYXIyT0lvUjAyTkd4NkxrM0NJVmdDaU51STNqb1Zwa3NkajdENXlkbDZJRllaMkpnTU9iVnhtTTdGN2V5c3pvcEx3dDl3MXY1c2pMc1BVNXRaSmVObGRQY2RzTkhldV",MorungExpress,28.34833714531425,84.86921566419865
f857af8,live-531d2337,2026-08-02T18:42:38.484395+00:00,Multiple,Reported area,Structural Failure,Aftermath,"A Look Back At The 2015 Nepal Earthquake When 9,000 People Died - NDTV","<a href=""https://news.google.com/rss/articles/CBMiugFBVV95cUxOVHhaRFBXbmw3aFJGbEdCeHdYR050UnlvWFhfc2pZcGEzV3RPaDNxb3V4SHBNaVB0UWEwaHg4VF9sc21CekpfdmhVSEJYLXBFTzh1eUxnOTV6ZE1pUXMtX0RVSVhENnR1NkN4OWpqcl",NDTV,27.62915322099709,84.77707238853716
f857af8,live-0a55f4a6,2026-08-02T18:42:38.484382+00:00,Multiple,Reported area,Structural Failure,Aftermath,3.8 Magnitude Earthquake Hits Nepal - Deccan Chronicle,"<a href=""https://news.google.com/rss/articles/CBMilgFBVV95cUxPd25LeVA1aTREVVVka0xUWGFZNGx0RmZZNFQ4UGpmRmdyclQtRW1vS09lTDQ0NEhyd0lNbEZpZklKVWdFa1MxQzRfUXZLdk04QnM2cVZNSmlTUENVUnVrd1hZTzlrb3dDSlRwdGZTSU",Deccan Chronicle,27.176392300425913,85.36936319149497
f857af8,live-1f83538c,2026-08-02T18:42:38.484363+00:00,Multiple,Reported area,Structural Failure,Aftermath,"Multiple earthquakes strike China, Tibet, Nepal - News On AIR","<a href=""https://news.google.com/rss/articles/CBMie0FVX3lxTE5GeHp2Mkw2TEh6ZVVvNWd0SHlWaUJmdHdhaG9RZVZndTFoanI4enYyWXM3R2lDaHJHd2NLcThldGsxYzZ1TGZJMktzZU9iRTNmVGdCRjJTOEQ2MVhLWmxCLW16a3RMVFI1N08xWGx0ME",News On AIR,27.249737051610943,84.97097510756895
f857af8,live-8d0fb46a,2026-08-02T18:42:38.484348+00:00,Multiple,Reported area,Structural Failure,Aftermath,Post-Disaster Housing Reconstruction in Rural Nepal A Case Study in the Aftermath of the 2015 Nepal ,"<a href=""https://news.google.com/rss/articles/CBMibkFVX3lxTE15U3JKZkRRbl9FemdvVllucXVsTmpxS2E5aW1mQ1Y4Q3RRNHhQUjhQd2NrRjZaSXY1alZLLUNTRi1WbFdFN2Fpd2Vta0lLZXNoWDB2RFRDS25rMmo3T3ZvRWt2NGV5NW5uRDJvUVdn?o",SCIRP Open Access,27.29984851563177,86.06723150082978
f857af8,live-2c553ec5,2026-08-02T18:42:38.484335+00:00,Multiple,Reported area,Structural Failure,Aftermath,4.2-magnitude earthquake strikes western Nepal; no damage reported - The New Indian Express,"<a href=""https://news.google.com/rss/articles/CBMitgFBVV95cUxNd0ZpbnRBR01HcVQ1R0xsY01ibGNaTmZWYmpHUkI1R3FmVjlTbkd4Mko1a2Y5enZPOWwtWHlycEpRU1RGei0xR2I2NUVCd2JMVTFPMTlOMnpiQ3h1TXA4NHhyZjM3ZlBsWG40OUhBNW",The New Indian Express,28.54996953220337,85.53004469725249
f857af8,live-b303cd42,2026-08-02T18:42:38.484321+00:00,Multiple,Reported area,Structural Failure,Aftermath,Nepal Earthquake: How to Help - Save the Children US,"<a href=""https://news.google.com/rss/articles/CBMikgFBVV95cUxPZWZVZ2l6bGtkb3ZVVUNPdzVfRzVZSURtWlJ3X3g2YlFUVHNZaUlVZ0hmSVllV1pad1Y3eS1rcG91X21EMnAtaUNHSGRNaC1XcEtEeUxkYjk0dnZSSmUwYXF0SjU1N0VnU0RwVmE4Z3",Save the Children US,28.234879088532725,84.35335253498046
f857af8,live-68caaabc,2026-08-02T18:42:38.484303+00:00,Multiple,Reported area,Structural Failure,Aftermath,Nepal and Northern India are not overdue for a huge earthquake - New Scientist,"<a href=""https://news.google.com/rss/articles/CBMirAFBVV95cUxOTTIwNHM3ZjM1NHFEek5jVkNQblpUQkJsYTRNcDdINHhDMWJmbU9taGFTNFlDbHRUMVhmRGpVb3dsbkRfRnZKd3lkbVFfRExseXR4SGZvOHNhVzRyX29TMlVxWDF5SUhyLXdTNHctMD",New Scientist,27.002968880479536,84.60847155781475
f857af8,live-3d6be6be,2026-08-02T18:42:38.484288+00:00,Multiple,Reported area,Structural Failure,Aftermath,The economic damage from the Nepal earthquake is almost half of the country’s GDP - qz.com,"<a href=""https://news.google.com/rss/articles/CBMirAFBVV95cUxPWUJKV2JuVTNqa0ZDNUVwMFlIVk9kNU1JMy0wNVQ5dUg0TEFyS2xRczM4em9qYXRqVVBlXzQwVmlzWm8ydFJUYjNFWVhiTEYtWW41cE9fMXAxd2lZYkFINmlaZnBrSW8yWnBBcURVR1",qz.com,28.643678196950756,85.71204224235706
f857af8,live-227808db,2026-08-02T18:42:38.484251+00:00,Multiple,Reported area,Structural Failure,Aftermath,Aftershock: Everest and the Nepal Earthquake (2022) - IMDb,"<a href=""https://news.google.com/rss/articles/CBMicEFVX3lxTE1RV1NnQ1MtcklKQ2xLZHBwODlGNkFIeVM1eEJ2aloyV2Q2VjEtbGhjQjJxdDBjM1ExcjVxRW5jZ2FkWC1qdUlpSlVqQ0JEc0RNWmtjTlcxTGt3NzNYUXg4T3dhRlJCZ2pRVmIxVFdyZH",IMDb,28.101399441986405,84.39814704726827
82deff4,live-6f2a7cb4,2026-08-02T17:43:43.478281+00:00,Multiple,Reported area,Structural Failure,Aftermath,"Multiple earthquakes strike China, Tibet, Nepal within hours, says National Center for Seismology - ","<a href=""https://news.google.com/rss/articles/CBMivAFBVV95cUxQcDh4RThfT3hRYXIyT0lvUjAyTkd4NkxrM0NJVmdDaU51STNqb1Zwa3NkajdENXlkbDZJRllaMkpnTU9iVnhtTTdGN2V5c3pvcEx3dDl3MXY1c2pMc1BVNXRaSmVObGRQY2RzTkhldV",MorungExpress,28.36863150027139,84.79519531104276
82deff4,live-3d063eab,2026-08-02T17:43:43.478265+00:00,Multiple,Reported area,Structural Failure,Aftermath,"A Look Back At The 2015 Nepal Earthquake When 9,000 People Died - NDTV","<a href=""https://news.google.com/rss/articles/CBMiugFBVV95cUxOVHhaRFBXbmw3aFJGbEdCeHdYR050UnlvWFhfc2pZcGEzV3RPaDNxb3V4SHBNaVB0UWEwaHg4VF9sc21CekpfdmhVSEJYLXBFTzh1eUxnOTV6ZE1pUXMtX0RVSVhENnR1NkN4OWpqcl",NDTV,27.28447793092612,84.84409468829818
82deff4,live-9d0e711b,2026-08-02T17:43:43.478226+00:00,Multiple,Reported area,Structural Failure,Aftermath,3.8 Magnitude Earthquake Hits Nepal - Deccan Chronicle,"<a href=""https://news.google.com/rss/articles/CBMilgFBVV95cUxPd25LeVA1aTREVVVka0xUWGFZNGx0RmZZNFQ4UGpmRmdyclQtRW1vS09lTDQ0NEhyd0lNbEZpZklKVWdFa1MxQzRfUXZLdk04QnM2cVZNSmlTUENVUnVrd1hZTzlrb3dDSlRwdGZTSU",Deccan Chronicle,28.386245962989275,86.0524978347359
82deff4,live-70dcea65,2026-08-02T17:43:43.478208+00:00,Multiple,Reported area,Structural Failure,Aftermath,Post-Disaster Housing Reconstruction in Rural Nepal A Case Study in the Aftermath of the 2015 Nepal ,"<a href=""https://news.google.com/rss/articles/CBMibkFVX3lxTE15U3JKZkRRbl9FemdvVllucXVsTmpxS2E5aW1mQ1Y4Q3RRNHhQUjhQd2NrRjZaSXY1alZLLUNTRi1WbFdFN2Fpd2Vta0lLZXNoWDB2RFRDS25rMmo3T3ZvRWt2NGV5NW5uRDJvUVdn?o",SCIRP Open Access,28.58051284649085,84.7518315515869
82deff4,live-101a63dd,2026-08-02T17:43:43.478191+00:00,Multiple,Reported area,Structural Failure,Aftermath,4.2-magnitude earthquake strikes western Nepal; no damage reported - The New Indian Express,"<a href=""https://news.google.com/rss/articles/CBMitgFBVV95cUxNd0ZpbnRBR01HcVQ1R0xsY01ibGNaTmZWYmpHUkI1R3FmVjlTbkd4Mko1a2Y5enZPOWwtWHlycEpRU1RGei0xR2I2NUVCd2JMVTFPMTlOMnpiQ3h1TXA4NHhyZjM3ZlBsWG40OUhBNW",The New Indian Express,26.833563524010103,85.29741973999072
82deff4,live-304cbfaa,2026-08-02T17:43:43.478178+00:00,Multiple,Reported area,Structural Failure,Aftermath,Nepal Earthquake: How to Help - Save the Children US,"<a href=""https://news.google.com/rss/articles/CBMikgFBVV95cUxPZWZVZ2l6bGtkb3ZVVUNPdzVfRzVZSURtWlJ3X3g2YlFUVHNZaUlVZ0hmSVllV1pad1Y3eS1rcG91X21EMnAtaUNHSGRNaC1XcEtEeUxkYjk0dnZSSmUwYXF0SjU1N0VnU0RwVmE4Z3",Save the Children US,28.497643136459875,85.84358999450741
82deff4,live-6d1c8dd1,2026-08-02T17:43:43.478165+00:00,Multiple,Reported area,Structural Failure,Aftermath,"Multiple earthquakes strike China, Tibet, Nepal - News On AIR","<a href=""https://news.google.com/rss/articles/CBMie0FVX3lxTE5GeHp2Mkw2TEh6ZVVvNWd0SHlWaUJmdHdhaG9RZVZndTFoanI4enYyWXM3R2lDaHJHd2NLcThldGsxYzZ1TGZJMktzZU9iRTNmVGdCRjJTOEQ2MVhLWmxCLW16a3RMVFI1N08xWGx0ME",News On AIR,28.505685173302183,85.02584566604857
82deff4,live-86d21d05,2026-08-02T17:43:43.478148+00:00,Multiple,Reported area,Structural Failure,Aftermath,Nepal and Northern India are not overdue for a huge earthquake - New Scientist,"<a href=""https://news.google.com/rss/articles/CBMirAFBVV95cUxOTTIwNHM3ZjM1NHFEek5jVkNQblpUQkJsYTRNcDdINHhDMWJmbU9taGFTNFlDbHRUMVhmRGpVb3dsbkRfRnZKd3lkbVFfRExseXR4SGZvOHNhVzRyX29TMlVxWDF5SUhyLXdTNHctMD",New Scientist,28.351697529186744,84.73610290141359
82deff4,live-a1875528,2026-08-02T17:43:43.478132+00:00,Multiple,Reported area,Structural Failure,Aftermath,The economic damage from the Nepal earthquake is almost half of the country’s GDP - qz.com,"<a href=""https://news.google.com/rss/articles/CBMirAFBVV95cUxPWUJKV2JuVTNqa0ZDNUVwMFlIVk9kNU1JMy0wNVQ5dUg0TEFyS2xRczM4em9qYXRqVVBlXzQwVmlzWm8ydFJUYjNFWVhiTEYtWW41cE9fMXAxd2lZYkFINmlaZnBrSW8yWnBBcURVR1",qz.com,28.434535895037126,85.61334633058414
82deff4,live-88973b28,2026-08-02T17:43:43.478100+00:00,Multiple,Reported area,Structural Failure,Aftermath,Aftershock: Everest and the Nepal Earthquake (2022) - IMDb,"<a href=""https://news.google.com/rss/articles/CBMicEFVX3lxTE1RV1NnQ1MtcklKQ2xLZHBwODlGNkFIeVM1eEJ2aloyV2Q2VjEtbGhjQjJxdDBjM1ExcjVxRW5jZ2FkWC1qdUlpSlVqQ0JEc0RNWmtjTlcxTGt3NzNYUXg4T3dhRlJCZ2pRVmIxVFdyZH",IMDb,28.675152908793322,84.78572778180722
8a649f0,live-9b6a5748,2026-08-02T16:36:16.191555+00:00,Multiple,Reported area,Structural Failure,Aftermath,"Multiple earthquakes strike China, Tibet, Nepal within hours, says National Center for Seismology - ","<a href=""https://news.google.com/rss/articles/CBMivAFBVV95cUxQcDh4RThfT3hRYXIyT0lvUjAyTkd4NkxrM0NJVmdDaU51STNqb1Zwa3NkajdENXlkbDZJRllaMkpnTU9iVnhtTTdGN2V5c3pvcEx3dDl3MXY1c2pMc1BVNXRaSmVObGRQY2RzTkhldV",morungexpress.com,28.085784697776653,85.76433798528483
8a649f0,live-39698786,2026-08-02T16:36:16.191543+00:00,Multiple,Reported area,Structural Failure,Aftermath,"A Look Back At The 2015 Nepal Earthquake When 9,000 People Died - NDTV","<a href=""https://news.google.com/rss/articles/CBMiugFBVV95cUxOVHhaRFBXbmw3aFJGbEdCeHdYR050UnlvWFhfc2pZcGEzV3RPaDNxb3V4SHBNaVB0UWEwaHg4VF9sc21CekpfdmhVSEJYLXBFTzh1eUxnOTV6ZE1pUXMtX0RVSVhENnR1NkN4OWpqcl",NDTV,28.035018230502104,84.89061469982468
8a649f0,live-7da526d3,2026-08-02T16:36:16.191530+00:00,Multiple,Reported area,Structural Failure,Aftermath,3.8 Magnitude Earthquake Hits Nepal - deccanchronicle.com,"<a href=""https://news.google.com/rss/articles/CBMilgFBVV95cUxPd25LeVA1aTREVVVka0xUWGFZNGx0RmZZNFQ4UGpmRmdyclQtRW1vS09lTDQ0NEhyd0lNbEZpZklKVWdFa1MxQzRfUXZLdk04QnM2cVZNSmlTUENVUnVrd1hZTzlrb3dDSlRwdGZTSU",deccanchronicle.com,28.34439964814112,84.95637000035455
8a649f0,live-877c0e81,2026-08-02T16:36:16.191511+00:00,Multiple,Reported area,Structural Failure,Aftermath,Post-Disaster Housing Reconstruction in Rural Nepal A Case Study in the Aftermath of the 2015 Nepal ,"<a href=""https://news.google.com/rss/articles/CBMibkFVX3lxTE15U3JKZkRRbl9FemdvVllucXVsTmpxS2E5aW1mQ1Y4Q3RRNHhQUjhQd2NrRjZaSXY1alZLLUNTRi1WbFdFN2Fpd2Vta0lLZXNoWDB2RFRDS25rMmo3T3ZvRWt2NGV5NW5uRDJvUVdn?o",SCIRP Open Access,27.406883780588746,86.28172083486307
8a649f0,live-1dec0c5f,2026-08-02T16:36:16.191494+00:00,Multiple,Reported area,Structural Failure,Aftermath,4.2-magnitude earthquake strikes western Nepal; no damage reported - The New Indian Express,"<a href=""https://news.google.com/rss/articles/CBMitgFBVV95cUxNd0ZpbnRBR01HcVQ1R0xsY01ibGNaTmZWYmpHUkI1R3FmVjlTbkd4Mko1a2Y5enZPOWwtWHlycEpRU1RGei0xR2I2NUVCd2JMVTFPMTlOMnpiQ3h1TXA4NHhyZjM3ZlBsWG40OUhBNW",The New Indian Express,27.519664027513702,85.95720295424827
8a649f0,live-26cfd3ca,2026-08-02T16:36:16.191481+00:00,Multiple,Reported area,Structural Failure,Aftermath,Nepal Earthquake: How to Help - Save the Children US,"<a href=""https://news.google.com/rss/articles/CBMikgFBVV95cUxPZWZVZ2l6bGtkb3ZVVUNPdzVfRzVZSURtWlJ3X3g2YlFUVHNZaUlVZ0hmSVllV1pad1Y3eS1rcG91X21EMnAtaUNHSGRNaC1XcEtEeUxkYjk0dnZSSmUwYXF0SjU1N0VnU0RwVmE4Z3",Save the Children US,27.98400600945592,85.98681367564231
8a649f0,live-71399b74,2026-08-02T16:36:16.191468+00:00,Multiple,Reported area,Structural Failure,Aftermath,"Multiple earthquakes strike China, Tibet, Nepal - newsonair.gov.in","<a href=""https://news.google.com/rss/articles/CBMie0FVX3lxTE5GeHp2Mkw2TEh6ZVVvNWd0SHlWaUJmdHdhaG9RZVZndTFoanI4enYyWXM3R2lDaHJHd2NLcThldGsxYzZ1TGZJMktzZU9iRTNmVGdCRjJTOEQ2MVhLWmxCLW16a3RMVFI1N08xWGx0ME",newsonair.gov.in,27.116733689306287,85.20135191682046
8a649f0,live-937c1954,2026-08-02T16:36:16.191449+00:00,Multiple,Reported area,Structural Failure,Aftermath,Nepal and Northern India are not overdue for a huge earthquake - New Scientist,"<a href=""https://news.google.com/rss/articles/CBMirAFBVV95cUxOTTIwNHM3ZjM1NHFEek5jVkNQblpUQkJsYTRNcDdINHhDMWJmbU9taGFTNFlDbHRUMVhmRGpVb3dsbkRfRnZKd3lkbVFfRExseXR4SGZvOHNhVzRyX29TMlVxWDF5SUhyLXdTNHctMD",New Scientist,26.724146906156957,85.8921222602819
8a649f0,live-d74c1730,2026-08-02T16:36:16.191434+00:00,Multiple,Reported area,Structural Failure,Aftermath,The economic damage from the Nepal earthquake is almost half of the country’s GDP - qz.com,"<a href=""https://news.google.com/rss/articles/CBMirAFBVV95cUxPWUJKV2JuVTNqa0ZDNUVwMFlIVk9kNU1JMy0wNVQ5dUg0TEFyS2xRczM4em9qYXRqVVBlXzQwVmlzWm8ydFJUYjNFWVhiTEYtWW41cE9fMXAxd2lZYkFINmlaZnBrSW8yWnBBcURVR1",qz.com,26.711339627493402,85.78760401568354
8a649f0,live-e667f505,2026-08-02T16:36:16.191399+00:00,Multiple,Reported area,Structural Failure,Aftermath,Aftershock: Everest and the Nepal Earthquake (2022) - IMDb,"<a href=""https://news.google.com/rss/articles/CBMicEFVX3lxTE1RV1NnQ1MtcklKQ2xLZHBwODlGNkFIeVM1eEJ2aloyV2Q2VjEtbGhjQjJxdDBjM1ExcjVxRW5jZ2FkWC1qdUlpSlVqQ0JEc0RNWmtjTlcxTGt3NzNYUXg4T3dhRlJCZ2pRVmIxVFdyZH",IMDb,26.90727398909503,86.13485095983594
c6d4370,live-ddae5ffe,2026-08-02T15:18:17.692234+00:00,Multiple,Reported area,Structural Failure,Aftermath,"Multiple earthquakes strike China, Tibet, Nepal within hours, says National Center for Seismology - ","<a href=""https://news.google.com/rss/articles/CBMivAFBVV95cUxQcDh4RThfT3hRYXIyT0lvUjAyTkd4NkxrM0NJVmdDaU51STNqb1Zwa3NkajdENXlkbDZJRllaMkpnTU9iVnhtTTdGN2V5c3pvcEx3dDl3MXY1c2pMc1BVNXRaSmVObGRQY2RzTkhldV",MorungExpress,27.729494517144502,86.11923899461114
c6d4370,live-4331e3f7,2026-08-02T15:18:17.692223+00:00,Multiple,Reported area,Structural Failure,Aftermath,"A Look Back At The 2015 Nepal Earthquake When 9,000 People Died - NDTV","<a href=""https://news.google.com/rss/articles/CBMiugFBVV95cUxOVHhaRFBXbmw3aFJGbEdCeHdYR050UnlvWFhfc2pZcGEzV3RPaDNxb3V4SHBNaVB0UWEwaHg4VF9sc21CekpfdmhVSEJYLXBFTzh1eUxnOTV6ZE1pUXMtX0RVSVhENnR1NkN4OWpqcl",NDTV,28.057557073717536,85.45078949669123
c6d4370,live-3b1f912c,2026-08-02T15:18:17.692210+00:00,Multiple,Reported area,Structural Failure,Aftermath,3.8 Magnitude Earthquake Hits Nepal - Deccan Chronicle,"<a href=""https://news.google.com/rss/articles/CBMilgFBVV95cUxPd25LeVA1aTREVVVka0xUWGFZNGx0RmZZNFQ4UGpmRmdyclQtRW1vS09lTDQ0NEhyd0lNbEZpZklKVWdFa1MxQzRfUXZLdk04QnM2cVZNSmlTUENVUnVrd1hZTzlrb3dDSlRwdGZTSU",Deccan Chronicle,27.349564394288695,85.51329741380137
c6d4370,live-69e1a5a3,2026-08-02T15:18:17.692193+00:00,Multiple,Reported area,Structural Failure,Aftermath,Post-Disaster Housing Reconstruction in Rural Nepal A Case Study in the Aftermath of the 2015 Nepal ,"<a href=""https://news.google.com/rss/articles/CBMibkFVX3lxTE15U3JKZkRRbl9FemdvVllucXVsTmpxS2E5aW1mQ1Y4Q3RRNHhQUjhQd2NrRjZaSXY1alZLLUNTRi1WbFdFN2Fpd2Vta0lLZXNoWDB2RFRDS25rMmo3T3ZvRWt2NGV5NW5uRDJvUVdn?o",SCIRP Open Access,28.265425047389463,85.46601909643773
c6d4370,live-12a7d9a2,2026-08-02T15:18:17.692177+00:00,Multiple,Reported area,Structural Failure,Aftermath,4.2-magnitude earthquake strikes western Nepal; no damage reported - The New Indian Express,"<a href=""https://news.google.com/rss/articles/CBMitgFBVV95cUxNd0ZpbnRBR01HcVQ1R0xsY01ibGNaTmZWYmpHUkI1R3FmVjlTbkd4Mko1a2Y5enZPOWwtWHlycEpRU1RGei0xR2I2NUVCd2JMVTFPMTlOMnpiQ3h1TXA4NHhyZjM3ZlBsWG40OUhBNW",The New Indian Express,27.914734561394468,85.81765477856091
c6d4370,live-82a1d617,2026-08-02T15:18:17.692166+00:00,Multiple,Reported area,Structural Failure,Aftermath,Nepal Earthquake: How to Help - Save the Children US,"<a href=""https://news.google.com/rss/articles/CBMikgFBVV95cUxPZWZVZ2l6bGtkb3ZVVUNPdzVfRzVZSURtWlJ3X3g2YlFUVHNZaUlVZ0hmSVllV1pad1Y3eS1rcG91X21EMnAtaUNHSGRNaC1XcEtEeUxkYjk0dnZSSmUwYXF0SjU1N0VnU0RwVmE4Z3",Save the Children US,26.782626488080197,86.16625950272581
c6d4370,live-c7eb5ee7,2026-08-02T15:18:17.692153+00:00,Multiple,Reported area,Structural Failure,Aftermath,"Multiple earthquakes strike China, Tibet, Nepal - News On AIR","<a href=""https://news.google.com/rss/articles/CBMie0FVX3lxTE5GeHp2Mkw2TEh6ZVVvNWd0SHlWaUJmdHdhaG9RZVZndTFoanI4enYyWXM3R2lDaHJHd2NLcThldGsxYzZ1TGZJMktzZU9iRTNmVGdCRjJTOEQ2MVhLWmxCLW16a3RMVFI1N08xWGx0ME",News On AIR,27.878613473636644,85.65718443597073
c6d4370,live-6c0940bc,2026-08-02T15:18:17.692135+00:00,Multiple,Reported area,Structural Failure,Aftermath,Nepal and Northern India are not overdue for a huge earthquake - New Scientist,"<a href=""https://news.google.com/rss/articles/CBMirAFBVV95cUxOTTIwNHM3ZjM1NHFEek5jVkNQblpUQkJsYTRNcDdINHhDMWJmbU9taGFTNFlDbHRUMVhmRGpVb3dsbkRfRnZKd3lkbVFfRExseXR4SGZvOHNhVzRyX29TMlVxWDF5SUhyLXdTNHctMD",New Scientist,26.88923747867973,84.76710351896429
c6d4370,live-9b6c9c40,2026-08-02T15:18:17.692121+00:00,Multiple,Reported area,Structural Failure,Aftermath,The economic damage from the Nepal earthquake is almost half of the country’s GDP - qz.com,"<a href=""https://news.google.com/rss/articles/CBMirAFBVV95cUxPWUJKV2JuVTNqa0ZDNUVwMFlIVk9kNU1JMy0wNVQ5dUg0TEFyS2xRczM4em9qYXRqVVBlXzQwVmlzWm8ydFJUYjNFWVhiTEYtWW41cE9fMXAxd2lZYkFINmlaZnBrSW8yWnBBcURVR1",qz.com,27.63647808011513,84.90454973794985
c6d4370,live-d6ca33c2,2026-08-02T15:18:17.692090+00:00,Multiple,Reported area,Structural Failure,Aftermath,Aftershock: Everest and the Nepal Earthquake (2022) - IMDb,"<a href=""https://news.google.com/rss/articles/CBMicEFVX3lxTE1RV1NnQ1MtcklKQ2xLZHBwODlGNkFIeVM1eEJ2aloyV2Q2VjEtbGhjQjJxdDBjM1ExcjVxRW5jZ2FkWC1qdUlpSlVqQ0JEc0RNWmtjTlcxTGt3NzNYUXg4T3dhRlJCZ2pRVmIxVFdyZH",IMDb,27.590768321869565,85.85204474681576
bae89a9,live-b3e9a789,2026-08-02T13:58:12.026238+00:00,Multiple,Reported area,Structural Failure,Aftermath,"A Look Back At The 2015 Nepal Earthquake When 9,000 People Died - NDTV","<a href=""https://news.google.com/rss/articles/CBMiugFBVV95cUxOVHhaRFBXbmw3aFJGbEdCeHdYR050UnlvWFhfc2pZcGEzV3RPaDNxb3V4SHBNaVB0UWEwaHg4VF9sc21CekpfdmhVSEJYLXBFTzh1eUxnOTV6ZE1pUXMtX0RVSVhENnR1NkN4OWpqcl",NDTV,27.309308893710664,84.96523738499863
bae89a9,live-148259b1,2026-08-02T13:58:12.026225+00:00,Multiple,Reported area,Structural Failure,Aftermath,3.8 Magnitude Earthquake Hits Nepal - Deccan Chronicle,"<a href=""https://news.google.com/rss/articles/CBMilgFBVV95cUxPd25LeVA1aTREVVVka0xUWGFZNGx0RmZZNFQ4UGpmRmdyclQtRW1vS09lTDQ0NEhyd0lNbEZpZklKVWdFa1MxQzRfUXZLdk04QnM2cVZNSmlTUENVUnVrd1hZTzlrb3dDSlRwdGZTSU",Deccan Chronicle,28.569962846551746,85.44980574330407
bae89a9,live-4c7f5a0c,2026-08-02T13:58:12.026211+00:00,Multiple,Reported area,Structural Failure,Aftermath,Post-Disaster Housing Reconstruction in Rural Nepal A Case Study in the Aftermath of the 2015 Nepal ,"<a href=""https://news.google.com/rss/articles/CBMibkFVX3lxTE15U3JKZkRRbl9FemdvVllucXVsTmpxS2E5aW1mQ1Y4Q3RRNHhQUjhQd2NrRjZaSXY1alZLLUNTRi1WbFdFN2Fpd2Vta0lLZXNoWDB2RFRDS25rMmo3T3ZvRWt2NGV5NW5uRDJvUVdn?o",SCIRP Open Access,28.354515205728507,85.7047104134813
bae89a9,live-a9ecd1a7,2026-08-02T13:58:12.026193+00:00,Multiple,Reported area,Structural Failure,Aftermath,4.2-magnitude earthquake strikes western Nepal; no damage reported - The New Indian Express,"<a href=""https://news.google.com/rss/articles/CBMitgFBVV95cUxNd0ZpbnRBR01HcVQ1R0xsY01ibGNaTmZWYmpHUkI1R3FmVjlTbkd4Mko1a2Y5enZPOWwtWHlycEpRU1RGei0xR2I2NUVCd2JMVTFPMTlOMnpiQ3h1TXA4NHhyZjM3ZlBsWG40OUhBNW",The New Indian Express,28.134124601028212,85.2585701745542
bae89a9,live-c4c16a27,2026-08-02T13:58:12.026175+00:00,Multiple,Reported area,Structural Failure,Aftermath,Nepal Earthquake: How to Help - Save the Children US,"<a href=""https://news.google.com/rss/articles/CBMikgFBVV95cUxPZWZVZ2l6bGtkb3ZVVUNPdzVfRzVZSURtWlJ3X3g2YlFUVHNZaUlVZ0hmSVllV1pad1Y3eS1rcG91X21EMnAtaUNHSGRNaC1XcEtEeUxkYjk0dnZSSmUwYXF0SjU1N0VnU0RwVmE4Z3",Save the Children US,26.738156785659154,84.47510290327907
bae89a9,live-bcb209c4,2026-08-02T13:58:12.026162+00:00,Multiple,Reported area,Landslide,Aftermath,Six-year study reveals ancient quakes along 150-mile fault system in Nepal - Virginia Tech News,"<a href=""https://news.google.com/rss/articles/CBMigAFBVV95cUxPbFc3VGRyWjFhZmpvb0pXMGhfVWVWbFBVQXN4ay1VeDA3bUtoeWVraEpWT2lKMTdTQmVfVjByVk1SaE1kbDQtd1RFVG5XaEN1TzBjWVhwOUtRVk9QZUN6Q0hNbDJuOTM3ZmpaUTVibX",Virginia Tech News,28.151733345044562,85.84514260173805
bae89a9,live-380d50e0,2026-08-02T13:58:12.026148+00:00,Multiple,Reported area,Structural Failure,Aftermath,Nepal and Northern India are not overdue for a huge earthquake - New Scientist,"<a href=""https://news.google.com/rss/articles/CBMirAFBVV95cUxOTTIwNHM3ZjM1NHFEek5jVkNQblpUQkJsYTRNcDdINHhDMWJmbU9taGFTNFlDbHRUMVhmRGpVb3dsbkRfRnZKd3lkbVFfRExseXR4SGZvOHNhVzRyX29TMlVxWDF5SUhyLXdTNHctMD",New Scientist,28.2427415878061,85.90520480969295
bae89a9,live-d505f187,2026-08-02T13:58:12.026128+00:00,Multiple,Reported area,Structural Failure,Aftermath,"Multiple earthquakes strike China, Tibet, Nepal - newsonair.gov.in","<a href=""https://news.google.com/rss/articles/CBMie0FVX3lxTE5GeHp2Mkw2TEh6ZVVvNWd0SHlWaUJmdHdhaG9RZVZndTFoanI4enYyWXM3R2lDaHJHd2NLcThldGsxYzZ1TGZJMktzZU9iRTNmVGdCRjJTOEQ2MVhLWmxCLW16a3RMVFI1N08xWGx0ME",newsonair.gov.in,26.779812935674357,85.37070901606332
bae89a9,live-08ac24ff,2026-08-02T13:58:12.026110+00:00,Multiple,Reported area,Structural Failure,Aftermath,The economic damage from the Nepal earthquake is almost half of the country’s GDP - qz.com,"<a href=""https://news.google.com/rss/articles/CBMirAFBVV95cUxPWUJKV2JuVTNqa0ZDNUVwMFlIVk9kNU1JMy0wNVQ5dUg0TEFyS2xRczM4em9qYXRqVVBlXzQwVmlzWm8ydFJUYjNFWVhiTEYtWW41cE9fMXAxd2lZYkFINmlaZnBrSW8yWnBBcURVR1",qz.com,28.11286386506423,85.53572048338499
bae89a9,live-9ba51432,2026-08-02T13:58:12.026071+00:00,Multiple,Reported area,Structural Failure,Aftermath,Aftershock: Everest and the Nepal Earthquake (2022) - IMDb,"<a href=""https://news.google.com/rss/articles/CBMicEFVX3lxTE1RV1NnQ1MtcklKQ2xLZHBwODlGNkFIeVM1eEJ2aloyV2Q2VjEtbGhjQjJxdDBjM1ExcjVxRW5jZ2FkWC1qdUlpSlVqQ0JEc0RNWmtjTlcxTGt3NzNYUXg4T3dhRlJCZ2pRVmIxVFdyZH",IMDb,28.38463328926602,84.85886137541483
1367c32,live-10c6354a,2026-08-02T12:14:32.118360+00:00,Multiple,Reported area,Structural Failure,Aftermath,"A Look Back At The 2015 Nepal Earthquake When 9,000 People Died - NDTV","<a href=""https://news.google.com/rss/articles/CBMiugFBVV95cUxOVHhaRFBXbmw3aFJGbEdCeHdYR050UnlvWFhfc2pZcGEzV3RPaDNxb3V4SHBNaVB0UWEwaHg4VF9sc21CekpfdmhVSEJYLXBFTzh1eUxnOTV6ZE1pUXMtX0RVSVhENnR1NkN4OWpqcl",NDTV,28.257300296884917,85.9881451296535
1367c32,live-4610cfc5,2026-08-02T12:14:32.118350+00:00,Multiple,Reported area,Structural Failure,Aftermath,3.8 Magnitude Earthquake Hits Nepal - Deccan Chronicle,"<a href=""https://news.google.com/rss/articles/CBMilgFBVV95cUxPd25LeVA1aTREVVVka0xUWGFZNGx0RmZZNFQ4UGpmRmdyclQtRW1vS09lTDQ0NEhyd0lNbEZpZklKVWdFa1MxQzRfUXZLdk04QnM2cVZNSmlTUENVUnVrd1hZTzlrb3dDSlRwdGZTSU",Deccan Chronicle,27.67721849899639,85.26092267331217
1367c32,live-40fa76c3,2026-08-02T12:14:32.118338+00:00,Multiple,Reported area,Structural Failure,Aftermath,Post-Disaster Housing Reconstruction in Rural Nepal A Case Study in the Aftermath of the 2015 Nepal ,"<a href=""https://news.google.com/rss/articles/CBMibkFVX3lxTE15U3JKZkRRbl9FemdvVllucXVsTmpxS2E5aW1mQ1Y4Q3RRNHhQUjhQd2NrRjZaSXY1alZLLUNTRi1WbFdFN2Fpd2Vta0lLZXNoWDB2RFRDS25rMmo3T3ZvRWt2NGV5NW5uRDJvUVdn?o",SCIRP Open Access,27.52179004957724,84.70661987761797
1367c32,live-7716824a,2026-08-02T12:14:32.118322+00:00,Multiple,Reported area,Structural Failure,Aftermath,4.2-magnitude earthquake strikes western Nepal; no damage reported - The New Indian Express,"<a href=""https://news.google.com/rss/articles/CBMitgFBVV95cUxNd0ZpbnRBR01HcVQ1R0xsY01ibGNaTmZWYmpHUkI1R3FmVjlTbkd4Mko1a2Y5enZPOWwtWHlycEpRU1RGei0xR2I2NUVCd2JMVTFPMTlOMnpiQ3h1TXA4NHhyZjM3ZlBsWG40OUhBNW",The New Indian Express,28.54675421720628,85.89123680694514
1367c32,live-4a6b1736,2026-08-02T12:14:32.118309+00:00,Multiple,Reported area,Structural Failure,Aftermath,Nepal Earthquake: How to Help - Save the Children US,"<a href=""https://news.google.com/rss/articles/CBMikgFBVV95cUxPZWZVZ2l6bGtkb3ZVVUNPdzVfRzVZSURtWlJ3X3g2YlFUVHNZaUlVZ0hmSVllV1pad1Y3eS1rcG91X21EMnAtaUNHSGRNaC1XcEtEeUxkYjk0dnZSSmUwYXF0SjU1N0VnU0RwVmE4Z3",Save the Children US,28.109835632992155,85.95635855133784
1367c32,live-6e2b6742,2026-08-02T12:14:32.118298+00:00,Multiple,Reported area,Landslide,Aftermath,Six-year study reveals ancient quakes along 150-mile fault system in Nepal - news.vt.edu,"<a href=""https://news.google.com/rss/articles/CBMigAFBVV95cUxPbFc3VGRyWjFhZmpvb0pXMGhfVWVWbFBVQXN4ay1VeDA3bUtoeWVraEpWT2lKMTdTQmVfVjByVk1SaE1kbDQtd1RFVG5XaEN1TzBjWVhwOUtRVk9QZUN6Q0hNbDJuOTM3ZmpaUTVibX",news.vt.edu,26.802072217916855,85.16509019860655
1367c32,live-569c9329,2026-08-02T12:14:32.118286+00:00,Multiple,Reported area,Structural Failure,Aftermath,Nepal and Northern India are not overdue for a huge earthquake - New Scientist,"<a href=""https://news.google.com/rss/articles/CBMirAFBVV95cUxOTTIwNHM3ZjM1NHFEek5jVkNQblpUQkJsYTRNcDdINHhDMWJmbU9taGFTNFlDbHRUMVhmRGpVb3dsbkRfRnZKd3lkbVFfRExseXR4SGZvOHNhVzRyX29TMlVxWDF5SUhyLXdTNHctMD",New Scientist,27.44981653917682,85.71167295921303
1367c32,live-71dbbafb,2026-08-02T12:14:32.118271+00:00,Multiple,Reported area,Structural Failure,Aftermath,The economic damage from the Nepal earthquake is almost half of the country’s GDP - qz.com,"<a href=""https://news.google.com/rss/articles/CBMirAFBVV95cUxPWUJKV2JuVTNqa0ZDNUVwMFlIVk9kNU1JMy0wNVQ5dUg0TEFyS2xRczM4em9qYXRqVVBlXzQwVmlzWm8ydFJUYjNFWVhiTEYtWW41cE9fMXAxd2lZYkFINmlaZnBrSW8yWnBBcURVR1",qz.com,28.435335639900135,85.5103976396286
1367c32,live-a844eb02,2026-08-02T12:14:32.118256+00:00,Multiple,Reported area,Structural Failure,Aftermath,"Multiple earthquakes strike China, Tibet, Nepal - News On AIR","<a href=""https://news.google.com/rss/articles/CBMie0FVX3lxTE5GeHp2Mkw2TEh6ZVVvNWd0SHlWaUJmdHdhaG9RZVZndTFoanI4enYyWXM3R2lDaHJHd2NLcThldGsxYzZ1TGZJMktzZU9iRTNmVGdCRjJTOEQ2MVhLWmxCLW16a3RMVFI1N08xWGx0ME",News On AIR,27.131203508303727,84.86026907839037
1367c32,live-5210c559,2026-08-02T12:14:32.118224+00:00,Multiple,Reported area,Structural Failure,Aftermath,Aftershock: Everest and the Nepal Earthquake (2022) - IMDb,"<a href=""https://news.google.com/rss/articles/CBMicEFVX3lxTE1RV1NnQ1MtcklKQ2xLZHBwODlGNkFIeVM1eEJ2aloyV2Q2VjEtbGhjQjJxdDBjM1ExcjVxRW5jZ2FkWC1qdUlpSlVqQ0JEc0RNWmtjTlcxTGt3NzNYUXg4T3dhRlJCZ2pRVmIxVFdyZH",IMDb,26.85084671166588,84.75109208169525
732d385,live-a327640f,2026-08-02T10:49:31.306980+00:00,Multiple,Reported area,Structural Failure,Aftermath,"A Look Back At The 2015 Nepal Earthquake When 9,000 People Died - NDTV","<a href=""https://news.google.com/rss/articles/CBMiugFBVV95cUxOVHhaRFBXbmw3aFJGbEdCeHdYR050UnlvWFhfc2pZcGEzV3RPaDNxb3V4SHBNaVB0UWEwaHg4VF9sc21CekpfdmhVSEJYLXBFTzh1eUxnOTV6ZE1pUXMtX0RVSVhENnR1NkN4OWpqcl",NDTV,27.346188181373723,84.42426000803532
732d385,live-d1ca46dd,2026-08-02T10:49:31.306968+00:00,Multiple,Reported area,Structural Failure,Aftermath,3.8 Magnitude Earthquake Hits Nepal - Deccan Chronicle,"<a href=""https://news.google.com/rss/articles/CBMilgFBVV95cUxPd25LeVA1aTREVVVka0xUWGFZNGx0RmZZNFQ4UGpmRmdyclQtRW1vS09lTDQ0NEhyd0lNbEZpZklKVWdFa1MxQzRfUXZLdk04QnM2cVZNSmlTUENVUnVrd1hZTzlrb3dDSlRwdGZTSU",Deccan Chronicle,28.291757449507354,84.95720498759975
732d385,live-c539bc6b,2026-08-02T10:49:31.306952+00:00,Multiple,Reported area,Structural Failure,Aftermath,Post-Disaster Housing Reconstruction in Rural Nepal A Case Study in the Aftermath of the 2015 Nepal ,"<a href=""https://news.google.com/rss/articles/CBMibkFVX3lxTE15U3JKZkRRbl9FemdvVllucXVsTmpxS2E5aW1mQ1Y4Q3RRNHhQUjhQd2NrRjZaSXY1alZLLUNTRi1WbFdFN2Fpd2Vta0lLZXNoWDB2RFRDS25rMmo3T3ZvRWt2NGV5NW5uRDJvUVdn?o",SCIRP Open Access,27.555571955920783,85.18019855920974
732d385,live-c6603dbf,2026-08-02T10:49:31.306903+00:00,Multiple,Reported area,Structural Failure,Aftermath,4.2-magnitude earthquake strikes western Nepal; no damage reported - The New Indian Express,"<a href=""https://news.google.com/rss/articles/CBMitgFBVV95cUxNd0ZpbnRBR01HcVQ1R0xsY01ibGNaTmZWYmpHUkI1R3FmVjlTbkd4Mko1a2Y5enZPOWwtWHlycEpRU1RGei0xR2I2NUVCd2JMVTFPMTlOMnpiQ3h1TXA4NHhyZjM3ZlBsWG40OUhBNW",The New Indian Express,27.731221677344607,85.91077302372169
732d385,live-6e533dcb,2026-08-02T10:49:31.306886+00:00,Multiple,Reported area,Structural Failure,Aftermath,Nepal Earthquake: How to Help - Save the Children US,"<a href=""https://news.google.com/rss/articles/CBMikgFBVV95cUxPZWZVZ2l6bGtkb3ZVVUNPdzVfRzVZSURtWlJ3X3g2YlFUVHNZaUlVZ0hmSVllV1pad1Y3eS1rcG91X21EMnAtaUNHSGRNaC1XcEtEeUxkYjk0dnZSSmUwYXF0SjU1N0VnU0RwVmE4Z3",Save the Children US,27.66395569988809,85.42932493167743
732d385,live-c1734862,2026-08-02T10:49:31.306874+00:00,Multiple,Reported area,Landslide,Aftermath,Six-year study reveals ancient quakes along 150-mile fault system in Nepal - Virginia Tech News,"<a href=""https://news.google.com/rss/articles/CBMigAFBVV95cUxPbFc3VGRyWjFhZmpvb0pXMGhfVWVWbFBVQXN4ay1VeDA3bUtoeWVraEpWT2lKMTdTQmVfVjByVk1SaE1kbDQtd1RFVG5XaEN1TzBjWVhwOUtRVk9QZUN6Q0hNbDJuOTM3ZmpaUTVibX",Virginia Tech News,27.042428209440946,85.66068102860561
732d385,live-7d4662a3,2026-08-02T10:49:31.306860+00:00,Multiple,Reported area,Structural Failure,Aftermath,Nepal and Northern India are not overdue for a huge earthquake - New Scientist,"<a href=""https://news.google.com/rss/articles/CBMirAFBVV95cUxOTTIwNHM3ZjM1NHFEek5jVkNQblpUQkJsYTRNcDdINHhDMWJmbU9taGFTNFlDbHRUMVhmRGpVb3dsbkRfRnZKd3lkbVFfRExseXR4SGZvOHNhVzRyX29TMlVxWDF5SUhyLXdTNHctMD",New Scientist,26.972486887756247,85.47900220792407
732d385,live-5df047bf,2026-08-02T10:49:31.306842+00:00,Multiple,Reported area,Structural Failure,Aftermath,The economic damage from the Nepal earthquake is almost half of the country’s GDP - qz.com,"<a href=""https://news.google.com/rss/articles/CBMirAFBVV95cUxPWUJKV2JuVTNqa0ZDNUVwMFlIVk9kNU1JMy0wNVQ5dUg0TEFyS2xRczM4em9qYXRqVVBlXzQwVmlzWm8ydFJUYjNFWVhiTEYtWW41cE9fMXAxd2lZYkFINmlaZnBrSW8yWnBBcURVR1",qz.com,28.20532420308854,84.97541936446459
732d385,live-1b5bf307,2026-08-02T10:49:31.306825+00:00,Multiple,Reported area,Structural Failure,Aftermath,"Multiple earthquakes strike China, Tibet, Nepal - News On AIR","<a href=""https://news.google.com/rss/articles/CBMie0FVX3lxTE5GeHp2Mkw2TEh6ZVVvNWd0SHlWaUJmdHdhaG9RZVZndTFoanI4enYyWXM3R2lDaHJHd2NLcThldGsxYzZ1TGZJMktzZU9iRTNmVGdCRjJTOEQ2MVhLWmxCLW16a3RMVFI1N08xWGx0ME",News On AIR,26.714591642374504,85.75338097362001
732d385,live-a4649d30,2026-08-02T10:49:31.306793+00:00,Multiple,Reported area,Structural Failure,Aftermath,Aftershock: Everest and the Nepal Earthquake (2022) - IMDb,"<a href=""https://news.google.com/rss/articles/CBMicEFVX3lxTE1RV1NnQ1MtcklKQ2xLZHBwODlGNkFIeVM1eEJ2aloyV2Q2VjEtbGhjQjJxdDBjM1ExcjVxRW5jZ2FkWC1qdUlpSlVqQ0JEc0RNWmtjTlcxTGt3NzNYUXg4T3dhRlJCZ2pRVmIxVFdyZH",IMDb,28.403050486748167,85.6599428773074
bbbfc24,live-a303896a,2026-08-02T09:00:34.902590+00:00,Multiple,Reported area,Structural Failure,Aftermath,"Multiple earthquakes strike China, Tibet, Nepal within hours, says National Center for Seismology - ","<a href=""https://news.google.com/rss/articles/CBMivAFBVV95cUxQcDh4RThfT3hRYXIyT0lvUjAyTkd4NkxrM0NJVmdDaU51STNqb1Zwa3NkajdENXlkbDZJRllaMkpnTU9iVnhtTTdGN2V5c3pvcEx3dDl3MXY1c2pMc1BVNXRaSmVObGRQY2RzTkhldV",MorungExpress,27.276840598386364,86.14828320079748
bbbfc24,live-f8eec221,2026-08-02T09:00:34.902577+00:00,Multiple,Reported area,Structural Failure,Aftermath,"A Look Back At The 2015 Nepal Earthquake When 9,000 People Died - NDTV","<a href=""https://news.google.com/rss/articles/CBMiugFBVV95cUxOVHhaRFBXbmw3aFJGbEdCeHdYR050UnlvWFhfc2pZcGEzV3RPaDNxb3V4SHBNaVB0UWEwaHg4VF9sc21CekpfdmhVSEJYLXBFTzh1eUxnOTV6ZE1pUXMtX0RVSVhENnR1NkN4OWpqcl",NDTV,27.725940662575393,85.9455339283136
bbbfc24,live-56cdb3f8,2026-08-02T09:00:34.902565+00:00,Multiple,Reported area,Structural Failure,Aftermath,3.8 Magnitude Earthquake Hits Nepal - Deccan Chronicle,"<a href=""https://news.google.com/rss/articles/CBMilgFBVV95cUxPd25LeVA1aTREVVVka0xUWGFZNGx0RmZZNFQ4UGpmRmdyclQtRW1vS09lTDQ0NEhyd0lNbEZpZklKVWdFa1MxQzRfUXZLdk04QnM2cVZNSmlTUENVUnVrd1hZTzlrb3dDSlRwdGZTSU",Deccan Chronicle,28.291248002108862,85.34118561448561
bbbfc24,live-a2bab159,2026-08-02T09:00:34.902547+00:00,Multiple,Reported area,Structural Failure,Aftermath,Nepal Earthquake: How to Help - Save the Children US,"<a href=""https://news.google.com/rss/articles/CBMikgFBVV95cUxPZWZVZ2l6bGtkb3ZVVUNPdzVfRzVZSURtWlJ3X3g2YlFUVHNZaUlVZ0hmSVllV1pad1Y3eS1rcG91X21EMnAtaUNHSGRNaC1XcEtEeUxkYjk0dnZSSmUwYXF0SjU1N0VnU0RwVmE4Z3",Save the Children US,27.08528118221758,85.00726464012608
bbbfc24,live-35edd9a1,2026-08-02T09:00:34.902531+00:00,Multiple,Reported area,Structural Failure,Aftermath,Post-Disaster Housing Reconstruction in Rural Nepal A Case Study in the Aftermath of the 2015 Nepal ,"<a href=""https://news.google.com/rss/articles/CBMibkFVX3lxTE15U3JKZkRRbl9FemdvVllucXVsTmpxS2E5aW1mQ1Y4Q3RRNHhQUjhQd2NrRjZaSXY1alZLLUNTRi1WbFdFN2Fpd2Vta0lLZXNoWDB2RFRDS25rMmo3T3ZvRWt2NGV5NW5uRDJvUVdn?o",SCIRP Open Access,26.99724210320405,85.50978498156486
bbbfc24,live-44f8adfe,2026-08-02T09:00:34.902518+00:00,Multiple,Reported area,Landslide,Aftermath,Six-year study reveals ancient quakes along 150-mile fault system in Nepal - Virginia Tech News,"<a href=""https://news.google.com/rss/articles/CBMigAFBVV95cUxPbFc3VGRyWjFhZmpvb0pXMGhfVWVWbFBVQXN4ay1VeDA3bUtoeWVraEpWT2lKMTdTQmVfVjByVk1SaE1kbDQtd1RFVG5XaEN1TzBjWVhwOUtRVk9QZUN6Q0hNbDJuOTM3ZmpaUTVibX",Virginia Tech News,27.542073607039224,84.9408686670413
bbbfc24,live-64d4f019,2026-08-02T09:00:34.902505+00:00,Multiple,Reported area,Structural Failure,Aftermath,Nepal and Northern India are not overdue for a huge earthquake - New Scientist,"<a href=""https://news.google.com/rss/articles/CBMirAFBVV95cUxOTTIwNHM3ZjM1NHFEek5jVkNQblpUQkJsYTRNcDdINHhDMWJmbU9taGFTNFlDbHRUMVhmRGpVb3dsbkRfRnZKd3lkbVFfRExseXR4SGZvOHNhVzRyX29TMlVxWDF5SUhyLXdTNHctMD",New Scientist,27.62750992278837,86.29358680841139
bbbfc24,live-c7ec44f4,2026-08-02T09:00:34.902488+00:00,Multiple,Reported area,Structural Failure,Aftermath,The economic damage from the Nepal earthquake is almost half of the country’s GDP - qz.com,"<a href=""https://news.google.com/rss/articles/CBMirAFBVV95cUxPWUJKV2JuVTNqa0ZDNUVwMFlIVk9kNU1JMy0wNVQ5dUg0TEFyS2xRczM4em9qYXRqVVBlXzQwVmlzWm8ydFJUYjNFWVhiTEYtWW41cE9fMXAxd2lZYkFINmlaZnBrSW8yWnBBcURVR1",qz.com,28.142377659189385,85.38470542564747
bbbfc24,live-6a6b27b4,2026-08-02T09:00:34.902472+00:00,Multiple,Reported area,Structural Failure,Aftermath,"Multiple earthquakes strike China, Tibet, Nepal - News On AIR","<a href=""https://news.google.com/rss/articles/CBMie0FVX3lxTE5GeHp2Mkw2TEh6ZVVvNWd0SHlWaUJmdHdhaG9RZVZndTFoanI4enYyWXM3R2lDaHJHd2NLcThldGsxYzZ1TGZJMktzZU9iRTNmVGdCRjJTOEQ2MVhLWmxCLW16a3RMVFI1N08xWGx0ME",News On AIR,28.24090209097582,84.45389611453832
bbbfc24,live-9c4331ba,2026-08-02T09:00:34.902445+00:00,Multiple,Reported area,Structural Failure,Aftermath,Aftershock: Everest and the Nepal Earthquake (2022) - IMDb,"<a href=""https://news.google.com/rss/articles/CBMicEFVX3lxTE1RV1NnQ1MtcklKQ2xLZHBwODlGNkFIeVM1eEJ2aloyV2Q2VjEtbGhjQjJxdDBjM1ExcjVxRW5jZ2FkWC1qdUlpSlVqQ0JEc0RNWmtjTlcxTGt3NzNYUXg4T3dhRlJCZ2pRVmIxVFdyZH",IMDb,28.171118645066,86.19162270992553
ee5cdd2,live-1fa4bb4a,2026-08-02T06:44:06.979178+00:00,Multiple,Reported area,Structural Failure,Aftermath,"A Look Back At The 2015 Nepal Earthquake When 9,000 People Died - NDTV","<a href=""https://news.google.com/rss/articles/CBMiugFBVV95cUxOVHhaRFBXbmw3aFJGbEdCeHdYR050UnlvWFhfc2pZcGEzV3RPaDNxb3V4SHBNaVB0UWEwaHg4VF9sc21CekpfdmhVSEJYLXBFTzh1eUxnOTV6ZE1pUXMtX0RVSVhENnR1NkN4OWpqcl",NDTV,27.7491293589875,84.6114982071183
ee5cdd2,live-c62a4f6c,2026-08-02T06:44:06.979156+00:00,Multiple,Reported area,Structural Failure,Aftermath,"Multiple earthquakes strike China, Tibet, Nepal within hours, says National Center for Seismology - ","<a href=""https://news.google.com/rss/articles/CBMivAFBVV95cUxQcDh4RThfT3hRYXIyT0lvUjAyTkd4NkxrM0NJVmdDaU51STNqb1Zwa3NkajdENXlkbDZJRllaMkpnTU9iVnhtTTdGN2V5c3pvcEx3dDl3MXY1c2pMc1BVNXRaSmVObGRQY2RzTkhldV",morungexpress.com,28.680257421140723,85.26805072325743
ee5cdd2,live-98781f68,2026-08-02T06:44:06.979146+00:00,Multiple,Reported area,Structural Failure,Aftermath,3.8 Magnitude Earthquake Hits Nepal - Deccan Chronicle,"<a href=""https://news.google.com/rss/articles/CBMilgFBVV95cUxPd25LeVA1aTREVVVka0xUWGFZNGx0RmZZNFQ4UGpmRmdyclQtRW1vS09lTDQ0NEhyd0lNbEZpZklKVWdFa1MxQzRfUXZLdk04QnM2cVZNSmlTUENVUnVrd1hZTzlrb3dDSlRwdGZTSU",Deccan Chronicle,27.66624803250252,85.09302830021812
ee5cdd2,live-ea2ae840,2026-08-02T06:44:06.979132+00:00,Multiple,Reported area,Structural Failure,Aftermath,Post-Disaster Housing Reconstruction in Rural Nepal A Case Study in the Aftermath of the 2015 Nepal ,"<a href=""https://news.google.com/rss/articles/CBMibkFVX3lxTE15U3JKZkRRbl9FemdvVllucXVsTmpxS2E5aW1mQ1Y4Q3RRNHhQUjhQd2NrRjZaSXY1alZLLUNTRi1WbFdFN2Fpd2Vta0lLZXNoWDB2RFRDS25rMmo3T3ZvRWt2NGV5NW5uRDJvUVdn?o",SCIRP Open Access,28.667835209946617,85.6653539747834
ee5cdd2,live-0cfc732f,2026-08-02T06:44:06.979119+00:00,Multiple,Reported area,Structural Failure,Aftermath,Nepal Earthquake: How to Help - Save the Children US,"<a href=""https://news.google.com/rss/articles/CBMikgFBVV95cUxPZWZVZ2l6bGtkb3ZVVUNPdzVfRzVZSURtWlJ3X3g2YlFUVHNZaUlVZ0hmSVllV1pad1Y3eS1rcG91X21EMnAtaUNHSGRNaC1XcEtEeUxkYjk0dnZSSmUwYXF0SjU1N0VnU0RwVmE4Z3",Save the Children US,26.99755364986168,85.78412145965224
ee5cdd2,live-f3e0131b,2026-08-02T06:44:06.979109+00:00,Multiple,Reported area,Structural Failure,Aftermath,4.2-magnitude earthquake strikes western Nepal; no damage reported - The New Indian Express,"<a href=""https://news.google.com/rss/articles/CBMitgFBVV95cUxNd0ZpbnRBR01HcVQ1R0xsY01ibGNaTmZWYmpHUkI1R3FmVjlTbkd4Mko1a2Y5enZPOWwtWHlycEpRU1RGei0xR2I2NUVCd2JMVTFPMTlOMnpiQ3h1TXA4NHhyZjM3ZlBsWG40OUhBNW",The New Indian Express,27.52436800193779,85.63741652565024
ee5cdd2,live-624f4330,2026-08-02T06:44:06.979099+00:00,Multiple,Reported area,Structural Failure,Aftermath,Nepal and Northern India are not overdue for a huge earthquake - New Scientist,"<a href=""https://news.google.com/rss/articles/CBMirAFBVV95cUxOTTIwNHM3ZjM1NHFEek5jVkNQblpUQkJsYTRNcDdINHhDMWJmbU9taGFTNFlDbHRUMVhmRGpVb3dsbkRfRnZKd3lkbVFfRExseXR4SGZvOHNhVzRyX29TMlVxWDF5SUhyLXdTNHctMD",New Scientist,28.087763977584995,84.41655792931189
ee5cdd2,live-27cb3a7b,2026-08-02T06:44:06.979085+00:00,Multiple,Reported area,Structural Failure,Aftermath,The economic damage from the Nepal earthquake is almost half of the country’s GDP - qz.com,"<a href=""https://news.google.com/rss/articles/CBMirAFBVV95cUxPWUJKV2JuVTNqa0ZDNUVwMFlIVk9kNU1JMy0wNVQ5dUg0TEFyS2xRczM4em9qYXRqVVBlXzQwVmlzWm8ydFJUYjNFWVhiTEYtWW41cE9fMXAxd2lZYkFINmlaZnBrSW8yWnBBcURVR1",qz.com,26.841783710816593,84.93713486164367
ee5cdd2,live-1d4b25e4,2026-08-02T06:44:06.979072+00:00,Multiple,Reported area,Structural Failure,Aftermath,"Multiple earthquakes strike China, Tibet, Nepal - News On AIR","<a href=""https://news.google.com/rss/articles/CBMie0FVX3lxTE5GeHp2Mkw2TEh6ZVVvNWd0SHlWaUJmdHdhaG9RZVZndTFoanI4enYyWXM3R2lDaHJHd2NLcThldGsxYzZ1TGZJMktzZU9iRTNmVGdCRjJTOEQ2MVhLWmxCLW16a3RMVFI1N08xWGx0ME",News On AIR,27.847313780897725,85.52489936667543
ee5cdd2,live-8d08e06e,2026-08-02T06:44:06.979045+00:00,Multiple,Reported area,Structural Failure,Aftermath,Aftershock: Everest and the Nepal Earthquake (2022) - IMDb,"<a href=""https://news.google.com/rss/articles/CBMicEFVX3lxTE1RV1NnQ1MtcklKQ2xLZHBwODlGNkFIeVM1eEJ2aloyV2Q2VjEtbGhjQjJxdDBjM1ExcjVxRW5jZ2FkWC1qdUlpSlVqQ0JEc0RNWmtjTlcxTGt3NzNYUXg4T3dhRlJCZ2pRVmIxVFdyZH",IMDb,26.97012194104774,85.503232661248
f68ae47,live-9c6e37b4,2026-08-02T03:51:10.277493+00:00,Multiple,Reported area,Landslide,Aftermath,"India, Nepal Revive Ties With Restoration of Lalitpur Heritage Sites - NDTV","<a href=""https://news.google.com/rss/articles/CBMirAFBVV95cUxNcGVkUm1ibXNwOFRxMVBFX0l6enR5bDVoTmhEUzhOa2VaWVNpaEpqZWw0WkdCMGR3ajZDbkFLSVJLLVVqdWhTenIxMl9JYXl4b0xlUzczMUdMN0xzNnNBX09nZEp0RTlzNnJEN1A5UU",NDTV,28.11771668840793,86.01619359169734
f68ae47,live-2e726663,2026-08-02T03:51:10.277480+00:00,Multiple,Reported area,Structural Failure,Aftermath,"Multiple earthquakes strike China, Tibet, Nepal within hours, says National Center for Seismology - ","<a href=""https://news.google.com/rss/articles/CBMivAFBVV95cUxQcDh4RThfT3hRYXIyT0lvUjAyTkd4NkxrM0NJVmdDaU51STNqb1Zwa3NkajdENXlkbDZJRllaMkpnTU9iVnhtTTdGN2V5c3pvcEx3dDl3MXY1c2pMc1BVNXRaSmVObGRQY2RzTkhldV",MorungExpress,28.598699492733374,85.83694463225576
f68ae47,live-d3372d4d,2026-08-02T03:51:10.277467+00:00,Multiple,Reported area,Structural Failure,Aftermath,3.8 Magnitude Earthquake Hits Nepal - Deccan Chronicle,"<a href=""https://news.google.com/rss/articles/CBMilgFBVV95cUxPd25LeVA1aTREVVVka0xUWGFZNGx0RmZZNFQ4UGpmRmdyclQtRW1vS09lTDQ0NEhyd0lNbEZpZklKVWdFa1MxQzRfUXZLdk04QnM2cVZNSmlTUENVUnVrd1hZTzlrb3dDSlRwdGZTSU",Deccan Chronicle,28.645645707247198,84.59052453425959
f68ae47,live-68a68835,2026-08-02T03:51:10.277444+00:00,Multiple,Reported area,Structural Failure,Aftermath,Post-Disaster Housing Reconstruction in Rural Nepal A Case Study in the Aftermath of the 2015 Nepal ,"<a href=""https://news.google.com/rss/articles/CBMibkFVX3lxTE15U3JKZkRRbl9FemdvVllucXVsTmpxS2E5aW1mQ1Y4Q3RRNHhQUjhQd2NrRjZaSXY1alZLLUNTRi1WbFdFN2Fpd2Vta0lLZXNoWDB2RFRDS25rMmo3T3ZvRWt2NGV5NW5uRDJvUVdn?o",SCIRP Open Access,27.557021533713264,85.21777608267448
f68ae47,live-d16a3316,2026-08-02T03:51:10.277432+00:00,Multiple,Reported area,Structural Failure,Aftermath,Nepal Earthquake: How to Help - Save the Children US,"<a href=""https://news.google.com/rss/articles/CBMikgFBVV95cUxPZWZVZ2l6bGtkb3ZVVUNPdzVfRzVZSURtWlJ3X3g2YlFUVHNZaUlVZ0hmSVllV1pad1Y3eS1rcG91X21EMnAtaUNHSGRNaC1XcEtEeUxkYjk0dnZSSmUwYXF0SjU1N0VnU0RwVmE4Z3",Save the Children US,28.101330912091765,86.05642765178418
f68ae47,live-256cb6e1,2026-08-02T03:51:10.277418+00:00,Multiple,Reported area,Structural Failure,Aftermath,4.2-magnitude earthquake strikes western Nepal; no damage reported - The New Indian Express,"<a href=""https://news.google.com/rss/articles/CBMitgFBVV95cUxNd0ZpbnRBR01HcVQ1R0xsY01ibGNaTmZWYmpHUkI1R3FmVjlTbkd4Mko1a2Y5enZPOWwtWHlycEpRU1RGei0xR2I2NUVCd2JMVTFPMTlOMnpiQ3h1TXA4NHhyZjM3ZlBsWG40OUhBNW",The New Indian Express,26.9301749592179,86.05243358196778
f68ae47,live-6e465e4a,2026-08-02T03:51:10.277403+00:00,Multiple,Reported area,Structural Failure,Aftermath,Nepal and Northern India are not overdue for a huge earthquake - New Scientist,"<a href=""https://news.google.com/rss/articles/CBMirAFBVV95cUxOTTIwNHM3ZjM1NHFEek5jVkNQblpUQkJsYTRNcDdINHhDMWJmbU9taGFTNFlDbHRUMVhmRGpVb3dsbkRfRnZKd3lkbVFfRExseXR4SGZvOHNhVzRyX29TMlVxWDF5SUhyLXdTNHctMD",New Scientist,28.609243958471794,86.24033840163959
f68ae47,live-be13c234,2026-08-02T03:51:10.277384+00:00,Multiple,Reported area,Structural Failure,Aftermath,The economic damage from the Nepal earthquake is almost half of the country’s GDP - qz.com,"<a href=""https://news.google.com/rss/articles/CBMirAFBVV95cUxPWUJKV2JuVTNqa0ZDNUVwMFlIVk9kNU1JMy0wNVQ5dUg0TEFyS2xRczM4em9qYXRqVVBlXzQwVmlzWm8ydFJUYjNFWVhiTEYtWW41cE9fMXAxd2lZYkFINmlaZnBrSW8yWnBBcURVR1",qz.com,28.429861354651976,84.74944679943688
f68ae47,live-b9bf216b,2026-08-02T03:51:10.277366+00:00,Multiple,Reported area,Structural Failure,Aftermath,"Multiple earthquakes strike China, Tibet, Nepal - News On AIR","<a href=""https://news.google.com/rss/articles/CBMie0FVX3lxTE5GeHp2Mkw2TEh6ZVVvNWd0SHlWaUJmdHdhaG9RZVZndTFoanI4enYyWXM3R2lDaHJHd2NLcThldGsxYzZ1TGZJMktzZU9iRTNmVGdCRjJTOEQ2MVhLWmxCLW16a3RMVFI1N08xWGx0ME",News On AIR,26.766020038518977,85.4701509152338
f68ae47,live-e7f1701d,2026-08-02T03:51:10.277334+00:00,Multiple,Reported area,Structural Failure,Aftermath,Aftershock: Everest and the Nepal Earthquake (2022) - IMDb,"<a href=""https://news.google.com/rss/articles/CBMicEFVX3lxTE1RV1NnQ1MtcklKQ2xLZHBwODlGNkFIeVM1eEJ2aloyV2Q2VjEtbGhjQjJxdDBjM1ExcjVxRW5jZ2FkWC1qdUlpSlVqQ0JEc0RNWmtjTlcxTGt3NzNYUXg4T3dhRlJCZ2pRVmIxVFdyZH",IMDb,28.58654796296932,84.50737519634619
8ce38f4,live-5ec316a6,2026-08-02T00:11:25.077962+00:00,Multiple,Reported area,Landslide,Aftermath,"India, Nepal Revive Ties With Restoration of Lalitpur Heritage Sites - NDTV","<a href=""https://news.google.com/rss/articles/CBMirAFBVV95cUxNcGVkUm1ibXNwOFRxMVBFX0l6enR5bDVoTmhEUzhOa2VaWVNpaEpqZWw0WkdCMGR3ajZDbkFLSVJLLVVqdWhTenIxMl9JYXl4b0xlUzczMUdMN0xzNnNBX09nZEp0RTlzNnJEN1A5UU",NDTV,28.67069179887256,85.24838096015566
8ce38f4,live-1276e747,2026-08-02T00:11:25.077952+00:00,Multiple,Reported area,Structural Failure,Aftermath,"Multiple earthquakes strike China, Tibet, Nepal within hours, says National Center for Seismology - ","<a href=""https://news.google.com/rss/articles/CBMivAFBVV95cUxQcDh4RThfT3hRYXIyT0lvUjAyTkd4NkxrM0NJVmdDaU51STNqb1Zwa3NkajdENXlkbDZJRllaMkpnTU9iVnhtTTdGN2V5c3pvcEx3dDl3MXY1c2pMc1BVNXRaSmVObGRQY2RzTkhldV",MorungExpress,27.007208848546377,86.02070394896757
8ce38f4,live-263bca5b,2026-08-02T00:11:25.077943+00:00,Multiple,Reported area,Structural Failure,Aftermath,3.8 Magnitude Earthquake Hits Nepal - Deccan Chronicle,"<a href=""https://news.google.com/rss/articles/CBMilgFBVV95cUxPd25LeVA1aTREVVVka0xUWGFZNGx0RmZZNFQ4UGpmRmdyclQtRW1vS09lTDQ0NEhyd0lNbEZpZklKVWdFa1MxQzRfUXZLdk04QnM2cVZNSmlTUENVUnVrd1hZTzlrb3dDSlRwdGZTSU",Deccan Chronicle,26.92712853583328,85.27953430538365
8ce38f4,live-53ab916e,2026-08-02T00:11:25.077930+00:00,Multiple,Reported area,Structural Failure,Aftermath,Post-Disaster Housing Reconstruction in Rural Nepal A Case Study in the Aftermath of the 2015 Nepal ,"<a href=""https://news.google.com/rss/articles/CBMibkFVX3lxTE15U3JKZkRRbl9FemdvVllucXVsTmpxS2E5aW1mQ1Y4Q3RRNHhQUjhQd2NrRjZaSXY1alZLLUNTRi1WbFdFN2Fpd2Vta0lLZXNoWDB2RFRDS25rMmo3T3ZvRWt2NGV5NW5uRDJvUVdn?o",SCIRP Open Access,27.20534707081985,84.49576228859762
8ce38f4,live-61be8ae0,2026-08-02T00:11:25.077917+00:00,Multiple,Reported area,Structural Failure,Aftermath,Nepal Earthquake: How to Help - Save the Children US,"<a href=""https://news.google.com/rss/articles/CBMikgFBVV95cUxPZWZVZ2l6bGtkb3ZVVUNPdzVfRzVZSURtWlJ3X3g2YlFUVHNZaUlVZ0hmSVllV1pad1Y3eS1rcG91X21EMnAtaUNHSGRNaC1XcEtEeUxkYjk0dnZSSmUwYXF0SjU1N0VnU0RwVmE4Z3",Save the Children US,27.351119580686625,86.2303270078425
8ce38f4,live-a5e4ae24,2026-08-02T00:11:25.077908+00:00,Multiple,Reported area,Structural Failure,Aftermath,4.2-magnitude earthquake strikes western Nepal; no damage reported - The New Indian Express,"<a href=""https://news.google.com/rss/articles/CBMitgFBVV95cUxNd0ZpbnRBR01HcVQ1R0xsY01ibGNaTmZWYmpHUkI1R3FmVjlTbkd4Mko1a2Y5enZPOWwtWHlycEpRU1RGei0xR2I2NUVCd2JMVTFPMTlOMnpiQ3h1TXA4NHhyZjM3ZlBsWG40OUhBNW",The New Indian Express,27.169909400232086,84.93032712028572
8ce38f4,live-65b4b3e6,2026-08-02T00:11:25.077898+00:00,Multiple,Reported area,Structural Failure,Aftermath,Nepal and Northern India are not overdue for a huge earthquake - New Scientist,"<a href=""https://news.google.com/rss/articles/CBMirAFBVV95cUxOTTIwNHM3ZjM1NHFEek5jVkNQblpUQkJsYTRNcDdINHhDMWJmbU9taGFTNFlDbHRUMVhmRGpVb3dsbkRfRnZKd3lkbVFfRExseXR4SGZvOHNhVzRyX29TMlVxWDF5SUhyLXdTNHctMD",New Scientist,28.51916005001679,85.36241219522779
8ce38f4,live-1b9b0ef4,2026-08-02T00:11:25.077885+00:00,Multiple,Reported area,Structural Failure,Aftermath,The economic damage from the Nepal earthquake is almost half of the country’s GDP - qz.com,"<a href=""https://news.google.com/rss/articles/CBMirAFBVV95cUxPWUJKV2JuVTNqa0ZDNUVwMFlIVk9kNU1JMy0wNVQ5dUg0TEFyS2xRczM4em9qYXRqVVBlXzQwVmlzWm8ydFJUYjNFWVhiTEYtWW41cE9fMXAxd2lZYkFINmlaZnBrSW8yWnBBcURVR1",qz.com,28.603519928511055,84.9390207391667
8ce38f4,live-6ca9028d,2026-08-02T00:11:25.077872+00:00,Multiple,Reported area,Structural Failure,Aftermath,"Multiple earthquakes strike China, Tibet, Nepal - News On AIR","<a href=""https://news.google.com/rss/articles/CBMie0FVX3lxTE5GeHp2Mkw2TEh6ZVVvNWd0SHlWaUJmdHdhaG9RZVZndTFoanI4enYyWXM3R2lDaHJHd2NLcThldGsxYzZ1TGZJMktzZU9iRTNmVGdCRjJTOEQ2MVhLWmxCLW16a3RMVFI1N08xWGx0ME",News On AIR,28.238485650575882,85.78870500692553
8ce38f4,live-8e549f68,2026-08-02T00:11:25.077846+00:00,Multiple,Reported area,Structural Failure,Aftermath,Aftershock: Everest and the Nepal Earthquake (2022) - IMDb,"<a href=""https://news.google.com/rss/articles/CBMicEFVX3lxTE1RV1NnQ1MtcklKQ2xLZHBwODlGNkFIeVM1eEJ2aloyV2Q2VjEtbGhjQjJxdDBjM1ExcjVxRW5jZ2FkWC1qdUlpSlVqQ0JEc0RNWmtjTlcxTGt3NzNYUXg4T3dhRlJCZ2pRVmIxVFdyZH",IMDb,28.24339530207837,85.8937814115974
bdb07e6,live-baa4b953,2026-08-01T23:09:48.975261+00:00,Multiple,Reported area,Landslide,Aftermath,"India, Nepal Revive Ties With Restoration of Lalitpur Heritage Sites - NDTV","<a href=""https://news.google.com/rss/articles/CBMirAFBVV95cUxNcGVkUm1ibXNwOFRxMVBFX0l6enR5bDVoTmhEUzhOa2VaWVNpaEpqZWw0WkdCMGR3ajZDbkFLSVJLLVVqdWhTenIxMl9JYXl4b0xlUzczMUdMN0xzNnNBX09nZEp0RTlzNnJEN1A5UU",NDTV,27.3185383975579,86.17154233731993
bdb07e6,live-78fd4c51,2026-08-01T23:09:48.975249+00:00,Multiple,Reported area,Structural Failure,Aftermath,"Multiple earthquakes strike China, Tibet, Nepal within hours, says National Center for Seismology - ","<a href=""https://news.google.com/rss/articles/CBMivAFBVV95cUxQcDh4RThfT3hRYXIyT0lvUjAyTkd4NkxrM0NJVmdDaU51STNqb1Zwa3NkajdENXlkbDZJRllaMkpnTU9iVnhtTTdGN2V5c3pvcEx3dDl3MXY1c2pMc1BVNXRaSmVObGRQY2RzTkhldV",MorungExpress,27.958786069827873,86.27654152032423
bdb07e6,live-8f974581,2026-08-01T23:09:48.975235+00:00,Multiple,Reported area,Structural Failure,Aftermath,3.8 Magnitude Earthquake Hits Nepal - Deccan Chronicle,"<a href=""https://news.google.com/rss/articles/CBMilgFBVV95cUxPd25LeVA1aTREVVVka0xUWGFZNGx0RmZZNFQ4UGpmRmdyclQtRW1vS09lTDQ0NEhyd0lNbEZpZklKVWdFa1MxQzRfUXZLdk04QnM2cVZNSmlTUENVUnVrd1hZTzlrb3dDSlRwdGZTSU",Deccan Chronicle,27.72263831874151,86.01211305100225
bdb07e6,live-56997264,2026-08-01T23:09:48.975216+00:00,Multiple,Reported area,Structural Failure,Aftermath,Post-Disaster Housing Reconstruction in Rural Nepal A Case Study in the Aftermath of the 2015 Nepal ,"<a href=""https://news.google.com/rss/articles/CBMibkFVX3lxTE15U3JKZkRRbl9FemdvVllucXVsTmpxS2E5aW1mQ1Y4Q3RRNHhQUjhQd2NrRjZaSXY1alZLLUNTRi1WbFdFN2Fpd2Vta0lLZXNoWDB2RFRDS25rMmo3T3ZvRWt2NGV5NW5uRDJvUVdn?o",SCIRP Open Access,27.499725118990376,84.47372336649022
bdb07e6,live-4e6d05a9,2026-08-01T23:09:48.975203+00:00,Multiple,Reported area,Structural Failure,Aftermath,Nepal Earthquake: How to Help - Save the Children US,"<a href=""https://news.google.com/rss/articles/CBMikgFBVV95cUxPZWZVZ2l6bGtkb3ZVVUNPdzVfRzVZSURtWlJ3X3g2YlFUVHNZaUlVZ0hmSVllV1pad1Y3eS1rcG91X21EMnAtaUNHSGRNaC1XcEtEeUxkYjk0dnZSSmUwYXF0SjU1N0VnU0RwVmE4Z3",Save the Children US,27.470426638863504,85.41472237074287
bdb07e6,live-a864d6ff,2026-08-01T23:09:48.975186+00:00,Multiple,Reported area,Structural Failure,Aftermath,4.2-magnitude earthquake strikes western Nepal; no damage reported - The New Indian Express,"<a href=""https://news.google.com/rss/articles/CBMitgFBVV95cUxNd0ZpbnRBR01HcVQ1R0xsY01ibGNaTmZWYmpHUkI1R3FmVjlTbkd4Mko1a2Y5enZPOWwtWHlycEpRU1RGei0xR2I2NUVCd2JMVTFPMTlOMnpiQ3h1TXA4NHhyZjM3ZlBsWG40OUhBNW",The New Indian Express,28.555331396166647,86.02368204530966
bdb07e6,live-21e17221,2026-08-01T23:09:48.975172+00:00,Multiple,Reported area,Structural Failure,Aftermath,"101-Year-Old Pulled From Rubble One Week After Nepal Earthquake - ABC News - Breaking News, Latest N","<a href=""https://news.google.com/rss/articles/CBMinAFBVV95cUxQN0ZnMnd1SzIzbGVEUmJWaGlaZkJjbVpRT0E3eHFJVkdNT1VabWV0bmJoaXI3QzJUYjVlcjZqdGpHaVlKSGY2MjhmeXNNaFdwNndDZnIxalRGLU9LOF9ZTVI1N2JNTTQyXzI4UlBLQW","ABC News - Breaking News, Latest News and Videos",26.80567386864022,86.1526161824624
bdb07e6,live-a5c0d56c,2026-08-01T23:09:48.975153+00:00,Multiple,Reported area,Structural Failure,Aftermath,Nepal and Northern India are not overdue for a huge earthquake - New Scientist,"<a href=""https://news.google.com/rss/articles/CBMirAFBVV95cUxOTTIwNHM3ZjM1NHFEek5jVkNQblpUQkJsYTRNcDdINHhDMWJmbU9taGFTNFlDbHRUMVhmRGpVb3dsbkRfRnZKd3lkbVFfRExseXR4SGZvOHNhVzRyX29TMlVxWDF5SUhyLXdTNHctMD",New Scientist,27.026046185937872,84.45412791615487
bdb07e6,live-9af4c4eb,2026-08-01T23:09:48.975138+00:00,Multiple,Reported area,Structural Failure,Aftermath,The economic damage from the Nepal earthquake is almost half of the country’s GDP - qz.com,"<a href=""https://news.google.com/rss/articles/CBMirAFBVV95cUxPWUJKV2JuVTNqa0ZDNUVwMFlIVk9kNU1JMy0wNVQ5dUg0TEFyS2xRczM4em9qYXRqVVBlXzQwVmlzWm8ydFJUYjNFWVhiTEYtWW41cE9fMXAxd2lZYkFINmlaZnBrSW8yWnBBcURVR1",qz.com,28.219780642941647,85.11976736223204
bdb07e6,live-34b9d5c8,2026-08-01T23:09:48.975101+00:00,Multiple,Reported area,Structural Failure,Aftermath,Aftershock: Everest and the Nepal Earthquake (2022) - imdb.com,"<a href=""https://news.google.com/rss/articles/CBMicEFVX3lxTE1RV1NnQ1MtcklKQ2xLZHBwODlGNkFIeVM1eEJ2aloyV2Q2VjEtbGhjQjJxdDBjM1ExcjVxRW5jZ2FkWC1qdUlpSlVqQ0JEc0RNWmtjTlcxTGt3NzNYUXg4T3dhRlJCZ2pRVmIxVFdyZH",imdb.com,27.179091558882558,85.49767173612034
1c39e12,live-2d2117c1,2026-08-01T22:10:01.028673+00:00,Multiple,Reported area,Landslide,Aftermath,"India, Nepal Revive Ties With Restoration of Lalitpur Heritage Sites - NDTV","<a href=""https://news.google.com/rss/articles/CBMirAFBVV95cUxNcGVkUm1ibXNwOFRxMVBFX0l6enR5bDVoTmhEUzhOa2VaWVNpaEpqZWw0WkdCMGR3ajZDbkFLSVJLLVVqdWhTenIxMl9JYXl4b0xlUzczMUdMN0xzNnNBX09nZEp0RTlzNnJEN1A5UU",NDTV,27.91927840757092,85.74528710925654
1c39e12,live-6977148d,2026-08-01T22:10:01.028662+00:00,Multiple,Reported area,Structural Failure,Aftermath,"Multiple earthquakes strike China, Tibet, Nepal within hours, says National Center for Seismology - ","<a href=""https://news.google.com/rss/articles/CBMivAFBVV95cUxQcDh4RThfT3hRYXIyT0lvUjAyTkd4NkxrM0NJVmdDaU51STNqb1Zwa3NkajdENXlkbDZJRllaMkpnTU9iVnhtTTdGN2V5c3pvcEx3dDl3MXY1c2pMc1BVNXRaSmVObGRQY2RzTkhldV",MorungExpress,26.977103884454685,86.27271282421567
1c39e12,live-65074669,2026-08-01T22:10:01.028649+00:00,Multiple,Reported area,Structural Failure,Aftermath,3.8 Magnitude Earthquake Hits Nepal - Deccan Chronicle,"<a href=""https://news.google.com/rss/articles/CBMilgFBVV95cUxPd25LeVA1aTREVVVka0xUWGFZNGx0RmZZNFQ4UGpmRmdyclQtRW1vS09lTDQ0NEhyd0lNbEZpZklKVWdFa1MxQzRfUXZLdk04QnM2cVZNSmlTUENVUnVrd1hZTzlrb3dDSlRwdGZTSU",Deccan Chronicle,27.424721308173886,86.0050610562197
1c39e12,live-0c828f01,2026-08-01T22:10:01.028633+00:00,Multiple,Reported area,Structural Failure,Aftermath,Post-Disaster Housing Reconstruction in Rural Nepal A Case Study in the Aftermath of the 2015 Nepal ,"<a href=""https://news.google.com/rss/articles/CBMibkFVX3lxTE15U3JKZkRRbl9FemdvVllucXVsTmpxS2E5aW1mQ1Y4Q3RRNHhQUjhQd2NrRjZaSXY1alZLLUNTRi1WbFdFN2Fpd2Vta0lLZXNoWDB2RFRDS25rMmo3T3ZvRWt2NGV5NW5uRDJvUVdn?o",SCIRP Open Access,28.004422394019457,86.28978989504196
1c39e12,live-932902b1,2026-08-01T22:10:01.028616+00:00,Multiple,Reported area,Structural Failure,Aftermath,Nepal Earthquake: How to Help - Save the Children US,"<a href=""https://news.google.com/rss/articles/CBMikgFBVV95cUxPZWZVZ2l6bGtkb3ZVVUNPdzVfRzVZSURtWlJ3X3g2YlFUVHNZaUlVZ0hmSVllV1pad1Y3eS1rcG91X21EMnAtaUNHSGRNaC1XcEtEeUxkYjk0dnZSSmUwYXF0SjU1N0VnU0RwVmE4Z3",Save the Children US,26.70036636775017,85.13186499829851
1c39e12,live-ffbc25ef,2026-08-01T22:10:01.028604+00:00,Multiple,Reported area,Structural Failure,Aftermath,4.2-magnitude earthquake strikes western Nepal; no damage reported - The New Indian Express,"<a href=""https://news.google.com/rss/articles/CBMitgFBVV95cUxNd0ZpbnRBR01HcVQ1R0xsY01ibGNaTmZWYmpHUkI1R3FmVjlTbkd4Mko1a2Y5enZPOWwtWHlycEpRU1RGei0xR2I2NUVCd2JMVTFPMTlOMnpiQ3h1TXA4NHhyZjM3ZlBsWG40OUhBNW",The New Indian Express,27.858540864385077,84.3338125809921
1c39e12,live-2415a534,2026-08-01T22:10:01.028591+00:00,Multiple,Reported area,Structural Failure,Aftermath,"101-Year-Old Pulled From Rubble One Week After Nepal Earthquake - ABC News - Breaking News, Latest N","<a href=""https://news.google.com/rss/articles/CBMinAFBVV95cUxQN0ZnMnd1SzIzbGVEUmJWaGlaZkJjbVpRT0E3eHFJVkdNT1VabWV0bmJoaXI3QzJUYjVlcjZqdGpHaVlKSGY2MjhmeXNNaFdwNndDZnIxalRGLU9LOF9ZTVI1N2JNTTQyXzI4UlBLQW","ABC News - Breaking News, Latest News and Videos",27.910766838854734,84.95049152878148
1c39e12,live-113c8c40,2026-08-01T22:10:01.028573+00:00,Multiple,Reported area,Structural Failure,Aftermath,Nepal and Northern India are not overdue for a huge earthquake - New Scientist,"<a href=""https://news.google.com/rss/articles/CBMirAFBVV95cUxOTTIwNHM3ZjM1NHFEek5jVkNQblpUQkJsYTRNcDdINHhDMWJmbU9taGFTNFlDbHRUMVhmRGpVb3dsbkRfRnZKd3lkbVFfRExseXR4SGZvOHNhVzRyX29TMlVxWDF5SUhyLXdTNHctMD",New Scientist,28.349909579548996,84.4931353132033
1c39e12,live-66586588,2026-08-01T22:10:01.028559+00:00,Multiple,Reported area,Structural Failure,Aftermath,The economic damage from the Nepal earthquake is almost half of the country’s GDP - qz.com,"<a href=""https://news.google.com/rss/articles/CBMirAFBVV95cUxPWUJKV2JuVTNqa0ZDNUVwMFlIVk9kNU1JMy0wNVQ5dUg0TEFyS2xRczM4em9qYXRqVVBlXzQwVmlzWm8ydFJUYjNFWVhiTEYtWW41cE9fMXAxd2lZYkFINmlaZnBrSW8yWnBBcURVR1",qz.com,28.39782792791026,85.90348926242139
1c39e12,live-7b77b7c8,2026-08-01T22:10:01.028528+00:00,Multiple,Reported area,Structural Failure,Aftermath,Aftershock: Everest and the Nepal Earthquake (2022) - IMDb,"<a href=""https://news.google.com/rss/articles/CBMicEFVX3lxTE1RV1NnQ1MtcklKQ2xLZHBwODlGNkFIeVM1eEJ2aloyV2Q2VjEtbGhjQjJxdDBjM1ExcjVxRW5jZ2FkWC1qdUlpSlVqQ0JEc0RNWmtjTlcxTGt3NzNYUXg4T3dhRlJCZ2pRVmIxVFdyZH",IMDb,28.393392569231626,85.47030173113997
a0e9500,live-d0a81e06,2026-08-01T21:08:15.006649+00:00,Multiple,Reported area,Structural Failure,Aftermath,3.8 magnitude earthquake hits Nepal - BusinessLine,"<a href=""https://news.google.com/rss/articles/CBMipAFBVV95cUxOS2pNaDlFZkdIRlBWc2lmSVJQWWlHWW9rZ0ozUDZjakl5cTYxYS1mSzJ2TVUxb255dlpyUEVxcmZtajR5RkZKSGx4ZWpJeVk4LTdGT0tyOHFTTnZvSDFhbmk5RC1xUWR0czlQaWRzUk",BusinessLine,27.449462700368432,84.82942111135613
a0e9500,live-98bd9a16,2026-08-01T21:08:15.006636+00:00,Multiple,Reported area,Landslide,Aftermath,"India, Nepal Revive Ties With Restoration of Lalitpur Heritage Sites - NDTV","<a href=""https://news.google.com/rss/articles/CBMirAFBVV95cUxNcGVkUm1ibXNwOFRxMVBFX0l6enR5bDVoTmhEUzhOa2VaWVNpaEpqZWw0WkdCMGR3ajZDbkFLSVJLLVVqdWhTenIxMl9JYXl4b0xlUzczMUdMN0xzNnNBX09nZEp0RTlzNnJEN1A5UU",NDTV,26.868371688646075,84.38414978825433
a0e9500,live-2a0396cd,2026-08-01T21:08:15.006623+00:00,Multiple,Reported area,Structural Failure,Aftermath,"Multiple earthquakes strike China, Tibet, Nepal within hours, says National Center for Seismology - ","<a href=""https://news.google.com/rss/articles/CBMivAFBVV95cUxQcDh4RThfT3hRYXIyT0lvUjAyTkd4NkxrM0NJVmdDaU51STNqb1Zwa3NkajdENXlkbDZJRllaMkpnTU9iVnhtTTdGN2V5c3pvcEx3dDl3MXY1c2pMc1BVNXRaSmVObGRQY2RzTkhldV",MorungExpress,28.360606032552447,85.37641736383304
a0e9500,live-63d21f9d,2026-08-01T21:08:15.006604+00:00,Multiple,Reported area,Structural Failure,Aftermath,3.8 Magnitude Earthquake Hits Nepal - deccanchronicle.com,"<a href=""https://news.google.com/rss/articles/CBMilgFBVV95cUxPd25LeVA1aTREVVVka0xUWGFZNGx0RmZZNFQ4UGpmRmdyclQtRW1vS09lTDQ0NEhyd0lNbEZpZklKVWdFa1MxQzRfUXZLdk04QnM2cVZNSmlTUENVUnVrd1hZTzlrb3dDSlRwdGZTSU",deccanchronicle.com,28.028417070735067,84.86356700265598
a0e9500,live-13c5458a,2026-08-01T21:08:15.006586+00:00,Multiple,Reported area,Structural Failure,Aftermath,Post-Disaster Housing Reconstruction in Rural Nepal A Case Study in the Aftermath of the 2015 Nepal ,"<a href=""https://news.google.com/rss/articles/CBMibkFVX3lxTE15U3JKZkRRbl9FemdvVllucXVsTmpxS2E5aW1mQ1Y4Q3RRNHhQUjhQd2NrRjZaSXY1alZLLUNTRi1WbFdFN2Fpd2Vta0lLZXNoWDB2RFRDS25rMmo3T3ZvRWt2NGV5NW5uRDJvUVdn?o",SCIRP Open Access,27.964491825646608,84.30649716689307
a0e9500,live-74f66d24,2026-08-01T21:08:15.006573+00:00,Multiple,Reported area,Structural Failure,Aftermath,Nepal Earthquake: How to Help - Save the Children US,"<a href=""https://news.google.com/rss/articles/CBMikgFBVV95cUxPZWZVZ2l6bGtkb3ZVVUNPdzVfRzVZSURtWlJ3X3g2YlFUVHNZaUlVZ0hmSVllV1pad1Y3eS1rcG91X21EMnAtaUNHSGRNaC1XcEtEeUxkYjk0dnZSSmUwYXF0SjU1N0VnU0RwVmE4Z3",Save the Children US,28.1417944791267,85.33009165717989
a0e9500,live-2d22e3f9,2026-08-01T21:08:15.006559+00:00,Multiple,Reported area,Structural Failure,Aftermath,4.2-magnitude earthquake strikes western Nepal; no damage reported - The New Indian Express,"<a href=""https://news.google.com/rss/articles/CBMitgFBVV95cUxNd0ZpbnRBR01HcVQ1R0xsY01ibGNaTmZWYmpHUkI1R3FmVjlTbkd4Mko1a2Y5enZPOWwtWHlycEpRU1RGei0xR2I2NUVCd2JMVTFPMTlOMnpiQ3h1TXA4NHhyZjM3ZlBsWG40OUhBNW",The New Indian Express,27.033189463672432,85.89404335949736
a0e9500,live-a23fce7f,2026-08-01T21:08:15.006539+00:00,Multiple,Reported area,Structural Failure,Aftermath,Nepal and Northern India are not overdue for a huge earthquake - newscientist.com,"<a href=""https://news.google.com/rss/articles/CBMirAFBVV95cUxOTTIwNHM3ZjM1NHFEek5jVkNQblpUQkJsYTRNcDdINHhDMWJmbU9taGFTNFlDbHRUMVhmRGpVb3dsbkRfRnZKd3lkbVFfRExseXR4SGZvOHNhVzRyX29TMlVxWDF5SUhyLXdTNHctMD",newscientist.com,27.23455801830522,85.84580870189069
a0e9500,live-da3d13ec,2026-08-01T21:08:15.006523+00:00,Multiple,Reported area,Structural Failure,Aftermath,The economic damage from the Nepal earthquake is almost half of the country’s GDP - qz.com,"<a href=""https://news.google.com/rss/articles/CBMirAFBVV95cUxPWUJKV2JuVTNqa0ZDNUVwMFlIVk9kNU1JMy0wNVQ5dUg0TEFyS2xRczM4em9qYXRqVVBlXzQwVmlzWm8ydFJUYjNFWVhiTEYtWW41cE9fMXAxd2lZYkFINmlaZnBrSW8yWnBBcURVR1",qz.com,27.598026567954754,84.74023461788337
a0e9500,live-8b677419,2026-08-01T21:08:15.006486+00:00,Multiple,Reported area,Structural Failure,Aftermath,Aftershock: Everest and the Nepal Earthquake (2022) - IMDb,"<a href=""https://news.google.com/rss/articles/CBMicEFVX3lxTE1RV1NnQ1MtcklKQ2xLZHBwODlGNkFIeVM1eEJ2aloyV2Q2VjEtbGhjQjJxdDBjM1ExcjVxRW5jZ2FkWC1qdUlpSlVqQ0JEc0RNWmtjTlcxTGt3NzNYUXg4T3dhRlJCZ2pRVmIxVFdyZH",IMDb,26.916620313691293,84.85091479024615
35b517c,live-ab1e2edb,2026-08-01T19:54:05.581554+00:00,Multiple,Reported area,Structural Failure,Aftermath,3.8 magnitude earthquake hits Nepal - BusinessLine,"<a href=""https://news.google.com/rss/articles/CBMipAFBVV95cUxOS2pNaDlFZkdIRlBWc2lmSVJQWWlHWW9rZ0ozUDZjakl5cTYxYS1mSzJ2TVUxb255dlpyUEVxcmZtajR5RkZKSGx4ZWpJeVk4LTdGT0tyOHFTTnZvSDFhbmk5RC1xUWR0czlQaWRzUk",BusinessLine,27.757404430935985,86.16678958845483
35b517c,live-c86470a6,2026-08-01T19:54:05.581539+00:00,Multiple,Reported area,Structural Failure,Aftermath,3.8 Magnitude Earthquake Hits Nepal - Deccan Chronicle,"<a href=""https://news.google.com/rss/articles/CBMilgFBVV95cUxPd25LeVA1aTREVVVka0xUWGFZNGx0RmZZNFQ4UGpmRmdyclQtRW1vS09lTDQ0NEhyd0lNbEZpZklKVWdFa1MxQzRfUXZLdk04QnM2cVZNSmlTUENVUnVrd1hZTzlrb3dDSlRwdGZTSU",Deccan Chronicle,28.605250649737027,85.02079375421147
35b517c,live-615da3d8,2026-08-01T19:54:05.581510+00:00,Multiple,Reported area,Landslide,Aftermath,"India, Nepal Revive Ties With Restoration of Lalitpur Heritage Sites - NDTV","<a href=""https://news.google.com/rss/articles/CBMirAFBVV95cUxNcGVkUm1ibXNwOFRxMVBFX0l6enR5bDVoTmhEUzhOa2VaWVNpaEpqZWw0WkdCMGR3ajZDbkFLSVJLLVVqdWhTenIxMl9JYXl4b0xlUzczMUdMN0xzNnNBX09nZEp0RTlzNnJEN1A5UU",NDTV,28.67269482352195,84.6278718620896
35b517c,live-f680afe2,2026-08-01T19:54:05.581452+00:00,Multiple,Reported area,Structural Failure,Aftermath,"Multiple earthquakes strike China, Tibet, Nepal within hours, says National Center for Seismology - ","<a href=""https://news.google.com/rss/articles/CBMivAFBVV95cUxQcDh4RThfT3hRYXIyT0lvUjAyTkd4NkxrM0NJVmdDaU51STNqb1Zwa3NkajdENXlkbDZJRllaMkpnTU9iVnhtTTdGN2V5c3pvcEx3dDl3MXY1c2pMc1BVNXRaSmVObGRQY2RzTkhldV",MorungExpress,28.08353210160512,85.41376298796237
35b517c,live-0a35059f,2026-08-01T19:54:05.581434+00:00,Multiple,Reported area,Structural Failure,Aftermath,Post-Disaster Housing Reconstruction in Rural Nepal A Case Study in the Aftermath of the 2015 Nepal ,"<a href=""https://news.google.com/rss/articles/CBMibkFVX3lxTE15U3JKZkRRbl9FemdvVllucXVsTmpxS2E5aW1mQ1Y4Q3RRNHhQUjhQd2NrRjZaSXY1alZLLUNTRi1WbFdFN2Fpd2Vta0lLZXNoWDB2RFRDS25rMmo3T3ZvRWt2NGV5NW5uRDJvUVdn?o",SCIRP Open Access,28.13895055042052,85.07946363850704
35b517c,live-74ca649b,2026-08-01T19:54:05.581420+00:00,Multiple,Reported area,Structural Failure,Aftermath,Nepal Earthquake: How to Help - Save the Children US,"<a href=""https://news.google.com/rss/articles/CBMikgFBVV95cUxPZWZVZ2l6bGtkb3ZVVUNPdzVfRzVZSURtWlJ3X3g2YlFUVHNZaUlVZ0hmSVllV1pad1Y3eS1rcG91X21EMnAtaUNHSGRNaC1XcEtEeUxkYjk0dnZSSmUwYXF0SjU1N0VnU0RwVmE4Z3",Save the Children US,26.719495975094837,85.57420476935064
35b517c,live-77cf9687,2026-08-01T19:54:05.581406+00:00,Multiple,Reported area,Structural Failure,Aftermath,4.2-magnitude earthquake strikes western Nepal; no damage reported - The New Indian Express,"<a href=""https://news.google.com/rss/articles/CBMitgFBVV95cUxNd0ZpbnRBR01HcVQ1R0xsY01ibGNaTmZWYmpHUkI1R3FmVjlTbkd4Mko1a2Y5enZPOWwtWHlycEpRU1RGei0xR2I2NUVCd2JMVTFPMTlOMnpiQ3h1TXA4NHhyZjM3ZlBsWG40OUhBNW",The New Indian Express,26.86896470829528,84.37996632615389
35b517c,live-548ab727,2026-08-01T19:54:05.581387+00:00,Multiple,Reported area,Structural Failure,Aftermath,Nepal and Northern India are not overdue for a huge earthquake - newscientist.com,"<a href=""https://news.google.com/rss/articles/CBMirAFBVV95cUxOTTIwNHM3ZjM1NHFEek5jVkNQblpUQkJsYTRNcDdINHhDMWJmbU9taGFTNFlDbHRUMVhmRGpVb3dsbkRfRnZKd3lkbVFfRExseXR4SGZvOHNhVzRyX29TMlVxWDF5SUhyLXdTNHctMD",newscientist.com,27.80601895301724,85.80205073864367
35b517c,live-e2b3f6f0,2026-08-01T19:54:05.581371+00:00,Multiple,Reported area,Structural Failure,Aftermath,The economic damage from the Nepal earthquake is almost half of the country’s GDP - qz.com,"<a href=""https://news.google.com/rss/articles/CBMirAFBVV95cUxPWUJKV2JuVTNqa0ZDNUVwMFlIVk9kNU1JMy0wNVQ5dUg0TEFyS2xRczM4em9qYXRqVVBlXzQwVmlzWm8ydFJUYjNFWVhiTEYtWW41cE9fMXAxd2lZYkFINmlaZnBrSW8yWnBBcURVR1",qz.com,27.589694333530197,85.70462759019333
35b517c,live-492da52a,2026-08-01T19:54:05.581334+00:00,Multiple,Reported area,Structural Failure,Aftermath,Aftershock: Everest and the Nepal Earthquake (2022) - imdb.com,"<a href=""https://news.google.com/rss/articles/CBMicEFVX3lxTE1RV1NnQ1MtcklKQ2xLZHBwODlGNkFIeVM1eEJ2aloyV2Q2VjEtbGhjQjJxdDBjM1ExcjVxRW5jZ2FkWC1qdUlpSlVqQ0JEc0RNWmtjTlcxTGt3NzNYUXg4T3dhRlJCZ2pRVmIxVFdyZH",imdb.com,28.44429927928453,84.34264972425689
087cb49,live-313e409c,2026-08-01T18:41:02.063883+00:00,Multiple,Reported area,Structural Failure,Aftermath,3.8 magnitude earthquake hits Nepal - BusinessLine,"<a href=""https://news.google.com/rss/articles/CBMipAFBVV95cUxOS2pNaDlFZkdIRlBWc2lmSVJQWWlHWW9rZ0ozUDZjakl5cTYxYS1mSzJ2TVUxb255dlpyUEVxcmZtajR5RkZKSGx4ZWpJeVk4LTdGT0tyOHFTTnZvSDFhbmk5RC1xUWR0czlQaWRzUk",BusinessLine,28.085065706111564,85.25560256053124
087cb49,live-24e9606f,2026-08-01T18:41:02.063871+00:00,Multiple,Reported area,Structural Failure,Aftermath,3.8 Magnitude Earthquake Hits Nepal - Deccan Chronicle,"<a href=""https://news.google.com/rss/articles/CBMilgFBVV95cUxPd25LeVA1aTREVVVka0xUWGFZNGx0RmZZNFQ4UGpmRmdyclQtRW1vS09lTDQ0NEhyd0lNbEZpZklKVWdFa1MxQzRfUXZLdk04QnM2cVZNSmlTUENVUnVrd1hZTzlrb3dDSlRwdGZTSU",Deccan Chronicle,27.259209523163232,84.58852166227358
087cb49,live-ab3c0bc1,2026-08-01T18:41:02.063857+00:00,Multiple,Reported area,Landslide,Aftermath,"India, Nepal Revive Ties With Restoration of Lalitpur Heritage Sites - NDTV","<a href=""https://news.google.com/rss/articles/CBMirAFBVV95cUxNcGVkUm1ibXNwOFRxMVBFX0l6enR5bDVoTmhEUzhOa2VaWVNpaEpqZWw0WkdCMGR3ajZDbkFLSVJLLVVqdWhTenIxMl9JYXl4b0xlUzczMUdMN0xzNnNBX09nZEp0RTlzNnJEN1A5UU",NDTV,28.272974975501967,84.34910933283261
087cb49,live-159c3a38,2026-08-01T18:41:02.063839+00:00,Multiple,Reported area,Structural Failure,Aftermath,"Multiple earthquakes strike China, Tibet, Nepal within hours, says National Center for Seismology - ","<a href=""https://news.google.com/rss/articles/CBMivAFBVV95cUxQcDh4RThfT3hRYXIyT0lvUjAyTkd4NkxrM0NJVmdDaU51STNqb1Zwa3NkajdENXlkbDZJRllaMkpnTU9iVnhtTTdGN2V5c3pvcEx3dDl3MXY1c2pMc1BVNXRaSmVObGRQY2RzTkhldV",MorungExpress,27.792830995845677,84.42954402239864
087cb49,live-3b99030b,2026-08-01T18:41:02.063821+00:00,Multiple,Reported area,Structural Failure,Aftermath,Post-Disaster Housing Reconstruction in Rural Nepal A Case Study in the Aftermath of the 2015 Nepal ,"<a href=""https://news.google.com/rss/articles/CBMibkFVX3lxTE15U3JKZkRRbl9FemdvVllucXVsTmpxS2E5aW1mQ1Y4Q3RRNHhQUjhQd2NrRjZaSXY1alZLLUNTRi1WbFdFN2Fpd2Vta0lLZXNoWDB2RFRDS25rMmo3T3ZvRWt2NGV5NW5uRDJvUVdn?o",SCIRP Open Access,27.729306544541885,86.19604034716137
087cb49,live-b6693c9a,2026-08-01T18:41:02.063808+00:00,Multiple,Reported area,Structural Failure,Aftermath,Nepal Earthquake: How to Help - Save the Children US,"<a href=""https://news.google.com/rss/articles/CBMikgFBVV95cUxPZWZVZ2l6bGtkb3ZVVUNPdzVfRzVZSURtWlJ3X3g2YlFUVHNZaUlVZ0hmSVllV1pad1Y3eS1rcG91X21EMnAtaUNHSGRNaC1XcEtEeUxkYjk0dnZSSmUwYXF0SjU1N0VnU0RwVmE4Z3",Save the Children US,28.521390787782206,84.43989018160437
087cb49,live-cc126260,2026-08-01T18:41:02.063794+00:00,Multiple,Reported area,Structural Failure,Aftermath,4.2-magnitude earthquake strikes western Nepal; no damage reported - The New Indian Express,"<a href=""https://news.google.com/rss/articles/CBMitgFBVV95cUxNd0ZpbnRBR01HcVQ1R0xsY01ibGNaTmZWYmpHUkI1R3FmVjlTbkd4Mko1a2Y5enZPOWwtWHlycEpRU1RGei0xR2I2NUVCd2JMVTFPMTlOMnpiQ3h1TXA4NHhyZjM3ZlBsWG40OUhBNW",The New Indian Express,28.605566188509187,86.00946107303075
087cb49,live-1ad36662,2026-08-01T18:41:02.063776+00:00,Multiple,Reported area,Structural Failure,Aftermath,Nepal and Northern India are not overdue for a huge earthquake - New Scientist,"<a href=""https://news.google.com/rss/articles/CBMirAFBVV95cUxOTTIwNHM3ZjM1NHFEek5jVkNQblpUQkJsYTRNcDdINHhDMWJmbU9taGFTNFlDbHRUMVhmRGpVb3dsbkRfRnZKd3lkbVFfRExseXR4SGZvOHNhVzRyX29TMlVxWDF5SUhyLXdTNHctMD",New Scientist,27.25276016723145,85.44955574221487
087cb49,live-300247fc,2026-08-01T18:41:02.063760+00:00,Multiple,Reported area,Structural Failure,Aftermath,The economic damage from the Nepal earthquake is almost half of the country’s GDP - qz.com,"<a href=""https://news.google.com/rss/articles/CBMirAFBVV95cUxPWUJKV2JuVTNqa0ZDNUVwMFlIVk9kNU1JMy0wNVQ5dUg0TEFyS2xRczM4em9qYXRqVVBlXzQwVmlzWm8ydFJUYjNFWVhiTEYtWW41cE9fMXAxd2lZYkFINmlaZnBrSW8yWnBBcURVR1",qz.com,27.86970559431153,85.52292822720027
087cb49,live-4203b6d1,2026-08-01T18:41:02.063725+00:00,Multiple,Reported area,Structural Failure,Aftermath,Aftershock: Everest and the Nepal Earthquake (2022) - IMDb,"<a href=""https://news.google.com/rss/articles/CBMicEFVX3lxTE1RV1NnQ1MtcklKQ2xLZHBwODlGNkFIeVM1eEJ2aloyV2Q2VjEtbGhjQjJxdDBjM1ExcjVxRW5jZ2FkWC1qdUlpSlVqQ0JEc0RNWmtjTlcxTGt3NzNYUXg4T3dhRlJCZ2pRVmIxVFdyZH",IMDb,27.870791878353,85.6104867430585
2384cf8,live-58c41c76,2026-08-01T17:41:51.166796+00:00,Multiple,Reported area,Structural Failure,Aftermath,3.8 Magnitude Earthquake Hits Nepal - Deccan Chronicle,"<a href=""https://news.google.com/rss/articles/CBMilgFBVV95cUxPd25LeVA1aTREVVVka0xUWGFZNGx0RmZZNFQ4UGpmRmdyclQtRW1vS09lTDQ0NEhyd0lNbEZpZklKVWdFa1MxQzRfUXZLdk04QnM2cVZNSmlTUENVUnVrd1hZTzlrb3dDSlRwdGZTSU",Deccan Chronicle,28.398669418707776,85.32812621005402
2384cf8,live-571bd1a6,2026-08-01T17:41:51.166785+00:00,Multiple,Reported area,Structural Failure,Aftermath,"Multiple earthquakes strike China, Tibet, Nepal within hours, says National Center for Seismology - ","<a href=""https://news.google.com/rss/articles/CBMivAFBVV95cUxQcDh4RThfT3hRYXIyT0lvUjAyTkd4NkxrM0NJVmdDaU51STNqb1Zwa3NkajdENXlkbDZJRllaMkpnTU9iVnhtTTdGN2V5c3pvcEx3dDl3MXY1c2pMc1BVNXRaSmVObGRQY2RzTkhldV",MorungExpress,28.222994362938845,86.18445191842868
2384cf8,live-62b9d03f,2026-08-01T17:41:51.166772+00:00,Multiple,Reported area,Landslide,Aftermath,"India, Nepal Revive Ties With Restoration of Lalitpur Heritage Sites - NDTV","<a href=""https://news.google.com/rss/articles/CBMirAFBVV95cUxNcGVkUm1ibXNwOFRxMVBFX0l6enR5bDVoTmhEUzhOa2VaWVNpaEpqZWw0WkdCMGR3ajZDbkFLSVJLLVVqdWhTenIxMl9JYXl4b0xlUzczMUdMN0xzNnNBX09nZEp0RTlzNnJEN1A5UU",NDTV,27.15221466567773,85.53656388207989
2384cf8,live-14c89dc1,2026-08-01T17:41:51.166754+00:00,Multiple,Reported area,Structural Failure,Aftermath,Post-Disaster Housing Reconstruction in Rural Nepal A Case Study in the Aftermath of the 2015 Nepal ,"<a href=""https://news.google.com/rss/articles/CBMibkFVX3lxTE15U3JKZkRRbl9FemdvVllucXVsTmpxS2E5aW1mQ1Y4Q3RRNHhQUjhQd2NrRjZaSXY1alZLLUNTRi1WbFdFN2Fpd2Vta0lLZXNoWDB2RFRDS25rMmo3T3ZvRWt2NGV5NW5uRDJvUVdn?o",SCIRP Open Access,27.89908707047925,85.27965027571074
2384cf8,live-8405c7af,2026-08-01T17:41:51.166742+00:00,Multiple,Reported area,Structural Failure,Aftermath,Nepal Earthquake: How to Help - Save the Children US,"<a href=""https://news.google.com/rss/articles/CBMikgFBVV95cUxPZWZVZ2l6bGtkb3ZVVUNPdzVfRzVZSURtWlJ3X3g2YlFUVHNZaUlVZ0hmSVllV1pad1Y3eS1rcG91X21EMnAtaUNHSGRNaC1XcEtEeUxkYjk0dnZSSmUwYXF0SjU1N0VnU0RwVmE4Z3",Save the Children US,28.340137980638858,84.58250014969538
2384cf8,live-39602065,2026-08-01T17:41:51.166724+00:00,Multiple,Reported area,Structural Failure,Aftermath,4.2-magnitude earthquake strikes western Nepal; no damage reported - newindianexpress.com,"<a href=""https://news.google.com/rss/articles/CBMitgFBVV95cUxNd0ZpbnRBR01HcVQ1R0xsY01ibGNaTmZWYmpHUkI1R3FmVjlTbkd4Mko1a2Y5enZPOWwtWHlycEpRU1RGei0xR2I2NUVCd2JMVTFPMTlOMnpiQ3h1TXA4NHhyZjM3ZlBsWG40OUhBNW",newindianexpress.com,27.64261772946868,85.61684241724755
2384cf8,live-924ac08b,2026-08-01T17:41:51.166711+00:00,Multiple,Reported area,Structural Failure,Aftermath,"101-Year-Old Pulled From Rubble One Week After Nepal Earthquake - ABC News - Breaking News, Latest N","<a href=""https://news.google.com/rss/articles/CBMinAFBVV95cUxQN0ZnMnd1SzIzbGVEUmJWaGlaZkJjbVpRT0E3eHFJVkdNT1VabWV0bmJoaXI3QzJUYjVlcjZqdGpHaVlKSGY2MjhmeXNNaFdwNndDZnIxalRGLU9LOF9ZTVI1N2JNTTQyXzI4UlBLQW","ABC News - Breaking News, Latest News and Videos",28.001333304020267,84.50693140629487
2384cf8,live-2c35ad22,2026-08-01T17:41:51.166692+00:00,Multiple,Reported area,Structural Failure,Aftermath,Nepal and Northern India are not overdue for a huge earthquake - New Scientist,"<a href=""https://news.google.com/rss/articles/CBMirAFBVV95cUxOTTIwNHM3ZjM1NHFEek5jVkNQblpUQkJsYTRNcDdINHhDMWJmbU9taGFTNFlDbHRUMVhmRGpVb3dsbkRfRnZKd3lkbVFfRExseXR4SGZvOHNhVzRyX29TMlVxWDF5SUhyLXdTNHctMD",New Scientist,26.7213502911896,85.2927535963222
2384cf8,live-e893ab92,2026-08-01T17:41:51.166677+00:00,Multiple,Reported area,Structural Failure,Aftermath,The economic damage from the Nepal earthquake is almost half of the country’s GDP - qz.com,"<a href=""https://news.google.com/rss/articles/CBMirAFBVV95cUxPWUJKV2JuVTNqa0ZDNUVwMFlIVk9kNU1JMy0wNVQ5dUg0TEFyS2xRczM4em9qYXRqVVBlXzQwVmlzWm8ydFJUYjNFWVhiTEYtWW41cE9fMXAxd2lZYkFINmlaZnBrSW8yWnBBcURVR1",qz.com,28.310535737900576,85.34012079178828
2384cf8,live-ed80b671,2026-08-01T17:41:51.166643+00:00,Multiple,Reported area,Structural Failure,Aftermath,Aftershock: Everest and the Nepal Earthquake (2022) - IMDb,"<a href=""https://news.google.com/rss/articles/CBMicEFVX3lxTE1RV1NnQ1MtcklKQ2xLZHBwODlGNkFIeVM1eEJ2aloyV2Q2VjEtbGhjQjJxdDBjM1ExcjVxRW5jZ2FkWC1qdUlpSlVqQ0JEc0RNWmtjTlcxTGt3NzNYUXg4T3dhRlJCZ2pRVmIxVFdyZH",IMDb,27.823123443622844,84.32077820999325
e70a74b,live-09770528,2026-08-01T16:36:39.140445+00:00,Multiple,Reported area,Structural Failure,Aftermath,3.8 Magnitude Earthquake Hits Nepal - Deccan Chronicle,"<a href=""https://news.google.com/rss/articles/CBMilgFBVV95cUxPd25LeVA1aTREVVVka0xUWGFZNGx0RmZZNFQ4UGpmRmdyclQtRW1vS09lTDQ0NEhyd0lNbEZpZklKVWdFa1MxQzRfUXZLdk04QnM2cVZNSmlTUENVUnVrd1hZTzlrb3dDSlRwdGZTSU",Deccan Chronicle,28.564576161899506,86.02522887381792
e70a74b,live-95dc8256,2026-08-01T16:36:39.140436+00:00,Multiple,Reported area,Structural Failure,Aftermath,"Multiple earthquakes strike China, Tibet, Nepal within hours, says National Center for Seismology - ","<a href=""https://news.google.com/rss/articles/CBMivAFBVV95cUxQcDh4RThfT3hRYXIyT0lvUjAyTkd4NkxrM0NJVmdDaU51STNqb1Zwa3NkajdENXlkbDZJRllaMkpnTU9iVnhtTTdGN2V5c3pvcEx3dDl3MXY1c2pMc1BVNXRaSmVObGRQY2RzTkhldV",MorungExpress,27.61660366063853,84.5321900183772
e70a74b,live-35b5b209,2026-08-01T16:36:39.140425+00:00,Multiple,Reported area,Landslide,Aftermath,"India, Nepal Revive Ties With Restoration of Lalitpur Heritage Sites - NDTV","<a href=""https://news.google.com/rss/articles/CBMirAFBVV95cUxNcGVkUm1ibXNwOFRxMVBFX0l6enR5bDVoTmhEUzhOa2VaWVNpaEpqZWw0WkdCMGR3ajZDbkFLSVJLLVVqdWhTenIxMl9JYXl4b0xlUzczMUdMN0xzNnNBX09nZEp0RTlzNnJEN1A5UU",NDTV,28.455203463373923,84.5557944386786
e70a74b,live-92c22a08,2026-08-01T16:36:39.140410+00:00,Multiple,Reported area,Structural Failure,Aftermath,Post-Disaster Housing Reconstruction in Rural Nepal A Case Study in the Aftermath of the 2015 Nepal ,"<a href=""https://news.google.com/rss/articles/CBMibkFVX3lxTE15U3JKZkRRbl9FemdvVllucXVsTmpxS2E5aW1mQ1Y4Q3RRNHhQUjhQd2NrRjZaSXY1alZLLUNTRi1WbFdFN2Fpd2Vta0lLZXNoWDB2RFRDS25rMmo3T3ZvRWt2NGV5NW5uRDJvUVdn?o",SCIRP Open Access,27.494689111073136,85.63651747452445
e70a74b,live-2635a72c,2026-08-01T16:36:39.140401+00:00,Multiple,Reported area,Structural Failure,Aftermath,Nepal Earthquake: How to Help - Save the Children US,"<a href=""https://news.google.com/rss/articles/CBMikgFBVV95cUxPZWZVZ2l6bGtkb3ZVVUNPdzVfRzVZSURtWlJ3X3g2YlFUVHNZaUlVZ0hmSVllV1pad1Y3eS1rcG91X21EMnAtaUNHSGRNaC1XcEtEeUxkYjk0dnZSSmUwYXF0SjU1N0VnU0RwVmE4Z3",Save the Children US,28.13920571286942,85.96905223132384
e70a74b,live-403cd185,2026-08-01T16:36:39.140390+00:00,Multiple,Reported area,Structural Failure,Aftermath,4.2-magnitude earthquake strikes western Nepal; no damage reported - The New Indian Express,"<a href=""https://news.google.com/rss/articles/CBMitgFBVV95cUxNd0ZpbnRBR01HcVQ1R0xsY01ibGNaTmZWYmpHUkI1R3FmVjlTbkd4Mko1a2Y5enZPOWwtWHlycEpRU1RGei0xR2I2NUVCd2JMVTFPMTlOMnpiQ3h1TXA4NHhyZjM3ZlBsWG40OUhBNW",The New Indian Express,26.705698386790324,85.90160454900285
e70a74b,live-bb6836ce,2026-08-01T16:36:39.140380+00:00,Multiple,Reported area,Structural Failure,Aftermath,"101-Year-Old Pulled From Rubble One Week After Nepal Earthquake - ABC News - Breaking News, Latest N","<a href=""https://news.google.com/rss/articles/CBMinAFBVV95cUxQN0ZnMnd1SzIzbGVEUmJWaGlaZkJjbVpRT0E3eHFJVkdNT1VabWV0bmJoaXI3QzJUYjVlcjZqdGpHaVlKSGY2MjhmeXNNaFdwNndDZnIxalRGLU9LOF9ZTVI1N2JNTTQyXzI4UlBLQW","ABC News - Breaking News, Latest News and Videos",28.159522553579382,85.0695786109045
e70a74b,live-77dba3a5,2026-08-01T16:36:39.140365+00:00,Multiple,Reported area,Structural Failure,Aftermath,Nepal and Northern India are not overdue for a huge earthquake - New Scientist,"<a href=""https://news.google.com/rss/articles/CBMirAFBVV95cUxOTTIwNHM3ZjM1NHFEek5jVkNQblpUQkJsYTRNcDdINHhDMWJmbU9taGFTNFlDbHRUMVhmRGpVb3dsbkRfRnZKd3lkbVFfRExseXR4SGZvOHNhVzRyX29TMlVxWDF5SUhyLXdTNHctMD",New Scientist,27.98066442463503,86.24822660010518
e70a74b,live-52584c55,2026-08-01T16:36:39.140354+00:00,Multiple,Reported area,Structural Failure,Aftermath,The economic damage from the Nepal earthquake is almost half of the country’s GDP - qz.com,"<a href=""https://news.google.com/rss/articles/CBMirAFBVV95cUxPWUJKV2JuVTNqa0ZDNUVwMFlIVk9kNU1JMy0wNVQ5dUg0TEFyS2xRczM4em9qYXRqVVBlXzQwVmlzWm8ydFJUYjNFWVhiTEYtWW41cE9fMXAxd2lZYkFINmlaZnBrSW8yWnBBcURVR1",qz.com,27.576062002197286,84.87792283055795
e70a74b,live-e66c9d02,2026-08-01T16:36:39.140325+00:00,Multiple,Reported area,Structural Failure,Aftermath,Aftershock: Everest and the Nepal Earthquake (2022) - IMDb,"<a href=""https://news.google.com/rss/articles/CBMicEFVX3lxTE1RV1NnQ1MtcklKQ2xLZHBwODlGNkFIeVM1eEJ2aloyV2Q2VjEtbGhjQjJxdDBjM1ExcjVxRW5jZ2FkWC1qdUlpSlVqQ0JEc0RNWmtjTlcxTGt3NzNYUXg4T3dhRlJCZ2pRVmIxVFdyZH",IMDb,27.114437774155736,86.11049831387727
ee7361b,live-f85f397a,2026-08-01T15:17:22.927693+00:00,Multiple,Reported area,Structural Failure,Aftermath,3.8 Magnitude Earthquake Hits Nepal - deccanchronicle.com,"<a href=""https://news.google.com/rss/articles/CBMilgFBVV95cUxPd25LeVA1aTREVVVka0xUWGFZNGx0RmZZNFQ4UGpmRmdyclQtRW1vS09lTDQ0NEhyd0lNbEZpZklKVWdFa1MxQzRfUXZLdk04QnM2cVZNSmlTUENVUnVrd1hZTzlrb3dDSlRwdGZTSU",deccanchronicle.com,28.338267539122388,84.95489089271278
ee7361b,live-374ea770,2026-08-01T15:17:22.927680+00:00,Multiple,Reported area,Structural Failure,Aftermath,"Multiple earthquakes strike China, Tibet, Nepal within hours, says National Center for Seismology - ","<a href=""https://news.google.com/rss/articles/CBMivAFBVV95cUxQcDh4RThfT3hRYXIyT0lvUjAyTkd4NkxrM0NJVmdDaU51STNqb1Zwa3NkajdENXlkbDZJRllaMkpnTU9iVnhtTTdGN2V5c3pvcEx3dDl3MXY1c2pMc1BVNXRaSmVObGRQY2RzTkhldV",MorungExpress,28.09464308477675,85.30419819400453
ee7361b,live-bb93ec5a,2026-08-01T15:17:22.927665+00:00,Multiple,Reported area,Landslide,Aftermath,"India, Nepal Revive Ties With Restoration of Lalitpur Heritage Sites - NDTV","<a href=""https://news.google.com/rss/articles/CBMirAFBVV95cUxNcGVkUm1ibXNwOFRxMVBFX0l6enR5bDVoTmhEUzhOa2VaWVNpaEpqZWw0WkdCMGR3ajZDbkFLSVJLLVVqdWhTenIxMl9JYXl4b0xlUzczMUdMN0xzNnNBX09nZEp0RTlzNnJEN1A5UU",NDTV,27.550503570061665,84.3198969457332
ee7361b,live-42c28eb4,2026-08-01T15:17:22.927647+00:00,Multiple,Reported area,Structural Failure,Aftermath,Post-Disaster Housing Reconstruction in Rural Nepal A Case Study in the Aftermath of the 2015 Nepal ,"<a href=""https://news.google.com/rss/articles/CBMibkFVX3lxTE15U3JKZkRRbl9FemdvVllucXVsTmpxS2E5aW1mQ1Y4Q3RRNHhQUjhQd2NrRjZaSXY1alZLLUNTRi1WbFdFN2Fpd2Vta0lLZXNoWDB2RFRDS25rMmo3T3ZvRWt2NGV5NW5uRDJvUVdn?o",SCIRP Open Access,28.259853180691273,84.68749884761392
ee7361b,live-0d2c47a9,2026-08-01T15:17:22.927634+00:00,Multiple,Reported area,Structural Failure,Aftermath,Nepal Earthquake: How to Help - savethechildren.org,"<a href=""https://news.google.com/rss/articles/CBMikgFBVV95cUxPZWZVZ2l6bGtkb3ZVVUNPdzVfRzVZSURtWlJ3X3g2YlFUVHNZaUlVZ0hmSVllV1pad1Y3eS1rcG91X21EMnAtaUNHSGRNaC1XcEtEeUxkYjk0dnZSSmUwYXF0SjU1N0VnU0RwVmE4Z3",savethechildren.org,28.007649189003015,86.13047849742979
ee7361b,live-57fe7c6a,2026-08-01T15:17:22.927615+00:00,Multiple,Reported area,Structural Failure,Aftermath,4.2-magnitude earthquake strikes western Nepal; no damage reported - The New Indian Express,"<a href=""https://news.google.com/rss/articles/CBMitgFBVV95cUxNd0ZpbnRBR01HcVQ1R0xsY01ibGNaTmZWYmpHUkI1R3FmVjlTbkd4Mko1a2Y5enZPOWwtWHlycEpRU1RGei0xR2I2NUVCd2JMVTFPMTlOMnpiQ3h1TXA4NHhyZjM3ZlBsWG40OUhBNW",The New Indian Express,27.64077315837833,84.45346310311362
ee7361b,live-263985cd,2026-08-01T15:17:22.927600+00:00,Multiple,Reported area,Structural Failure,Aftermath,"101-Year-Old Pulled From Rubble One Week After Nepal Earthquake - ABC News - Breaking News, Latest N","<a href=""https://news.google.com/rss/articles/CBMinAFBVV95cUxQN0ZnMnd1SzIzbGVEUmJWaGlaZkJjbVpRT0E3eHFJVkdNT1VabWV0bmJoaXI3QzJUYjVlcjZqdGpHaVlKSGY2MjhmeXNNaFdwNndDZnIxalRGLU9LOF9ZTVI1N2JNTTQyXzI4UlBLQW","ABC News - Breaking News, Latest News and Videos",26.7165159799827,85.94717366317762
ee7361b,live-6bf61ba2,2026-08-01T15:17:22.927580+00:00,Multiple,Reported area,Structural Failure,Aftermath,Nepal and Northern India are not overdue for a huge earthquake - New Scientist,"<a href=""https://news.google.com/rss/articles/CBMirAFBVV95cUxOTTIwNHM3ZjM1NHFEek5jVkNQblpUQkJsYTRNcDdINHhDMWJmbU9taGFTNFlDbHRUMVhmRGpVb3dsbkRfRnZKd3lkbVFfRExseXR4SGZvOHNhVzRyX29TMlVxWDF5SUhyLXdTNHctMD",New Scientist,28.53204344973289,84.63556984453791
ee7361b,live-f3a3e9b2,2026-08-01T15:17:22.927565+00:00,Multiple,Reported area,Structural Failure,Aftermath,The economic damage from the Nepal earthquake is almost half of the country’s GDP - qz.com,"<a href=""https://news.google.com/rss/articles/CBMirAFBVV95cUxPWUJKV2JuVTNqa0ZDNUVwMFlIVk9kNU1JMy0wNVQ5dUg0TEFyS2xRczM4em9qYXRqVVBlXzQwVmlzWm8ydFJUYjNFWVhiTEYtWW41cE9fMXAxd2lZYkFINmlaZnBrSW8yWnBBcURVR1",qz.com,27.633416862870043,85.26404993315101
ee7361b,live-7667c196,2026-08-01T15:17:22.927525+00:00,Multiple,Reported area,Structural Failure,Aftermath,Aftershock: Everest and the Nepal Earthquake (2022) - IMDb,"<a href=""https://news.google.com/rss/articles/CBMicEFVX3lxTE1RV1NnQ1MtcklKQ2xLZHBwODlGNkFIeVM1eEJ2aloyV2Q2VjEtbGhjQjJxdDBjM1ExcjVxRW5jZ2FkWC1qdUlpSlVqQ0JEc0RNWmtjTlcxTGt3NzNYUXg4T3dhRlJCZ2pRVmIxVFdyZH",IMDb,27.06368548381424,85.03105852092423
126583f,live-77438b0c,2026-08-01T13:55:01.827447+00:00,Multiple,Reported area,Structural Failure,Aftermath,3.8 Magnitude Earthquake Hits Nepal - deccanchronicle.com,"<a href=""https://news.google.com/rss/articles/CBMilgFBVV95cUxPd25LeVA1aTREVVVka0xUWGFZNGx0RmZZNFQ4UGpmRmdyclQtRW1vS09lTDQ0NEhyd0lNbEZpZklKVWdFa1MxQzRfUXZLdk04QnM2cVZNSmlTUENVUnVrd1hZTzlrb3dDSlRwdGZTSU",deccanchronicle.com,26.88783435521399,86.12356617388227
126583f,live-946a6859,2026-08-01T13:55:01.827439+00:00,Multiple,Reported area,Structural Failure,Aftermath,"Multiple earthquakes strike China, Tibet, Nepal within hours, says National Center for Seismology - ","<a href=""https://news.google.com/rss/articles/CBMivAFBVV95cUxQcDh4RThfT3hRYXIyT0lvUjAyTkd4NkxrM0NJVmdDaU51STNqb1Zwa3NkajdENXlkbDZJRllaMkpnTU9iVnhtTTdGN2V5c3pvcEx3dDl3MXY1c2pMc1BVNXRaSmVObGRQY2RzTkhldV",MorungExpress,28.12031511748663,86.25122408369721
126583f,live-739f7270,2026-08-01T13:55:01.827428+00:00,Multiple,Reported area,Landslide,Aftermath,"India, Nepal Revive Ties With Restoration of Lalitpur Heritage Sites - NDTV","<a href=""https://news.google.com/rss/articles/CBMirAFBVV95cUxNcGVkUm1ibXNwOFRxMVBFX0l6enR5bDVoTmhEUzhOa2VaWVNpaEpqZWw0WkdCMGR3ajZDbkFLSVJLLVVqdWhTenIxMl9JYXl4b0xlUzczMUdMN0xzNnNBX09nZEp0RTlzNnJEN1A5UU",NDTV,28.091370048020927,85.73521702889474
126583f,live-2ca2e96c,2026-08-01T13:55:01.827415+00:00,Multiple,Reported area,Structural Failure,Aftermath,Post-Disaster Housing Reconstruction in Rural Nepal A Case Study in the Aftermath of the 2015 Nepal ,"<a href=""https://news.google.com/rss/articles/CBMibkFVX3lxTE15U3JKZkRRbl9FemdvVllucXVsTmpxS2E5aW1mQ1Y4Q3RRNHhQUjhQd2NrRjZaSXY1alZLLUNTRi1WbFdFN2Fpd2Vta0lLZXNoWDB2RFRDS25rMmo3T3ZvRWt2NGV5NW5uRDJvUVdn?o",SCIRP Open Access,28.23493428252162,85.57561407803607
126583f,live-566f2329,2026-08-01T13:55:01.827407+00:00,Multiple,Reported area,Structural Failure,Aftermath,Nepal Earthquake: How to Help - savethechildren.org,"<a href=""https://news.google.com/rss/articles/CBMikgFBVV95cUxPZWZVZ2l6bGtkb3ZVVUNPdzVfRzVZSURtWlJ3X3g2YlFUVHNZaUlVZ0hmSVllV1pad1Y3eS1rcG91X21EMnAtaUNHSGRNaC1XcEtEeUxkYjk0dnZSSmUwYXF0SjU1N0VnU0RwVmE4Z3",savethechildren.org,28.492045057086422,84.60807126980404
126583f,live-7d0ffb46,2026-08-01T13:55:01.827398+00:00,Multiple,Reported area,Structural Failure,Aftermath,4.2-magnitude earthquake strikes western Nepal; no damage reported - The New Indian Express,"<a href=""https://news.google.com/rss/articles/CBMitgFBVV95cUxNd0ZpbnRBR01HcVQ1R0xsY01ibGNaTmZWYmpHUkI1R3FmVjlTbkd4Mko1a2Y5enZPOWwtWHlycEpRU1RGei0xR2I2NUVCd2JMVTFPMTlOMnpiQ3h1TXA4NHhyZjM3ZlBsWG40OUhBNW",The New Indian Express,27.386394998714486,84.5818084055884
126583f,live-dfd63b09,2026-08-01T13:55:01.827390+00:00,Multiple,Reported area,Structural Failure,Aftermath,"101-Year-Old Pulled From Rubble One Week After Nepal Earthquake - ABC News - Breaking News, Latest N","<a href=""https://news.google.com/rss/articles/CBMinAFBVV95cUxQN0ZnMnd1SzIzbGVEUmJWaGlaZkJjbVpRT0E3eHFJVkdNT1VabWV0bmJoaXI3QzJUYjVlcjZqdGpHaVlKSGY2MjhmeXNNaFdwNndDZnIxalRGLU9LOF9ZTVI1N2JNTTQyXzI4UlBLQW","ABC News - Breaking News, Latest News and Videos",27.324684058038603,84.98331539631266
126583f,live-1fd1a322,2026-08-01T13:55:01.827376+00:00,Multiple,Reported area,Structural Failure,Aftermath,Nepal and Northern India are not overdue for a huge earthquake - New Scientist,"<a href=""https://news.google.com/rss/articles/CBMirAFBVV95cUxOTTIwNHM3ZjM1NHFEek5jVkNQblpUQkJsYTRNcDdINHhDMWJmbU9taGFTNFlDbHRUMVhmRGpVb3dsbkRfRnZKd3lkbVFfRExseXR4SGZvOHNhVzRyX29TMlVxWDF5SUhyLXdTNHctMD",New Scientist,28.183922714595074,84.6643316347944
126583f,live-1665e63a,2026-08-01T13:55:01.827366+00:00,Multiple,Reported area,Structural Failure,Aftermath,The economic damage from the Nepal earthquake is almost half of the country’s GDP - qz.com,"<a href=""https://news.google.com/rss/articles/CBMirAFBVV95cUxPWUJKV2JuVTNqa0ZDNUVwMFlIVk9kNU1JMy0wNVQ5dUg0TEFyS2xRczM4em9qYXRqVVBlXzQwVmlzWm8ydFJUYjNFWVhiTEYtWW41cE9fMXAxd2lZYkFINmlaZnBrSW8yWnBBcURVR1",qz.com,28.68027166759583,86.01692049994428
126583f,live-a1ba31d4,2026-08-01T13:55:01.827334+00:00,Multiple,Reported area,Structural Failure,Aftermath,Aftershock: Everest and the Nepal Earthquake (2022) - IMDb,"<a href=""https://news.google.com/rss/articles/CBMicEFVX3lxTE1RV1NnQ1MtcklKQ2xLZHBwODlGNkFIeVM1eEJ2aloyV2Q2VjEtbGhjQjJxdDBjM1ExcjVxRW5jZ2FkWC1qdUlpSlVqQ0JEc0RNWmtjTlcxTGt3NzNYUXg4T3dhRlJCZ2pRVmIxVFdyZH",IMDb,27.025974555608773,85.2131663751698
68e407c,live-27f2b12f,2026-08-01T12:12:17.964538+00:00,Multiple,Reported area,Structural Failure,Aftermath,3.8 Magnitude Earthquake Hits Nepal - Deccan Chronicle,"<a href=""https://news.google.com/rss/articles/CBMilgFBVV95cUxPd25LeVA1aTREVVVka0xUWGFZNGx0RmZZNFQ4UGpmRmdyclQtRW1vS09lTDQ0NEhyd0lNbEZpZklKVWdFa1MxQzRfUXZLdk04QnM2cVZNSmlTUENVUnVrd1hZTzlrb3dDSlRwdGZTSU",Deccan Chronicle,27.48567591976632,84.32126534871814
68e407c,live-9ee3d826,2026-08-01T12:12:17.964525+00:00,Multiple,Reported area,Structural Failure,Aftermath,"Multiple earthquakes strike China, Tibet, Nepal within hours, says National Center for Seismology - ","<a href=""https://news.google.com/rss/articles/CBMivAFBVV95cUxQcDh4RThfT3hRYXIyT0lvUjAyTkd4NkxrM0NJVmdDaU51STNqb1Zwa3NkajdENXlkbDZJRllaMkpnTU9iVnhtTTdGN2V5c3pvcEx3dDl3MXY1c2pMc1BVNXRaSmVObGRQY2RzTkhldV",MorungExpress,27.357392427539914,85.29011321997241
68e407c,live-7537809d,2026-08-01T12:12:17.964506+00:00,Multiple,Reported area,Landslide,Aftermath,"India, Nepal Revive Ties With Restoration of Lalitpur Heritage Sites - NDTV","<a href=""https://news.google.com/rss/articles/CBMirAFBVV95cUxNcGVkUm1ibXNwOFRxMVBFX0l6enR5bDVoTmhEUzhOa2VaWVNpaEpqZWw0WkdCMGR3ajZDbkFLSVJLLVVqdWhTenIxMl9JYXl4b0xlUzczMUdMN0xzNnNBX09nZEp0RTlzNnJEN1A5UU",NDTV,28.19564157885988,86.16580482214849
68e407c,live-302f0af7,2026-08-01T12:12:17.964488+00:00,Multiple,Reported area,Structural Failure,Aftermath,Post-Disaster Housing Reconstruction in Rural Nepal A Case Study in the Aftermath of the 2015 Nepal ,"<a href=""https://news.google.com/rss/articles/CBMibkFVX3lxTE15U3JKZkRRbl9FemdvVllucXVsTmpxS2E5aW1mQ1Y4Q3RRNHhQUjhQd2NrRjZaSXY1alZLLUNTRi1WbFdFN2Fpd2Vta0lLZXNoWDB2RFRDS25rMmo3T3ZvRWt2NGV5NW5uRDJvUVdn?o",SCIRP Open Access,27.631428208558646,85.42860942446467
68e407c,live-aa454535,2026-08-01T12:12:17.964475+00:00,Multiple,Reported area,Structural Failure,Aftermath,Nepal Earthquake: How to Help - Save the Children US,"<a href=""https://news.google.com/rss/articles/CBMikgFBVV95cUxPZWZVZ2l6bGtkb3ZVVUNPdzVfRzVZSURtWlJ3X3g2YlFUVHNZaUlVZ0hmSVllV1pad1Y3eS1rcG91X21EMnAtaUNHSGRNaC1XcEtEeUxkYjk0dnZSSmUwYXF0SjU1N0VnU0RwVmE4Z3",Save the Children US,26.969220631226563,85.88325500018009
68e407c,live-af6a1265,2026-08-01T12:12:17.964462+00:00,Multiple,Reported area,Structural Failure,Aftermath,4.2-magnitude earthquake strikes western Nepal; no damage reported - The New Indian Express,"<a href=""https://news.google.com/rss/articles/CBMitgFBVV95cUxNd0ZpbnRBR01HcVQ1R0xsY01ibGNaTmZWYmpHUkI1R3FmVjlTbkd4Mko1a2Y5enZPOWwtWHlycEpRU1RGei0xR2I2NUVCd2JMVTFPMTlOMnpiQ3h1TXA4NHhyZjM3ZlBsWG40OUhBNW",The New Indian Express,28.552125614940167,85.28858177647588
68e407c,live-dae5c50e,2026-08-01T12:12:17.964448+00:00,Multiple,Reported area,Structural Failure,Aftermath,"101-Year-Old Pulled From Rubble One Week After Nepal Earthquake - ABC News - Breaking News, Latest N","<a href=""https://news.google.com/rss/articles/CBMinAFBVV95cUxQN0ZnMnd1SzIzbGVEUmJWaGlaZkJjbVpRT0E3eHFJVkdNT1VabWV0bmJoaXI3QzJUYjVlcjZqdGpHaVlKSGY2MjhmeXNNaFdwNndDZnIxalRGLU9LOF9ZTVI1N2JNTTQyXzI4UlBLQW","ABC News - Breaking News, Latest News and Videos",28.399728377910122,86.01013813131645
68e407c,live-38b0cc87,2026-08-01T12:12:17.964430+00:00,Multiple,Reported area,Structural Failure,Aftermath,Nepal and Northern India are not overdue for a huge earthquake - newscientist.com,"<a href=""https://news.google.com/rss/articles/CBMirAFBVV95cUxOTTIwNHM3ZjM1NHFEek5jVkNQblpUQkJsYTRNcDdINHhDMWJmbU9taGFTNFlDbHRUMVhmRGpVb3dsbkRfRnZKd3lkbVFfRExseXR4SGZvOHNhVzRyX29TMlVxWDF5SUhyLXdTNHctMD",newscientist.com,26.961511485075047,84.67411592931141
68e407c,live-7aa600c2,2026-08-01T12:12:17.964414+00:00,Multiple,Reported area,Structural Failure,Aftermath,The economic damage from the Nepal earthquake is almost half of the country’s GDP - qz.com,"<a href=""https://news.google.com/rss/articles/CBMirAFBVV95cUxPWUJKV2JuVTNqa0ZDNUVwMFlIVk9kNU1JMy0wNVQ5dUg0TEFyS2xRczM4em9qYXRqVVBlXzQwVmlzWm8ydFJUYjNFWVhiTEYtWW41cE9fMXAxd2lZYkFINmlaZnBrSW8yWnBBcURVR1",qz.com,27.798001176191732,86.01594113010536
68e407c,live-3ec01e8e,2026-08-01T12:12:17.964376+00:00,Multiple,Reported area,Structural Failure,Aftermath,Aftershock: Everest and the Nepal Earthquake (2022) - IMDb,"<a href=""https://news.google.com/rss/articles/CBMicEFVX3lxTE1RV1NnQ1MtcklKQ2xLZHBwODlGNkFIeVM1eEJ2aloyV2Q2VjEtbGhjQjJxdDBjM1ExcjVxRW5jZ2FkWC1qdUlpSlVqQ0JEc0RNWmtjTlcxTGt3NzNYUXg4T3dhRlJCZ2pRVmIxVFdyZH",IMDb,27.36564643291466,85.89156880162716
b4eae97,live-9f3c75bf,2026-08-01T11:05:05.890897+00:00,Multiple,Reported area,Structural Failure,Aftermath,3.8 Magnitude Earthquake Hits Nepal - Deccan Chronicle,"<a href=""https://news.google.com/rss/articles/CBMilgFBVV95cUxPd25LeVA1aTREVVVka0xUWGFZNGx0RmZZNFQ4UGpmRmdyclQtRW1vS09lTDQ0NEhyd0lNbEZpZklKVWdFa1MxQzRfUXZLdk04QnM2cVZNSmlTUENVUnVrd1hZTzlrb3dDSlRwdGZTSU",Deccan Chronicle,27.849417816728618,85.78945317155087
b4eae97,live-810e32bb,2026-08-01T11:05:05.890884+00:00,Multiple,Reported area,Structural Failure,Aftermath,"Multiple earthquakes strike China, Tibet, Nepal within hours, says National Center for Seismology - ","<a href=""https://news.google.com/rss/articles/CBMivAFBVV95cUxQcDh4RThfT3hRYXIyT0lvUjAyTkd4NkxrM0NJVmdDaU51STNqb1Zwa3NkajdENXlkbDZJRllaMkpnTU9iVnhtTTdGN2V5c3pvcEx3dDl3MXY1c2pMc1BVNXRaSmVObGRQY2RzTkhldV",MorungExpress,27.512313513417496,85.0590205289262
b4eae97,live-16b14a6c,2026-08-01T11:05:05.890865+00:00,Multiple,Reported area,Landslide,Aftermath,"India, Nepal Revive Ties With Restoration of Lalitpur Heritage Sites - NDTV","<a href=""https://news.google.com/rss/articles/CBMirAFBVV95cUxNcGVkUm1ibXNwOFRxMVBFX0l6enR5bDVoTmhEUzhOa2VaWVNpaEpqZWw0WkdCMGR3ajZDbkFLSVJLLVVqdWhTenIxMl9JYXl4b0xlUzczMUdMN0xzNnNBX09nZEp0RTlzNnJEN1A5UU",NDTV,28.15827285302464,84.55586174064698
b4eae97,live-5b0cc784,2026-08-01T11:05:05.890847+00:00,Multiple,Reported area,Structural Failure,Aftermath,Post-Disaster Housing Reconstruction in Rural Nepal A Case Study in the Aftermath of the 2015 Nepal ,"<a href=""https://news.google.com/rss/articles/CBMibkFVX3lxTE15U3JKZkRRbl9FemdvVllucXVsTmpxS2E5aW1mQ1Y4Q3RRNHhQUjhQd2NrRjZaSXY1alZLLUNTRi1WbFdFN2Fpd2Vta0lLZXNoWDB2RFRDS25rMmo3T3ZvRWt2NGV5NW5uRDJvUVdn?o",SCIRP Open Access,26.713085468401147,85.24894272192877
b4eae97,live-aa997623,2026-08-01T11:05:05.890835+00:00,Multiple,Reported area,Structural Failure,Aftermath,Nepal Earthquake: How to Help - Save the Children US,"<a href=""https://news.google.com/rss/articles/CBMikgFBVV95cUxPZWZVZ2l6bGtkb3ZVVUNPdzVfRzVZSURtWlJ3X3g2YlFUVHNZaUlVZ0hmSVllV1pad1Y3eS1rcG91X21EMnAtaUNHSGRNaC1XcEtEeUxkYjk0dnZSSmUwYXF0SjU1N0VnU0RwVmE4Z3",Save the Children US,28.126001454845955,85.71997937430736
b4eae97,live-9348080d,2026-08-01T11:05:05.890822+00:00,Multiple,Reported area,Structural Failure,Aftermath,4.2-magnitude earthquake strikes western Nepal; no damage reported - The New Indian Express,"<a href=""https://news.google.com/rss/articles/CBMitgFBVV95cUxNd0ZpbnRBR01HcVQ1R0xsY01ibGNaTmZWYmpHUkI1R3FmVjlTbkd4Mko1a2Y5enZPOWwtWHlycEpRU1RGei0xR2I2NUVCd2JMVTFPMTlOMnpiQ3h1TXA4NHhyZjM3ZlBsWG40OUhBNW",The New Indian Express,27.170058928333432,85.37970122939237
b4eae97,live-ccb1411f,2026-08-01T11:05:05.890808+00:00,Multiple,Reported area,Structural Failure,Aftermath,"101-Year-Old Pulled From Rubble One Week After Nepal Earthquake - ABC News - Breaking News, Latest N","<a href=""https://news.google.com/rss/articles/CBMinAFBVV95cUxQN0ZnMnd1SzIzbGVEUmJWaGlaZkJjbVpRT0E3eHFJVkdNT1VabWV0bmJoaXI3QzJUYjVlcjZqdGpHaVlKSGY2MjhmeXNNaFdwNndDZnIxalRGLU9LOF9ZTVI1N2JNTTQyXzI4UlBLQW","ABC News - Breaking News, Latest News and Videos",27.97423890967814,85.40460944283859
b4eae97,live-6fd41052,2026-08-01T11:05:05.890788+00:00,Multiple,Reported area,Structural Failure,Aftermath,Nepal and Northern India are not overdue for a huge earthquake - newscientist.com,"<a href=""https://news.google.com/rss/articles/CBMirAFBVV95cUxOTTIwNHM3ZjM1NHFEek5jVkNQblpUQkJsYTRNcDdINHhDMWJmbU9taGFTNFlDbHRUMVhmRGpVb3dsbkRfRnZKd3lkbVFfRExseXR4SGZvOHNhVzRyX29TMlVxWDF5SUhyLXdTNHctMD",newscientist.com,28.631812457027024,86.28421186680238
b4eae97,live-04e802e3,2026-08-01T11:05:05.890771+00:00,Multiple,Reported area,Structural Failure,Aftermath,The economic damage from the Nepal earthquake is almost half of the country’s GDP - qz.com,"<a href=""https://news.google.com/rss/articles/CBMirAFBVV95cUxPWUJKV2JuVTNqa0ZDNUVwMFlIVk9kNU1JMy0wNVQ5dUg0TEFyS2xRczM4em9qYXRqVVBlXzQwVmlzWm8ydFJUYjNFWVhiTEYtWW41cE9fMXAxd2lZYkFINmlaZnBrSW8yWnBBcURVR1",qz.com,28.30896127835246,85.43690294618408
b4eae97,live-4560cfa6,2026-08-01T11:05:05.890735+00:00,Multiple,Reported area,Structural Failure,Aftermath,Aftershock: Everest and the Nepal Earthquake (2022) - IMDb,"<a href=""https://news.google.com/rss/articles/CBMicEFVX3lxTE1RV1NnQ1MtcklKQ2xLZHBwODlGNkFIeVM1eEJ2aloyV2Q2VjEtbGhjQjJxdDBjM1ExcjVxRW5jZ2FkWC1qdUlpSlVqQ0JEc0RNWmtjTlcxTGt3NzNYUXg4T3dhRlJCZ2pRVmIxVFdyZH",IMDb,28.38185920881648,84.80981939910865
e1720d9,live-273d72fc,2026-08-01T09:22:12.571212+00:00,Multiple,Reported area,Structural Failure,Aftermath,3.8 Magnitude Earthquake Hits Nepal - Deccan Chronicle,"<a href=""https://news.google.com/rss/articles/CBMilgFBVV95cUxPd25LeVA1aTREVVVka0xUWGFZNGx0RmZZNFQ4UGpmRmdyclQtRW1vS09lTDQ0NEhyd0lNbEZpZklKVWdFa1MxQzRfUXZLdk04QnM2cVZNSmlTUENVUnVrd1hZTzlrb3dDSlRwdGZTSU",Deccan Chronicle,28.313633699333558,85.20572398155426
e1720d9,live-922c6424,2026-08-01T09:22:12.571200+00:00,Multiple,Reported area,Structural Failure,Aftermath,"Multiple earthquakes strike China, Tibet, Nepal within hours, says National Center for Seismology - ","<a href=""https://news.google.com/rss/articles/CBMivAFBVV95cUxQcDh4RThfT3hRYXIyT0lvUjAyTkd4NkxrM0NJVmdDaU51STNqb1Zwa3NkajdENXlkbDZJRllaMkpnTU9iVnhtTTdGN2V5c3pvcEx3dDl3MXY1c2pMc1BVNXRaSmVObGRQY2RzTkhldV",MorungExpress,26.721926978066406,84.39271416906016
e1720d9,live-5e7f430c,2026-08-01T09:22:12.571183+00:00,Multiple,Reported area,Landslide,Aftermath,"India, Nepal Revive Ties With Restoration of Lalitpur Heritage Sites - NDTV","<a href=""https://news.google.com/rss/articles/CBMirAFBVV95cUxNcGVkUm1ibXNwOFRxMVBFX0l6enR5bDVoTmhEUzhOa2VaWVNpaEpqZWw0WkdCMGR3ajZDbkFLSVJLLVVqdWhTenIxMl9JYXl4b0xlUzczMUdMN0xzNnNBX09nZEp0RTlzNnJEN1A5UU",NDTV,27.589053494040662,86.0126801178581
e1720d9,live-757fba07,2026-08-01T09:22:12.571165+00:00,Multiple,Reported area,Structural Failure,Aftermath,Post-Disaster Housing Reconstruction in Rural Nepal A Case Study in the Aftermath of the 2015 Nepal ,"<a href=""https://news.google.com/rss/articles/CBMibkFVX3lxTE15U3JKZkRRbl9FemdvVllucXVsTmpxS2E5aW1mQ1Y4Q3RRNHhQUjhQd2NrRjZaSXY1alZLLUNTRi1WbFdFN2Fpd2Vta0lLZXNoWDB2RFRDS25rMmo3T3ZvRWt2NGV5NW5uRDJvUVdn?o",SCIRP Open Access,27.192574045044307,85.86871549532682
e1720d9,live-85323261,2026-08-01T09:22:12.571153+00:00,Multiple,Reported area,Structural Failure,Aftermath,Nepal Earthquake: How to Help - Save the Children US,"<a href=""https://news.google.com/rss/articles/CBMikgFBVV95cUxPZWZVZ2l6bGtkb3ZVVUNPdzVfRzVZSURtWlJ3X3g2YlFUVHNZaUlVZ0hmSVllV1pad1Y3eS1rcG91X21EMnAtaUNHSGRNaC1XcEtEeUxkYjk0dnZSSmUwYXF0SjU1N0VnU0RwVmE4Z3",Save the Children US,27.482575142105116,84.82286960212447
e1720d9,live-6545089c,2026-08-01T09:22:12.571141+00:00,Multiple,Reported area,Structural Failure,Aftermath,4.2-magnitude earthquake strikes western Nepal; no damage reported - The New Indian Express,"<a href=""https://news.google.com/rss/articles/CBMitgFBVV95cUxNd0ZpbnRBR01HcVQ1R0xsY01ibGNaTmZWYmpHUkI1R3FmVjlTbkd4Mko1a2Y5enZPOWwtWHlycEpRU1RGei0xR2I2NUVCd2JMVTFPMTlOMnpiQ3h1TXA4NHhyZjM3ZlBsWG40OUhBNW",The New Indian Express,27.30608739216572,85.53074382212765
e1720d9,live-548915af,2026-08-01T09:22:12.571127+00:00,Multiple,Reported area,Structural Failure,Aftermath,"101-Year-Old Pulled From Rubble One Week After Nepal Earthquake - ABC News - Breaking News, Latest N","<a href=""https://news.google.com/rss/articles/CBMinAFBVV95cUxQN0ZnMnd1SzIzbGVEUmJWaGlaZkJjbVpRT0E3eHFJVkdNT1VabWV0bmJoaXI3QzJUYjVlcjZqdGpHaVlKSGY2MjhmeXNNaFdwNndDZnIxalRGLU9LOF9ZTVI1N2JNTTQyXzI4UlBLQW","ABC News - Breaking News, Latest News and Videos",28.39864949724604,86.29229286937823
e1720d9,live-958ec873,2026-08-01T09:22:12.571109+00:00,Multiple,Reported area,Structural Failure,Aftermath,Nepal and Northern India are not overdue for a huge earthquake - New Scientist,"<a href=""https://news.google.com/rss/articles/CBMirAFBVV95cUxOTTIwNHM3ZjM1NHFEek5jVkNQblpUQkJsYTRNcDdINHhDMWJmbU9taGFTNFlDbHRUMVhmRGpVb3dsbkRfRnZKd3lkbVFfRExseXR4SGZvOHNhVzRyX29TMlVxWDF5SUhyLXdTNHctMD",New Scientist,28.32231358910265,84.91241394662478
e1720d9,live-6a60dd48,2026-08-01T09:22:12.571094+00:00,Multiple,Reported area,Structural Failure,Aftermath,The economic damage from the Nepal earthquake is almost half of the country’s GDP - qz.com,"<a href=""https://news.google.com/rss/articles/CBMirAFBVV95cUxPWUJKV2JuVTNqa0ZDNUVwMFlIVk9kNU1JMy0wNVQ5dUg0TEFyS2xRczM4em9qYXRqVVBlXzQwVmlzWm8ydFJUYjNFWVhiTEYtWW41cE9fMXAxd2lZYkFINmlaZnBrSW8yWnBBcURVR1",qz.com,27.344459157874645,84.43327815901253
e1720d9,live-e39024af,2026-08-01T09:22:12.571066+00:00,Multiple,Reported area,Structural Failure,Aftermath,Aftershock: Everest and the Nepal Earthquake (2022) - IMDb,"<a href=""https://news.google.com/rss/articles/CBMicEFVX3lxTE1RV1NnQ1MtcklKQ2xLZHBwODlGNkFIeVM1eEJ2aloyV2Q2VjEtbGhjQjJxdDBjM1ExcjVxRW5jZ2FkWC1qdUlpSlVqQ0JEc0RNWmtjTlcxTGt3NzNYUXg4T3dhRlJCZ2pRVmIxVFdyZH",IMDb,28.40192560626361,86.14791849399117
0bc6d26,live-e7ef0107,2026-08-01T07:13:56.027485+00:00,Multiple,Reported area,Structural Failure,Aftermath,"A Look Back At The 2015 Nepal Earthquake When 9,000 People Died - NDTV","<a href=""https://news.google.com/rss/articles/CBMiugFBVV95cUxOVHhaRFBXbmw3aFJGbEdCeHdYR050UnlvWFhfc2pZcGEzV3RPaDNxb3V4SHBNaVB0UWEwaHg4VF9sc21CekpfdmhVSEJYLXBFTzh1eUxnOTV6ZE1pUXMtX0RVSVhENnR1NkN4OWpqcl",NDTV,27.418200036169655,84.6816546334101
0bc6d26,live-31293557,2026-08-01T07:13:56.027472+00:00,Multiple,Reported area,Structural Failure,Aftermath,3.8 Magnitude Earthquake Hits Nepal - Deccan Chronicle,"<a href=""https://news.google.com/rss/articles/CBMilgFBVV95cUxPd25LeVA1aTREVVVka0xUWGFZNGx0RmZZNFQ4UGpmRmdyclQtRW1vS09lTDQ0NEhyd0lNbEZpZklKVWdFa1MxQzRfUXZLdk04QnM2cVZNSmlTUENVUnVrd1hZTzlrb3dDSlRwdGZTSU",Deccan Chronicle,28.378208893688875,84.70787982478916
0bc6d26,live-d1e68906,2026-08-01T07:13:56.027454+00:00,Multiple,Reported area,Structural Failure,Aftermath,"Multiple earthquakes strike China, Tibet, Nepal within hours, says National Center for Seismology - ","<a href=""https://news.google.com/rss/articles/CBMivAFBVV95cUxQcDh4RThfT3hRYXIyT0lvUjAyTkd4NkxrM0NJVmdDaU51STNqb1Zwa3NkajdENXlkbDZJRllaMkpnTU9iVnhtTTdGN2V5c3pvcEx3dDl3MXY1c2pMc1BVNXRaSmVObGRQY2RzTkhldV",MorungExpress,28.600999725568588,85.4511959528749
0bc6d26,live-147a442a,2026-08-01T07:13:56.027436+00:00,Multiple,Reported area,Structural Failure,Aftermath,Post-Disaster Housing Reconstruction in Rural Nepal A Case Study in the Aftermath of the 2015 Nepal ,"<a href=""https://news.google.com/rss/articles/CBMibkFVX3lxTE15U3JKZkRRbl9FemdvVllucXVsTmpxS2E5aW1mQ1Y4Q3RRNHhQUjhQd2NrRjZaSXY1alZLLUNTRi1WbFdFN2Fpd2Vta0lLZXNoWDB2RFRDS25rMmo3T3ZvRWt2NGV5NW5uRDJvUVdn?o",SCIRP Open Access,27.801109884176608,85.06140781300809
0bc6d26,live-20a8c252,2026-08-01T07:13:56.027423+00:00,Multiple,Reported area,Structural Failure,Aftermath,Nepal Earthquake: How to Help - savethechildren.org,"<a href=""https://news.google.com/rss/articles/CBMikgFBVV95cUxPZWZVZ2l6bGtkb3ZVVUNPdzVfRzVZSURtWlJ3X3g2YlFUVHNZaUlVZ0hmSVllV1pad1Y3eS1rcG91X21EMnAtaUNHSGRNaC1XcEtEeUxkYjk0dnZSSmUwYXF0SjU1N0VnU0RwVmE4Z3",savethechildren.org,27.715657609759866,85.1939822034176
0bc6d26,live-da98f65c,2026-08-01T07:13:56.027410+00:00,Multiple,Reported area,Structural Failure,Aftermath,4.2-magnitude earthquake strikes western Nepal; no damage reported - The New Indian Express,"<a href=""https://news.google.com/rss/articles/CBMitgFBVV95cUxNd0ZpbnRBR01HcVQ1R0xsY01ibGNaTmZWYmpHUkI1R3FmVjlTbkd4Mko1a2Y5enZPOWwtWHlycEpRU1RGei0xR2I2NUVCd2JMVTFPMTlOMnpiQ3h1TXA4NHhyZjM3ZlBsWG40OUhBNW",The New Indian Express,28.17210307214178,86.29822015741355
0bc6d26,live-80036d7c,2026-08-01T07:13:56.027396+00:00,Multiple,Reported area,Structural Failure,Aftermath,"101-Year-Old Pulled From Rubble One Week After Nepal Earthquake - ABC News - Breaking News, Latest N","<a href=""https://news.google.com/rss/articles/CBMinAFBVV95cUxQN0ZnMnd1SzIzbGVEUmJWaGlaZkJjbVpRT0E3eHFJVkdNT1VabWV0bmJoaXI3QzJUYjVlcjZqdGpHaVlKSGY2MjhmeXNNaFdwNndDZnIxalRGLU9LOF9ZTVI1N2JNTTQyXzI4UlBLQW","ABC News - Breaking News, Latest News and Videos",27.013988529394446,85.36695483727316
0bc6d26,live-141e6bdb,2026-08-01T07:13:56.027377+00:00,Multiple,Reported area,Structural Failure,Aftermath,Nepal and Northern India are not overdue for a huge earthquake - newscientist.com,"<a href=""https://news.google.com/rss/articles/CBMirAFBVV95cUxOTTIwNHM3ZjM1NHFEek5jVkNQblpUQkJsYTRNcDdINHhDMWJmbU9taGFTNFlDbHRUMVhmRGpVb3dsbkRfRnZKd3lkbVFfRExseXR4SGZvOHNhVzRyX29TMlVxWDF5SUhyLXdTNHctMD",newscientist.com,28.23584806240758,84.43646766380992
0bc6d26,live-d8b34d33,2026-08-01T07:13:56.027360+00:00,Multiple,Reported area,Structural Failure,Aftermath,The economic damage from the Nepal earthquake is almost half of the country’s GDP - qz.com,"<a href=""https://news.google.com/rss/articles/CBMirAFBVV95cUxPWUJKV2JuVTNqa0ZDNUVwMFlIVk9kNU1JMy0wNVQ5dUg0TEFyS2xRczM4em9qYXRqVVBlXzQwVmlzWm8ydFJUYjNFWVhiTEYtWW41cE9fMXAxd2lZYkFINmlaZnBrSW8yWnBBcURVR1",qz.com,27.717979890077117,84.44652880426429
0bc6d26,live-9c6f29ec,2026-08-01T07:13:56.027322+00:00,Multiple,Reported area,Structural Failure,Aftermath,Aftershock: Everest and the Nepal Earthquake (2022) - IMDb,"<a href=""https://news.google.com/rss/articles/CBMicEFVX3lxTE1RV1NnQ1MtcklKQ2xLZHBwODlGNkFIeVM1eEJ2aloyV2Q2VjEtbGhjQjJxdDBjM1ExcjVxRW5jZ2FkWC1qdUlpSlVqQ0JEc0RNWmtjTlcxTGt3NzNYUXg4T3dhRlJCZ2pRVmIxVFdyZH",IMDb,26.918675549933617,84.8919533002394
cfc20ad,live-96e0e010,2026-08-01T04:37:17.470909+00:00,Multiple,Reported area,Structural Failure,Aftermath,"A Look Back At The 2015 Nepal Earthquake When 9,000 People Died - NDTV","<a href=""https://news.google.com/rss/articles/CBMiugFBVV95cUxOVHhaRFBXbmw3aFJGbEdCeHdYR050UnlvWFhfc2pZcGEzV3RPaDNxb3V4SHBNaVB0UWEwaHg4VF9sc21CekpfdmhVSEJYLXBFTzh1eUxnOTV6ZE1pUXMtX0RVSVhENnR1NkN4OWpqcl",NDTV,27.889146311714526,85.95212775005864
cfc20ad,live-bf758ac8,2026-08-01T04:37:17.470896+00:00,Multiple,Reported area,Structural Failure,Aftermath,3.8 Magnitude Earthquake Hits Nepal - Deccan Chronicle,"<a href=""https://news.google.com/rss/articles/CBMilgFBVV95cUxPd25LeVA1aTREVVVka0xUWGFZNGx0RmZZNFQ4UGpmRmdyclQtRW1vS09lTDQ0NEhyd0lNbEZpZklKVWdFa1MxQzRfUXZLdk04QnM2cVZNSmlTUENVUnVrd1hZTzlrb3dDSlRwdGZTSU",Deccan Chronicle,26.8210104775812,85.54720507838039
cfc20ad,live-6b7499f7,2026-08-01T04:37:17.470879+00:00,Multiple,Reported area,Structural Failure,Aftermath,"Multiple earthquakes strike China, Tibet, Nepal within hours, says National Center for Seismology - ","<a href=""https://news.google.com/rss/articles/CBMivAFBVV95cUxQcDh4RThfT3hRYXIyT0lvUjAyTkd4NkxrM0NJVmdDaU51STNqb1Zwa3NkajdENXlkbDZJRllaMkpnTU9iVnhtTTdGN2V5c3pvcEx3dDl3MXY1c2pMc1BVNXRaSmVObGRQY2RzTkhldV",MorungExpress,26.80934476079986,86.19004605338813
cfc20ad,live-ef383df2,2026-08-01T04:37:17.470861+00:00,Multiple,Reported area,Structural Failure,Aftermath,Post-Disaster Housing Reconstruction in Rural Nepal A Case Study in the Aftermath of the 2015 Nepal ,"<a href=""https://news.google.com/rss/articles/CBMibkFVX3lxTE15U3JKZkRRbl9FemdvVllucXVsTmpxS2E5aW1mQ1Y4Q3RRNHhQUjhQd2NrRjZaSXY1alZLLUNTRi1WbFdFN2Fpd2Vta0lLZXNoWDB2RFRDS25rMmo3T3ZvRWt2NGV5NW5uRDJvUVdn?o",SCIRP Open Access,27.79264108405363,85.41560995243658
cfc20ad,live-8f5096a1,2026-08-01T04:37:17.470849+00:00,Multiple,Reported area,Structural Failure,Aftermath,Nepal Earthquake: How to Help - Save the Children US,"<a href=""https://news.google.com/rss/articles/CBMikgFBVV95cUxPZWZVZ2l6bGtkb3ZVVUNPdzVfRzVZSURtWlJ3X3g2YlFUVHNZaUlVZ0hmSVllV1pad1Y3eS1rcG91X21EMnAtaUNHSGRNaC1XcEtEeUxkYjk0dnZSSmUwYXF0SjU1N0VnU0RwVmE4Z3",Save the Children US,28.17476781572549,86.23717231410835
cfc20ad,live-ccf1dc9e,2026-08-01T04:37:17.470836+00:00,Multiple,Reported area,Structural Failure,Aftermath,4.2-magnitude earthquake strikes western Nepal; no damage reported - The New Indian Express,"<a href=""https://news.google.com/rss/articles/CBMitgFBVV95cUxNd0ZpbnRBR01HcVQ1R0xsY01ibGNaTmZWYmpHUkI1R3FmVjlTbkd4Mko1a2Y5enZPOWwtWHlycEpRU1RGei0xR2I2NUVCd2JMVTFPMTlOMnpiQ3h1TXA4NHhyZjM3ZlBsWG40OUhBNW",The New Indian Express,28.353730121754314,85.58009449221366
cfc20ad,live-c0a5d142,2026-08-01T04:37:17.470821+00:00,Multiple,Reported area,Structural Failure,Aftermath,"101-Year-Old Pulled From Rubble One Week After Nepal Earthquake - ABC News - Breaking News, Latest N","<a href=""https://news.google.com/rss/articles/CBMinAFBVV95cUxQN0ZnMnd1SzIzbGVEUmJWaGlaZkJjbVpRT0E3eHFJVkdNT1VabWV0bmJoaXI3QzJUYjVlcjZqdGpHaVlKSGY2MjhmeXNNaFdwNndDZnIxalRGLU9LOF9ZTVI1N2JNTTQyXzI4UlBLQW","ABC News - Breaking News, Latest News and Videos",27.090910363415627,84.97285639450743
cfc20ad,live-2d285295,2026-08-01T04:37:17.470801+00:00,Multiple,Reported area,Structural Failure,Aftermath,Nepal and Northern India are not overdue for a huge earthquake - New Scientist,"<a href=""https://news.google.com/rss/articles/CBMirAFBVV95cUxOTTIwNHM3ZjM1NHFEek5jVkNQblpUQkJsYTRNcDdINHhDMWJmbU9taGFTNFlDbHRUMVhmRGpVb3dsbkRfRnZKd3lkbVFfRExseXR4SGZvOHNhVzRyX29TMlVxWDF5SUhyLXdTNHctMD",New Scientist,28.55148694621385,85.98709724478185
cfc20ad,live-7f6f0f8b,2026-08-01T04:37:17.470785+00:00,Multiple,Reported area,Structural Failure,Aftermath,The economic damage from the Nepal earthquake is almost half of the country’s GDP - qz.com,"<a href=""https://news.google.com/rss/articles/CBMirAFBVV95cUxPWUJKV2JuVTNqa0ZDNUVwMFlIVk9kNU1JMy0wNVQ5dUg0TEFyS2xRczM4em9qYXRqVVBlXzQwVmlzWm8ydFJUYjNFWVhiTEYtWW41cE9fMXAxd2lZYkFINmlaZnBrSW8yWnBBcURVR1",qz.com,27.132334891353548,84.93415161311064
cfc20ad,live-6b180c5a,2026-08-01T04:37:17.470747+00:00,Multiple,Reported area,Structural Failure,Aftermath,Aftershock: Everest and the Nepal Earthquake (2022) - IMDb,"<a href=""https://news.google.com/rss/articles/CBMicEFVX3lxTE1RV1NnQ1MtcklKQ2xLZHBwODlGNkFIeVM1eEJ2aloyV2Q2VjEtbGhjQjJxdDBjM1ExcjVxRW5jZ2FkWC1qdUlpSlVqQ0JEc0RNWmtjTlcxTGt3NzNYUXg4T3dhRlJCZ2pRVmIxVFdyZH",IMDb,28.406271542807897,84.37956568745004
c62561c,live-112d1021,2026-08-01T01:14:28.129288+00:00,Multiple,Reported area,Structural Failure,Aftermath,3.8 Magnitude Earthquake Hits Nepal - Deccan Chronicle,"<a href=""https://news.google.com/rss/articles/CBMilgFBVV95cUxPd25LeVA1aTREVVVka0xUWGFZNGx0RmZZNFQ4UGpmRmdyclQtRW1vS09lTDQ0NEhyd0lNbEZpZklKVWdFa1MxQzRfUXZLdk04QnM2cVZNSmlTUENVUnVrd1hZTzlrb3dDSlRwdGZTSU",Deccan Chronicle,27.80533229676269,86.00721523266844
c62561c,live-5452c1ea,2026-08-01T01:14:28.129275+00:00,Multiple,Reported area,Structural Failure,Aftermath,"Multiple earthquakes strike China, Tibet, Nepal - newsonair.gov.in","<a href=""https://news.google.com/rss/articles/CBMie0FVX3lxTE5GeHp2Mkw2TEh6ZVVvNWd0SHlWaUJmdHdhaG9RZVZndTFoanI4enYyWXM3R2lDaHJHd2NLcThldGsxYzZ1TGZJMktzZU9iRTNmVGdCRjJTOEQ2MVhLWmxCLW16a3RMVFI1N08xWGx0ME",newsonair.gov.in,28.253125787453836,85.11789596909234
c62561c,live-1141dcb8,2026-08-01T01:14:28.129256+00:00,Multiple,Reported area,Structural Failure,Aftermath,Post-Disaster Housing Reconstruction in Rural Nepal A Case Study in the Aftermath of the 2015 Nepal ,"<a href=""https://news.google.com/rss/articles/CBMibkFVX3lxTE15U3JKZkRRbl9FemdvVllucXVsTmpxS2E5aW1mQ1Y4Q3RRNHhQUjhQd2NrRjZaSXY1alZLLUNTRi1WbFdFN2Fpd2Vta0lLZXNoWDB2RFRDS25rMmo3T3ZvRWt2NGV5NW5uRDJvUVdn?o",SCIRP Open Access,28.330577287610453,84.7312097459672
c62561c,live-a5bd3d47,2026-08-01T01:14:28.129236+00:00,Multiple,Reported area,Structural Failure,Aftermath,Nepal Earthquake: How to Help - Save the Children US,"<a href=""https://news.google.com/rss/articles/CBMikgFBVV95cUxPZWZVZ2l6bGtkb3ZVVUNPdzVfRzVZSURtWlJ3X3g2YlFUVHNZaUlVZ0hmSVllV1pad1Y3eS1rcG91X21EMnAtaUNHSGRNaC1XcEtEeUxkYjk0dnZSSmUwYXF0SjU1N0VnU0RwVmE4Z3",Save the Children US,27.249047383308167,84.61640012717135
c62561c,live-8e6204fd,2026-08-01T01:14:28.129223+00:00,Multiple,Reported area,Structural Failure,Aftermath,4.2-magnitude earthquake strikes western Nepal; no damage reported - The New Indian Express,"<a href=""https://news.google.com/rss/articles/CBMitgFBVV95cUxNd0ZpbnRBR01HcVQ1R0xsY01ibGNaTmZWYmpHUkI1R3FmVjlTbkd4Mko1a2Y5enZPOWwtWHlycEpRU1RGei0xR2I2NUVCd2JMVTFPMTlOMnpiQ3h1TXA4NHhyZjM3ZlBsWG40OUhBNW",The New Indian Express,27.361796318654573,85.32889060034539
c62561c,live-364cc84d,2026-08-01T01:14:28.129207+00:00,Multiple,Reported area,Structural Failure,Aftermath,"Multiple earthquakes strike China, Tibet, Nepal within hours, says National Center for Seismology - ","<a href=""https://news.google.com/rss/articles/CBMivAFBVV95cUxQcDh4RThfT3hRYXIyT0lvUjAyTkd4NkxrM0NJVmdDaU51STNqb1Zwa3NkajdENXlkbDZJRllaMkpnTU9iVnhtTTdGN2V5c3pvcEx3dDl3MXY1c2pMc1BVNXRaSmVObGRQY2RzTkhldV",MorungExpress,27.463227864530054,86.00413327638584
c62561c,live-507d2566,2026-08-01T01:14:28.129159+00:00,Multiple,Reported area,Structural Failure,Aftermath,"101-Year-Old Pulled From Rubble One Week After Nepal Earthquake - ABC News - Breaking News, Latest N","<a href=""https://news.google.com/rss/articles/CBMinAFBVV95cUxQN0ZnMnd1SzIzbGVEUmJWaGlaZkJjbVpRT0E3eHFJVkdNT1VabWV0bmJoaXI3QzJUYjVlcjZqdGpHaVlKSGY2MjhmeXNNaFdwNndDZnIxalRGLU9LOF9ZTVI1N2JNTTQyXzI4UlBLQW","ABC News - Breaking News, Latest News and Videos",28.4006354664897,85.03149596097683
c62561c,live-fee0fcbf,2026-08-01T01:14:28.129140+00:00,Multiple,Reported area,Structural Failure,Aftermath,Nepal and Northern India are not overdue for a huge earthquake - New Scientist,"<a href=""https://news.google.com/rss/articles/CBMirAFBVV95cUxOTTIwNHM3ZjM1NHFEek5jVkNQblpUQkJsYTRNcDdINHhDMWJmbU9taGFTNFlDbHRUMVhmRGpVb3dsbkRfRnZKd3lkbVFfRExseXR4SGZvOHNhVzRyX29TMlVxWDF5SUhyLXdTNHctMD",New Scientist,27.280101258432126,84.85419140619113
c62561c,live-1958842c,2026-08-01T01:14:28.129123+00:00,Multiple,Reported area,Structural Failure,Aftermath,The economic damage from the Nepal earthquake is almost half of the country’s GDP - qz.com,"<a href=""https://news.google.com/rss/articles/CBMirAFBVV95cUxPWUJKV2JuVTNqa0ZDNUVwMFlIVk9kNU1JMy0wNVQ5dUg0TEFyS2xRczM4em9qYXRqVVBlXzQwVmlzWm8ydFJUYjNFWVhiTEYtWW41cE9fMXAxd2lZYkFINmlaZnBrSW8yWnBBcURVR1",qz.com,26.992752614357748,85.44481799313657
c62561c,live-1d42238e,2026-08-01T01:14:28.129086+00:00,Multiple,Reported area,Structural Failure,Aftermath,Aftershock: Everest and the Nepal Earthquake (2022) - IMDb,"<a href=""https://news.google.com/rss/articles/CBMicEFVX3lxTE1RV1NnQ1MtcklKQ2xLZHBwODlGNkFIeVM1eEJ2aloyV2Q2VjEtbGhjQjJxdDBjM1ExcjVxRW5jZ2FkWC1qdUlpSlVqQ0JEc0RNWmtjTlcxTGt3NzNYUXg4T3dhRlJCZ2pRVmIxVFdyZH",IMDb,27.20360859271663,86.11143970972034
e5ee9c7,live-b16946a9,2026-07-31T23:41:35.153047+00:00,Multiple,Reported area,Structural Failure,Aftermath,3.8 Magnitude Earthquake Hits Nepal - Deccan Chronicle,"<a href=""https://news.google.com/rss/articles/CBMilgFBVV95cUxPd25LeVA1aTREVVVka0xUWGFZNGx0RmZZNFQ4UGpmRmdyclQtRW1vS09lTDQ0NEhyd0lNbEZpZklKVWdFa1MxQzRfUXZLdk04QnM2cVZNSmlTUENVUnVrd1hZTzlrb3dDSlRwdGZTSU",Deccan Chronicle,26.875350360109802,84.35254567563801
e5ee9c7,live-0d06df18,2026-07-31T23:41:35.153037+00:00,Multiple,Reported area,Structural Failure,Aftermath,Post-Disaster Housing Reconstruction in Rural Nepal A Case Study in the Aftermath of the 2015 Nepal ,"<a href=""https://news.google.com/rss/articles/CBMibkFVX3lxTE15U3JKZkRRbl9FemdvVllucXVsTmpxS2E5aW1mQ1Y4Q3RRNHhQUjhQd2NrRjZaSXY1alZLLUNTRi1WbFdFN2Fpd2Vta0lLZXNoWDB2RFRDS25rMmo3T3ZvRWt2NGV5NW5uRDJvUVdn?o",SCIRP Open Access,27.970486685417235,85.04410966710931
e5ee9c7,live-c4f215f3,2026-07-31T23:41:35.153026+00:00,Multiple,Reported area,Structural Failure,Aftermath,Nepal Earthquake: How to Help - Save the Children US,"<a href=""https://news.google.com/rss/articles/CBMikgFBVV95cUxPZWZVZ2l6bGtkb3ZVVUNPdzVfRzVZSURtWlJ3X3g2YlFUVHNZaUlVZ0hmSVllV1pad1Y3eS1rcG91X21EMnAtaUNHSGRNaC1XcEtEeUxkYjk0dnZSSmUwYXF0SjU1N0VnU0RwVmE4Z3",Save the Children US,26.893530770531225,85.26245066899051
e5ee9c7,live-0893f10d,2026-07-31T23:41:35.153011+00:00,Multiple,Reported area,Structural Failure,Aftermath,4.2-magnitude earthquake strikes western Nepal; no damage reported - The New Indian Express,"<a href=""https://news.google.com/rss/articles/CBMitgFBVV95cUxNd0ZpbnRBR01HcVQ1R0xsY01ibGNaTmZWYmpHUkI1R3FmVjlTbkd4Mko1a2Y5enZPOWwtWHlycEpRU1RGei0xR2I2NUVCd2JMVTFPMTlOMnpiQ3h1TXA4NHhyZjM3ZlBsWG40OUhBNW",The New Indian Express,28.31322767226469,85.75130739417963
e5ee9c7,live-19a2b6d5,2026-07-31T23:41:35.153002+00:00,Multiple,Reported area,Structural Failure,Aftermath,"Multiple earthquakes strike China, Tibet, Nepal - newsonair.gov.in","<a href=""https://news.google.com/rss/articles/CBMie0FVX3lxTE5GeHp2Mkw2TEh6ZVVvNWd0SHlWaUJmdHdhaG9RZVZndTFoanI4enYyWXM3R2lDaHJHd2NLcThldGsxYzZ1TGZJMktzZU9iRTNmVGdCRjJTOEQ2MVhLWmxCLW16a3RMVFI1N08xWGx0ME",newsonair.gov.in,26.981628907220255,85.14516522132156
e5ee9c7,live-92e93f3f,2026-07-31T23:41:35.152992+00:00,Multiple,Reported area,Structural Failure,Aftermath,"101-Year-Old Pulled From Rubble One Week After Nepal Earthquake - ABC News - Breaking News, Latest N","<a href=""https://news.google.com/rss/articles/CBMinAFBVV95cUxQN0ZnMnd1SzIzbGVEUmJWaGlaZkJjbVpRT0E3eHFJVkdNT1VabWV0bmJoaXI3QzJUYjVlcjZqdGpHaVlKSGY2MjhmeXNNaFdwNndDZnIxalRGLU9LOF9ZTVI1N2JNTTQyXzI4UlBLQW","ABC News - Breaking News, Latest News and Videos",26.729898495650193,86.19937093160098
e5ee9c7,live-47628d9b,2026-07-31T23:41:35.152983+00:00,Multiple,Reported area,Structural Failure,Aftermath,Nepal and Northern India are not overdue for a huge earthquake - newscientist.com,"<a href=""https://news.google.com/rss/articles/CBMirAFBVV95cUxOTTIwNHM3ZjM1NHFEek5jVkNQblpUQkJsYTRNcDdINHhDMWJmbU9taGFTNFlDbHRUMVhmRGpVb3dsbkRfRnZKd3lkbVFfRExseXR4SGZvOHNhVzRyX29TMlVxWDF5SUhyLXdTNHctMD",newscientist.com,28.3386472858347,84.63968447281324
e5ee9c7,live-00828f0e,2026-07-31T23:41:35.152968+00:00,Multiple,Reported area,Structural Failure,Aftermath,"Multiple earthquakes strike China, Tibet, Nepal within hours, says National Center for Seismology - ","<a href=""https://news.google.com/rss/articles/CBMivAFBVV95cUxQcDh4RThfT3hRYXIyT0lvUjAyTkd4NkxrM0NJVmdDaU51STNqb1Zwa3NkajdENXlkbDZJRllaMkpnTU9iVnhtTTdGN2V5c3pvcEx3dDl3MXY1c2pMc1BVNXRaSmVObGRQY2RzTkhldV",MorungExpress,27.468486838884125,85.10091671606531
e5ee9c7,live-c4a32a37,2026-07-31T23:41:35.152956+00:00,Multiple,Reported area,Structural Failure,Aftermath,The economic damage from the Nepal earthquake is almost half of the country’s GDP - qz.com,"<a href=""https://news.google.com/rss/articles/CBMirAFBVV95cUxPWUJKV2JuVTNqa0ZDNUVwMFlIVk9kNU1JMy0wNVQ5dUg0TEFyS2xRczM4em9qYXRqVVBlXzQwVmlzWm8ydFJUYjNFWVhiTEYtWW41cE9fMXAxd2lZYkFINmlaZnBrSW8yWnBBcURVR1",qz.com,27.79190652458857,85.20347043187182
e5ee9c7,live-9c9d0653,2026-07-31T23:41:35.152928+00:00,Multiple,Reported area,Structural Failure,Aftermath,Aftershock: Everest and the Nepal Earthquake (2022) - IMDb,"<a href=""https://news.google.com/rss/articles/CBMicEFVX3lxTE1RV1NnQ1MtcklKQ2xLZHBwODlGNkFIeVM1eEJ2aloyV2Q2VjEtbGhjQjJxdDBjM1ExcjVxRW5jZ2FkWC1qdUlpSlVqQ0JEc0RNWmtjTlcxTGt3NzNYUXg4T3dhRlJCZ2pRVmIxVFdyZH",IMDb,27.513547253112392,86.2354624646693
90c03f2,live-f1c6ff03,2026-07-31T22:40:55.439665+00:00,Multiple,Reported area,Structural Failure,Aftermath,3.8 Magnitude Earthquake Hits Nepal - Deccan Chronicle,"<a href=""https://news.google.com/rss/articles/CBMilgFBVV95cUxPd25LeVA1aTREVVVka0xUWGFZNGx0RmZZNFQ4UGpmRmdyclQtRW1vS09lTDQ0NEhyd0lNbEZpZklKVWdFa1MxQzRfUXZLdk04QnM2cVZNSmlTUENVUnVrd1hZTzlrb3dDSlRwdGZTSU",Deccan Chronicle,27.462308709525193,85.13918361958449
90c03f2,live-6e01f84c,2026-07-31T22:40:55.439653+00:00,Multiple,Reported area,Structural Failure,Aftermath,Post-Disaster Housing Reconstruction in Rural Nepal A Case Study in the Aftermath of the 2015 Nepal ,"<a href=""https://news.google.com/rss/articles/CBMibkFVX3lxTE15U3JKZkRRbl9FemdvVllucXVsTmpxS2E5aW1mQ1Y4Q3RRNHhQUjhQd2NrRjZaSXY1alZLLUNTRi1WbFdFN2Fpd2Vta0lLZXNoWDB2RFRDS25rMmo3T3ZvRWt2NGV5NW5uRDJvUVdn?o",SCIRP Open Access,26.75400973889866,85.92656274132884
90c03f2,live-ad67df56,2026-07-31T22:40:55.439637+00:00,Multiple,Reported area,Structural Failure,Aftermath,Nepal Earthquake: How to Help - Save the Children US,"<a href=""https://news.google.com/rss/articles/CBMikgFBVV95cUxPZWZVZ2l6bGtkb3ZVVUNPdzVfRzVZSURtWlJ3X3g2YlFUVHNZaUlVZ0hmSVllV1pad1Y3eS1rcG91X21EMnAtaUNHSGRNaC1XcEtEeUxkYjk0dnZSSmUwYXF0SjU1N0VnU0RwVmE4Z3",Save the Children US,27.99914429280881,86.22252030597791
90c03f2,live-6a1e188f,2026-07-31T22:40:55.439620+00:00,Multiple,Reported area,Structural Failure,Aftermath,4.2-magnitude earthquake strikes western Nepal; no damage reported - The New Indian Express,"<a href=""https://news.google.com/rss/articles/CBMitgFBVV95cUxNd0ZpbnRBR01HcVQ1R0xsY01ibGNaTmZWYmpHUkI1R3FmVjlTbkd4Mko1a2Y5enZPOWwtWHlycEpRU1RGei0xR2I2NUVCd2JMVTFPMTlOMnpiQ3h1TXA4NHhyZjM3ZlBsWG40OUhBNW",The New Indian Express,27.0293276399826,84.99229234341149
90c03f2,live-ee22dfef,2026-07-31T22:40:55.439609+00:00,Multiple,Reported area,Structural Failure,Aftermath,"Multiple earthquakes strike China, Tibet, Nepal - News On AIR","<a href=""https://news.google.com/rss/articles/CBMie0FVX3lxTE5GeHp2Mkw2TEh6ZVVvNWd0SHlWaUJmdHdhaG9RZVZndTFoanI4enYyWXM3R2lDaHJHd2NLcThldGsxYzZ1TGZJMktzZU9iRTNmVGdCRjJTOEQ2MVhLWmxCLW16a3RMVFI1N08xWGx0ME",News On AIR,27.701089785699445,84.85316488318504
90c03f2,live-75fa8634,2026-07-31T22:40:55.439597+00:00,Multiple,Reported area,Structural Failure,Aftermath,"101-Year-Old Pulled From Rubble One Week After Nepal Earthquake - ABC News - Breaking News, Latest N","<a href=""https://news.google.com/rss/articles/CBMinAFBVV95cUxQN0ZnMnd1SzIzbGVEUmJWaGlaZkJjbVpRT0E3eHFJVkdNT1VabWV0bmJoaXI3QzJUYjVlcjZqdGpHaVlKSGY2MjhmeXNNaFdwNndDZnIxalRGLU9LOF9ZTVI1N2JNTTQyXzI4UlBLQW","ABC News - Breaking News, Latest News and Videos",27.99957688403816,85.09398353820092
90c03f2,live-d2da785c,2026-07-31T22:40:55.439583+00:00,Multiple,Reported area,Structural Failure,Aftermath,Nepal and Northern India are not overdue for a huge earthquake - New Scientist,"<a href=""https://news.google.com/rss/articles/CBMirAFBVV95cUxOTTIwNHM3ZjM1NHFEek5jVkNQblpUQkJsYTRNcDdINHhDMWJmbU9taGFTNFlDbHRUMVhmRGpVb3dsbkRfRnZKd3lkbVFfRExseXR4SGZvOHNhVzRyX29TMlVxWDF5SUhyLXdTNHctMD",New Scientist,27.295341247447045,85.78461121231989
90c03f2,live-3830e272,2026-07-31T22:40:55.439565+00:00,Multiple,Reported area,Structural Failure,Aftermath,"Multiple earthquakes strike China, Tibet, Nepal within hours, says National Center for Seismology - ","<a href=""https://news.google.com/rss/articles/CBMivAFBVV95cUxQcDh4RThfT3hRYXIyT0lvUjAyTkd4NkxrM0NJVmdDaU51STNqb1Zwa3NkajdENXlkbDZJRllaMkpnTU9iVnhtTTdGN2V5c3pvcEx3dDl3MXY1c2pMc1BVNXRaSmVObGRQY2RzTkhldV",MorungExpress,27.973818513798502,86.04449394827152
90c03f2,live-bef4d06a,2026-07-31T22:40:55.439550+00:00,Multiple,Reported area,Structural Failure,Aftermath,The economic damage from the Nepal earthquake is almost half of the country’s GDP - qz.com,"<a href=""https://news.google.com/rss/articles/CBMirAFBVV95cUxPWUJKV2JuVTNqa0ZDNUVwMFlIVk9kNU1JMy0wNVQ5dUg0TEFyS2xRczM4em9qYXRqVVBlXzQwVmlzWm8ydFJUYjNFWVhiTEYtWW41cE9fMXAxd2lZYkFINmlaZnBrSW8yWnBBcURVR1",qz.com,27.40792608573697,85.00882076432795
90c03f2,live-17bbe128,2026-07-31T22:40:55.439520+00:00,Multiple,Reported area,Structural Failure,Aftermath,Aftershock: Everest and the Nepal Earthquake (2022) - IMDb,"<a href=""https://news.google.com/rss/articles/CBMicEFVX3lxTE1RV1NnQ1MtcklKQ2xLZHBwODlGNkFIeVM1eEJ2aloyV2Q2VjEtbGhjQjJxdDBjM1ExcjVxRW5jZ2FkWC1qdUlpSlVqQ0JEc0RNWmtjTlcxTGt3NzNYUXg4T3dhRlJCZ2pRVmIxVFdyZH",IMDb,28.143347504190544,85.7067730312077
15029b4,live-302e3d25,2026-07-31T21:20:13.659273+00:00,Multiple,Reported area,Structural Failure,Aftermath,Post-Disaster Housing Reconstruction in Rural Nepal A Case Study in the Aftermath of the 2015 Nepal ,"<a href=""https://news.google.com/rss/articles/CBMibkFVX3lxTE15U3JKZkRRbl9FemdvVllucXVsTmpxS2E5aW1mQ1Y4Q3RRNHhQUjhQd2NrRjZaSXY1alZLLUNTRi1WbFdFN2Fpd2Vta0lLZXNoWDB2RFRDS25rMmo3T3ZvRWt2NGV5NW5uRDJvUVdn?o",SCIRP Open Access,28.256432368681367,85.61411290052611
15029b4,live-86bfa44a,2026-07-31T21:20:13.659261+00:00,Multiple,Reported area,Structural Failure,Aftermath,Nepal Earthquake: How to Help - Save the Children US,"<a href=""https://news.google.com/rss/articles/CBMikgFBVV95cUxPZWZVZ2l6bGtkb3ZVVUNPdzVfRzVZSURtWlJ3X3g2YlFUVHNZaUlVZ0hmSVllV1pad1Y3eS1rcG91X21EMnAtaUNHSGRNaC1XcEtEeUxkYjk0dnZSSmUwYXF0SjU1N0VnU0RwVmE4Z3",Save the Children US,28.269585719263418,84.52463769514762
15029b4,live-24e36731,2026-07-31T21:20:13.659249+00:00,Multiple,Reported area,Structural Failure,Aftermath,4.2-magnitude earthquake strikes western Nepal; no damage reported - The New Indian Express,"<a href=""https://news.google.com/rss/articles/CBMitgFBVV95cUxNd0ZpbnRBR01HcVQ1R0xsY01ibGNaTmZWYmpHUkI1R3FmVjlTbkd4Mko1a2Y5enZPOWwtWHlycEpRU1RGei0xR2I2NUVCd2JMVTFPMTlOMnpiQ3h1TXA4NHhyZjM3ZlBsWG40OUhBNW",The New Indian Express,28.077238159768537,84.96681286040533
15029b4,live-a5dcfcf7,2026-07-31T21:20:13.659231+00:00,Multiple,Reported area,Landslide,Aftermath,Six-year study reveals ancient quakes along 150-mile fault system in Nepal - Virginia Tech News,"<a href=""https://news.google.com/rss/articles/CBMigAFBVV95cUxPbFc3VGRyWjFhZmpvb0pXMGhfVWVWbFBVQXN4ay1VeDA3bUtoeWVraEpWT2lKMTdTQmVfVjByVk1SaE1kbDQtd1RFVG5XaEN1TzBjWVhwOUtRVk9QZUN6Q0hNbDJuOTM3ZmpaUTVibX",Virginia Tech News,28.50732823212373,84.7221076432846
15029b4,live-dcf56879,2026-07-31T21:20:13.659219+00:00,Multiple,Reported area,Structural Failure,Aftermath,"101-Year-Old Pulled From Rubble One Week After Nepal Earthquake - ABC News - Breaking News, Latest N","<a href=""https://news.google.com/rss/articles/CBMinAFBVV95cUxQN0ZnMnd1SzIzbGVEUmJWaGlaZkJjbVpRT0E3eHFJVkdNT1VabWV0bmJoaXI3QzJUYjVlcjZqdGpHaVlKSGY2MjhmeXNNaFdwNndDZnIxalRGLU9LOF9ZTVI1N2JNTTQyXzI4UlBLQW","ABC News - Breaking News, Latest News and Videos",27.634198318501046,86.21907865322237
15029b4,live-e71aeef8,2026-07-31T21:20:13.659202+00:00,Multiple,Reported area,Structural Failure,Aftermath,"Multiple earthquakes strike China, Tibet, Nepal - News On AIR","<a href=""https://news.google.com/rss/articles/CBMie0FVX3lxTE5GeHp2Mkw2TEh6ZVVvNWd0SHlWaUJmdHdhaG9RZVZndTFoanI4enYyWXM3R2lDaHJHd2NLcThldGsxYzZ1TGZJMktzZU9iRTNmVGdCRjJTOEQ2MVhLWmxCLW16a3RMVFI1N08xWGx0ME",News On AIR,27.2317974138791,84.78981241461248
15029b4,live-cdabd7e9,2026-07-31T21:20:13.659188+00:00,Multiple,Reported area,Structural Failure,Aftermath,Nepal and Northern India are not overdue for a huge earthquake - New Scientist,"<a href=""https://news.google.com/rss/articles/CBMirAFBVV95cUxOTTIwNHM3ZjM1NHFEek5jVkNQblpUQkJsYTRNcDdINHhDMWJmbU9taGFTNFlDbHRUMVhmRGpVb3dsbkRfRnZKd3lkbVFfRExseXR4SGZvOHNhVzRyX29TMlVxWDF5SUhyLXdTNHctMD",New Scientist,28.58885291834889,84.48725099388872
15029b4,live-98d65d17,2026-07-31T21:20:13.659170+00:00,Multiple,Reported area,Structural Failure,Aftermath,"Multiple earthquakes strike China, Tibet, Nepal within hours, says National Center for Seismology - ","<a href=""https://news.google.com/rss/articles/CBMivAFBVV95cUxQcDh4RThfT3hRYXIyT0lvUjAyTkd4NkxrM0NJVmdDaU51STNqb1Zwa3NkajdENXlkbDZJRllaMkpnTU9iVnhtTTdGN2V5c3pvcEx3dDl3MXY1c2pMc1BVNXRaSmVObGRQY2RzTkhldV",morungexpress.com,27.32912219653992,84.69899284188863
15029b4,live-f4f095ec,2026-07-31T21:20:13.659155+00:00,Multiple,Reported area,Structural Failure,Aftermath,The economic damage from the Nepal earthquake is almost half of the country’s GDP - qz.com,"<a href=""https://news.google.com/rss/articles/CBMirAFBVV95cUxPWUJKV2JuVTNqa0ZDNUVwMFlIVk9kNU1JMy0wNVQ5dUg0TEFyS2xRczM4em9qYXRqVVBlXzQwVmlzWm8ydFJUYjNFWVhiTEYtWW41cE9fMXAxd2lZYkFINmlaZnBrSW8yWnBBcURVR1",qz.com,28.100532415681773,86.08801431647352
15029b4,live-82cabdcf,2026-07-31T21:20:13.659125+00:00,Multiple,Reported area,Structural Failure,Aftermath,Aftershock: Everest and the Nepal Earthquake (2022) - IMDb,"<a href=""https://news.google.com/rss/articles/CBMicEFVX3lxTE1RV1NnQ1MtcklKQ2xLZHBwODlGNkFIeVM1eEJ2aloyV2Q2VjEtbGhjQjJxdDBjM1ExcjVxRW5jZ2FkWC1qdUlpSlVqQ0JEc0RNWmtjTlcxTGt3NzNYUXg4T3dhRlJCZ2pRVmIxVFdyZH",IMDb,27.969408379966286,84.62504878167823
11f32af,live-012a03af,2026-07-31T19:50:53.342481+00:00,Multiple,Reported area,Structural Failure,Aftermath,"Multiple Earthquakes Jolt China, Tibet And Nepal Within Hours, Says NCS - Sarkaritel.com","<a href=""https://news.google.com/rss/articles/CBMiekFVX3lxTE9PRGswN3I3SDk4WDFsR2kxdVNzT0dYWkJZMVRaMElKSDVCRnpBMmxKbjVEYjZ5QVdmd2F6RlNBZXdxc2dhRWpTTThGZkZrWEd2YTdGTzZZYjRraERncFp0WDBxdWVmQ1pXY0ZnQU92MG",Sarkaritel.com,28.12210676294563,84.83441905134492
11f32af,live-acf7e2fa,2026-07-31T19:50:53.342469+00:00,Multiple,Reported area,Structural Failure,Aftermath,Post-Disaster Housing Reconstruction in Rural Nepal A Case Study in the Aftermath of the 2015 Nepal ,"<a href=""https://news.google.com/rss/articles/CBMibkFVX3lxTE15U3JKZkRRbl9FemdvVllucXVsTmpxS2E5aW1mQ1Y4Q3RRNHhQUjhQd2NrRjZaSXY1alZLLUNTRi1WbFdFN2Fpd2Vta0lLZXNoWDB2RFRDS25rMmo3T3ZvRWt2NGV5NW5uRDJvUVdn?o",SCIRP Open Access,28.652386805006497,84.52331252407507
11f32af,live-32dad514,2026-07-31T19:50:53.342457+00:00,Multiple,Reported area,Structural Failure,Aftermath,Nepal Earthquake: How to Help - Save the Children US,"<a href=""https://news.google.com/rss/articles/CBMikgFBVV95cUxPZWZVZ2l6bGtkb3ZVVUNPdzVfRzVZSURtWlJ3X3g2YlFUVHNZaUlVZ0hmSVllV1pad1Y3eS1rcG91X21EMnAtaUNHSGRNaC1XcEtEeUxkYjk0dnZSSmUwYXF0SjU1N0VnU0RwVmE4Z3",Save the Children US,28.525507970608977,84.60058063595496
11f32af,live-ffe3bb79,2026-07-31T19:50:53.342439+00:00,Multiple,Reported area,Structural Failure,Aftermath,4.2-magnitude earthquake strikes western Nepal; no damage reported - The New Indian Express,"<a href=""https://news.google.com/rss/articles/CBMitgFBVV95cUxNd0ZpbnRBR01HcVQ1R0xsY01ibGNaTmZWYmpHUkI1R3FmVjlTbkd4Mko1a2Y5enZPOWwtWHlycEpRU1RGei0xR2I2NUVCd2JMVTFPMTlOMnpiQ3h1TXA4NHhyZjM3ZlBsWG40OUhBNW",The New Indian Express,27.312784105179723,85.92526182464879
11f32af,live-7f7b0129,2026-07-31T19:50:53.342428+00:00,Multiple,Reported area,Structural Failure,Aftermath,"101-Year-Old Pulled From Rubble One Week After Nepal Earthquake - ABC News - Breaking News, Latest N","<a href=""https://news.google.com/rss/articles/CBMinAFBVV95cUxQN0ZnMnd1SzIzbGVEUmJWaGlaZkJjbVpRT0E3eHFJVkdNT1VabWV0bmJoaXI3QzJUYjVlcjZqdGpHaVlKSGY2MjhmeXNNaFdwNndDZnIxalRGLU9LOF9ZTVI1N2JNTTQyXzI4UlBLQW","ABC News - Breaking News, Latest News and Videos",26.918397474640663,84.83375503836511
11f32af,live-364a19fd,2026-07-31T19:50:53.342410+00:00,Multiple,Reported area,Structural Failure,Aftermath,Nepal and Northern India are not overdue for a huge earthquake - newscientist.com,"<a href=""https://news.google.com/rss/articles/CBMirAFBVV95cUxOTTIwNHM3ZjM1NHFEek5jVkNQblpUQkJsYTRNcDdINHhDMWJmbU9taGFTNFlDbHRUMVhmRGpVb3dsbkRfRnZKd3lkbVFfRExseXR4SGZvOHNhVzRyX29TMlVxWDF5SUhyLXdTNHctMD",newscientist.com,28.249832809182262,84.44209679876332
11f32af,live-897a832f,2026-07-31T19:50:53.342397+00:00,Multiple,Reported area,Structural Failure,Aftermath,"Multiple earthquakes strike China, Tibet, Nepal - News On AIR","<a href=""https://news.google.com/rss/articles/CBMie0FVX3lxTE5GeHp2Mkw2TEh6ZVVvNWd0SHlWaUJmdHdhaG9RZVZndTFoanI4enYyWXM3R2lDaHJHd2NLcThldGsxYzZ1TGZJMktzZU9iRTNmVGdCRjJTOEQ2MVhLWmxCLW16a3RMVFI1N08xWGx0ME",News On AIR,27.139423881063752,84.91261398664378
11f32af,live-f0faeaab,2026-07-31T19:50:53.342378+00:00,Multiple,Reported area,Structural Failure,Aftermath,The economic damage from the Nepal earthquake is almost half of the country’s GDP - qz.com,"<a href=""https://news.google.com/rss/articles/CBMirAFBVV95cUxPWUJKV2JuVTNqa0ZDNUVwMFlIVk9kNU1JMy0wNVQ5dUg0TEFyS2xRczM4em9qYXRqVVBlXzQwVmlzWm8ydFJUYjNFWVhiTEYtWW41cE9fMXAxd2lZYkFINmlaZnBrSW8yWnBBcURVR1",qz.com,28.589790539568963,85.71223137248575
11f32af,live-6d2c6cf6,2026-07-31T19:50:53.342360+00:00,Multiple,Reported area,Structural Failure,Aftermath,"Multiple earthquakes strike China, Tibet, Nepal within hours, says National Center for Seismology - ","<a href=""https://news.google.com/rss/articles/CBMivAFBVV95cUxQcDh4RThfT3hRYXIyT0lvUjAyTkd4NkxrM0NJVmdDaU51STNqb1Zwa3NkajdENXlkbDZJRllaMkpnTU9iVnhtTTdGN2V5c3pvcEx3dDl3MXY1c2pMc1BVNXRaSmVObGRQY2RzTkhldV",MorungExpress,27.68042547645267,84.32059772542162
11f32af,live-ca492abf,2026-07-31T19:50:53.342331+00:00,Multiple,Reported area,Structural Failure,Aftermath,Aftershock: Everest and the Nepal Earthquake (2022) - IMDb,"<a href=""https://news.google.com/rss/articles/CBMicEFVX3lxTE1RV1NnQ1MtcklKQ2xLZHBwODlGNkFIeVM1eEJ2aloyV2Q2VjEtbGhjQjJxdDBjM1ExcjVxRW5jZ2FkWC1qdUlpSlVqQ0JEc0RNWmtjTlcxTGt3NzNYUXg4T3dhRlJCZ2pRVmIxVFdyZH",IMDb,26.73138055408294,85.91823754105687
32cc0eb,live-9cbc1e8f,2026-07-31T18:09:32.383403+00:00,Multiple,Reported area,Structural Failure,Aftermath,Post-Disaster Housing Reconstruction in Rural Nepal A Case Study in the Aftermath of the 2015 Nepal ,"<a href=""https://news.google.com/rss/articles/CBMibkFVX3lxTE15U3JKZkRRbl9FemdvVllucXVsTmpxS2E5aW1mQ1Y4Q3RRNHhQUjhQd2NrRjZaSXY1alZLLUNTRi1WbFdFN2Fpd2Vta0lLZXNoWDB2RFRDS25rMmo3T3ZvRWt2NGV5NW5uRDJvUVdn?o",scirp.org,27.477483353608548,85.6259585930373
32cc0eb,live-9360a2ad,2026-07-31T18:09:32.383391+00:00,Multiple,Reported area,Structural Failure,Aftermath,Nepal Earthquake: How to Help - Save the Children US,"<a href=""https://news.google.com/rss/articles/CBMikgFBVV95cUxPZWZVZ2l6bGtkb3ZVVUNPdzVfRzVZSURtWlJ3X3g2YlFUVHNZaUlVZ0hmSVllV1pad1Y3eS1rcG91X21EMnAtaUNHSGRNaC1XcEtEeUxkYjk0dnZSSmUwYXF0SjU1N0VnU0RwVmE4Z3",Save the Children US,28.011951266990156,85.49193318830261
32cc0eb,live-7cde575e,2026-07-31T18:09:32.383378+00:00,Multiple,Reported area,Structural Failure,Aftermath,4.2-magnitude earthquake strikes western Nepal; no damage reported - The New Indian Express,"<a href=""https://news.google.com/rss/articles/CBMitgFBVV95cUxNd0ZpbnRBR01HcVQ1R0xsY01ibGNaTmZWYmpHUkI1R3FmVjlTbkd4Mko1a2Y5enZPOWwtWHlycEpRU1RGei0xR2I2NUVCd2JMVTFPMTlOMnpiQ3h1TXA4NHhyZjM3ZlBsWG40OUhBNW",The New Indian Express,27.42182728420894,85.3440889099018
32cc0eb,live-64370b1d,2026-07-31T18:09:32.383360+00:00,Multiple,Reported area,Structural Failure,Aftermath,"Multiple Earthquakes Jolt China, Tibet And Nepal Within Hours, Says NCS - Sarkaritel.com","<a href=""https://news.google.com/rss/articles/CBMiekFVX3lxTE9PRGswN3I3SDk4WDFsR2kxdVNzT0dYWkJZMVRaMElKSDVCRnpBMmxKbjVEYjZ5QVdmd2F6RlNBZXdxc2dhRWpTTThGZkZrWEd2YTdGTzZZYjRraERncFp0WDBxdWVmQ1pXY0ZnQU92MG",Sarkaritel.com,27.421955381147832,85.09136925051145
32cc0eb,live-a7daf348,2026-07-31T18:09:32.383348+00:00,Multiple,Reported area,Structural Failure,Aftermath,"101-Year-Old Pulled From Rubble One Week After Nepal Earthquake - ABC News - Breaking News, Latest N","<a href=""https://news.google.com/rss/articles/CBMinAFBVV95cUxQN0ZnMnd1SzIzbGVEUmJWaGlaZkJjbVpRT0E3eHFJVkdNT1VabWV0bmJoaXI3QzJUYjVlcjZqdGpHaVlKSGY2MjhmeXNNaFdwNndDZnIxalRGLU9LOF9ZTVI1N2JNTTQyXzI4UlBLQW","ABC News - Breaking News, Latest News and Videos",27.20430928614407,84.55326848150989
32cc0eb,live-99b335c8,2026-07-31T18:09:32.383332+00:00,Multiple,Reported area,Structural Failure,Aftermath,Nepal and Northern India are not overdue for a huge earthquake - New Scientist,"<a href=""https://news.google.com/rss/articles/CBMirAFBVV95cUxOTTIwNHM3ZjM1NHFEek5jVkNQblpUQkJsYTRNcDdINHhDMWJmbU9taGFTNFlDbHRUMVhmRGpVb3dsbkRfRnZKd3lkbVFfRExseXR4SGZvOHNhVzRyX29TMlVxWDF5SUhyLXdTNHctMD",New Scientist,28.497267555726996,86.25635297299488
32cc0eb,live-8de55317,2026-07-31T18:09:32.383319+00:00,Multiple,Reported area,Structural Failure,Aftermath,"Multiple earthquakes strike China, Tibet, Nepal - News On AIR","<a href=""https://news.google.com/rss/articles/CBMie0FVX3lxTE5GeHp2Mkw2TEh6ZVVvNWd0SHlWaUJmdHdhaG9RZVZndTFoanI4enYyWXM3R2lDaHJHd2NLcThldGsxYzZ1TGZJMktzZU9iRTNmVGdCRjJTOEQ2MVhLWmxCLW16a3RMVFI1N08xWGx0ME",News On AIR,26.743510588813155,85.11414899645973
32cc0eb,live-24534654,2026-07-31T18:09:32.383301+00:00,Multiple,Reported area,Structural Failure,Aftermath,The economic damage from the Nepal earthquake is almost half of the country’s GDP - qz.com,"<a href=""https://news.google.com/rss/articles/CBMirAFBVV95cUxPWUJKV2JuVTNqa0ZDNUVwMFlIVk9kNU1JMy0wNVQ5dUg0TEFyS2xRczM4em9qYXRqVVBlXzQwVmlzWm8ydFJUYjNFWVhiTEYtWW41cE9fMXAxd2lZYkFINmlaZnBrSW8yWnBBcURVR1",qz.com,26.84699003168688,85.54429785134666
32cc0eb,live-c1d18a80,2026-07-31T18:09:32.383282+00:00,Multiple,Reported area,Structural Failure,Aftermath,"Multiple earthquakes strike China, Tibet, Nepal within hours, says National Center for Seismology - ","<a href=""https://news.google.com/rss/articles/CBMivAFBVV95cUxQcDh4RThfT3hRYXIyT0lvUjAyTkd4NkxrM0NJVmdDaU51STNqb1Zwa3NkajdENXlkbDZJRllaMkpnTU9iVnhtTTdGN2V5c3pvcEx3dDl3MXY1c2pMc1BVNXRaSmVObGRQY2RzTkhldV",MorungExpress,28.368324114634884,84.84100830669107
32cc0eb,live-5702844a,2026-07-31T18:09:32.383249+00:00,Multiple,Reported area,Structural Failure,Aftermath,Aftershock: Everest and the Nepal Earthquake (2022) - imdb.com,"<a href=""https://news.google.com/rss/articles/CBMicEFVX3lxTE1RV1NnQ1MtcklKQ2xLZHBwODlGNkFIeVM1eEJ2aloyV2Q2VjEtbGhjQjJxdDBjM1ExcjVxRW5jZ2FkWC1qdUlpSlVqQ0JEc0RNWmtjTlcxTGt3NzNYUXg4T3dhRlJCZ2pRVmIxVFdyZH",imdb.com,26.97448532986533,86.21947431111566
2375427,live-8d152841,2026-07-31T16:23:19.008149+00:00,Multiple,Reported area,Structural Failure,Aftermath,Nepal Earthquake: How to Help - Save the Children US,"<a href=""https://news.google.com/rss/articles/CBMikgFBVV95cUxPZWZVZ2l6bGtkb3ZVVUNPdzVfRzVZSURtWlJ3X3g2YlFUVHNZaUlVZ0hmSVllV1pad1Y3eS1rcG91X21EMnAtaUNHSGRNaC1XcEtEeUxkYjk0dnZSSmUwYXF0SjU1N0VnU0RwVmE4Z3",Save the Children US,27.092086927336712,86.19542471651987
2375427,live-64601bb6,2026-07-31T16:23:19.008129+00:00,Multiple,Reported area,Structural Failure,Aftermath,4.2-magnitude earthquake strikes western Nepal; no damage reported - The New Indian Express,"<a href=""https://news.google.com/rss/articles/CBMitgFBVV95cUxNd0ZpbnRBR01HcVQ1R0xsY01ibGNaTmZWYmpHUkI1R3FmVjlTbkd4Mko1a2Y5enZPOWwtWHlycEpRU1RGei0xR2I2NUVCd2JMVTFPMTlOMnpiQ3h1TXA4NHhyZjM3ZlBsWG40OUhBNW",The New Indian Express,27.578041506387137,85.43635520664266
2375427,live-971ca6d3,2026-07-31T16:23:19.008115+00:00,Multiple,Reported area,Structural Failure,Aftermath,"Multiple Earthquakes Jolt China, Tibet And Nepal Within Hours, Says NCS - Sarkaritel.com","<a href=""https://news.google.com/rss/articles/CBMiekFVX3lxTE9PRGswN3I3SDk4WDFsR2kxdVNzT0dYWkJZMVRaMElKSDVCRnpBMmxKbjVEYjZ5QVdmd2F6RlNBZXdxc2dhRWpTTThGZkZrWEd2YTdGTzZZYjRraERncFp0WDBxdWVmQ1pXY0ZnQU92MG",Sarkaritel.com,27.76629126168469,85.36240838216668
2375427,live-6ba32c1b,2026-07-31T16:23:19.008097+00:00,Multiple,Reported area,Landslide,Aftermath,Six-year study reveals ancient quakes along 150-mile fault system in Nepal - Virginia Tech News,"<a href=""https://news.google.com/rss/articles/CBMigAFBVV95cUxPbFc3VGRyWjFhZmpvb0pXMGhfVWVWbFBVQXN4ay1VeDA3bUtoeWVraEpWT2lKMTdTQmVfVjByVk1SaE1kbDQtd1RFVG5XaEN1TzBjWVhwOUtRVk9QZUN6Q0hNbDJuOTM3ZmpaUTVibX",Virginia Tech News,27.093319356846777,84.47638422446934
2375427,live-1c1f22a2,2026-07-31T16:23:19.008084+00:00,Multiple,Reported area,Structural Failure,Aftermath,"101-Year-Old Pulled From Rubble One Week After Nepal Earthquake - ABC News - Breaking News, Latest N","<a href=""https://news.google.com/rss/articles/CBMinAFBVV95cUxQN0ZnMnd1SzIzbGVEUmJWaGlaZkJjbVpRT0E3eHFJVkdNT1VabWV0bmJoaXI3QzJUYjVlcjZqdGpHaVlKSGY2MjhmeXNNaFdwNndDZnIxalRGLU9LOF9ZTVI1N2JNTTQyXzI4UlBLQW","ABC News - Breaking News, Latest News and Videos",28.485277781015796,84.43164136105254
2375427,live-102f94ca,2026-07-31T16:23:19.008071+00:00,Multiple,Reported area,Structural Failure,Aftermath,Nepal and Northern India are not overdue for a huge earthquake - New Scientist,"<a href=""https://news.google.com/rss/articles/CBMirAFBVV95cUxOTTIwNHM3ZjM1NHFEek5jVkNQblpUQkJsYTRNcDdINHhDMWJmbU9taGFTNFlDbHRUMVhmRGpVb3dsbkRfRnZKd3lkbVFfRExseXR4SGZvOHNhVzRyX29TMlVxWDF5SUhyLXdTNHctMD",New Scientist,28.51638021638675,84.63607649148783
2375427,live-cec8a135,2026-07-31T16:23:19.008055+00:00,Multiple,Reported area,Structural Failure,Aftermath,"Multiple earthquakes strike China, Tibet, Nepal - News On AIR","<a href=""https://news.google.com/rss/articles/CBMie0FVX3lxTE5GeHp2Mkw2TEh6ZVVvNWd0SHlWaUJmdHdhaG9RZVZndTFoanI4enYyWXM3R2lDaHJHd2NLcThldGsxYzZ1TGZJMktzZU9iRTNmVGdCRjJTOEQ2MVhLWmxCLW16a3RMVFI1N08xWGx0ME",News On AIR,28.117373847945554,85.03249432652171
2375427,live-2552787b,2026-07-31T16:23:19.008031+00:00,Multiple,Reported area,Structural Failure,Aftermath,The economic damage from the Nepal earthquake is almost half of the country’s GDP - qz.com,"<a href=""https://news.google.com/rss/articles/CBMirAFBVV95cUxPWUJKV2JuVTNqa0ZDNUVwMFlIVk9kNU1JMy0wNVQ5dUg0TEFyS2xRczM4em9qYXRqVVBlXzQwVmlzWm8ydFJUYjNFWVhiTEYtWW41cE9fMXAxd2lZYkFINmlaZnBrSW8yWnBBcURVR1",qz.com,26.960180749919818,85.03767621582413
2375427,live-ac542ed5,2026-07-31T16:23:19.008001+00:00,Multiple,Reported area,Structural Failure,Aftermath,"Multiple earthquakes strike China, Tibet, Nepal within hours, says National Center for Seismology - ","<a href=""https://news.google.com/rss/articles/CBMivAFBVV95cUxQcDh4RThfT3hRYXIyT0lvUjAyTkd4NkxrM0NJVmdDaU51STNqb1Zwa3NkajdENXlkbDZJRllaMkpnTU9iVnhtTTdGN2V5c3pvcEx3dDl3MXY1c2pMc1BVNXRaSmVObGRQY2RzTkhldV",MorungExpress,28.68183643424714,85.39104848312422
2375427,live-2085dd3d,2026-07-31T16:23:19.007953+00:00,Multiple,Reported area,Structural Failure,Aftermath,Aftershock: Everest and the Nepal Earthquake (2022) - IMDb,"<a href=""https://news.google.com/rss/articles/CBMicEFVX3lxTE1RV1NnQ1MtcklKQ2xLZHBwODlGNkFIeVM1eEJ2aloyV2Q2VjEtbGhjQjJxdDBjM1ExcjVxRW5jZ2FkWC1qdUlpSlVqQ0JEc0RNWmtjTlcxTGt3NzNYUXg4T3dhRlJCZ2pRVmIxVFdyZH",IMDb,26.986521121922635,85.0797884331024
75ce8b8,live-b077ee63,2026-07-31T14:38:20.942656+00:00,Multiple,Reported area,Structural Failure,Aftermath,4.2-magnitude earthquake strikes western Nepal; no damage reported - newindianexpress.com,"<a href=""https://news.google.com/rss/articles/CBMitgFBVV95cUxNd0ZpbnRBR01HcVQ1R0xsY01ibGNaTmZWYmpHUkI1R3FmVjlTbkd4Mko1a2Y5enZPOWwtWHlycEpRU1RGei0xR2I2NUVCd2JMVTFPMTlOMnpiQ3h1TXA4NHhyZjM3ZlBsWG40OUhBNW",newindianexpress.com,27.112359398001985,84.52601859828792
75ce8b8,live-4d66177e,2026-07-31T14:38:20.942644+00:00,Multiple,Reported area,Structural Failure,Aftermath,"Multiple Earthquakes Strike China, Tibet, and Nepal Early Friday - Pragativadi","<a href=""https://news.google.com/rss/articles/CBMikAFBVV95cUxQd090MGVSZDZKNFRNUHl3QXREWXNISzA3T1NSb21SWGhVMlUyNlRxUHQ1SGI3SUo5dE9vR2JSelJlY1llQ3Y4SklEaGx5bV8wS2tBRVV0dmxxRFd5WEpaQUtlYUtsaUpOVEpoWUJHNU",Pragativadi,27.11017944569995,86.13352015939446
75ce8b8,live-d45ad639,2026-07-31T14:38:20.942628+00:00,Multiple,Reported area,Landslide,Aftermath,Six-year study reveals ancient quakes along 150-mile fault system in Nepal - Virginia Tech News,"<a href=""https://news.google.com/rss/articles/CBMigAFBVV95cUxPbFc3VGRyWjFhZmpvb0pXMGhfVWVWbFBVQXN4ay1VeDA3bUtoeWVraEpWT2lKMTdTQmVfVjByVk1SaE1kbDQtd1RFVG5XaEN1TzBjWVhwOUtRVk9QZUN6Q0hNbDJuOTM3ZmpaUTVibX",Virginia Tech News,27.14532998343533,85.80760623126355
75ce8b8,live-ad8c79a1,2026-07-31T14:38:20.942611+00:00,Multiple,Reported area,Structural Failure,Aftermath,101-Year-Old Pulled From Rubble One Week After Nepal Earthquake - abcnews.com,"<a href=""https://news.google.com/rss/articles/CBMinAFBVV95cUxQN0ZnMnd1SzIzbGVEUmJWaGlaZkJjbVpRT0E3eHFJVkdNT1VabWV0bmJoaXI3QzJUYjVlcjZqdGpHaVlKSGY2MjhmeXNNaFdwNndDZnIxalRGLU9LOF9ZTVI1N2JNTTQyXzI4UlBLQW",abcnews.com,27.820508501682895,85.18383518470796
75ce8b8,live-c9ba659e,2026-07-31T14:38:20.942599+00:00,Multiple,Reported area,Structural Failure,Aftermath,"Multiple Earthquakes Jolt China, Tibet And Nepal Within Hours, Says NCS - Sarkaritel.com","<a href=""https://news.google.com/rss/articles/CBMiekFVX3lxTE9PRGswN3I3SDk4WDFsR2kxdVNzT0dYWkJZMVRaMElKSDVCRnpBMmxKbjVEYjZ5QVdmd2F6RlNBZXdxc2dhRWpTTThGZkZrWEd2YTdGTzZZYjRraERncFp0WDBxdWVmQ1pXY0ZnQU92MG",Sarkaritel.com,27.23705609331003,84.91048385780996
75ce8b8,live-7ffa5c4c,2026-07-31T14:38:20.942588+00:00,Multiple,Reported area,Structural Failure,Aftermath,Nepal and Northern India are not overdue for a huge earthquake - New Scientist,"<a href=""https://news.google.com/rss/articles/CBMirAFBVV95cUxOTTIwNHM3ZjM1NHFEek5jVkNQblpUQkJsYTRNcDdINHhDMWJmbU9taGFTNFlDbHRUMVhmRGpVb3dsbkRfRnZKd3lkbVFfRExseXR4SGZvOHNhVzRyX29TMlVxWDF5SUhyLXdTNHctMD",New Scientist,26.827039097939572,85.85018216239078
75ce8b8,live-b64d78a3,2026-07-31T14:38:20.942575+00:00,Multiple,Reported area,Structural Failure,Aftermath,"Multiple earthquakes strike China, Tibet, Nepal - News On AIR","<a href=""https://news.google.com/rss/articles/CBMie0FVX3lxTE5GeHp2Mkw2TEh6ZVVvNWd0SHlWaUJmdHdhaG9RZVZndTFoanI4enYyWXM3R2lDaHJHd2NLcThldGsxYzZ1TGZJMktzZU9iRTNmVGdCRjJTOEQ2MVhLWmxCLW16a3RMVFI1N08xWGx0ME",News On AIR,26.781174622860714,85.75364630903695
75ce8b8,live-eaa56030,2026-07-31T14:38:20.942557+00:00,Multiple,Reported area,Structural Failure,Aftermath,The economic damage from the Nepal earthquake is almost half of the country’s GDP - qz.com,"<a href=""https://news.google.com/rss/articles/CBMirAFBVV95cUxPWUJKV2JuVTNqa0ZDNUVwMFlIVk9kNU1JMy0wNVQ5dUg0TEFyS2xRczM4em9qYXRqVVBlXzQwVmlzWm8ydFJUYjNFWVhiTEYtWW41cE9fMXAxd2lZYkFINmlaZnBrSW8yWnBBcURVR1",qz.com,27.54420302982276,84.3703170560508
75ce8b8,live-6b30c4b2,2026-07-31T14:38:20.942541+00:00,Multiple,Reported area,Structural Failure,Aftermath,"Multiple earthquakes rock China, Tibet, Nepal within hours - assamtribune.com","<a href=""https://news.google.com/rss/articles/CBMipgFBVV95cUxQd1RTZVBCZnd6c0taOVJrc3p5eFRhd3l6LUgxQWEwby1yWm1KcmpzQ3IxdE05bDQ4OGFpb2ZsZlZFUXY0ZGN4SFlKb3FNME0yMVBaeFN2T21fMkVkS3U5Ul9FWjcybF9xUlNINGptN0",assamtribune.com,26.80408954377215,85.28035364575396
75ce8b8,live-09d4b321,2026-07-31T14:38:20.942508+00:00,Multiple,Reported area,Structural Failure,Aftermath,Aftershock: Everest and the Nepal Earthquake (2022) - IMDb,"<a href=""https://news.google.com/rss/articles/CBMicEFVX3lxTE1RV1NnQ1MtcklKQ2xLZHBwODlGNkFIeVM1eEJ2aloyV2Q2VjEtbGhjQjJxdDBjM1ExcjVxRW5jZ2FkWC1qdUlpSlVqQ0JEc0RNWmtjTlcxTGt3NzNYUXg4T3dhRlJCZ2pRVmIxVFdyZH",IMDb,27.12891157497538,84.36752200631781
22031b4,live-cb5fb834,2026-07-31T12:15:13.703052+00:00,Multiple,Reported area,Structural Failure,Aftermath,4.2-magnitude earthquake strikes western Nepal; no damage reported - The New Indian Express,"<a href=""https://news.google.com/rss/articles/CBMitgFBVV95cUxNd0ZpbnRBR01HcVQ1R0xsY01ibGNaTmZWYmpHUkI1R3FmVjlTbkd4Mko1a2Y5enZPOWwtWHlycEpRU1RGei0xR2I2NUVCd2JMVTFPMTlOMnpiQ3h1TXA4NHhyZjM3ZlBsWG40OUhBNW",The New Indian Express,26.71475689231149,84.71838531029226
22031b4,live-c7b09655,2026-07-31T12:15:13.703046+00:00,Multiple,Reported area,Structural Failure,Aftermath,"Multiple Earthquakes Strike China, Tibet, and Nepal Early Friday - Pragativadi","<a href=""https://news.google.com/rss/articles/CBMikAFBVV95cUxQd090MGVSZDZKNFRNUHl3QXREWXNISzA3T1NSb21SWGhVMlUyNlRxUHQ1SGI3SUo5dE9vR2JSelJlY1llQ3Y4SklEaGx5bV8wS2tBRVV0dmxxRFd5WEpaQUtlYUtsaUpOVEpoWUJHNU",Pragativadi,28.383220756314195,85.45908274734128
22031b4,live-be5c838f,2026-07-31T12:15:13.703037+00:00,Multiple,Reported area,Landslide,Aftermath,Six-year study reveals ancient quakes along 150-mile fault system in Nepal - Virginia Tech News,"<a href=""https://news.google.com/rss/articles/CBMigAFBVV95cUxPbFc3VGRyWjFhZmpvb0pXMGhfVWVWbFBVQXN4ay1VeDA3bUtoeWVraEpWT2lKMTdTQmVfVjByVk1SaE1kbDQtd1RFVG5XaEN1TzBjWVhwOUtRVk9QZUN6Q0hNbDJuOTM3ZmpaUTVibX",Virginia Tech News,28.01762748109127,85.85208014792687
22031b4,live-7030714c,2026-07-31T12:15:13.703026+00:00,Multiple,Reported area,Structural Failure,Aftermath,"101-Year-Old Pulled From Rubble One Week After Nepal Earthquake - ABC News - Breaking News, Latest N","<a href=""https://news.google.com/rss/articles/CBMinAFBVV95cUxQN0ZnMnd1SzIzbGVEUmJWaGlaZkJjbVpRT0E3eHFJVkdNT1VabWV0bmJoaXI3QzJUYjVlcjZqdGpHaVlKSGY2MjhmeXNNaFdwNndDZnIxalRGLU9LOF9ZTVI1N2JNTTQyXzI4UlBLQW","ABC News - Breaking News, Latest News and Videos",26.99165923336932,85.63438481159416
22031b4,live-82629ea3,2026-07-31T12:15:13.703018+00:00,Multiple,Reported area,Structural Failure,Aftermath,Nepal and Northern India are not overdue for a huge earthquake - New Scientist,"<a href=""https://news.google.com/rss/articles/CBMirAFBVV95cUxOTTIwNHM3ZjM1NHFEek5jVkNQblpUQkJsYTRNcDdINHhDMWJmbU9taGFTNFlDbHRUMVhmRGpVb3dsbkRfRnZKd3lkbVFfRExseXR4SGZvOHNhVzRyX29TMlVxWDF5SUhyLXdTNHctMD",New Scientist,26.826804567702496,85.6505064295508
22031b4,live-e4bcf1d6,2026-07-31T12:15:13.703012+00:00,Multiple,Reported area,Structural Failure,Aftermath,"Multiple Earthquakes Jolt China, Tibet And Nepal Within Hours, Says NCS - Sarkaritel.com","<a href=""https://news.google.com/rss/articles/CBMiekFVX3lxTE9PRGswN3I3SDk4WDFsR2kxdVNzT0dYWkJZMVRaMElKSDVCRnpBMmxKbjVEYjZ5QVdmd2F6RlNBZXdxc2dhRWpTTThGZkZrWEd2YTdGTzZZYjRraERncFp0WDBxdWVmQ1pXY0ZnQU92MG",Sarkaritel.com,28.68559448794323,85.64258704570533
22031b4,live-74c14bf8,2026-07-31T12:15:13.703004+00:00,Multiple,Reported area,Structural Failure,Aftermath,The economic damage from the Nepal earthquake is almost half of the country’s GDP - qz.com,"<a href=""https://news.google.com/rss/articles/CBMirAFBVV95cUxPWUJKV2JuVTNqa0ZDNUVwMFlIVk9kNU1JMy0wNVQ5dUg0TEFyS2xRczM4em9qYXRqVVBlXzQwVmlzWm8ydFJUYjNFWVhiTEYtWW41cE9fMXAxd2lZYkFINmlaZnBrSW8yWnBBcURVR1",qz.com,28.481059426163856,85.53059872647526
22031b4,live-e64c02f0,2026-07-31T12:15:13.702990+00:00,Multiple,Reported area,Structural Failure,Aftermath,"Multiple earthquakes strike China, Tibet, Nepal - News On AIR","<a href=""https://news.google.com/rss/articles/CBMie0FVX3lxTE5GeHp2Mkw2TEh6ZVVvNWd0SHlWaUJmdHdhaG9RZVZndTFoanI4enYyWXM3R2lDaHJHd2NLcThldGsxYzZ1TGZJMktzZU9iRTNmVGdCRjJTOEQ2MVhLWmxCLW16a3RMVFI1N08xWGx0ME",News On AIR,27.74879428416698,85.31364087399994
22031b4,live-e502eea0,2026-07-31T12:15:13.702982+00:00,Multiple,Reported area,Structural Failure,Aftermath,"Multiple earthquakes rock China, Tibet, Nepal within hours - The Assam Tribune","<a href=""https://news.google.com/rss/articles/CBMipgFBVV95cUxQd1RTZVBCZnd6c0taOVJrc3p5eFRhd3l6LUgxQWEwby1yWm1KcmpzQ3IxdE05bDQ4OGFpb2ZsZlZFUXY0ZGN4SFlKb3FNME0yMVBaeFN2T21fMkVkS3U5Ul9FWjcybF9xUlNINGptN0",The Assam Tribune,27.832249173583406,85.73932711406295
22031b4,live-d65d97f6,2026-07-31T12:15:13.702954+00:00,Multiple,Reported area,Structural Failure,Aftermath,Aftershock: Everest and the Nepal Earthquake (2022) - IMDb,"<a href=""https://news.google.com/rss/articles/CBMicEFVX3lxTE1RV1NnQ1MtcklKQ2xLZHBwODlGNkFIeVM1eEJ2aloyV2Q2VjEtbGhjQjJxdDBjM1ExcjVxRW5jZ2FkWC1qdUlpSlVqQ0JEc0RNWmtjTlcxTGt3NzNYUXg4T3dhRlJCZ2pRVmIxVFdyZH",IMDb,28.23043070031289,85.2839723485157
84e58f8,live-981e32e6,2026-07-31T09:59:14.796934+00:00,Multiple,Reported area,Structural Failure,Aftermath,4.2-magnitude earthquake strikes western Nepal; no damage reported - The New Indian Express,"<a href=""https://news.google.com/rss/articles/CBMitgFBVV95cUxNd0ZpbnRBR01HcVQ1R0xsY01ibGNaTmZWYmpHUkI1R3FmVjlTbkd4Mko1a2Y5enZPOWwtWHlycEpRU1RGei0xR2I2NUVCd2JMVTFPMTlOMnpiQ3h1TXA4NHhyZjM3ZlBsWG40OUhBNW",The New Indian Express,26.82136526447607,84.61217370364669
84e58f8,live-1095704b,2026-07-31T09:59:14.796921+00:00,Multiple,Reported area,Landslide,Aftermath,Six-year study reveals ancient quakes along 150-mile fault system in Nepal - Virginia Tech News,"<a href=""https://news.google.com/rss/articles/CBMigAFBVV95cUxPbFc3VGRyWjFhZmpvb0pXMGhfVWVWbFBVQXN4ay1VeDA3bUtoeWVraEpWT2lKMTdTQmVfVjByVk1SaE1kbDQtd1RFVG5XaEN1TzBjWVhwOUtRVk9QZUN6Q0hNbDJuOTM3ZmpaUTVibX",Virginia Tech News,28.403544424718444,85.6826201527667
84e58f8,live-f11bc853,2026-07-31T09:59:14.796903+00:00,Multiple,Reported area,Structural Failure,Aftermath,101-Year-Old Pulled From Rubble One Week After Nepal Earthquake - abcnews.com,"<a href=""https://news.google.com/rss/articles/CBMinAFBVV95cUxQN0ZnMnd1SzIzbGVEUmJWaGlaZkJjbVpRT0E3eHFJVkdNT1VabWV0bmJoaXI3QzJUYjVlcjZqdGpHaVlKSGY2MjhmeXNNaFdwNndDZnIxalRGLU9LOF9ZTVI1N2JNTTQyXzI4UlBLQW",abcnews.com,27.034221019832305,84.37074167537234
84e58f8,live-d91bb75a,2026-07-31T09:59:14.796884+00:00,Multiple,Reported area,Structural Failure,Aftermath,"Multiple Earthquakes Strike China, Tibet, and Nepal Early Friday - Pragativadi","<a href=""https://news.google.com/rss/articles/CBMikAFBVV95cUxQd090MGVSZDZKNFRNUHl3QXREWXNISzA3T1NSb21SWGhVMlUyNlRxUHQ1SGI3SUo5dE9vR2JSelJlY1llQ3Y4SklEaGx5bV8wS2tBRVV0dmxxRFd5WEpaQUtlYUtsaUpOVEpoWUJHNU",Pragativadi,28.684250037314087,86.15321389108263
84e58f8,live-e116d319,2026-07-31T09:59:14.796872+00:00,Multiple,Reported area,Structural Failure,Aftermath,Nepal and Northern India are not overdue for a huge earthquake - New Scientist,"<a href=""https://news.google.com/rss/articles/CBMirAFBVV95cUxOTTIwNHM3ZjM1NHFEek5jVkNQblpUQkJsYTRNcDdINHhDMWJmbU9taGFTNFlDbHRUMVhmRGpVb3dsbkRfRnZKd3lkbVFfRExseXR4SGZvOHNhVzRyX29TMlVxWDF5SUhyLXdTNHctMD",New Scientist,27.665335331109237,85.74692918963837
84e58f8,live-1ba44b5b,2026-07-31T09:59:14.796859+00:00,Multiple,Reported area,Structural Failure,Aftermath,"Multiple Earthquakes Jolt China, Tibet And Nepal Within Hours, Says NCS - sarkaritel.com","<a href=""https://news.google.com/rss/articles/CBMiekFVX3lxTE9PRGswN3I3SDk4WDFsR2kxdVNzT0dYWkJZMVRaMElKSDVCRnpBMmxKbjVEYjZ5QVdmd2F6RlNBZXdxc2dhRWpTTThGZkZrWEd2YTdGTzZZYjRraERncFp0WDBxdWVmQ1pXY0ZnQU92MG",sarkaritel.com,28.062006615743687,85.28345628888437
84e58f8,live-407df18a,2026-07-31T09:59:14.796845+00:00,Multiple,Reported area,Structural Failure,Aftermath,The economic damage from the Nepal earthquake is almost half of the country’s GDP - qz.com,"<a href=""https://news.google.com/rss/articles/CBMirAFBVV95cUxPWUJKV2JuVTNqa0ZDNUVwMFlIVk9kNU1JMy0wNVQ5dUg0TEFyS2xRczM4em9qYXRqVVBlXzQwVmlzWm8ydFJUYjNFWVhiTEYtWW41cE9fMXAxd2lZYkFINmlaZnBrSW8yWnBBcURVR1",qz.com,28.108374887788493,85.05323604548556
84e58f8,live-f2111727,2026-07-31T09:59:14.796823+00:00,Multiple,Reported area,Structural Failure,Aftermath,"Multiple earthquakes strike China, Tibet, Nepal - News On AIR","<a href=""https://news.google.com/rss/articles/CBMie0FVX3lxTE5GeHp2Mkw2TEh6ZVVvNWd0SHlWaUJmdHdhaG9RZVZndTFoanI4enYyWXM3R2lDaHJHd2NLcThldGsxYzZ1TGZJMktzZU9iRTNmVGdCRjJTOEQ2MVhLWmxCLW16a3RMVFI1N08xWGx0ME",News On AIR,28.045939443875106,85.28470412259612
84e58f8,live-eeddf503,2026-07-31T09:59:14.796807+00:00,Multiple,Reported area,Structural Failure,Aftermath,"Multiple earthquakes rock China, Tibet, Nepal within hours - The Assam Tribune","<a href=""https://news.google.com/rss/articles/CBMipgFBVV95cUxQd1RTZVBCZnd6c0taOVJrc3p5eFRhd3l6LUgxQWEwby1yWm1KcmpzQ3IxdE05bDQ4OGFpb2ZsZlZFUXY0ZGN4SFlKb3FNME0yMVBaeFN2T21fMkVkS3U5Ul9FWjcybF9xUlNINGptN0",The Assam Tribune,27.60697859707244,85.58461148336538
84e58f8,live-031f63e6,2026-07-31T09:59:14.796763+00:00,Multiple,Reported area,Structural Failure,Aftermath,Aftershock: Everest and the Nepal Earthquake (2022) - IMDb,"<a href=""https://news.google.com/rss/articles/CBMicEFVX3lxTE1RV1NnQ1MtcklKQ2xLZHBwODlGNkFIeVM1eEJ2aloyV2Q2VjEtbGhjQjJxdDBjM1ExcjVxRW5jZ2FkWC1qdUlpSlVqQ0JEc0RNWmtjTlcxTGt3NzNYUXg4T3dhRlJCZ2pRVmIxVFdyZH",IMDb,26.92564133375161,86.29633736222901
77dbeed,live-e2d4e20f,2026-07-31T07:12:45.530555+00:00,Multiple,Reported area,Structural Failure,Aftermath,Nepal Earthquake: How to Help - Save the Children US,"<a href=""https://news.google.com/rss/articles/CBMikgFBVV95cUxPZWZVZ2l6bGtkb3ZVVUNPdzVfRzVZSURtWlJ3X3g2YlFUVHNZaUlVZ0hmSVllV1pad1Y3eS1rcG91X21EMnAtaUNHSGRNaC1XcEtEeUxkYjk0dnZSSmUwYXF0SjU1N0VnU0RwVmE4Z3",Save the Children US,28.288241439859863,85.65334403180157
77dbeed,live-9d1b364c,2026-07-31T07:12:45.530546+00:00,Multiple,Reported area,Landslide,Aftermath,"India, Nepal Revive Ties With Restoration of Lalitpur Heritage Sites - NDTV","<a href=""https://news.google.com/rss/articles/CBMirAFBVV95cUxNcGVkUm1ibXNwOFRxMVBFX0l6enR5bDVoTmhEUzhOa2VaWVNpaEpqZWw0WkdCMGR3ajZDbkFLSVJLLVVqdWhTenIxMl9JYXl4b0xlUzczMUdMN0xzNnNBX09nZEp0RTlzNnJEN1A5UU",NDTV,26.907297814592344,85.7722442054603
77dbeed,live-5976a386,2026-07-31T07:12:45.530534+00:00,Multiple,Reported area,Structural Failure,Aftermath,4.2-magnitude earthquake strikes western Nepal; no damage reported - newindianexpress.com,"<a href=""https://news.google.com/rss/articles/CBMitgFBVV95cUxNd0ZpbnRBR01HcVQ1R0xsY01ibGNaTmZWYmpHUkI1R3FmVjlTbkd4Mko1a2Y5enZPOWwtWHlycEpRU1RGei0xR2I2NUVCd2JMVTFPMTlOMnpiQ3h1TXA4NHhyZjM3ZlBsWG40OUhBNW",newindianexpress.com,27.339083000843896,85.94044119331136
77dbeed,live-4a9e5165,2026-07-31T07:12:45.530519+00:00,Multiple,Reported area,Landslide,Aftermath,Six-year study reveals ancient quakes along 150-mile fault system in Nepal - Virginia Tech News,"<a href=""https://news.google.com/rss/articles/CBMigAFBVV95cUxPbFc3VGRyWjFhZmpvb0pXMGhfVWVWbFBVQXN4ay1VeDA3bUtoeWVraEpWT2lKMTdTQmVfVjByVk1SaE1kbDQtd1RFVG5XaEN1TzBjWVhwOUtRVk9QZUN6Q0hNbDJuOTM3ZmpaUTVibX",Virginia Tech News,28.048324795363733,86.2572334979106
77dbeed,live-b288db83,2026-07-31T07:12:45.530511+00:00,Multiple,Reported area,Structural Failure,Aftermath,"101-Year-Old Pulled From Rubble One Week After Nepal Earthquake - ABC News - Breaking News, Latest N","<a href=""https://news.google.com/rss/articles/CBMinAFBVV95cUxQN0ZnMnd1SzIzbGVEUmJWaGlaZkJjbVpRT0E3eHFJVkdNT1VabWV0bmJoaXI3QzJUYjVlcjZqdGpHaVlKSGY2MjhmeXNNaFdwNndDZnIxalRGLU9LOF9ZTVI1N2JNTTQyXzI4UlBLQW","ABC News - Breaking News, Latest News and Videos",27.501321906348792,85.25548967570839
77dbeed,live-b61340d5,2026-07-31T07:12:45.530502+00:00,Multiple,Reported area,Structural Failure,Aftermath,Nepal and Northern India are not overdue for a huge earthquake - New Scientist,"<a href=""https://news.google.com/rss/articles/CBMirAFBVV95cUxOTTIwNHM3ZjM1NHFEek5jVkNQblpUQkJsYTRNcDdINHhDMWJmbU9taGFTNFlDbHRUMVhmRGpVb3dsbkRfRnZKd3lkbVFfRExseXR4SGZvOHNhVzRyX29TMlVxWDF5SUhyLXdTNHctMD",New Scientist,26.772154132280132,85.22152121407068
77dbeed,live-180c74a4,2026-07-31T07:12:45.530492+00:00,Multiple,Reported area,Structural Failure,Aftermath,The economic damage from the Nepal earthquake is almost half of the country’s GDP - qz.com,"<a href=""https://news.google.com/rss/articles/CBMirAFBVV95cUxPWUJKV2JuVTNqa0ZDNUVwMFlIVk9kNU1JMy0wNVQ5dUg0TEFyS2xRczM4em9qYXRqVVBlXzQwVmlzWm8ydFJUYjNFWVhiTEYtWW41cE9fMXAxd2lZYkFINmlaZnBrSW8yWnBBcURVR1",qz.com,27.618660547573356,85.78456027702941
77dbeed,live-fe7aee80,2026-07-31T07:12:45.530474+00:00,Multiple,Reported area,Structural Failure,Aftermath,"Multiple Earthquakes Jolt China, Tibet And Nepal Within Hours, Says NCS - Sarkaritel.com","<a href=""https://news.google.com/rss/articles/CBMiekFVX3lxTE9PRGswN3I3SDk4WDFsR2kxdVNzT0dYWkJZMVRaMElKSDVCRnpBMmxKbjVEYjZ5QVdmd2F6RlNBZXdxc2dhRWpTTThGZkZrWEd2YTdGTzZZYjRraERncFp0WDBxdWVmQ1pXY0ZnQU92MG",Sarkaritel.com,27.200821224504317,86.24982833944372
77dbeed,live-e5230874,2026-07-31T07:12:45.530463+00:00,Multiple,Reported area,Structural Failure,Aftermath,"Multiple earthquakes strike China, Tibet, Nepal - News On AIR","<a href=""https://news.google.com/rss/articles/CBMie0FVX3lxTE5GeHp2Mkw2TEh6ZVVvNWd0SHlWaUJmdHdhaG9RZVZndTFoanI4enYyWXM3R2lDaHJHd2NLcThldGsxYzZ1TGZJMktzZU9iRTNmVGdCRjJTOEQ2MVhLWmxCLW16a3RMVFI1N08xWGx0ME",News On AIR,28.622400005817454,84.50002177171584
77dbeed,live-0f713cec,2026-07-31T07:12:45.530433+00:00,Multiple,Reported area,Structural Failure,Aftermath,Aftershock: Everest and the Nepal Earthquake (2022) - IMDb,"<a href=""https://news.google.com/rss/articles/CBMicEFVX3lxTE1RV1NnQ1MtcklKQ2xLZHBwODlGNkFIeVM1eEJ2aloyV2Q2VjEtbGhjQjJxdDBjM1ExcjVxRW5jZ2FkWC1qdUlpSlVqQ0JEc0RNWmtjTlcxTGt3NzNYUXg4T3dhRlJCZ2pRVmIxVFdyZH",IMDb,28.6954394926371,85.47223381896637
67a11d1,live-7f3453a3,2026-07-31T03:52:40.930788+00:00,Multiple,Reported area,Structural Failure,Aftermath,Post-Disaster Housing Reconstruction in Rural Nepal A Case Study in the Aftermath of the 2015 Nepal ,"<a href=""https://news.google.com/rss/articles/CBMibkFVX3lxTE15U3JKZkRRbl9FemdvVllucXVsTmpxS2E5aW1mQ1Y4Q3RRNHhQUjhQd2NrRjZaSXY1alZLLUNTRi1WbFdFN2Fpd2Vta0lLZXNoWDB2RFRDS25rMmo3T3ZvRWt2NGV5NW5uRDJvUVdn?o",SCIRP Open Access,28.176641435765372,84.62204330073955
67a11d1,live-1e3cba90,2026-07-31T03:52:40.930771+00:00,Multiple,Reported area,Structural Failure,Aftermath,Nepal Earthquake: How to Help - Save the Children US,"<a href=""https://news.google.com/rss/articles/CBMikgFBVV95cUxPZWZVZ2l6bGtkb3ZVVUNPdzVfRzVZSURtWlJ3X3g2YlFUVHNZaUlVZ0hmSVllV1pad1Y3eS1rcG91X21EMnAtaUNHSGRNaC1XcEtEeUxkYjk0dnZSSmUwYXF0SjU1N0VnU0RwVmE4Z3",Save the Children US,28.565632246357502,84.50592328424061
67a11d1,live-829b8b4b,2026-07-31T03:52:40.930759+00:00,Multiple,Reported area,Landslide,Aftermath,"India, Nepal Revive Ties With Restoration of Lalitpur Heritage Sites - NDTV","<a href=""https://news.google.com/rss/articles/CBMirAFBVV95cUxNcGVkUm1ibXNwOFRxMVBFX0l6enR5bDVoTmhEUzhOa2VaWVNpaEpqZWw0WkdCMGR3ajZDbkFLSVJLLVVqdWhTenIxMl9JYXl4b0xlUzczMUdMN0xzNnNBX09nZEp0RTlzNnJEN1A5UU",NDTV,27.711794931679208,84.82979971645868
67a11d1,live-62f5630a,2026-07-31T03:52:40.930742+00:00,Multiple,Reported area,Structural Failure,Aftermath,4.2-magnitude earthquake strikes western Nepal; no damage reported - The New Indian Express,"<a href=""https://news.google.com/rss/articles/CBMitgFBVV95cUxNd0ZpbnRBR01HcVQ1R0xsY01ibGNaTmZWYmpHUkI1R3FmVjlTbkd4Mko1a2Y5enZPOWwtWHlycEpRU1RGei0xR2I2NUVCd2JMVTFPMTlOMnpiQ3h1TXA4NHhyZjM3ZlBsWG40OUhBNW",The New Indian Express,28.5984261977313,86.22850460193149
67a11d1,live-6177d87f,2026-07-31T03:52:40.930731+00:00,Multiple,Reported area,Structural Failure,Aftermath,101-Year-Old Pulled From Rubble One Week After Nepal Earthquake - abcnews.com,"<a href=""https://news.google.com/rss/articles/CBMinAFBVV95cUxQN0ZnMnd1SzIzbGVEUmJWaGlaZkJjbVpRT0E3eHFJVkdNT1VabWV0bmJoaXI3QzJUYjVlcjZqdGpHaVlKSGY2MjhmeXNNaFdwNndDZnIxalRGLU9LOF9ZTVI1N2JNTTQyXzI4UlBLQW",abcnews.com,26.982674871227378,85.11600473642345
67a11d1,live-413ac74f,2026-07-31T03:52:40.930718+00:00,Multiple,Reported area,Structural Failure,Aftermath,Nepal and Northern India are not overdue for a huge earthquake - New Scientist,"<a href=""https://news.google.com/rss/articles/CBMirAFBVV95cUxOTTIwNHM3ZjM1NHFEek5jVkNQblpUQkJsYTRNcDdINHhDMWJmbU9taGFTNFlDbHRUMVhmRGpVb3dsbkRfRnZKd3lkbVFfRExseXR4SGZvOHNhVzRyX29TMlVxWDF5SUhyLXdTNHctMD",New Scientist,28.627097638918684,84.98247418559801
67a11d1,live-cfb0b486,2026-07-31T03:52:40.930705+00:00,Multiple,Reported area,Structural Failure,Aftermath,The economic damage from the Nepal earthquake is almost half of the country’s GDP - qz.com,"<a href=""https://news.google.com/rss/articles/CBMirAFBVV95cUxPWUJKV2JuVTNqa0ZDNUVwMFlIVk9kNU1JMy0wNVQ5dUg0TEFyS2xRczM4em9qYXRqVVBlXzQwVmlzWm8ydFJUYjNFWVhiTEYtWW41cE9fMXAxd2lZYkFINmlaZnBrSW8yWnBBcURVR1",qz.com,27.06402176945175,85.75951623131978
67a11d1,live-8e8d9145,2026-07-31T03:52:40.930685+00:00,Multiple,Reported area,Structural Failure,Aftermath,"Multiple Earthquakes Jolt China, Tibet And Nepal Within Hours, Says NCS - Sarkaritel.com","<a href=""https://news.google.com/rss/articles/CBMiekFVX3lxTE9PRGswN3I3SDk4WDFsR2kxdVNzT0dYWkJZMVRaMElKSDVCRnpBMmxKbjVEYjZ5QVdmd2F6RlNBZXdxc2dhRWpTTThGZkZrWEd2YTdGTzZZYjRraERncFp0WDBxdWVmQ1pXY0ZnQU92MG",Sarkaritel.com,28.33882136667382,84.43171031681356
67a11d1,live-f76876f5,2026-07-31T03:52:40.930671+00:00,Multiple,Reported area,Structural Failure,Aftermath,"Multiple earthquakes strike China, Tibet, Nepal within hours, says National Center for Seismology - ","<a href=""https://news.google.com/rss/articles/CBMivAFBVV95cUxQcDh4RThfT3hRYXIyT0lvUjAyTkd4NkxrM0NJVmdDaU51STNqb1Zwa3NkajdENXlkbDZJRllaMkpnTU9iVnhtTTdGN2V5c3pvcEx3dDl3MXY1c2pMc1BVNXRaSmVObGRQY2RzTkhldV",MorungExpress,28.645145520753214,84.98534657684782
67a11d1,live-31686730,2026-07-31T03:52:40.930640+00:00,Multiple,Reported area,Structural Failure,Aftermath,Aftershock: Everest and the Nepal Earthquake (2022) - IMDb,"<a href=""https://news.google.com/rss/articles/CBMicEFVX3lxTE1RV1NnQ1MtcklKQ2xLZHBwODlGNkFIeVM1eEJ2aloyV2Q2VjEtbGhjQjJxdDBjM1ExcjVxRW5jZ2FkWC1qdUlpSlVqQ0JEc0RNWmtjTlcxTGt3NzNYUXg4T3dhRlJCZ2pRVmIxVFdyZH",IMDb,27.108506954385028,84.49959219046791
d75cd56,live-0df31db2,2026-07-31T00:14:29.122090+00:00,Multiple,Reported area,Structural Failure,Aftermath,3.8 magnitude earthquake hits Nepal - BusinessLine,"<a href=""https://news.google.com/rss/articles/CBMipAFBVV95cUxOS2pNaDlFZkdIRlBWc2lmSVJQWWlHWW9rZ0ozUDZjakl5cTYxYS1mSzJ2TVUxb255dlpyUEVxcmZtajR5RkZKSGx4ZWpJeVk4LTdGT0tyOHFTTnZvSDFhbmk5RC1xUWR0czlQaWRzUk",BusinessLine,27.762007617094106,85.88432812114763
d75cd56,live-9b1e1006,2026-07-31T00:14:29.122078+00:00,Multiple,Reported area,Structural Failure,Aftermath,3.8 Magnitude Earthquake Hits Nepal - Deccan Chronicle,"<a href=""https://news.google.com/rss/articles/CBMilgFBVV95cUxPd25LeVA1aTREVVVka0xUWGFZNGx0RmZZNFQ4UGpmRmdyclQtRW1vS09lTDQ0NEhyd0lNbEZpZklKVWdFa1MxQzRfUXZLdk04QnM2cVZNSmlTUENVUnVrd1hZTzlrb3dDSlRwdGZTSU",Deccan Chronicle,27.38861701847538,85.36175253323513
d75cd56,live-12165be5,2026-07-31T00:14:29.122065+00:00,Multiple,Reported area,Structural Failure,Aftermath,Post-Disaster Housing Reconstruction in Rural Nepal A Case Study in the Aftermath of the 2015 Nepal ,"<a href=""https://news.google.com/rss/articles/CBMibkFVX3lxTE15U3JKZkRRbl9FemdvVllucXVsTmpxS2E5aW1mQ1Y4Q3RRNHhQUjhQd2NrRjZaSXY1alZLLUNTRi1WbFdFN2Fpd2Vta0lLZXNoWDB2RFRDS25rMmo3T3ZvRWt2NGV5NW5uRDJvUVdn?o",SCIRP Open Access,27.491541474532426,84.47030463717142
d75cd56,live-22239abe,2026-07-31T00:14:29.122048+00:00,Multiple,Reported area,Structural Failure,Aftermath,Nepal Earthquake: How to Help - savethechildren.org,"<a href=""https://news.google.com/rss/articles/CBMikgFBVV95cUxPZWZVZ2l6bGtkb3ZVVUNPdzVfRzVZSURtWlJ3X3g2YlFUVHNZaUlVZ0hmSVllV1pad1Y3eS1rcG91X21EMnAtaUNHSGRNaC1XcEtEeUxkYjk0dnZSSmUwYXF0SjU1N0VnU0RwVmE4Z3",savethechildren.org,28.396185913011866,84.82581531238439
d75cd56,live-8c5d29d0,2026-07-31T00:14:29.122026+00:00,Multiple,Reported area,Landslide,Aftermath,"India, Nepal Revive Ties With Restoration of Lalitpur Heritage Sites - NDTV","<a href=""https://news.google.com/rss/articles/CBMirAFBVV95cUxNcGVkUm1ibXNwOFRxMVBFX0l6enR5bDVoTmhEUzhOa2VaWVNpaEpqZWw0WkdCMGR3ajZDbkFLSVJLLVVqdWhTenIxMl9JYXl4b0xlUzczMUdMN0xzNnNBX09nZEp0RTlzNnJEN1A5UU",NDTV,27.77411781132564,86.17423038884039
d75cd56,live-d4cce9ad,2026-07-31T00:14:29.122010+00:00,Multiple,Reported area,Structural Failure,Aftermath,"101-Year-Old Pulled From Rubble One Week After Nepal Earthquake - ABC News - Breaking News, Latest N","<a href=""https://news.google.com/rss/articles/CBMinAFBVV95cUxQN0ZnMnd1SzIzbGVEUmJWaGlaZkJjbVpRT0E3eHFJVkdNT1VabWV0bmJoaXI3QzJUYjVlcjZqdGpHaVlKSGY2MjhmeXNNaFdwNndDZnIxalRGLU9LOF9ZTVI1N2JNTTQyXzI4UlBLQW","ABC News - Breaking News, Latest News and Videos",27.220603216070014,84.36794642353482
d75cd56,live-960697cf,2026-07-31T00:14:29.121997+00:00,Multiple,Reported area,Landslide,Aftermath,Six-year study reveals ancient quakes along 150-mile fault system in Nepal - Virginia Tech News,"<a href=""https://news.google.com/rss/articles/CBMigAFBVV95cUxPbFc3VGRyWjFhZmpvb0pXMGhfVWVWbFBVQXN4ay1VeDA3bUtoeWVraEpWT2lKMTdTQmVfVjByVk1SaE1kbDQtd1RFVG5XaEN1TzBjWVhwOUtRVk9QZUN6Q0hNbDJuOTM3ZmpaUTVibX",Virginia Tech News,28.535326284761066,85.43496069344653
d75cd56,live-f7eebb35,2026-07-31T00:14:29.121978+00:00,Multiple,Reported area,Structural Failure,Aftermath,Nepal and Northern India are not overdue for a huge earthquake - newscientist.com,"<a href=""https://news.google.com/rss/articles/CBMirAFBVV95cUxOTTIwNHM3ZjM1NHFEek5jVkNQblpUQkJsYTRNcDdINHhDMWJmbU9taGFTNFlDbHRUMVhmRGpVb3dsbkRfRnZKd3lkbVFfRExseXR4SGZvOHNhVzRyX29TMlVxWDF5SUhyLXdTNHctMD",newscientist.com,27.90596820272013,86.11495258094041
d75cd56,live-01666e27,2026-07-31T00:14:29.121961+00:00,Multiple,Reported area,Structural Failure,Aftermath,The economic damage from the Nepal earthquake is almost half of the country’s GDP - qz.com,"<a href=""https://news.google.com/rss/articles/CBMirAFBVV95cUxPWUJKV2JuVTNqa0ZDNUVwMFlIVk9kNU1JMy0wNVQ5dUg0TEFyS2xRczM4em9qYXRqVVBlXzQwVmlzWm8ydFJUYjNFWVhiTEYtWW41cE9fMXAxd2lZYkFINmlaZnBrSW8yWnBBcURVR1",qz.com,27.362075761085922,85.26641171609734
d75cd56,live-241f709b,2026-07-31T00:14:29.121896+00:00,Multiple,Reported area,Structural Failure,Aftermath,Aftershock: Everest and the Nepal Earthquake (2022) - IMDb,"<a href=""https://news.google.com/rss/articles/CBMicEFVX3lxTE1RV1NnQ1MtcklKQ2xLZHBwODlGNkFIeVM1eEJ2aloyV2Q2VjEtbGhjQjJxdDBjM1ExcjVxRW5jZ2FkWC1qdUlpSlVqQ0JEc0RNWmtjTlcxTGt3NzNYUXg4T3dhRlJCZ2pRVmIxVFdyZH",IMDb,27.192451177285125,84.47198186418795
bc0584e,live-1fc7c48a,2026-07-30T22:45:44.021025+00:00,Multiple,Reported area,Structural Failure,Aftermath,3.8 Magnitude Earthquake Hits Nepal - Deccan Chronicle,"<a href=""https://news.google.com/rss/articles/CBMilgFBVV95cUxPd25LeVA1aTREVVVka0xUWGFZNGx0RmZZNFQ4UGpmRmdyclQtRW1vS09lTDQ0NEhyd0lNbEZpZklKVWdFa1MxQzRfUXZLdk04QnM2cVZNSmlTUENVUnVrd1hZTzlrb3dDSlRwdGZTSU",Deccan Chronicle,28.449674415052687,86.29110315343343
bc0584e,live-cfea937e,2026-07-30T22:45:44.021013+00:00,Multiple,Reported area,Structural Failure,Aftermath,Nepal Earthquake: How to Help - Save the Children US,"<a href=""https://news.google.com/rss/articles/CBMikgFBVV95cUxPZWZVZ2l6bGtkb3ZVVUNPdzVfRzVZSURtWlJ3X3g2YlFUVHNZaUlVZ0hmSVllV1pad1Y3eS1rcG91X21EMnAtaUNHSGRNaC1XcEtEeUxkYjk0dnZSSmUwYXF0SjU1N0VnU0RwVmE4Z3",Save the Children US,27.23475691681555,84.75298581527035
bc0584e,live-b2a14062,2026-07-30T22:45:44.020995+00:00,Multiple,Reported area,Structural Failure,Aftermath,Post-Disaster Housing Reconstruction in Rural Nepal A Case Study in the Aftermath of the 2015 Nepal ,"<a href=""https://news.google.com/rss/articles/CBMibkFVX3lxTE15U3JKZkRRbl9FemdvVllucXVsTmpxS2E5aW1mQ1Y4Q3RRNHhQUjhQd2NrRjZaSXY1alZLLUNTRi1WbFdFN2Fpd2Vta0lLZXNoWDB2RFRDS25rMmo3T3ZvRWt2NGV5NW5uRDJvUVdn?o",SCIRP Open Access,27.763960995098802,85.78516665748958
bc0584e,live-ea244008,2026-07-30T22:45:44.020977+00:00,Multiple,Reported area,Landslide,Aftermath,"India, Nepal Revive Ties With Restoration of Lalitpur Heritage Sites - NDTV","<a href=""https://news.google.com/rss/articles/CBMirAFBVV95cUxNcGVkUm1ibXNwOFRxMVBFX0l6enR5bDVoTmhEUzhOa2VaWVNpaEpqZWw0WkdCMGR3ajZDbkFLSVJLLVVqdWhTenIxMl9JYXl4b0xlUzczMUdMN0xzNnNBX09nZEp0RTlzNnJEN1A5UU",NDTV,27.975126754334788,85.71390069658806
bc0584e,live-bed6f53e,2026-07-30T22:45:44.020966+00:00,Multiple,Reported area,Structural Failure,Aftermath,"101-Year-Old Pulled From Rubble One Week After Nepal Earthquake - ABC News - Breaking News, Latest N","<a href=""https://news.google.com/rss/articles/CBMinAFBVV95cUxQN0ZnMnd1SzIzbGVEUmJWaGlaZkJjbVpRT0E3eHFJVkdNT1VabWV0bmJoaXI3QzJUYjVlcjZqdGpHaVlKSGY2MjhmeXNNaFdwNndDZnIxalRGLU9LOF9ZTVI1N2JNTTQyXzI4UlBLQW","ABC News - Breaking News, Latest News and Videos",26.82663555377322,84.42631182639812
bc0584e,live-4aace90c,2026-07-30T22:45:44.020952+00:00,Multiple,Reported area,Landslide,Aftermath,Six-year study reveals ancient quakes along 150-mile fault system in Nepal - news.vt.edu,"<a href=""https://news.google.com/rss/articles/CBMigAFBVV95cUxPbFc3VGRyWjFhZmpvb0pXMGhfVWVWbFBVQXN4ay1VeDA3bUtoeWVraEpWT2lKMTdTQmVfVjByVk1SaE1kbDQtd1RFVG5XaEN1TzBjWVhwOUtRVk9QZUN6Q0hNbDJuOTM3ZmpaUTVibX",news.vt.edu,27.059967671703973,85.93612602878201
bc0584e,live-672a2eec,2026-07-30T22:45:44.020938+00:00,Multiple,Reported area,Structural Failure,Aftermath,Nepal and Northern India are not overdue for a huge earthquake - New Scientist,"<a href=""https://news.google.com/rss/articles/CBMirAFBVV95cUxOTTIwNHM3ZjM1NHFEek5jVkNQblpUQkJsYTRNcDdINHhDMWJmbU9taGFTNFlDbHRUMVhmRGpVb3dsbkRfRnZKd3lkbVFfRExseXR4SGZvOHNhVzRyX29TMlVxWDF5SUhyLXdTNHctMD",New Scientist,28.028513976203605,85.56078679682625
bc0584e,live-96981f61,2026-07-30T22:45:44.020919+00:00,Multiple,Reported area,Structural Failure,Aftermath,The economic damage from the Nepal earthquake is almost half of the country’s GDP - qz.com,"<a href=""https://news.google.com/rss/articles/CBMirAFBVV95cUxPWUJKV2JuVTNqa0ZDNUVwMFlIVk9kNU1JMy0wNVQ5dUg0TEFyS2xRczM4em9qYXRqVVBlXzQwVmlzWm8ydFJUYjNFWVhiTEYtWW41cE9fMXAxd2lZYkFINmlaZnBrSW8yWnBBcURVR1",qz.com,27.580991919999224,85.81894190517436
bc0584e,live-b3506514,2026-07-30T22:45:44.020901+00:00,Multiple,Reported area,Landslide,Aftermath,Homelessness in Nepal: A Bamboo Solution - BORGEN Magazine,"<a href=""https://news.google.com/rss/articles/CBMiY0FVX3lxTE1FSmp1dEttNUxTUlh2UGFadDMxZ0N0S25GZ0pBMWVFOUFhVTU1M0w1T0JhRzFRMFVHRWluSUZHT3ctRFlDSDNjRXZkYWh1SzlNXzN6SUxfeXNtUkpWX3NNc0ZRbw?oc=5"" target=""_",BORGEN Magazine,27.903467241090823,84.54806291974506
bc0584e,live-2b1b31b2,2026-07-30T22:45:44.020867+00:00,Multiple,Reported area,Structural Failure,Aftermath,Aftershock: Everest and the Nepal Earthquake (2022) - IMDb,"<a href=""https://news.google.com/rss/articles/CBMicEFVX3lxTE1RV1NnQ1MtcklKQ2xLZHBwODlGNkFIeVM1eEJ2aloyV2Q2VjEtbGhjQjJxdDBjM1ExcjVxRW5jZ2FkWC1qdUlpSlVqQ0JEc0RNWmtjTlcxTGt3NzNYUXg4T3dhRlJCZ2pRVmIxVFdyZH",IMDb,27.056165764859475,86.01836658728965
c6e4dbf,live-12c735c7,2026-07-30T21:21:09.173290+00:00,Multiple,Reported area,Structural Failure,Aftermath,3.8 Magnitude Earthquake Hits Nepal - Deccan Chronicle,"<a href=""https://news.google.com/rss/articles/CBMilgFBVV95cUxPd25LeVA1aTREVVVka0xUWGFZNGx0RmZZNFQ4UGpmRmdyclQtRW1vS09lTDQ0NEhyd0lNbEZpZklKVWdFa1MxQzRfUXZLdk04QnM2cVZNSmlTUENVUnVrd1hZTzlrb3dDSlRwdGZTSU",Deccan Chronicle,28.473058140221607,84.61064414001966
c6e4dbf,live-60595502,2026-07-30T21:21:09.173274+00:00,Multiple,Reported area,Structural Failure,Aftermath,Post-Disaster Housing Reconstruction in Rural Nepal A Case Study in the Aftermath of the 2015 Nepal ,"<a href=""https://news.google.com/rss/articles/CBMibkFVX3lxTE15U3JKZkRRbl9FemdvVllucXVsTmpxS2E5aW1mQ1Y4Q3RRNHhQUjhQd2NrRjZaSXY1alZLLUNTRi1WbFdFN2Fpd2Vta0lLZXNoWDB2RFRDS25rMmo3T3ZvRWt2NGV5NW5uRDJvUVdn?o",SCIRP Open Access,28.30185871559766,86.28623676478053
c6e4dbf,live-b2727be4,2026-07-30T21:21:09.173261+00:00,Multiple,Reported area,Structural Failure,Aftermath,Nepal Earthquake: How to Help - Save the Children US,"<a href=""https://news.google.com/rss/articles/CBMikgFBVV95cUxPZWZVZ2l6bGtkb3ZVVUNPdzVfRzVZSURtWlJ3X3g2YlFUVHNZaUlVZ0hmSVllV1pad1Y3eS1rcG91X21EMnAtaUNHSGRNaC1XcEtEeUxkYjk0dnZSSmUwYXF0SjU1N0VnU0RwVmE4Z3",Save the Children US,26.726463572761087,85.56924643911535
c6e4dbf,live-637af1e3,2026-07-30T21:21:09.173242+00:00,Multiple,Reported area,Structural Failure,Aftermath,4.2-magnitude earthquake strikes western Nepal; no damage reported - The New Indian Express,"<a href=""https://news.google.com/rss/articles/CBMitgFBVV95cUxNd0ZpbnRBR01HcVQ1R0xsY01ibGNaTmZWYmpHUkI1R3FmVjlTbkd4Mko1a2Y5enZPOWwtWHlycEpRU1RGei0xR2I2NUVCd2JMVTFPMTlOMnpiQ3h1TXA4NHhyZjM3ZlBsWG40OUhBNW",The New Indian Express,28.366204628508786,85.29675187305192
c6e4dbf,live-93f9aac5,2026-07-30T21:21:09.173230+00:00,Multiple,Reported area,Landslide,Aftermath,"India, Nepal Revive Ties With Restoration of Lalitpur Heritage Sites - NDTV","<a href=""https://news.google.com/rss/articles/CBMirAFBVV95cUxNcGVkUm1ibXNwOFRxMVBFX0l6enR5bDVoTmhEUzhOa2VaWVNpaEpqZWw0WkdCMGR3ajZDbkFLSVJLLVVqdWhTenIxMl9JYXl4b0xlUzczMUdMN0xzNnNBX09nZEp0RTlzNnJEN1A5UU",NDTV,27.570666587411946,85.5777108187866
c6e4dbf,live-7b5d8fb2,2026-07-30T21:21:09.173217+00:00,Multiple,Reported area,Structural Failure,Aftermath,"101-Year-Old Pulled From Rubble One Week After Nepal Earthquake - ABC News - Breaking News, Latest N","<a href=""https://news.google.com/rss/articles/CBMinAFBVV95cUxQN0ZnMnd1SzIzbGVEUmJWaGlaZkJjbVpRT0E3eHFJVkdNT1VabWV0bmJoaXI3QzJUYjVlcjZqdGpHaVlKSGY2MjhmeXNNaFdwNndDZnIxalRGLU9LOF9ZTVI1N2JNTTQyXzI4UlBLQW","ABC News - Breaking News, Latest News and Videos",27.54192282391585,85.51026272382913
c6e4dbf,live-7982cb9d,2026-07-30T21:21:09.173203+00:00,Multiple,Reported area,Structural Failure,Aftermath,Nepal and Northern India are not overdue for a huge earthquake - New Scientist,"<a href=""https://news.google.com/rss/articles/CBMirAFBVV95cUxOTTIwNHM3ZjM1NHFEek5jVkNQblpUQkJsYTRNcDdINHhDMWJmbU9taGFTNFlDbHRUMVhmRGpVb3dsbkRfRnZKd3lkbVFfRExseXR4SGZvOHNhVzRyX29TMlVxWDF5SUhyLXdTNHctMD",New Scientist,27.700749512663535,84.45156298203173
c6e4dbf,live-587ceba6,2026-07-30T21:21:09.173184+00:00,Multiple,Reported area,Structural Failure,Aftermath,The economic damage from the Nepal earthquake is almost half of the country’s GDP - qz.com,"<a href=""https://news.google.com/rss/articles/CBMirAFBVV95cUxPWUJKV2JuVTNqa0ZDNUVwMFlIVk9kNU1JMy0wNVQ5dUg0TEFyS2xRczM4em9qYXRqVVBlXzQwVmlzWm8ydFJUYjNFWVhiTEYtWW41cE9fMXAxd2lZYkFINmlaZnBrSW8yWnBBcURVR1",qz.com,27.340243927854353,84.72757693052822
c6e4dbf,live-7d0e07f8,2026-07-30T21:21:09.173166+00:00,Multiple,Reported area,Landslide,Aftermath,Homelessness in Nepal: A Bamboo Solution - BORGEN Magazine,"<a href=""https://news.google.com/rss/articles/CBMiY0FVX3lxTE1FSmp1dEttNUxTUlh2UGFadDMxZ0N0S25GZ0pBMWVFOUFhVTU1M0w1T0JhRzFRMFVHRWluSUZHT3ctRFlDSDNjRXZkYWh1SzlNXzN6SUxfeXNtUkpWX3NNc0ZRbw?oc=5"" target=""_",BORGEN Magazine,27.905433547340387,84.6231455440231
c6e4dbf,live-1cc4d759,2026-07-30T21:21:09.173133+00:00,Multiple,Reported area,Structural Failure,Aftermath,Aftershock: Everest and the Nepal Earthquake (2022) - IMDb,"<a href=""https://news.google.com/rss/articles/CBMicEFVX3lxTE1RV1NnQ1MtcklKQ2xLZHBwODlGNkFIeVM1eEJ2aloyV2Q2VjEtbGhjQjJxdDBjM1ExcjVxRW5jZ2FkWC1qdUlpSlVqQ0JEc0RNWmtjTlcxTGt3NzNYUXg4T3dhRlJCZ2pRVmIxVFdyZH",IMDb,27.583747653704883,85.81916051875154
1da669a,live-8fa4ef27,2026-07-30T19:49:50.972329+00:00,Multiple,Reported area,Structural Failure,Aftermath,3.8 Magnitude Earthquake Hits Nepal - Deccan Chronicle,"<a href=""https://news.google.com/rss/articles/CBMilgFBVV95cUxPd25LeVA1aTREVVVka0xUWGFZNGx0RmZZNFQ4UGpmRmdyclQtRW1vS09lTDQ0NEhyd0lNbEZpZklKVWdFa1MxQzRfUXZLdk04QnM2cVZNSmlTUENVUnVrd1hZTzlrb3dDSlRwdGZTSU",Deccan Chronicle,27.41801239411583,86.15774927785175
1da669a,live-85f7b2af,2026-07-30T19:49:50.972317+00:00,Multiple,Reported area,Structural Failure,Aftermath,Post-Disaster Housing Reconstruction in Rural Nepal A Case Study in the Aftermath of the 2015 Nepal ,"<a href=""https://news.google.com/rss/articles/CBMibkFVX3lxTE15U3JKZkRRbl9FemdvVllucXVsTmpxS2E5aW1mQ1Y4Q3RRNHhQUjhQd2NrRjZaSXY1alZLLUNTRi1WbFdFN2Fpd2Vta0lLZXNoWDB2RFRDS25rMmo3T3ZvRWt2NGV5NW5uRDJvUVdn?o",SCIRP Open Access,27.258254753636955,84.81726901910383
1da669a,live-e1b0168a,2026-07-30T19:49:50.972307+00:00,Multiple,Reported area,Structural Failure,Aftermath,Nepal Earthquake: How to Help - Save the Children US,"<a href=""https://news.google.com/rss/articles/CBMikgFBVV95cUxPZWZVZ2l6bGtkb3ZVVUNPdzVfRzVZSURtWlJ3X3g2YlFUVHNZaUlVZ0hmSVllV1pad1Y3eS1rcG91X21EMnAtaUNHSGRNaC1XcEtEeUxkYjk0dnZSSmUwYXF0SjU1N0VnU0RwVmE4Z3",Save the Children US,28.42522345307651,85.57354075601
1da669a,live-c7775deb,2026-07-30T19:49:50.972293+00:00,Multiple,Reported area,Structural Failure,Aftermath,4.2-magnitude earthquake strikes western Nepal; no damage reported - The New Indian Express,"<a href=""https://news.google.com/rss/articles/CBMitgFBVV95cUxNd0ZpbnRBR01HcVQ1R0xsY01ibGNaTmZWYmpHUkI1R3FmVjlTbkd4Mko1a2Y5enZPOWwtWHlycEpRU1RGei0xR2I2NUVCd2JMVTFPMTlOMnpiQ3h1TXA4NHhyZjM3ZlBsWG40OUhBNW",The New Indian Express,28.379828082617777,85.34395383549302
1da669a,live-87e07439,2026-07-30T19:49:50.972284+00:00,Multiple,Reported area,Landslide,Aftermath,"India, Nepal Revive Ties With Restoration of Lalitpur Heritage Sites - ndtv.com","<a href=""https://news.google.com/rss/articles/CBMirAFBVV95cUxNcGVkUm1ibXNwOFRxMVBFX0l6enR5bDVoTmhEUzhOa2VaWVNpaEpqZWw0WkdCMGR3ajZDbkFLSVJLLVVqdWhTenIxMl9JYXl4b0xlUzczMUdMN0xzNnNBX09nZEp0RTlzNnJEN1A5UU",ndtv.com,28.39515711928405,86.29091901801463
1da669a,live-a604ffd0,2026-07-30T19:49:50.972276+00:00,Multiple,Reported area,Structural Failure,Aftermath,"101-Year-Old Pulled From Rubble One Week After Nepal Earthquake - ABC News - Breaking News, Latest N","<a href=""https://news.google.com/rss/articles/CBMinAFBVV95cUxQN0ZnMnd1SzIzbGVEUmJWaGlaZkJjbVpRT0E3eHFJVkdNT1VabWV0bmJoaXI3QzJUYjVlcjZqdGpHaVlKSGY2MjhmeXNNaFdwNndDZnIxalRGLU9LOF9ZTVI1N2JNTTQyXzI4UlBLQW","ABC News - Breaking News, Latest News and Videos",26.72269582157058,85.1704424018226
1da669a,live-eda8e21c,2026-07-30T19:49:50.972266+00:00,Multiple,Reported area,Structural Failure,Aftermath,Nepal and Northern India are not overdue for a huge earthquake - New Scientist,"<a href=""https://news.google.com/rss/articles/CBMirAFBVV95cUxOTTIwNHM3ZjM1NHFEek5jVkNQblpUQkJsYTRNcDdINHhDMWJmbU9taGFTNFlDbHRUMVhmRGpVb3dsbkRfRnZKd3lkbVFfRExseXR4SGZvOHNhVzRyX29TMlVxWDF5SUhyLXdTNHctMD",New Scientist,27.264248410695533,84.54401919156486
1da669a,live-8cf60f0c,2026-07-30T19:49:50.972252+00:00,Multiple,Reported area,Structural Failure,Aftermath,The economic damage from the Nepal earthquake is almost half of the country’s GDP - qz.com,"<a href=""https://news.google.com/rss/articles/CBMirAFBVV95cUxPWUJKV2JuVTNqa0ZDNUVwMFlIVk9kNU1JMy0wNVQ5dUg0TEFyS2xRczM4em9qYXRqVVBlXzQwVmlzWm8ydFJUYjNFWVhiTEYtWW41cE9fMXAxd2lZYkFINmlaZnBrSW8yWnBBcURVR1",qz.com,28.297324642664016,84.4629990510478
1da669a,live-e4220ef7,2026-07-30T19:49:50.972238+00:00,Multiple,Reported area,Landslide,Aftermath,Homelessness in Nepal: A Bamboo Solution - BORGEN Magazine,"<a href=""https://news.google.com/rss/articles/CBMiY0FVX3lxTE1FSmp1dEttNUxTUlh2UGFadDMxZ0N0S25GZ0pBMWVFOUFhVTU1M0w1T0JhRzFRMFVHRWluSUZHT3ctRFlDSDNjRXZkYWh1SzlNXzN6SUxfeXNtUkpWX3NNc0ZRbw?oc=5"" target=""_",BORGEN Magazine,27.16224981875158,85.6068604678055
1da669a,live-057a858f,2026-07-30T19:49:50.972212+00:00,Multiple,Reported area,Structural Failure,Aftermath,Aftershock: Everest and the Nepal Earthquake (2022) - IMDb,"<a href=""https://news.google.com/rss/articles/CBMicEFVX3lxTE1RV1NnQ1MtcklKQ2xLZHBwODlGNkFIeVM1eEJ2aloyV2Q2VjEtbGhjQjJxdDBjM1ExcjVxRW5jZ2FkWC1qdUlpSlVqQ0JEc0RNWmtjTlcxTGt3NzNYUXg4T3dhRlJCZ2pRVmIxVFdyZH",IMDb,28.63578788712356,84.95474145585376
091e6c2,live-31ce7108,2026-07-30T17:51:02.979518+00:00,Multiple,Reported area,Structural Failure,Aftermath,3.8 Magnitude Earthquake Hits Nepal - Deccan Chronicle,"<a href=""https://news.google.com/rss/articles/CBMilgFBVV95cUxPd25LeVA1aTREVVVka0xUWGFZNGx0RmZZNFQ4UGpmRmdyclQtRW1vS09lTDQ0NEhyd0lNbEZpZklKVWdFa1MxQzRfUXZLdk04QnM2cVZNSmlTUENVUnVrd1hZTzlrb3dDSlRwdGZTSU",Deccan Chronicle,27.4973427412346,85.84543489006573
091e6c2,live-fc487f18,2026-07-30T17:51:02.979506+00:00,Multiple,Reported area,Structural Failure,Aftermath,Post-Disaster Housing Reconstruction in Rural Nepal A Case Study in the Aftermath of the 2015 Nepal ,"<a href=""https://news.google.com/rss/articles/CBMibkFVX3lxTE15U3JKZkRRbl9FemdvVllucXVsTmpxS2E5aW1mQ1Y4Q3RRNHhQUjhQd2NrRjZaSXY1alZLLUNTRi1WbFdFN2Fpd2Vta0lLZXNoWDB2RFRDS25rMmo3T3ZvRWt2NGV5NW5uRDJvUVdn?o",SCIRP Open Access,27.00392742392996,85.16831506811918
091e6c2,live-77ae3a2d,2026-07-30T17:51:02.979493+00:00,Multiple,Reported area,Structural Failure,Aftermath,Nepal Earthquake: How to Help - savethechildren.org,"<a href=""https://news.google.com/rss/articles/CBMikgFBVV95cUxPZWZVZ2l6bGtkb3ZVVUNPdzVfRzVZSURtWlJ3X3g2YlFUVHNZaUlVZ0hmSVllV1pad1Y3eS1rcG91X21EMnAtaUNHSGRNaC1XcEtEeUxkYjk0dnZSSmUwYXF0SjU1N0VnU0RwVmE4Z3",savethechildren.org,27.103962789101296,85.87979795455145
091e6c2,live-470d5c84,2026-07-30T17:51:02.979476+00:00,Multiple,Reported area,Landslide,Aftermath,"India, Nepal Revive Ties With Restoration of Lalitpur Heritage Sites - ndtv.com","<a href=""https://news.google.com/rss/articles/CBMirAFBVV95cUxNcGVkUm1ibXNwOFRxMVBFX0l6enR5bDVoTmhEUzhOa2VaWVNpaEpqZWw0WkdCMGR3ajZDbkFLSVJLLVVqdWhTenIxMl9JYXl4b0xlUzczMUdMN0xzNnNBX09nZEp0RTlzNnJEN1A5UU",ndtv.com,28.50591462117909,85.56783190545698
091e6c2,live-a20da063,2026-07-30T17:51:02.979461+00:00,Multiple,Reported area,Landslide,Aftermath,Six-year study reveals ancient quakes along 150-mile fault system in Nepal - Virginia Tech News,"<a href=""https://news.google.com/rss/articles/CBMigAFBVV95cUxPbFc3VGRyWjFhZmpvb0pXMGhfVWVWbFBVQXN4ay1VeDA3bUtoeWVraEpWT2lKMTdTQmVfVjByVk1SaE1kbDQtd1RFVG5XaEN1TzBjWVhwOUtRVk9QZUN6Q0hNbDJuOTM3ZmpaUTVibX",Virginia Tech News,27.26708837102379,84.69672299483355
091e6c2,live-58759103,2026-07-30T17:51:02.979448+00:00,Multiple,Reported area,Structural Failure,Aftermath,"101-Year-Old Pulled From Rubble One Week After Nepal Earthquake - ABC News - Breaking News, Latest N","<a href=""https://news.google.com/rss/articles/CBMinAFBVV95cUxQN0ZnMnd1SzIzbGVEUmJWaGlaZkJjbVpRT0E3eHFJVkdNT1VabWV0bmJoaXI3QzJUYjVlcjZqdGpHaVlKSGY2MjhmeXNNaFdwNndDZnIxalRGLU9LOF9ZTVI1N2JNTTQyXzI4UlBLQW","ABC News - Breaking News, Latest News and Videos",28.636750655391698,84.48938172240112
091e6c2,live-79304957,2026-07-30T17:51:02.979436+00:00,Multiple,Reported area,Structural Failure,Aftermath,Nepal and Northern India are not overdue for a huge earthquake - New Scientist,"<a href=""https://news.google.com/rss/articles/CBMirAFBVV95cUxOTTIwNHM3ZjM1NHFEek5jVkNQblpUQkJsYTRNcDdINHhDMWJmbU9taGFTNFlDbHRUMVhmRGpVb3dsbkRfRnZKd3lkbVFfRExseXR4SGZvOHNhVzRyX29TMlVxWDF5SUhyLXdTNHctMD",New Scientist,27.767695595408362,85.88241856406215
091e6c2,live-6faacba7,2026-07-30T17:51:02.979418+00:00,Multiple,Reported area,Structural Failure,Aftermath,The economic damage from the Nepal earthquake is almost half of the country’s GDP - qz.com,"<a href=""https://news.google.com/rss/articles/CBMirAFBVV95cUxPWUJKV2JuVTNqa0ZDNUVwMFlIVk9kNU1JMy0wNVQ5dUg0TEFyS2xRczM4em9qYXRqVVBlXzQwVmlzWm8ydFJUYjNFWVhiTEYtWW41cE9fMXAxd2lZYkFINmlaZnBrSW8yWnBBcURVR1",qz.com,27.7112709891727,84.37314550696718
091e6c2,live-fec5764d,2026-07-30T17:51:02.979400+00:00,Multiple,Reported area,Landslide,Aftermath,Homelessness in Nepal: A Bamboo Solution - BORGEN Magazine,"<a href=""https://news.google.com/rss/articles/CBMiY0FVX3lxTE1FSmp1dEttNUxTUlh2UGFadDMxZ0N0S25GZ0pBMWVFOUFhVTU1M0w1T0JhRzFRMFVHRWluSUZHT3ctRFlDSDNjRXZkYWh1SzlNXzN6SUxfeXNtUkpWX3NNc0ZRbw?oc=5"" target=""_",BORGEN Magazine,26.70475837194502,86.06569507099307
091e6c2,live-3f2d89ae,2026-07-30T17:51:02.979365+00:00,Multiple,Reported area,Structural Failure,Aftermath,Aftershock: Everest and the Nepal Earthquake (2022) - IMDb,"<a href=""https://news.google.com/rss/articles/CBMicEFVX3lxTE1RV1NnQ1MtcklKQ2xLZHBwODlGNkFIeVM1eEJ2aloyV2Q2VjEtbGhjQjJxdDBjM1ExcjVxRW5jZ2FkWC1qdUlpSlVqQ0JEc0RNWmtjTlcxTGt3NzNYUXg4T3dhRlJCZ2pRVmIxVFdyZH",IMDb,27.185744426240415,85.08345431416241
4c9950b,live-ca573f64,2026-07-30T16:14:15.804797+00:00,Multiple,Reported area,Structural Failure,Aftermath,3.8 Magnitude Earthquake Hits Nepal - Deccan Chronicle,"<a href=""https://news.google.com/rss/articles/CBMilgFBVV95cUxPd25LeVA1aTREVVVka0xUWGFZNGx0RmZZNFQ4UGpmRmdyclQtRW1vS09lTDQ0NEhyd0lNbEZpZklKVWdFa1MxQzRfUXZLdk04QnM2cVZNSmlTUENVUnVrd1hZTzlrb3dDSlRwdGZTSU",Deccan Chronicle,28.420696914004004,85.34949080946437
4c9950b,live-4dafd9ad,2026-07-30T16:14:15.804785+00:00,Multiple,Reported area,Structural Failure,Aftermath,Post-Disaster Housing Reconstruction in Rural Nepal A Case Study in the Aftermath of the 2015 Nepal ,"<a href=""https://news.google.com/rss/articles/CBMibkFVX3lxTE15U3JKZkRRbl9FemdvVllucXVsTmpxS2E5aW1mQ1Y4Q3RRNHhQUjhQd2NrRjZaSXY1alZLLUNTRi1WbFdFN2Fpd2Vta0lLZXNoWDB2RFRDS25rMmo3T3ZvRWt2NGV5NW5uRDJvUVdn?o",scirp.org,26.711185409999498,85.42191509444886
4c9950b,live-a4dba501,2026-07-30T16:14:15.804772+00:00,Multiple,Reported area,Structural Failure,Aftermath,Nepal Earthquake: How to Help - Save the Children US,"<a href=""https://news.google.com/rss/articles/CBMikgFBVV95cUxPZWZVZ2l6bGtkb3ZVVUNPdzVfRzVZSURtWlJ3X3g2YlFUVHNZaUlVZ0hmSVllV1pad1Y3eS1rcG91X21EMnAtaUNHSGRNaC1XcEtEeUxkYjk0dnZSSmUwYXF0SjU1N0VnU0RwVmE4Z3",Save the Children US,27.363908917222716,85.78020444059592
4c9950b,live-3725a570,2026-07-30T16:14:15.804753+00:00,Multiple,Reported area,Landslide,Aftermath,"India, Nepal Revive Ties With Restoration of Lalitpur Heritage Sites - NDTV","<a href=""https://news.google.com/rss/articles/CBMirAFBVV95cUxNcGVkUm1ibXNwOFRxMVBFX0l6enR5bDVoTmhEUzhOa2VaWVNpaEpqZWw0WkdCMGR3ajZDbkFLSVJLLVVqdWhTenIxMl9JYXl4b0xlUzczMUdMN0xzNnNBX09nZEp0RTlzNnJEN1A5UU",NDTV,28.30490551555837,86.29344672077937
4c9950b,live-f536be42,2026-07-30T16:14:15.804737+00:00,Multiple,Reported area,Structural Failure,Aftermath,"101-Year-Old Pulled From Rubble One Week After Nepal Earthquake - ABC News - Breaking News, Latest N","<a href=""https://news.google.com/rss/articles/CBMinAFBVV95cUxQN0ZnMnd1SzIzbGVEUmJWaGlaZkJjbVpRT0E3eHFJVkdNT1VabWV0bmJoaXI3QzJUYjVlcjZqdGpHaVlKSGY2MjhmeXNNaFdwNndDZnIxalRGLU9LOF9ZTVI1N2JNTTQyXzI4UlBLQW","ABC News - Breaking News, Latest News and Videos",27.78785332984933,84.42438322795101
4c9950b,live-21f72d32,2026-07-30T16:14:15.804723+00:00,Multiple,Reported area,Landslide,Aftermath,Six-year study reveals ancient quakes along 150-mile fault system in Nepal - Virginia Tech News,"<a href=""https://news.google.com/rss/articles/CBMigAFBVV95cUxPbFc3VGRyWjFhZmpvb0pXMGhfVWVWbFBVQXN4ay1VeDA3bUtoeWVraEpWT2lKMTdTQmVfVjByVk1SaE1kbDQtd1RFVG5XaEN1TzBjWVhwOUtRVk9QZUN6Q0hNbDJuOTM3ZmpaUTVibX",Virginia Tech News,28.58932877787779,84.90160966683341
4c9950b,live-f23900cc,2026-07-30T16:14:15.804709+00:00,Multiple,Reported area,Structural Failure,Aftermath,Nepal and Northern India are not overdue for a huge earthquake - New Scientist,"<a href=""https://news.google.com/rss/articles/CBMirAFBVV95cUxOTTIwNHM3ZjM1NHFEek5jVkNQblpUQkJsYTRNcDdINHhDMWJmbU9taGFTNFlDbHRUMVhmRGpVb3dsbkRfRnZKd3lkbVFfRExseXR4SGZvOHNhVzRyX29TMlVxWDF5SUhyLXdTNHctMD",New Scientist,27.397765283807416,84.59651339703366
4c9950b,live-ab7e7397,2026-07-30T16:14:15.804690+00:00,Multiple,Reported area,Structural Failure,Aftermath,The economic damage from the Nepal earthquake is almost half of the country’s GDP - qz.com,"<a href=""https://news.google.com/rss/articles/CBMirAFBVV95cUxPWUJKV2JuVTNqa0ZDNUVwMFlIVk9kNU1JMy0wNVQ5dUg0TEFyS2xRczM4em9qYXRqVVBlXzQwVmlzWm8ydFJUYjNFWVhiTEYtWW41cE9fMXAxd2lZYkFINmlaZnBrSW8yWnBBcURVR1",qz.com,28.38719645310476,85.50192161249328
4c9950b,live-b71e2d29,2026-07-30T16:14:15.804671+00:00,Multiple,Reported area,Landslide,Aftermath,Homelessness in Nepal: A Bamboo Solution - BORGEN Magazine,"<a href=""https://news.google.com/rss/articles/CBMiY0FVX3lxTE1FSmp1dEttNUxTUlh2UGFadDMxZ0N0S25GZ0pBMWVFOUFhVTU1M0w1T0JhRzFRMFVHRWluSUZHT3ctRFlDSDNjRXZkYWh1SzlNXzN6SUxfeXNtUkpWX3NNc0ZRbw?oc=5"" target=""_",BORGEN Magazine,27.83799390893677,84.82615283543619
4c9950b,live-35763667,2026-07-30T16:14:15.804638+00:00,Multiple,Reported area,Structural Failure,Aftermath,Aftershock: Everest and the Nepal Earthquake (2022) - IMDb,"<a href=""https://news.google.com/rss/articles/CBMicEFVX3lxTE1RV1NnQ1MtcklKQ2xLZHBwODlGNkFIeVM1eEJ2aloyV2Q2VjEtbGhjQjJxdDBjM1ExcjVxRW5jZ2FkWC1qdUlpSlVqQ0JEc0RNWmtjTlcxTGt3NzNYUXg4T3dhRlJCZ2pRVmIxVFdyZH",IMDb,27.224086897595477,84.60280276972783
a3bba90,live-edf481dd,2026-07-30T14:29:53.763302+00:00,Multiple,Reported area,Structural Failure,Aftermath,3.8 Magnitude Earthquake Hits Nepal - deccanchronicle.com,"<a href=""https://news.google.com/rss/articles/CBMilgFBVV95cUxPd25LeVA1aTREVVVka0xUWGFZNGx0RmZZNFQ4UGpmRmdyclQtRW1vS09lTDQ0NEhyd0lNbEZpZklKVWdFa1MxQzRfUXZLdk04QnM2cVZNSmlTUENVUnVrd1hZTzlrb3dDSlRwdGZTSU",deccanchronicle.com,27.45434368732987,85.16725467471672
a3bba90,live-a7db2438,2026-07-30T14:29:53.763290+00:00,Multiple,Reported area,Structural Failure,Aftermath,Post-Disaster Housing Reconstruction in Rural Nepal A Case Study in the Aftermath of the 2015 Nepal ,"<a href=""https://news.google.com/rss/articles/CBMibkFVX3lxTE15U3JKZkRRbl9FemdvVllucXVsTmpxS2E5aW1mQ1Y4Q3RRNHhQUjhQd2NrRjZaSXY1alZLLUNTRi1WbFdFN2Fpd2Vta0lLZXNoWDB2RFRDS25rMmo3T3ZvRWt2NGV5NW5uRDJvUVdn?o",scirp.org,27.15575088584729,85.58050951663137
a3bba90,live-81bf770c,2026-07-30T14:29:53.763278+00:00,Multiple,Reported area,Structural Failure,Aftermath,Nepal Earthquake: How to Help - Save the Children US,"<a href=""https://news.google.com/rss/articles/CBMikgFBVV95cUxPZWZVZ2l6bGtkb3ZVVUNPdzVfRzVZSURtWlJ3X3g2YlFUVHNZaUlVZ0hmSVllV1pad1Y3eS1rcG91X21EMnAtaUNHSGRNaC1XcEtEeUxkYjk0dnZSSmUwYXF0SjU1N0VnU0RwVmE4Z3",Save the Children US,28.040599107752126,84.71689028264812
a3bba90,live-eb884ec2,2026-07-30T14:29:53.763260+00:00,Multiple,Reported area,Structural Failure,Aftermath,4.2-magnitude earthquake strikes western Nepal; no damage reported - The New Indian Express,"<a href=""https://news.google.com/rss/articles/CBMitgFBVV95cUxNd0ZpbnRBR01HcVQ1R0xsY01ibGNaTmZWYmpHUkI1R3FmVjlTbkd4Mko1a2Y5enZPOWwtWHlycEpRU1RGei0xR2I2NUVCd2JMVTFPMTlOMnpiQ3h1TXA4NHhyZjM3ZlBsWG40OUhBNW",The New Indian Express,28.08658433092996,84.6618699868114
a3bba90,live-2a8cd17b,2026-07-30T14:29:53.763245+00:00,Multiple,Reported area,Landslide,Aftermath,"India, Nepal Revive Ties With Restoration of Lalitpur Heritage Sites - NDTV","<a href=""https://news.google.com/rss/articles/CBMirAFBVV95cUxNcGVkUm1ibXNwOFRxMVBFX0l6enR5bDVoTmhEUzhOa2VaWVNpaEpqZWw0WkdCMGR3ajZDbkFLSVJLLVVqdWhTenIxMl9JYXl4b0xlUzczMUdMN0xzNnNBX09nZEp0RTlzNnJEN1A5UU",NDTV,27.678083917748502,85.30237281937366
a3bba90,live-7ebae7a1,2026-07-30T14:29:53.763233+00:00,Multiple,Reported area,Structural Failure,Aftermath,101-Year-Old Pulled From Rubble One Week After Nepal Earthquake - abcnews.com,"<a href=""https://news.google.com/rss/articles/CBMinAFBVV95cUxQN0ZnMnd1SzIzbGVEUmJWaGlaZkJjbVpRT0E3eHFJVkdNT1VabWV0bmJoaXI3QzJUYjVlcjZqdGpHaVlKSGY2MjhmeXNNaFdwNndDZnIxalRGLU9LOF9ZTVI1N2JNTTQyXzI4UlBLQW",abcnews.com,27.69153967528484,84.62452469689765
a3bba90,live-7de42646,2026-07-30T14:29:53.763221+00:00,Multiple,Reported area,Structural Failure,Aftermath,Nepal and Northern India are not overdue for a huge earthquake - New Scientist,"<a href=""https://news.google.com/rss/articles/CBMirAFBVV95cUxOTTIwNHM3ZjM1NHFEek5jVkNQblpUQkJsYTRNcDdINHhDMWJmbU9taGFTNFlDbHRUMVhmRGpVb3dsbkRfRnZKd3lkbVFfRExseXR4SGZvOHNhVzRyX29TMlVxWDF5SUhyLXdTNHctMD",New Scientist,27.640328290762557,85.6726216908813
a3bba90,live-6d093230,2026-07-30T14:29:53.763203+00:00,Multiple,Reported area,Structural Failure,Aftermath,The economic damage from the Nepal earthquake is almost half of the country’s GDP - qz.com,"<a href=""https://news.google.com/rss/articles/CBMirAFBVV95cUxPWUJKV2JuVTNqa0ZDNUVwMFlIVk9kNU1JMy0wNVQ5dUg0TEFyS2xRczM4em9qYXRqVVBlXzQwVmlzWm8ydFJUYjNFWVhiTEYtWW41cE9fMXAxd2lZYkFINmlaZnBrSW8yWnBBcURVR1",qz.com,27.431866150095914,85.18835403376461
a3bba90,live-799933c1,2026-07-30T14:29:53.763186+00:00,Multiple,Reported area,Landslide,Aftermath,Homelessness in Nepal: A Bamboo Solution - BORGEN Magazine,"<a href=""https://news.google.com/rss/articles/CBMiY0FVX3lxTE1FSmp1dEttNUxTUlh2UGFadDMxZ0N0S25GZ0pBMWVFOUFhVTU1M0w1T0JhRzFRMFVHRWluSUZHT3ctRFlDSDNjRXZkYWh1SzlNXzN6SUxfeXNtUkpWX3NNc0ZRbw?oc=5"" target=""_",BORGEN Magazine,27.671048038462697,85.8093197682223
a3bba90,live-4f2aa9a4,2026-07-30T14:29:53.763154+00:00,Multiple,Reported area,Structural Failure,Aftermath,Aftershock: Everest and the Nepal Earthquake (2022) - imdb.com,"<a href=""https://news.google.com/rss/articles/CBMicEFVX3lxTE1RV1NnQ1MtcklKQ2xLZHBwODlGNkFIeVM1eEJ2aloyV2Q2VjEtbGhjQjJxdDBjM1ExcjVxRW5jZ2FkWC1qdUlpSlVqQ0JEc0RNWmtjTlcxTGt3NzNYUXg4T3dhRlJCZ2pRVmIxVFdyZH",imdb.com,26.918118226838153,85.88674336609857
8d041e3,live-058d115a,2026-07-30T12:03:19.146096+00:00,Multiple,Reported area,Structural Failure,Aftermath,3.8 Magnitude Earthquake Hits Nepal - Deccan Chronicle,"<a href=""https://news.google.com/rss/articles/CBMilgFBVV95cUxPd25LeVA1aTREVVVka0xUWGFZNGx0RmZZNFQ4UGpmRmdyclQtRW1vS09lTDQ0NEhyd0lNbEZpZklKVWdFa1MxQzRfUXZLdk04QnM2cVZNSmlTUENVUnVrd1hZTzlrb3dDSlRwdGZTSU",Deccan Chronicle,28.564467908287675,86.03844468777498
8d041e3,live-e27d46d7,2026-07-30T12:03:19.146083+00:00,Multiple,Reported area,Structural Failure,Aftermath,Post-Disaster Housing Reconstruction in Rural Nepal A Case Study in the Aftermath of the 2015 Nepal ,"<a href=""https://news.google.com/rss/articles/CBMibkFVX3lxTE15U3JKZkRRbl9FemdvVllucXVsTmpxS2E5aW1mQ1Y4Q3RRNHhQUjhQd2NrRjZaSXY1alZLLUNTRi1WbFdFN2Fpd2Vta0lLZXNoWDB2RFRDS25rMmo3T3ZvRWt2NGV5NW5uRDJvUVdn?o",SCIRP Open Access,27.716572480014964,85.38740853730789
8d041e3,live-710335d4,2026-07-30T12:03:19.146069+00:00,Multiple,Reported area,Structural Failure,Aftermath,Nepal Earthquake: How to Help - Save the Children US,"<a href=""https://news.google.com/rss/articles/CBMikgFBVV95cUxPZWZVZ2l6bGtkb3ZVVUNPdzVfRzVZSURtWlJ3X3g2YlFUVHNZaUlVZ0hmSVllV1pad1Y3eS1rcG91X21EMnAtaUNHSGRNaC1XcEtEeUxkYjk0dnZSSmUwYXF0SjU1N0VnU0RwVmE4Z3",Save the Children US,27.58135070785792,85.7748826997427
8d041e3,live-dd1784bf,2026-07-30T12:03:19.146052+00:00,Multiple,Reported area,Structural Failure,Aftermath,4.2-magnitude earthquake strikes western Nepal; no damage reported - The New Indian Express,"<a href=""https://news.google.com/rss/articles/CBMitgFBVV95cUxNd0ZpbnRBR01HcVQ1R0xsY01ibGNaTmZWYmpHUkI1R3FmVjlTbkd4Mko1a2Y5enZPOWwtWHlycEpRU1RGei0xR2I2NUVCd2JMVTFPMTlOMnpiQ3h1TXA4NHhyZjM3ZlBsWG40OUhBNW",The New Indian Express,27.539330684029434,84.45961728647728
8d041e3,live-dd3b8cef,2026-07-30T12:03:19.146035+00:00,Multiple,Reported area,Landslide,Aftermath,"India, Nepal Revive Ties With Restoration of Lalitpur Heritage Sites - NDTV","<a href=""https://news.google.com/rss/articles/CBMirAFBVV95cUxNcGVkUm1ibXNwOFRxMVBFX0l6enR5bDVoTmhEUzhOa2VaWVNpaEpqZWw0WkdCMGR3ajZDbkFLSVJLLVVqdWhTenIxMl9JYXl4b0xlUzczMUdMN0xzNnNBX09nZEp0RTlzNnJEN1A5UU",NDTV,28.691314834945974,85.26038238381753
8d041e3,live-8049084c,2026-07-30T12:03:19.146023+00:00,Multiple,Reported area,Structural Failure,Aftermath,"101-Year-Old Pulled From Rubble One Week After Nepal Earthquake - ABC News - Breaking News, Latest N","<a href=""https://news.google.com/rss/articles/CBMinAFBVV95cUxQN0ZnMnd1SzIzbGVEUmJWaGlaZkJjbVpRT0E3eHFJVkdNT1VabWV0bmJoaXI3QzJUYjVlcjZqdGpHaVlKSGY2MjhmeXNNaFdwNndDZnIxalRGLU9LOF9ZTVI1N2JNTTQyXzI4UlBLQW","ABC News - Breaking News, Latest News and Videos",27.329762558958397,85.9289708380635
8d041e3,live-aa1275b0,2026-07-30T12:03:19.146009+00:00,Multiple,Reported area,Structural Failure,Aftermath,Nepal and Northern India are not overdue for a huge earthquake - New Scientist,"<a href=""https://news.google.com/rss/articles/CBMirAFBVV95cUxOTTIwNHM3ZjM1NHFEek5jVkNQblpUQkJsYTRNcDdINHhDMWJmbU9taGFTNFlDbHRUMVhmRGpVb3dsbkRfRnZKd3lkbVFfRExseXR4SGZvOHNhVzRyX29TMlVxWDF5SUhyLXdTNHctMD",New Scientist,26.73069808721621,85.07870293031681
8d041e3,live-ec1b363a,2026-07-30T12:03:19.145991+00:00,Multiple,Reported area,Structural Failure,Aftermath,The economic damage from the Nepal earthquake is almost half of the country’s GDP - qz.com,"<a href=""https://news.google.com/rss/articles/CBMirAFBVV95cUxPWUJKV2JuVTNqa0ZDNUVwMFlIVk9kNU1JMy0wNVQ5dUg0TEFyS2xRczM4em9qYXRqVVBlXzQwVmlzWm8ydFJUYjNFWVhiTEYtWW41cE9fMXAxd2lZYkFINmlaZnBrSW8yWnBBcURVR1",qz.com,28.31153108969808,85.9217114459591
8d041e3,live-9e943a20,2026-07-30T12:03:19.145974+00:00,Multiple,Reported area,Landslide,Aftermath,Homelessness in Nepal: A Bamboo Solution - BORGEN Magazine,"<a href=""https://news.google.com/rss/articles/CBMiY0FVX3lxTE1FSmp1dEttNUxTUlh2UGFadDMxZ0N0S25GZ0pBMWVFOUFhVTU1M0w1T0JhRzFRMFVHRWluSUZHT3ctRFlDSDNjRXZkYWh1SzlNXzN6SUxfeXNtUkpWX3NNc0ZRbw?oc=5"" target=""_",BORGEN Magazine,27.62074460753118,85.05963159840833
8d041e3,live-e94a1533,2026-07-30T12:03:19.145943+00:00,Multiple,Reported area,Structural Failure,Aftermath,Aftershock: Everest and the Nepal Earthquake (2022) - IMDb,"<a href=""https://news.google.com/rss/articles/CBMicEFVX3lxTE1RV1NnQ1MtcklKQ2xLZHBwODlGNkFIeVM1eEJ2aloyV2Q2VjEtbGhjQjJxdDBjM1ExcjVxRW5jZ2FkWC1qdUlpSlVqQ0JEc0RNWmtjTlcxTGt3NzNYUXg4T3dhRlJCZ2pRVmIxVFdyZH",IMDb,27.126805758963375,86.1403385537799
e693b94,live-782b71b8,2026-07-30T10:03:31.878184+00:00,Multiple,Reported area,Structural Failure,Aftermath,3.8 Magnitude Earthquake Hits Nepal - Deccan Chronicle,"<a href=""https://news.google.com/rss/articles/CBMilgFBVV95cUxPd25LeVA1aTREVVVka0xUWGFZNGx0RmZZNFQ4UGpmRmdyclQtRW1vS09lTDQ0NEhyd0lNbEZpZklKVWdFa1MxQzRfUXZLdk04QnM2cVZNSmlTUENVUnVrd1hZTzlrb3dDSlRwdGZTSU",Deccan Chronicle,28.271158699589012,84.61467236905749
e693b94,live-8542100f,2026-07-30T10:03:31.878171+00:00,Multiple,Reported area,Landslide,Aftermath,"India, Nepal Revive Ties With Restoration of Lalitpur Heritage Sites - NDTV","<a href=""https://news.google.com/rss/articles/CBMirAFBVV95cUxNcGVkUm1ibXNwOFRxMVBFX0l6enR5bDVoTmhEUzhOa2VaWVNpaEpqZWw0WkdCMGR3ajZDbkFLSVJLLVVqdWhTenIxMl9JYXl4b0xlUzczMUdMN0xzNnNBX09nZEp0RTlzNnJEN1A5UU",NDTV,26.929272911340092,85.36581832302743
e693b94,live-1cdc0acc,2026-07-30T10:03:31.878158+00:00,Multiple,Reported area,Structural Failure,Aftermath,Post-Disaster Housing Reconstruction in Rural Nepal A Case Study in the Aftermath of the 2015 Nepal ,"<a href=""https://news.google.com/rss/articles/CBMibkFVX3lxTE15U3JKZkRRbl9FemdvVllucXVsTmpxS2E5aW1mQ1Y4Q3RRNHhQUjhQd2NrRjZaSXY1alZLLUNTRi1WbFdFN2Fpd2Vta0lLZXNoWDB2RFRDS25rMmo3T3ZvRWt2NGV5NW5uRDJvUVdn?o",SCIRP Open Access,27.919569224988855,84.73048538423048
e693b94,live-f0c69608,2026-07-30T10:03:31.878139+00:00,Multiple,Reported area,Structural Failure,Aftermath,Nepal Earthquake: How to Help - Save the Children US,"<a href=""https://news.google.com/rss/articles/CBMikgFBVV95cUxPZWZVZ2l6bGtkb3ZVVUNPdzVfRzVZSURtWlJ3X3g2YlFUVHNZaUlVZ0hmSVllV1pad1Y3eS1rcG91X21EMnAtaUNHSGRNaC1XcEtEeUxkYjk0dnZSSmUwYXF0SjU1N0VnU0RwVmE4Z3",Save the Children US,27.996322088324682,84.55446576578814
e693b94,live-6c5d49e5,2026-07-30T10:03:31.878123+00:00,Multiple,Reported area,Structural Failure,Aftermath,"101-Year-Old Pulled From Rubble One Week After Nepal Earthquake - ABC News - Breaking News, Latest N","<a href=""https://news.google.com/rss/articles/CBMinAFBVV95cUxQN0ZnMnd1SzIzbGVEUmJWaGlaZkJjbVpRT0E3eHFJVkdNT1VabWV0bmJoaXI3QzJUYjVlcjZqdGpHaVlKSGY2MjhmeXNNaFdwNndDZnIxalRGLU9LOF9ZTVI1N2JNTTQyXzI4UlBLQW","ABC News - Breaking News, Latest News and Videos",28.17383493420132,86.03297089342664
e693b94,live-2d3955db,2026-07-30T10:03:31.878109+00:00,Multiple,Reported area,Landslide,Aftermath,Six-year study reveals ancient quakes along 150-mile fault system in Nepal - news.vt.edu,"<a href=""https://news.google.com/rss/articles/CBMigAFBVV95cUxPbFc3VGRyWjFhZmpvb0pXMGhfVWVWbFBVQXN4ay1VeDA3bUtoeWVraEpWT2lKMTdTQmVfVjByVk1SaE1kbDQtd1RFVG5XaEN1TzBjWVhwOUtRVk9QZUN6Q0hNbDJuOTM3ZmpaUTVibX",news.vt.edu,28.6267848369355,85.50358578825276
e693b94,live-45e69b04,2026-07-30T10:03:31.878095+00:00,Multiple,Reported area,Structural Failure,Aftermath,Nepal and Northern India are not overdue for a huge earthquake - New Scientist,"<a href=""https://news.google.com/rss/articles/CBMirAFBVV95cUxOTTIwNHM3ZjM1NHFEek5jVkNQblpUQkJsYTRNcDdINHhDMWJmbU9taGFTNFlDbHRUMVhmRGpVb3dsbkRfRnZKd3lkbVFfRExseXR4SGZvOHNhVzRyX29TMlVxWDF5SUhyLXdTNHctMD",New Scientist,27.092127113079183,84.84628849231926
e693b94,live-443dcfc7,2026-07-30T10:03:31.878077+00:00,Multiple,Reported area,Structural Failure,Aftermath,The economic damage from the Nepal earthquake is almost half of the country’s GDP - qz.com,"<a href=""https://news.google.com/rss/articles/CBMirAFBVV95cUxPWUJKV2JuVTNqa0ZDNUVwMFlIVk9kNU1JMy0wNVQ5dUg0TEFyS2xRczM4em9qYXRqVVBlXzQwVmlzWm8ydFJUYjNFWVhiTEYtWW41cE9fMXAxd2lZYkFINmlaZnBrSW8yWnBBcURVR1",qz.com,27.08877924007503,84.96955109386829
e693b94,live-3847d006,2026-07-30T10:03:31.878059+00:00,Multiple,Reported area,Landslide,Aftermath,Homelessness in Nepal: A Bamboo Solution - BORGEN Magazine,"<a href=""https://news.google.com/rss/articles/CBMiY0FVX3lxTE1FSmp1dEttNUxTUlh2UGFadDMxZ0N0S25GZ0pBMWVFOUFhVTU1M0w1T0JhRzFRMFVHRWluSUZHT3ctRFlDSDNjRXZkYWh1SzlNXzN6SUxfeXNtUkpWX3NNc0ZRbw?oc=5"" target=""_",BORGEN Magazine,28.49487779037726,84.65502265307076
e693b94,live-ef290980,2026-07-30T10:03:31.878026+00:00,Multiple,Reported area,Structural Failure,Aftermath,Aftershock: Everest and the Nepal Earthquake (2022) - IMDb,"<a href=""https://news.google.com/rss/articles/CBMicEFVX3lxTE1RV1NnQ1MtcklKQ2xLZHBwODlGNkFIeVM1eEJ2aloyV2Q2VjEtbGhjQjJxdDBjM1ExcjVxRW5jZ2FkWC1qdUlpSlVqQ0JEc0RNWmtjTlcxTGt3NzNYUXg4T3dhRlJCZ2pRVmIxVFdyZH",IMDb,27.533222697710393,85.49065863580034
0f5fff0,live-edc050d2,2026-07-30T07:19:46.688002+00:00,Multiple,Reported area,Structural Failure,Aftermath,3.8 Magnitude Earthquake Hits Nepal - Deccan Chronicle,"<a href=""https://news.google.com/rss/articles/CBMilgFBVV95cUxPd25LeVA1aTREVVVka0xUWGFZNGx0RmZZNFQ4UGpmRmdyclQtRW1vS09lTDQ0NEhyd0lNbEZpZklKVWdFa1MxQzRfUXZLdk04QnM2cVZNSmlTUENVUnVrd1hZTzlrb3dDSlRwdGZTSU",Deccan Chronicle,27.13626980004524,86.08177635451295
0f5fff0,live-ac22ca21,2026-07-30T07:19:46.687990+00:00,Multiple,Reported area,Structural Failure,Aftermath,Japan earthquake kills 13 as rescuers race to find survivors - Nepalnews.com,"<a href=""https://news.google.com/rss/articles/CBMiqwFBVV95cUxPeERQUjZmQ2MtVW45eThmdjB0WnI2MFVCYkttOEFPYXB4ZmFPMVBDeDItQ0Qtamlfc0x1Z3YxN0ZJeERmWnR4UEt3LTBnTURPZjlqTnA2eEltUnF6V0tPdkw1SnZwWlUzR0hyOXh2OG",Nepalnews.com,28.23353146219317,84.79723968719414
0f5fff0,live-977a83f5,2026-07-30T07:19:46.687980+00:00,Multiple,Reported area,Structural Failure,Aftermath,Nepal Earthquake: How to Help - Save the Children US,"<a href=""https://news.google.com/rss/articles/CBMikgFBVV95cUxPZWZVZ2l6bGtkb3ZVVUNPdzVfRzVZSURtWlJ3X3g2YlFUVHNZaUlVZ0hmSVllV1pad1Y3eS1rcG91X21EMnAtaUNHSGRNaC1XcEtEeUxkYjk0dnZSSmUwYXF0SjU1N0VnU0RwVmE4Z3",Save the Children US,28.013383872605687,85.78415762489892
0f5fff0,live-7b7a46f4,2026-07-30T07:19:46.687966+00:00,Multiple,Reported area,Landslide,Aftermath,Six-year study reveals ancient quakes along 150-mile fault system in Nepal - Virginia Tech News,"<a href=""https://news.google.com/rss/articles/CBMigAFBVV95cUxPbFc3VGRyWjFhZmpvb0pXMGhfVWVWbFBVQXN4ay1VeDA3bUtoeWVraEpWT2lKMTdTQmVfVjByVk1SaE1kbDQtd1RFVG5XaEN1TzBjWVhwOUtRVk9QZUN6Q0hNbDJuOTM3ZmpaUTVibX",Virginia Tech News,28.638922433934887,85.06957138467466
0f5fff0,live-eb87bb50,2026-07-30T07:19:46.687958+00:00,Multiple,Reported area,Structural Failure,Aftermath,"101-Year-Old Pulled From Rubble One Week After Nepal Earthquake - ABC News - Breaking News, Latest N","<a href=""https://news.google.com/rss/articles/CBMinAFBVV95cUxQN0ZnMnd1SzIzbGVEUmJWaGlaZkJjbVpRT0E3eHFJVkdNT1VabWV0bmJoaXI3QzJUYjVlcjZqdGpHaVlKSGY2MjhmeXNNaFdwNndDZnIxalRGLU9LOF9ZTVI1N2JNTTQyXzI4UlBLQW","ABC News - Breaking News, Latest News and Videos",28.670085396205643,84.60055522660892
0f5fff0,live-471aaf8c,2026-07-30T07:19:46.687949+00:00,Multiple,Reported area,Structural Failure,Aftermath,Nepal and Northern India are not overdue for a huge earthquake - New Scientist,"<a href=""https://news.google.com/rss/articles/CBMirAFBVV95cUxOTTIwNHM3ZjM1NHFEek5jVkNQblpUQkJsYTRNcDdINHhDMWJmbU9taGFTNFlDbHRUMVhmRGpVb3dsbkRfRnZKd3lkbVFfRExseXR4SGZvOHNhVzRyX29TMlVxWDF5SUhyLXdTNHctMD",New Scientist,27.53126903075255,85.41550909490125
0f5fff0,live-bbd3993f,2026-07-30T07:19:46.687939+00:00,Multiple,Reported area,Structural Failure,Aftermath,The economic damage from the Nepal earthquake is almost half of the country’s GDP - qz.com,"<a href=""https://news.google.com/rss/articles/CBMirAFBVV95cUxPWUJKV2JuVTNqa0ZDNUVwMFlIVk9kNU1JMy0wNVQ5dUg0TEFyS2xRczM4em9qYXRqVVBlXzQwVmlzWm8ydFJUYjNFWVhiTEYtWW41cE9fMXAxd2lZYkFINmlaZnBrSW8yWnBBcURVR1",qz.com,27.37393727603032,85.93479788980332
0f5fff0,live-75f98410,2026-07-30T07:19:46.687923+00:00,Multiple,Reported area,Landslide,Aftermath,"India, Nepal Revive Ties With Restoration of Lalitpur Heritage Sites - NDTV","<a href=""https://news.google.com/rss/articles/CBMirAFBVV95cUxNcGVkUm1ibXNwOFRxMVBFX0l6enR5bDVoTmhEUzhOa2VaWVNpaEpqZWw0WkdCMGR3ajZDbkFLSVJLLVVqdWhTenIxMl9JYXl4b0xlUzczMUdMN0xzNnNBX09nZEp0RTlzNnJEN1A5UU",NDTV,28.403223974728913,85.37515549974154
0f5fff0,live-8d74fb2f,2026-07-30T07:19:46.687912+00:00,Multiple,Reported area,Structural Failure,Aftermath,Aftershock: Everest and the Nepal Earthquake (2022) - IMDb,"<a href=""https://news.google.com/rss/articles/CBMicEFVX3lxTE1RV1NnQ1MtcklKQ2xLZHBwODlGNkFIeVM1eEJ2aloyV2Q2VjEtbGhjQjJxdDBjM1ExcjVxRW5jZ2FkWC1qdUlpSlVqQ0JEc0RNWmtjTlcxTGt3NzNYUXg4T3dhRlJCZ2pRVmIxVFdyZH",IMDb,27.17581304723085,84.48440540694332
0f5fff0,live-ef7d7660,2026-07-30T07:19:46.687885+00:00,Multiple,Reported area,Landslide,Aftermath,Homelessness in Nepal: A Bamboo Solution - BORGEN Magazine,"<a href=""https://news.google.com/rss/articles/CBMiY0FVX3lxTE1FSmp1dEttNUxTUlh2UGFadDMxZ0N0S25GZ0pBMWVFOUFhVTU1M0w1T0JhRzFRMFVHRWluSUZHT3ctRFlDSDNjRXZkYWh1SzlNXzN6SUxfeXNtUkpWX3NNc0ZRbw?oc=5"" target=""_",BORGEN Magazine,28.239453621298487,85.47233839066261
72c40e5,live-219d9ca7,2026-07-30T04:18:50.382964+00:00,Multiple,Reported area,Structural Failure,Aftermath,Nepal Earthquake: How to Help - savethechildren.org,"<a href=""https://news.google.com/rss/articles/CBMikgFBVV95cUxPZWZVZ2l6bGtkb3ZVVUNPdzVfRzVZSURtWlJ3X3g2YlFUVHNZaUlVZ0hmSVllV1pad1Y3eS1rcG91X21EMnAtaUNHSGRNaC1XcEtEeUxkYjk0dnZSSmUwYXF0SjU1N0VnU0RwVmE4Z3",savethechildren.org,28.574140305138773,86.22542140916521
72c40e5,live-338a2d6d,2026-07-30T04:18:50.382948+00:00,Multiple,Reported area,Structural Failure,Aftermath,Post-Disaster Housing Reconstruction in Rural Nepal A Case Study in the Aftermath of the 2015 Nepal ,"<a href=""https://news.google.com/rss/articles/CBMibkFVX3lxTE15U3JKZkRRbl9FemdvVllucXVsTmpxS2E5aW1mQ1Y4Q3RRNHhQUjhQd2NrRjZaSXY1alZLLUNTRi1WbFdFN2Fpd2Vta0lLZXNoWDB2RFRDS25rMmo3T3ZvRWt2NGV5NW5uRDJvUVdn?o",scirp.org,27.939501361383833,84.65494825314781
72c40e5,live-82fa2187,2026-07-30T04:18:50.382936+00:00,Multiple,Reported area,Structural Failure,Aftermath,Japan earthquake kills 13 as rescuers race to find survivors - Nepalnews.com,"<a href=""https://news.google.com/rss/articles/CBMiqwFBVV95cUxPeERQUjZmQ2MtVW45eThmdjB0WnI2MFVCYkttOEFPYXB4ZmFPMVBDeDItQ0Qtamlfc0x1Z3YxN0ZJeERmWnR4UEt3LTBnTURPZjlqTnA2eEltUnF6V0tPdkw1SnZwWlUzR0hyOXh2OG",Nepalnews.com,27.788068061549513,84.98137789324967
72c40e5,live-a1fbcc02,2026-07-30T04:18:50.382918+00:00,Multiple,Reported area,Landslide,Aftermath,Six-year study reveals ancient quakes along 150-mile fault system in Nepal - Virginia Tech News,"<a href=""https://news.google.com/rss/articles/CBMigAFBVV95cUxPbFc3VGRyWjFhZmpvb0pXMGhfVWVWbFBVQXN4ay1VeDA3bUtoeWVraEpWT2lKMTdTQmVfVjByVk1SaE1kbDQtd1RFVG5XaEN1TzBjWVhwOUtRVk9QZUN6Q0hNbDJuOTM3ZmpaUTVibX",Virginia Tech News,27.828178121915137,85.31319529029022
72c40e5,live-46502a49,2026-07-30T04:18:50.382907+00:00,Multiple,Reported area,Structural Failure,Aftermath,"101-Year-Old Pulled From Rubble One Week After Nepal Earthquake - ABC News - Breaking News, Latest N","<a href=""https://news.google.com/rss/articles/CBMinAFBVV95cUxQN0ZnMnd1SzIzbGVEUmJWaGlaZkJjbVpRT0E3eHFJVkdNT1VabWV0bmJoaXI3QzJUYjVlcjZqdGpHaVlKSGY2MjhmeXNNaFdwNndDZnIxalRGLU9LOF9ZTVI1N2JNTTQyXzI4UlBLQW","ABC News - Breaking News, Latest News and Videos",27.63991968741017,85.09814817249736
72c40e5,live-ad8b015f,2026-07-30T04:18:50.382894+00:00,Multiple,Reported area,Structural Failure,Aftermath,Nepal and Northern India are not overdue for a huge earthquake - New Scientist,"<a href=""https://news.google.com/rss/articles/CBMirAFBVV95cUxOTTIwNHM3ZjM1NHFEek5jVkNQblpUQkJsYTRNcDdINHhDMWJmbU9taGFTNFlDbHRUMVhmRGpVb3dsbkRfRnZKd3lkbVFfRExseXR4SGZvOHNhVzRyX29TMlVxWDF5SUhyLXdTNHctMD",New Scientist,27.048206174180354,85.15091735942454
72c40e5,live-924fcd13,2026-07-30T04:18:50.382882+00:00,Multiple,Reported area,Structural Failure,Aftermath,The economic damage from the Nepal earthquake is almost half of the country’s GDP - qz.com,"<a href=""https://news.google.com/rss/articles/CBMirAFBVV95cUxPWUJKV2JuVTNqa0ZDNUVwMFlIVk9kNU1JMy0wNVQ5dUg0TEFyS2xRczM4em9qYXRqVVBlXzQwVmlzWm8ydFJUYjNFWVhiTEYtWW41cE9fMXAxd2lZYkFINmlaZnBrSW8yWnBBcURVR1",qz.com,28.22133923925261,85.40393572302942
72c40e5,live-2e839d67,2026-07-30T04:18:50.382861+00:00,Multiple,Reported area,Landslide,Aftermath,"India, Nepal Revive Ties With Restoration of Lalitpur Heritage Sites - NDTV","<a href=""https://news.google.com/rss/articles/CBMirAFBVV95cUxNcGVkUm1ibXNwOFRxMVBFX0l6enR5bDVoTmhEUzhOa2VaWVNpaEpqZWw0WkdCMGR3ajZDbkFLSVJLLVVqdWhTenIxMl9JYXl4b0xlUzczMUdMN0xzNnNBX09nZEp0RTlzNnJEN1A5UU",NDTV,27.447754419807573,84.72390422324291
72c40e5,live-991f49eb,2026-07-30T04:18:50.382847+00:00,Multiple,Reported area,Structural Failure,Aftermath,Aftershock: Everest and the Nepal Earthquake (2022) - IMDb,"<a href=""https://news.google.com/rss/articles/CBMicEFVX3lxTE1RV1NnQ1MtcklKQ2xLZHBwODlGNkFIeVM1eEJ2aloyV2Q2VjEtbGhjQjJxdDBjM1ExcjVxRW5jZ2FkWC1qdUlpSlVqQ0JEc0RNWmtjTlcxTGt3NzNYUXg4T3dhRlJCZ2pRVmIxVFdyZH",IMDb,26.70899778118581,84.64415383451158
72c40e5,live-cd9d3cb1,2026-07-30T04:18:50.382814+00:00,Multiple,Reported area,Landslide,Aftermath,Homelessness in Nepal: A Bamboo Solution - BORGEN Magazine,"<a href=""https://news.google.com/rss/articles/CBMiY0FVX3lxTE1FSmp1dEttNUxTUlh2UGFadDMxZ0N0S25GZ0pBMWVFOUFhVTU1M0w1T0JhRzFRMFVHRWluSUZHT3ctRFlDSDNjRXZkYWh1SzlNXzN6SUxfeXNtUkpWX3NNc0ZRbw?oc=5"" target=""_",BORGEN Magazine,27.23974933876986,86.06901409407402
d990080,live-188b0ffe,2026-07-30T01:01:31.814100+00:00,Multiple,Reported area,Structural Failure,Aftermath,Nepal Earthquake: How to Help - Save the Children US,"<a href=""https://news.google.com/rss/articles/CBMikgFBVV95cUxPZWZVZ2l6bGtkb3ZVVUNPdzVfRzVZSURtWlJ3X3g2YlFUVHNZaUlVZ0hmSVllV1pad1Y3eS1rcG91X21EMnAtaUNHSGRNaC1XcEtEeUxkYjk0dnZSSmUwYXF0SjU1N0VnU0RwVmE4Z3",Save the Children US,27.42477538735649,85.4181792329895
d990080,live-d6ba49df,2026-07-30T01:01:31.814088+00:00,Multiple,Reported area,Structural Failure,Aftermath,Post-Disaster Housing Reconstruction in Rural Nepal A Case Study in the Aftermath of the 2015 Nepal ,"<a href=""https://news.google.com/rss/articles/CBMibkFVX3lxTE15U3JKZkRRbl9FemdvVllucXVsTmpxS2E5aW1mQ1Y4Q3RRNHhQUjhQd2NrRjZaSXY1alZLLUNTRi1WbFdFN2Fpd2Vta0lLZXNoWDB2RFRDS25rMmo3T3ZvRWt2NGV5NW5uRDJvUVdn?o",SCIRP Open Access,28.226345576953527,85.31208171163314
d990080,live-b913c2f5,2026-07-30T01:01:31.814076+00:00,Multiple,Reported area,Landslide,Aftermath,Six-year study reveals ancient quakes along 150-mile fault system in Nepal - Virginia Tech News,"<a href=""https://news.google.com/rss/articles/CBMigAFBVV95cUxPbFc3VGRyWjFhZmpvb0pXMGhfVWVWbFBVQXN4ay1VeDA3bUtoeWVraEpWT2lKMTdTQmVfVjByVk1SaE1kbDQtd1RFVG5XaEN1TzBjWVhwOUtRVk9QZUN6Q0hNbDJuOTM3ZmpaUTVibX",Virginia Tech News,27.12292445916466,85.09505160761415
d990080,live-93027b51,2026-07-30T01:01:31.814059+00:00,Multiple,Reported area,Structural Failure,Aftermath,"101-Year-Old Pulled From Rubble One Week After Nepal Earthquake - ABC News - Breaking News, Latest N","<a href=""https://news.google.com/rss/articles/CBMinAFBVV95cUxQN0ZnMnd1SzIzbGVEUmJWaGlaZkJjbVpRT0E3eHFJVkdNT1VabWV0bmJoaXI3QzJUYjVlcjZqdGpHaVlKSGY2MjhmeXNNaFdwNndDZnIxalRGLU9LOF9ZTVI1N2JNTTQyXzI4UlBLQW","ABC News - Breaking News, Latest News and Videos",26.7506440574503,85.60646301406432
d990080,live-2cdb7e1c,2026-07-30T01:01:31.814042+00:00,Multiple,Reported area,Structural Failure,Aftermath,Nepal and Northern India are not overdue for a huge earthquake - New Scientist,"<a href=""https://news.google.com/rss/articles/CBMirAFBVV95cUxOTTIwNHM3ZjM1NHFEek5jVkNQblpUQkJsYTRNcDdINHhDMWJmbU9taGFTNFlDbHRUMVhmRGpVb3dsbkRfRnZKd3lkbVFfRExseXR4SGZvOHNhVzRyX29TMlVxWDF5SUhyLXdTNHctMD",New Scientist,27.31436727419074,84.39221653406855
d990080,live-9ddf80dd,2026-07-30T01:01:31.814029+00:00,Multiple,Reported area,Structural Failure,Aftermath,The economic damage from the Nepal earthquake is almost half of the country’s GDP - qz.com,"<a href=""https://news.google.com/rss/articles/CBMirAFBVV95cUxPWUJKV2JuVTNqa0ZDNUVwMFlIVk9kNU1JMy0wNVQ5dUg0TEFyS2xRczM4em9qYXRqVVBlXzQwVmlzWm8ydFJUYjNFWVhiTEYtWW41cE9fMXAxd2lZYkFINmlaZnBrSW8yWnBBcURVR1",qz.com,28.65920710907134,85.17242627333007
d990080,live-e35c853d,2026-07-30T01:01:31.814014+00:00,Multiple,Reported area,Structural Failure,Aftermath,Japan earthquake kills 13 as rescuers race to find survivors - Nepalnews.com,"<a href=""https://news.google.com/rss/articles/CBMiqwFBVV95cUxPeERQUjZmQ2MtVW45eThmdjB0WnI2MFVCYkttOEFPYXB4ZmFPMVBDeDItQ0Qtamlfc0x1Z3YxN0ZJeERmWnR4UEt3LTBnTURPZjlqTnA2eEltUnF6V0tPdkw1SnZwWlUzR0hyOXh2OG",Nepalnews.com,26.958614776771714,84.95921935967651
d990080,live-8214693e,2026-07-30T01:01:31.813996+00:00,Multiple,Reported area,Landslide,Aftermath,"India, Nepal Revive Ties With Restoration of Lalitpur Heritage Sites - NDTV","<a href=""https://news.google.com/rss/articles/CBMirAFBVV95cUxNcGVkUm1ibXNwOFRxMVBFX0l6enR5bDVoTmhEUzhOa2VaWVNpaEpqZWw0WkdCMGR3ajZDbkFLSVJLLVVqdWhTenIxMl9JYXl4b0xlUzczMUdMN0xzNnNBX09nZEp0RTlzNnJEN1A5UU",NDTV,27.035291277491464,85.74030365749779
d990080,live-28cd42d4,2026-07-30T01:01:31.813981+00:00,Multiple,Reported area,Structural Failure,Aftermath,Aftershock: Everest and the Nepal Earthquake (2022) - IMDb,"<a href=""https://news.google.com/rss/articles/CBMicEFVX3lxTE1RV1NnQ1MtcklKQ2xLZHBwODlGNkFIeVM1eEJ2aloyV2Q2VjEtbGhjQjJxdDBjM1ExcjVxRW5jZ2FkWC1qdUlpSlVqQ0JEc0RNWmtjTlcxTGt3NzNYUXg4T3dhRlJCZ2pRVmIxVFdyZH",IMDb,26.81203298675865,85.45982349440533
d990080,live-1bbaca30,2026-07-30T01:01:31.813948+00:00,Multiple,Reported area,Landslide,Aftermath,Homelessness in Nepal: A Bamboo Solution - BORGEN Magazine,"<a href=""https://news.google.com/rss/articles/CBMiY0FVX3lxTE1FSmp1dEttNUxTUlh2UGFadDMxZ0N0S25GZ0pBMWVFOUFhVTU1M0w1T0JhRzFRMFVHRWluSUZHT3ctRFlDSDNjRXZkYWh1SzlNXzN6SUxfeXNtUkpWX3NNc0ZRbw?oc=5"" target=""_",BORGEN Magazine,28.08252651404257,86.18022736091594
1dac31d,live-59abd7e9,2026-07-29T23:41:00.998542+00:00,Multiple,Reported area,Structural Failure,Aftermath,Nepal Earthquake: How to Help - Save the Children US,"<a href=""https://news.google.com/rss/articles/CBMikgFBVV95cUxPZWZVZ2l6bGtkb3ZVVUNPdzVfRzVZSURtWlJ3X3g2YlFUVHNZaUlVZ0hmSVllV1pad1Y3eS1rcG91X21EMnAtaUNHSGRNaC1XcEtEeUxkYjk0dnZSSmUwYXF0SjU1N0VnU0RwVmE4Z3",Save the Children US,27.57227437738705,84.85175953848584
1dac31d,live-65b87c45,2026-07-29T23:41:00.998529+00:00,Multiple,Reported area,Structural Failure,Aftermath,Post-Disaster Housing Reconstruction in Rural Nepal A Case Study in the Aftermath of the 2015 Nepal ,"<a href=""https://news.google.com/rss/articles/CBMibkFVX3lxTE15U3JKZkRRbl9FemdvVllucXVsTmpxS2E5aW1mQ1Y4Q3RRNHhQUjhQd2NrRjZaSXY1alZLLUNTRi1WbFdFN2Fpd2Vta0lLZXNoWDB2RFRDS25rMmo3T3ZvRWt2NGV5NW5uRDJvUVdn?o",scirp.org,28.01632864402265,84.80810551513736
1dac31d,live-071e649f,2026-07-29T23:41:00.998515+00:00,Multiple,Reported area,Landslide,Aftermath,Six-year study reveals ancient quakes along 150-mile fault system in Nepal - Virginia Tech News,"<a href=""https://news.google.com/rss/articles/CBMigAFBVV95cUxPbFc3VGRyWjFhZmpvb0pXMGhfVWVWbFBVQXN4ay1VeDA3bUtoeWVraEpWT2lKMTdTQmVfVjByVk1SaE1kbDQtd1RFVG5XaEN1TzBjWVhwOUtRVk9QZUN6Q0hNbDJuOTM3ZmpaUTVibX",Virginia Tech News,28.318300491728646,84.77303471663248
1dac31d,live-8c2444d2,2026-07-29T23:41:00.998494+00:00,Multiple,Reported area,Structural Failure,Aftermath,"101-Year-Old Pulled From Rubble One Week After Nepal Earthquake - ABC News - Breaking News, Latest N","<a href=""https://news.google.com/rss/articles/CBMinAFBVV95cUxQN0ZnMnd1SzIzbGVEUmJWaGlaZkJjbVpRT0E3eHFJVkdNT1VabWV0bmJoaXI3QzJUYjVlcjZqdGpHaVlKSGY2MjhmeXNNaFdwNndDZnIxalRGLU9LOF9ZTVI1N2JNTTQyXzI4UlBLQW","ABC News - Breaking News, Latest News and Videos",27.44626856718052,84.79651447103447
1dac31d,live-698afec0,2026-07-29T23:41:00.998476+00:00,Multiple,Reported area,Structural Failure,Aftermath,Nepal and Northern India are not overdue for a huge earthquake - New Scientist,"<a href=""https://news.google.com/rss/articles/CBMirAFBVV95cUxOTTIwNHM3ZjM1NHFEek5jVkNQblpUQkJsYTRNcDdINHhDMWJmbU9taGFTNFlDbHRUMVhmRGpVb3dsbkRfRnZKd3lkbVFfRExseXR4SGZvOHNhVzRyX29TMlVxWDF5SUhyLXdTNHctMD",New Scientist,27.719694647063882,84.31454565308704
1dac31d,live-de9d4a4c,2026-07-29T23:41:00.998463+00:00,Multiple,Reported area,Structural Failure,Aftermath,The economic damage from the Nepal earthquake is almost half of the country’s GDP - qz.com,"<a href=""https://news.google.com/rss/articles/CBMirAFBVV95cUxPWUJKV2JuVTNqa0ZDNUVwMFlIVk9kNU1JMy0wNVQ5dUg0TEFyS2xRczM4em9qYXRqVVBlXzQwVmlzWm8ydFJUYjNFWVhiTEYtWW41cE9fMXAxd2lZYkFINmlaZnBrSW8yWnBBcURVR1",qz.com,28.444598101897096,85.1508826655663
1dac31d,live-9633d891,2026-07-29T23:41:00.998446+00:00,Multiple,Reported area,Structural Failure,Aftermath,Japan earthquake kills 13 as rescuers race to find survivors - Nepalnews.com,"<a href=""https://news.google.com/rss/articles/CBMiqwFBVV95cUxPeERQUjZmQ2MtVW45eThmdjB0WnI2MFVCYkttOEFPYXB4ZmFPMVBDeDItQ0Qtamlfc0x1Z3YxN0ZJeERmWnR4UEt3LTBnTURPZjlqTnA2eEltUnF6V0tPdkw1SnZwWlUzR0hyOXh2OG",Nepalnews.com,26.825388433543083,85.45713027982626
1dac31d,live-02388b6f,2026-07-29T23:41:00.998427+00:00,Multiple,Reported area,Landslide,Aftermath,"India, Nepal Revive Ties With Restoration of Lalitpur Heritage Sites - NDTV","<a href=""https://news.google.com/rss/articles/CBMirAFBVV95cUxNcGVkUm1ibXNwOFRxMVBFX0l6enR5bDVoTmhEUzhOa2VaWVNpaEpqZWw0WkdCMGR3ajZDbkFLSVJLLVVqdWhTenIxMl9JYXl4b0xlUzczMUdMN0xzNnNBX09nZEp0RTlzNnJEN1A5UU",NDTV,28.283571317918653,85.06808493511124
1dac31d,live-e33b0bb8,2026-07-29T23:41:00.998410+00:00,Multiple,Reported area,Structural Failure,Aftermath,Aftershock: Everest and the Nepal Earthquake (2022) - IMDb,"<a href=""https://news.google.com/rss/articles/CBMicEFVX3lxTE1RV1NnQ1MtcklKQ2xLZHBwODlGNkFIeVM1eEJ2aloyV2Q2VjEtbGhjQjJxdDBjM1ExcjVxRW5jZ2FkWC1qdUlpSlVqQ0JEc0RNWmtjTlcxTGt3NzNYUXg4T3dhRlJCZ2pRVmIxVFdyZH",IMDb,27.61814280849123,84.57549611540377
1dac31d,live-f1def781,2026-07-29T23:41:00.998372+00:00,Multiple,Reported area,Landslide,Aftermath,Homelessness in Nepal: A Bamboo Solution - BORGEN Magazine,"<a href=""https://news.google.com/rss/articles/CBMiY0FVX3lxTE1FSmp1dEttNUxTUlh2UGFadDMxZ0N0S25GZ0pBMWVFOUFhVTU1M0w1T0JhRzFRMFVHRWluSUZHT3ctRFlDSDNjRXZkYWh1SzlNXzN6SUxfeXNtUkpWX3NNc0ZRbw?oc=5"" target=""_",BORGEN Magazine,27.815007234411272,85.28937435563243
b62b889,live-4d4d0daa,2026-07-29T22:38:26.124384+00:00,Multiple,Reported area,Structural Failure,Aftermath,3.8 Magnitude Earthquake Hits Nepal - Deccan Chronicle,"<a href=""https://news.google.com/rss/articles/CBMilgFBVV95cUxPd25LeVA1aTREVVVka0xUWGFZNGx0RmZZNFQ4UGpmRmdyclQtRW1vS09lTDQ0NEhyd0lNbEZpZklKVWdFa1MxQzRfUXZLdk04QnM2cVZNSmlTUENVUnVrd1hZTzlrb3dDSlRwdGZTSU",Deccan Chronicle,27.72075785925082,84.75193524078561
b62b889,live-60d7e6f2,2026-07-29T22:38:26.124374+00:00,Multiple,Reported area,Structural Failure,Aftermath,Nepal Earthquake: How to Help - Save the Children US,"<a href=""https://news.google.com/rss/articles/CBMikgFBVV95cUxPZWZVZ2l6bGtkb3ZVVUNPdzVfRzVZSURtWlJ3X3g2YlFUVHNZaUlVZ0hmSVllV1pad1Y3eS1rcG91X21EMnAtaUNHSGRNaC1XcEtEeUxkYjk0dnZSSmUwYXF0SjU1N0VnU0RwVmE4Z3",Save the Children US,27.180152140472867,85.6138993753172
b62b889,live-434c450b,2026-07-29T22:38:26.124363+00:00,Multiple,Reported area,Landslide,Aftermath,Six-year study reveals ancient quakes along 150-mile fault system in Nepal - Virginia Tech News,"<a href=""https://news.google.com/rss/articles/CBMigAFBVV95cUxPbFc3VGRyWjFhZmpvb0pXMGhfVWVWbFBVQXN4ay1VeDA3bUtoeWVraEpWT2lKMTdTQmVfVjByVk1SaE1kbDQtd1RFVG5XaEN1TzBjWVhwOUtRVk9QZUN6Q0hNbDJuOTM3ZmpaUTVibX",Virginia Tech News,26.79724502279432,84.75284758361406
b62b889,live-d3bdf0b2,2026-07-29T22:38:26.124347+00:00,Multiple,Reported area,Structural Failure,Aftermath,"101-Year-Old Pulled From Rubble One Week After Nepal Earthquake - ABC News - Breaking News, Latest N","<a href=""https://news.google.com/rss/articles/CBMinAFBVV95cUxQN0ZnMnd1SzIzbGVEUmJWaGlaZkJjbVpRT0E3eHFJVkdNT1VabWV0bmJoaXI3QzJUYjVlcjZqdGpHaVlKSGY2MjhmeXNNaFdwNndDZnIxalRGLU9LOF9ZTVI1N2JNTTQyXzI4UlBLQW","ABC News - Breaking News, Latest News and Videos",27.59761161181579,85.30864855238669
b62b889,live-22f50516,2026-07-29T22:38:26.124334+00:00,Multiple,Reported area,Structural Failure,Aftermath,Nepal and Northern India are not overdue for a huge earthquake - New Scientist,"<a href=""https://news.google.com/rss/articles/CBMirAFBVV95cUxOTTIwNHM3ZjM1NHFEek5jVkNQblpUQkJsYTRNcDdINHhDMWJmbU9taGFTNFlDbHRUMVhmRGpVb3dsbkRfRnZKd3lkbVFfRExseXR4SGZvOHNhVzRyX29TMlVxWDF5SUhyLXdTNHctMD",New Scientist,26.71460489759149,85.39861486899073
b62b889,live-87417511,2026-07-29T22:38:26.124323+00:00,Multiple,Reported area,Structural Failure,Aftermath,The economic damage from the Nepal earthquake is almost half of the country’s GDP - qz.com,"<a href=""https://news.google.com/rss/articles/CBMirAFBVV95cUxPWUJKV2JuVTNqa0ZDNUVwMFlIVk9kNU1JMy0wNVQ5dUg0TEFyS2xRczM4em9qYXRqVVBlXzQwVmlzWm8ydFJUYjNFWVhiTEYtWW41cE9fMXAxd2lZYkFINmlaZnBrSW8yWnBBcURVR1",qz.com,27.98969017078561,85.5023563861993
b62b889,live-368b9ace,2026-07-29T22:38:26.124310+00:00,Multiple,Reported area,Structural Failure,Aftermath,Japan earthquake kills 13 as rescuers race to find survivors - Nepalnews.com,"<a href=""https://news.google.com/rss/articles/CBMiqwFBVV95cUxPeERQUjZmQ2MtVW45eThmdjB0WnI2MFVCYkttOEFPYXB4ZmFPMVBDeDItQ0Qtamlfc0x1Z3YxN0ZJeERmWnR4UEt3LTBnTURPZjlqTnA2eEltUnF6V0tPdkw1SnZwWlUzR0hyOXh2OG",Nepalnews.com,28.07837543087026,85.88918226126583
b62b889,live-7061888b,2026-07-29T22:38:26.124294+00:00,Multiple,Reported area,Landslide,Aftermath,"India, Nepal Revive Ties With Restoration of Lalitpur Heritage Sites - NDTV","<a href=""https://news.google.com/rss/articles/CBMirAFBVV95cUxNcGVkUm1ibXNwOFRxMVBFX0l6enR5bDVoTmhEUzhOa2VaWVNpaEpqZWw0WkdCMGR3ajZDbkFLSVJLLVVqdWhTenIxMl9JYXl4b0xlUzczMUdMN0xzNnNBX09nZEp0RTlzNnJEN1A5UU",NDTV,28.05935610589841,85.01054343671896
b62b889,live-af201758,2026-07-29T22:38:26.124282+00:00,Multiple,Reported area,Structural Failure,Aftermath,Aftershock: Everest and the Nepal Earthquake (2022) - IMDb,"<a href=""https://news.google.com/rss/articles/CBMicEFVX3lxTE1RV1NnQ1MtcklKQ2xLZHBwODlGNkFIeVM1eEJ2aloyV2Q2VjEtbGhjQjJxdDBjM1ExcjVxRW5jZ2FkWC1qdUlpSlVqQ0JEc0RNWmtjTlcxTGt3NzNYUXg4T3dhRlJCZ2pRVmIxVFdyZH",IMDb,27.500704797161685,84.88864620609701
b62b889,live-839d61f0,2026-07-29T22:38:26.124254+00:00,Multiple,Reported area,Landslide,Aftermath,Homelessness in Nepal: A Bamboo Solution - BORGEN Magazine,"<a href=""https://news.google.com/rss/articles/CBMiY0FVX3lxTE1FSmp1dEttNUxTUlh2UGFadDMxZ0N0S25GZ0pBMWVFOUFhVTU1M0w1T0JhRzFRMFVHRWluSUZHT3ctRFlDSDNjRXZkYWh1SzlNXzN6SUxfeXNtUkpWX3NNc0ZRbw?oc=5"" target=""_",BORGEN Magazine,27.51254744221605,85.16895341936109
a59bc8a,live-eeca6171,2026-07-29T21:35:18.838274+00:00,Multiple,Reported area,Structural Failure,Aftermath,Nepal Earthquake: How to Help - Save the Children US,"<a href=""https://news.google.com/rss/articles/CBMikgFBVV95cUxPZWZVZ2l6bGtkb3ZVVUNPdzVfRzVZSURtWlJ3X3g2YlFUVHNZaUlVZ0hmSVllV1pad1Y3eS1rcG91X21EMnAtaUNHSGRNaC1XcEtEeUxkYjk0dnZSSmUwYXF0SjU1N0VnU0RwVmE4Z3",Save the Children US,28.242706113151055,85.90427986314052
a59bc8a,live-96557c84,2026-07-29T21:35:18.838261+00:00,Multiple,Reported area,Structural Failure,Aftermath,Post-Disaster Housing Reconstruction in Rural Nepal A Case Study in the Aftermath of the 2015 Nepal ,"<a href=""https://news.google.com/rss/articles/CBMibkFVX3lxTE15U3JKZkRRbl9FemdvVllucXVsTmpxS2E5aW1mQ1Y4Q3RRNHhQUjhQd2NrRjZaSXY1alZLLUNTRi1WbFdFN2Fpd2Vta0lLZXNoWDB2RFRDS25rMmo3T3ZvRWt2NGV5NW5uRDJvUVdn?o",SCIRP Open Access,27.566821139722617,85.62114722174005
a59bc8a,live-0f8e4e53,2026-07-29T21:35:18.838247+00:00,Multiple,Reported area,Structural Failure,Aftermath,"101-Year-Old Pulled From Rubble One Week After Nepal Earthquake - ABC News - Breaking News, Latest N","<a href=""https://news.google.com/rss/articles/CBMinAFBVV95cUxQN0ZnMnd1SzIzbGVEUmJWaGlaZkJjbVpRT0E3eHFJVkdNT1VabWV0bmJoaXI3QzJUYjVlcjZqdGpHaVlKSGY2MjhmeXNNaFdwNndDZnIxalRGLU9LOF9ZTVI1N2JNTTQyXzI4UlBLQW","ABC News - Breaking News, Latest News and Videos",27.140536449123264,85.64597308474033
a59bc8a,live-9a1bd3f5,2026-07-29T21:35:18.838228+00:00,Multiple,Reported area,Landslide,Aftermath,Six-year study reveals ancient quakes along 150-mile fault system in Nepal - Virginia Tech News,"<a href=""https://news.google.com/rss/articles/CBMigAFBVV95cUxPbFc3VGRyWjFhZmpvb0pXMGhfVWVWbFBVQXN4ay1VeDA3bUtoeWVraEpWT2lKMTdTQmVfVjByVk1SaE1kbDQtd1RFVG5XaEN1TzBjWVhwOUtRVk9QZUN6Q0hNbDJuOTM3ZmpaUTVibX",Virginia Tech News,28.002967974507843,84.81584056396437
a59bc8a,live-ee0970e5,2026-07-29T21:35:18.838212+00:00,Multiple,Reported area,Structural Failure,Aftermath,Nepal and Northern India are not overdue for a huge earthquake - New Scientist,"<a href=""https://news.google.com/rss/articles/CBMirAFBVV95cUxOTTIwNHM3ZjM1NHFEek5jVkNQblpUQkJsYTRNcDdINHhDMWJmbU9taGFTNFlDbHRUMVhmRGpVb3dsbkRfRnZKd3lkbVFfRExseXR4SGZvOHNhVzRyX29TMlVxWDF5SUhyLXdTNHctMD",New Scientist,27.09331126361056,85.44212871151008
a59bc8a,live-e4933cba,2026-07-29T21:35:18.838199+00:00,Multiple,Reported area,Structural Failure,Aftermath,The economic damage from the Nepal earthquake is almost half of the country’s GDP - qz.com,"<a href=""https://news.google.com/rss/articles/CBMirAFBVV95cUxPWUJKV2JuVTNqa0ZDNUVwMFlIVk9kNU1JMy0wNVQ5dUg0TEFyS2xRczM4em9qYXRqVVBlXzQwVmlzWm8ydFJUYjNFWVhiTEYtWW41cE9fMXAxd2lZYkFINmlaZnBrSW8yWnBBcURVR1",qz.com,27.742408015368134,84.80995670500499
a59bc8a,live-9c73cc40,2026-07-29T21:35:18.838183+00:00,Multiple,Reported area,Structural Failure,Aftermath,Japan earthquake kills 13 as rescuers race to find survivors - Nepalnews.com,"<a href=""https://news.google.com/rss/articles/CBMiqwFBVV95cUxPeERQUjZmQ2MtVW45eThmdjB0WnI2MFVCYkttOEFPYXB4ZmFPMVBDeDItQ0Qtamlfc0x1Z3YxN0ZJeERmWnR4UEt3LTBnTURPZjlqTnA2eEltUnF6V0tPdkw1SnZwWlUzR0hyOXh2OG",Nepalnews.com,27.853869723991554,84.64451047702306
a59bc8a,live-6de6dae2,2026-07-29T21:35:18.838164+00:00,Multiple,Reported area,Landslide,Aftermath,"India, Nepal Revive Ties With Restoration of Lalitpur Heritage Sites - NDTV","<a href=""https://news.google.com/rss/articles/CBMirAFBVV95cUxNcGVkUm1ibXNwOFRxMVBFX0l6enR5bDVoTmhEUzhOa2VaWVNpaEpqZWw0WkdCMGR3ajZDbkFLSVJLLVVqdWhTenIxMl9JYXl4b0xlUzczMUdMN0xzNnNBX09nZEp0RTlzNnJEN1A5UU",NDTV,27.085468852651964,84.89098388116436
a59bc8a,live-58d69cb2,2026-07-29T21:35:18.838148+00:00,Multiple,Reported area,Structural Failure,Aftermath,Aftershock: Everest and the Nepal Earthquake (2022) - IMDb,"<a href=""https://news.google.com/rss/articles/CBMicEFVX3lxTE1RV1NnQ1MtcklKQ2xLZHBwODlGNkFIeVM1eEJ2aloyV2Q2VjEtbGhjQjJxdDBjM1ExcjVxRW5jZ2FkWC1qdUlpSlVqQ0JEc0RNWmtjTlcxTGt3NzNYUXg4T3dhRlJCZ2pRVmIxVFdyZH",IMDb,28.031804345265755,84.99925674518207
a59bc8a,live-7fb76830,2026-07-29T21:35:18.838115+00:00,Multiple,Reported area,Landslide,Aftermath,Homelessness in Nepal: A Bamboo Solution - BORGEN Magazine,"<a href=""https://news.google.com/rss/articles/CBMiY0FVX3lxTE1FSmp1dEttNUxTUlh2UGFadDMxZ0N0S25GZ0pBMWVFOUFhVTU1M0w1T0JhRzFRMFVHRWluSUZHT3ctRFlDSDNjRXZkYWh1SzlNXzN6SUxfeXNtUkpWX3NNc0ZRbw?oc=5"" target=""_",BORGEN Magazine,28.67702236958849,85.83650108543502
351de0c,live-89423a53,2026-07-29T20:35:49.355197+00:00,Multiple,Reported area,Structural Failure,Aftermath,Nepal Earthquake: How to Help - Save the Children US,"<a href=""https://news.google.com/rss/articles/CBMikgFBVV95cUxPZWZVZ2l6bGtkb3ZVVUNPdzVfRzVZSURtWlJ3X3g2YlFUVHNZaUlVZ0hmSVllV1pad1Y3eS1rcG91X21EMnAtaUNHSGRNaC1XcEtEeUxkYjk0dnZSSmUwYXF0SjU1N0VnU0RwVmE4Z3",Save the Children US,27.84948397705065,85.95653773783518
351de0c,live-114e9629,2026-07-29T20:35:49.355184+00:00,Multiple,Reported area,Structural Failure,Aftermath,Post-Disaster Housing Reconstruction in Rural Nepal A Case Study in the Aftermath of the 2015 Nepal ,"<a href=""https://news.google.com/rss/articles/CBMibkFVX3lxTE15U3JKZkRRbl9FemdvVllucXVsTmpxS2E5aW1mQ1Y4Q3RRNHhQUjhQd2NrRjZaSXY1alZLLUNTRi1WbFdFN2Fpd2Vta0lLZXNoWDB2RFRDS25rMmo3T3ZvRWt2NGV5NW5uRDJvUVdn?o",SCIRP Open Access,28.5100411825958,84.99387353133636
351de0c,live-a72be920,2026-07-29T20:35:49.355170+00:00,Multiple,Reported area,Structural Failure,Aftermath,"101-Year-Old Pulled From Rubble One Week After Nepal Earthquake - ABC News - Breaking News, Latest N","<a href=""https://news.google.com/rss/articles/CBMinAFBVV95cUxQN0ZnMnd1SzIzbGVEUmJWaGlaZkJjbVpRT0E3eHFJVkdNT1VabWV0bmJoaXI3QzJUYjVlcjZqdGpHaVlKSGY2MjhmeXNNaFdwNndDZnIxalRGLU9LOF9ZTVI1N2JNTTQyXzI4UlBLQW","ABC News - Breaking News, Latest News and Videos",28.360223507962807,86.17672716000608
351de0c,live-85c61ef7,2026-07-29T20:35:49.355148+00:00,Multiple,Reported area,Landslide,Aftermath,Six-year study reveals ancient quakes along 150-mile fault system in Nepal - Virginia Tech News,"<a href=""https://news.google.com/rss/articles/CBMigAFBVV95cUxPbFc3VGRyWjFhZmpvb0pXMGhfVWVWbFBVQXN4ay1VeDA3bUtoeWVraEpWT2lKMTdTQmVfVjByVk1SaE1kbDQtd1RFVG5XaEN1TzBjWVhwOUtRVk9QZUN6Q0hNbDJuOTM3ZmpaUTVibX",Virginia Tech News,27.089498535796153,85.50856480834227
351de0c,live-a0cd1e23,2026-07-29T20:35:49.355136+00:00,Multiple,Reported area,Structural Failure,Aftermath,Nepal and Northern India are not overdue for a huge earthquake - New Scientist,"<a href=""https://news.google.com/rss/articles/CBMirAFBVV95cUxOTTIwNHM3ZjM1NHFEek5jVkNQblpUQkJsYTRNcDdINHhDMWJmbU9taGFTNFlDbHRUMVhmRGpVb3dsbkRfRnZKd3lkbVFfRExseXR4SGZvOHNhVzRyX29TMlVxWDF5SUhyLXdTNHctMD",New Scientist,27.609731729256545,84.77006593110904
351de0c,live-50fd2da5,2026-07-29T20:35:49.355123+00:00,Multiple,Reported area,Structural Failure,Aftermath,The economic damage from the Nepal earthquake is almost half of the country’s GDP - qz.com,"<a href=""https://news.google.com/rss/articles/CBMirAFBVV95cUxPWUJKV2JuVTNqa0ZDNUVwMFlIVk9kNU1JMy0wNVQ5dUg0TEFyS2xRczM4em9qYXRqVVBlXzQwVmlzWm8ydFJUYjNFWVhiTEYtWW41cE9fMXAxd2lZYkFINmlaZnBrSW8yWnBBcURVR1",qz.com,27.131506986139268,84.63811968649826
351de0c,live-8f2f5b38,2026-07-29T20:35:49.355108+00:00,Multiple,Reported area,Structural Failure,Aftermath,Japan earthquake kills 13 as rescuers race to find survivors - Nepalnews.com,"<a href=""https://news.google.com/rss/articles/CBMiqwFBVV95cUxPeERQUjZmQ2MtVW45eThmdjB0WnI2MFVCYkttOEFPYXB4ZmFPMVBDeDItQ0Qtamlfc0x1Z3YxN0ZJeERmWnR4UEt3LTBnTURPZjlqTnA2eEltUnF6V0tPdkw1SnZwWlUzR0hyOXh2OG",Nepalnews.com,27.216558674781965,85.54214837322593
351de0c,live-0fc946dc,2026-07-29T20:35:49.355089+00:00,Multiple,Reported area,Landslide,Aftermath,"India, Nepal Revive Ties With Restoration of Lalitpur Heritage Sites - NDTV","<a href=""https://news.google.com/rss/articles/CBMirAFBVV95cUxNcGVkUm1ibXNwOFRxMVBFX0l6enR5bDVoTmhEUzhOa2VaWVNpaEpqZWw0WkdCMGR3ajZDbkFLSVJLLVVqdWhTenIxMl9JYXl4b0xlUzczMUdMN0xzNnNBX09nZEp0RTlzNnJEN1A5UU",NDTV,27.545165507862485,85.12930786164226
351de0c,live-06853a52,2026-07-29T20:35:49.355074+00:00,Multiple,Reported area,Structural Failure,Aftermath,Aftershock: Everest and the Nepal Earthquake (2022) - IMDb,"<a href=""https://news.google.com/rss/articles/CBMicEFVX3lxTE1RV1NnQ1MtcklKQ2xLZHBwODlGNkFIeVM1eEJ2aloyV2Q2VjEtbGhjQjJxdDBjM1ExcjVxRW5jZ2FkWC1qdUlpSlVqQ0JEc0RNWmtjTlcxTGt3NzNYUXg4T3dhRlJCZ2pRVmIxVFdyZH",IMDb,28.027811315290233,84.47899918042222
351de0c,live-18184486,2026-07-29T20:35:49.355044+00:00,Multiple,Reported area,Landslide,Aftermath,Homelessness in Nepal: A Bamboo Solution - BORGEN Magazine,"<a href=""https://news.google.com/rss/articles/CBMiY0FVX3lxTE1FSmp1dEttNUxTUlh2UGFadDMxZ0N0S25GZ0pBMWVFOUFhVTU1M0w1T0JhRzFRMFVHRWluSUZHT3ctRFlDSDNjRXZkYWh1SzlNXzN6SUxfeXNtUkpWX3NNc0ZRbw?oc=5"" target=""_",BORGEN Magazine,27.18907284476667,84.68051543970459
677dbe2,live-6c8620e4,2026-07-29T19:41:15.585322+00:00,Multiple,Reported area,Structural Failure,Aftermath,Nepal Earthquake: How to Help - Save the Children US,"<a href=""https://news.google.com/rss/articles/CBMikgFBVV95cUxPZWZVZ2l6bGtkb3ZVVUNPdzVfRzVZSURtWlJ3X3g2YlFUVHNZaUlVZ0hmSVllV1pad1Y3eS1rcG91X21EMnAtaUNHSGRNaC1XcEtEeUxkYjk0dnZSSmUwYXF0SjU1N0VnU0RwVmE4Z3",Save the Children US,28.364962312824108,85.16163588390305
677dbe2,live-5ea05b81,2026-07-29T19:41:15.585309+00:00,Multiple,Reported area,Structural Failure,Aftermath,Post-Disaster Housing Reconstruction in Rural Nepal A Case Study in the Aftermath of the 2015 Nepal ,"<a href=""https://news.google.com/rss/articles/CBMibkFVX3lxTE15U3JKZkRRbl9FemdvVllucXVsTmpxS2E5aW1mQ1Y4Q3RRNHhQUjhQd2NrRjZaSXY1alZLLUNTRi1WbFdFN2Fpd2Vta0lLZXNoWDB2RFRDS25rMmo3T3ZvRWt2NGV5NW5uRDJvUVdn?o",SCIRP Open Access,27.129983057719784,85.21577034968676
677dbe2,live-92d885a6,2026-07-29T19:41:15.585296+00:00,Multiple,Reported area,Structural Failure,Aftermath,"101-Year-Old Pulled From Rubble One Week After Nepal Earthquake - ABC News - Breaking News, Latest N","<a href=""https://news.google.com/rss/articles/CBMinAFBVV95cUxQN0ZnMnd1SzIzbGVEUmJWaGlaZkJjbVpRT0E3eHFJVkdNT1VabWV0bmJoaXI3QzJUYjVlcjZqdGpHaVlKSGY2MjhmeXNNaFdwNndDZnIxalRGLU9LOF9ZTVI1N2JNTTQyXzI4UlBLQW","ABC News - Breaking News, Latest News and Videos",27.02538285238553,84.78776252246722
677dbe2,live-2ef61793,2026-07-29T19:41:15.585273+00:00,Multiple,Reported area,Landslide,Aftermath,Six-year study reveals ancient quakes along 150-mile fault system in Nepal - Virginia Tech News,"<a href=""https://news.google.com/rss/articles/CBMigAFBVV95cUxPbFc3VGRyWjFhZmpvb0pXMGhfVWVWbFBVQXN4ay1VeDA3bUtoeWVraEpWT2lKMTdTQmVfVjByVk1SaE1kbDQtd1RFVG5XaEN1TzBjWVhwOUtRVk9QZUN6Q0hNbDJuOTM3ZmpaUTVibX",Virginia Tech News,27.756005487837605,84.91693306080252
677dbe2,live-bbdf6d41,2026-07-29T19:41:15.585260+00:00,Multiple,Reported area,Structural Failure,Aftermath,Nepal and Northern India are not overdue for a huge earthquake - New Scientist,"<a href=""https://news.google.com/rss/articles/CBMirAFBVV95cUxOTTIwNHM3ZjM1NHFEek5jVkNQblpUQkJsYTRNcDdINHhDMWJmbU9taGFTNFlDbHRUMVhmRGpVb3dsbkRfRnZKd3lkbVFfRExseXR4SGZvOHNhVzRyX29TMlVxWDF5SUhyLXdTNHctMD",New Scientist,27.890078039400723,84.52280000931461
677dbe2,live-8cb29c39,2026-07-29T19:41:15.585246+00:00,Multiple,Reported area,Structural Failure,Aftermath,The economic damage from the Nepal earthquake is almost half of the country’s GDP - qz.com,"<a href=""https://news.google.com/rss/articles/CBMirAFBVV95cUxPWUJKV2JuVTNqa0ZDNUVwMFlIVk9kNU1JMy0wNVQ5dUg0TEFyS2xRczM4em9qYXRqVVBlXzQwVmlzWm8ydFJUYjNFWVhiTEYtWW41cE9fMXAxd2lZYkFINmlaZnBrSW8yWnBBcURVR1",qz.com,27.82857736481459,85.48942600094418
677dbe2,live-9f5289d1,2026-07-29T19:41:15.585228+00:00,Multiple,Reported area,Structural Failure,Aftermath,Japan earthquake kills 13 as rescuers race to find survivors - Nepalnews.com,"<a href=""https://news.google.com/rss/articles/CBMiqwFBVV95cUxPeERQUjZmQ2MtVW45eThmdjB0WnI2MFVCYkttOEFPYXB4ZmFPMVBDeDItQ0Qtamlfc0x1Z3YxN0ZJeERmWnR4UEt3LTBnTURPZjlqTnA2eEltUnF6V0tPdkw1SnZwWlUzR0hyOXh2OG",Nepalnews.com,27.035281345160712,85.14522287975693
677dbe2,live-cbb1bbf8,2026-07-29T19:41:15.585208+00:00,Multiple,Reported area,Landslide,Aftermath,"India, Nepal Revive Ties With Restoration of Lalitpur Heritage Sites - NDTV","<a href=""https://news.google.com/rss/articles/CBMirAFBVV95cUxNcGVkUm1ibXNwOFRxMVBFX0l6enR5bDVoTmhEUzhOa2VaWVNpaEpqZWw0WkdCMGR3ajZDbkFLSVJLLVVqdWhTenIxMl9JYXl4b0xlUzczMUdMN0xzNnNBX09nZEp0RTlzNnJEN1A5UU",NDTV,27.22093629717975,85.60474147838794
677dbe2,live-732d8c98,2026-07-29T19:41:15.585192+00:00,Multiple,Reported area,Structural Failure,Aftermath,Aftershock: Everest and the Nepal Earthquake (2022) - IMDb,"<a href=""https://news.google.com/rss/articles/CBMicEFVX3lxTE1RV1NnQ1MtcklKQ2xLZHBwODlGNkFIeVM1eEJ2aloyV2Q2VjEtbGhjQjJxdDBjM1ExcjVxRW5jZ2FkWC1qdUlpSlVqQ0JEc0RNWmtjTlcxTGt3NzNYUXg4T3dhRlJCZ2pRVmIxVFdyZH",IMDb,28.31160508631072,85.9354868176044
677dbe2,live-ec50fd5f,2026-07-29T19:41:15.585158+00:00,Multiple,Reported area,Landslide,Aftermath,Homelessness in Nepal: A Bamboo Solution - BORGEN Magazine,"<a href=""https://news.google.com/rss/articles/CBMiY0FVX3lxTE1FSmp1dEttNUxTUlh2UGFadDMxZ0N0S25GZ0pBMWVFOUFhVTU1M0w1T0JhRzFRMFVHRWluSUZHT3ctRFlDSDNjRXZkYWh1SzlNXzN6SUxfeXNtUkpWX3NNc0ZRbw?oc=5"" target=""_",BORGEN Magazine,27.150135888313848,84.74053298910995
13dae73,live-a98abac9,2026-07-29T17:54:08.195200+00:00,Multiple,Reported area,Structural Failure,Aftermath,Nepal Earthquake: How to Help - Save the Children US,"<a href=""https://news.google.com/rss/articles/CBMikgFBVV95cUxPZWZVZ2l6bGtkb3ZVVUNPdzVfRzVZSURtWlJ3X3g2YlFUVHNZaUlVZ0hmSVllV1pad1Y3eS1rcG91X21EMnAtaUNHSGRNaC1XcEtEeUxkYjk0dnZSSmUwYXF0SjU1N0VnU0RwVmE4Z3",Save the Children US,26.855906672310464,85.53185578653951
13dae73,live-fe371408,2026-07-29T17:54:08.195187+00:00,Multiple,Reported area,Structural Failure,Aftermath,Post-Disaster Housing Reconstruction in Rural Nepal A Case Study in the Aftermath of the 2015 Nepal ,"<a href=""https://news.google.com/rss/articles/CBMibkFVX3lxTE15U3JKZkRRbl9FemdvVllucXVsTmpxS2E5aW1mQ1Y4Q3RRNHhQUjhQd2NrRjZaSXY1alZLLUNTRi1WbFdFN2Fpd2Vta0lLZXNoWDB2RFRDS25rMmo3T3ZvRWt2NGV5NW5uRDJvUVdn?o",scirp.org,27.964094280536752,85.0916944102739
13dae73,live-7cd36ef1,2026-07-29T17:54:08.195173+00:00,Multiple,Reported area,Structural Failure,Aftermath,"101-Year-Old Pulled From Rubble One Week After Nepal Earthquake - ABC News - Breaking News, Latest N","<a href=""https://news.google.com/rss/articles/CBMinAFBVV95cUxQN0ZnMnd1SzIzbGVEUmJWaGlaZkJjbVpRT0E3eHFJVkdNT1VabWV0bmJoaXI3QzJUYjVlcjZqdGpHaVlKSGY2MjhmeXNNaFdwNndDZnIxalRGLU9LOF9ZTVI1N2JNTTQyXzI4UlBLQW","ABC News - Breaking News, Latest News and Videos",28.60528316479745,84.66039074926928
13dae73,live-5fc02a19,2026-07-29T17:54:08.195153+00:00,Multiple,Reported area,Landslide,Aftermath,Six-year study reveals ancient quakes along 150-mile fault system in Nepal - Virginia Tech News,"<a href=""https://news.google.com/rss/articles/CBMigAFBVV95cUxPbFc3VGRyWjFhZmpvb0pXMGhfVWVWbFBVQXN4ay1VeDA3bUtoeWVraEpWT2lKMTdTQmVfVjByVk1SaE1kbDQtd1RFVG5XaEN1TzBjWVhwOUtRVk9QZUN6Q0hNbDJuOTM3ZmpaUTVibX",Virginia Tech News,28.65157322026761,84.83371732544165
13dae73,live-fee692e2,2026-07-29T17:54:08.195137+00:00,Multiple,Reported area,Structural Failure,Aftermath,Nepal and Northern India are not overdue for a huge earthquake - New Scientist,"<a href=""https://news.google.com/rss/articles/CBMirAFBVV95cUxOTTIwNHM3ZjM1NHFEek5jVkNQblpUQkJsYTRNcDdINHhDMWJmbU9taGFTNFlDbHRUMVhmRGpVb3dsbkRfRnZKd3lkbVFfRExseXR4SGZvOHNhVzRyX29TMlVxWDF5SUhyLXdTNHctMD",New Scientist,28.298303262903776,84.81852849245487
13dae73,live-4923a9eb,2026-07-29T17:54:08.195125+00:00,Multiple,Reported area,Structural Failure,Aftermath,The economic damage from the Nepal earthquake is almost half of the country’s GDP - qz.com,"<a href=""https://news.google.com/rss/articles/CBMirAFBVV95cUxPWUJKV2JuVTNqa0ZDNUVwMFlIVk9kNU1JMy0wNVQ5dUg0TEFyS2xRczM4em9qYXRqVVBlXzQwVmlzWm8ydFJUYjNFWVhiTEYtWW41cE9fMXAxd2lZYkFINmlaZnBrSW8yWnBBcURVR1",qz.com,28.159589264277695,85.06144183354968
13dae73,live-85590e29,2026-07-29T17:54:08.195108+00:00,Multiple,Reported area,Structural Failure,Aftermath,Japan earthquake kills 13 as rescuers race to find survivors - Nepalnews.com,"<a href=""https://news.google.com/rss/articles/CBMiqwFBVV95cUxPeERQUjZmQ2MtVW45eThmdjB0WnI2MFVCYkttOEFPYXB4ZmFPMVBDeDItQ0Qtamlfc0x1Z3YxN0ZJeERmWnR4UEt3LTBnTURPZjlqTnA2eEltUnF6V0tPdkw1SnZwWlUzR0hyOXh2OG",Nepalnews.com,26.709838763635187,84.75752549771738
13dae73,live-d4f870f1,2026-07-29T17:54:08.195089+00:00,Multiple,Reported area,Landslide,Aftermath,"India, Nepal Revive Ties With Restoration of Lalitpur Heritage Sites - NDTV","<a href=""https://news.google.com/rss/articles/CBMirAFBVV95cUxNcGVkUm1ibXNwOFRxMVBFX0l6enR5bDVoTmhEUzhOa2VaWVNpaEpqZWw0WkdCMGR3ajZDbkFLSVJLLVVqdWhTenIxMl9JYXl4b0xlUzczMUdMN0xzNnNBX09nZEp0RTlzNnJEN1A5UU",NDTV,27.667042159407533,86.24835346601147
13dae73,live-01543fe1,2026-07-29T17:54:08.195072+00:00,Multiple,Reported area,Structural Failure,Aftermath,Aftershock: Everest and the Nepal Earthquake (2022) - IMDb,"<a href=""https://news.google.com/rss/articles/CBMicEFVX3lxTE1RV1NnQ1MtcklKQ2xLZHBwODlGNkFIeVM1eEJ2aloyV2Q2VjEtbGhjQjJxdDBjM1ExcjVxRW5jZ2FkWC1qdUlpSlVqQ0JEc0RNWmtjTlcxTGt3NzNYUXg4T3dhRlJCZ2pRVmIxVFdyZH",IMDb,26.870200280253382,84.60330026833655
13dae73,live-fdc96b52,2026-07-29T17:54:08.195033+00:00,Multiple,Reported area,Landslide,Aftermath,Homelessness in Nepal: A Bamboo Solution - BORGEN Magazine,"<a href=""https://news.google.com/rss/articles/CBMiY0FVX3lxTE1FSmp1dEttNUxTUlh2UGFadDMxZ0N0S25GZ0pBMWVFOUFhVTU1M0w1T0JhRzFRMFVHRWluSUZHT3ctRFlDSDNjRXZkYWh1SzlNXzN6SUxfeXNtUkpWX3NNc0ZRbw?oc=5"" target=""_",BORGEN Magazine,26.854778014744056,85.62298383809522
43b5c2c,live-894b6b29,2026-07-29T16:38:23.631479+00:00,Multiple,Reported area,Structural Failure,Aftermath,Nepal Earthquake: How to Help - Save the Children US,"<a href=""https://news.google.com/rss/articles/CBMikgFBVV95cUxPZWZVZ2l6bGtkb3ZVVUNPdzVfRzVZSURtWlJ3X3g2YlFUVHNZaUlVZ0hmSVllV1pad1Y3eS1rcG91X21EMnAtaUNHSGRNaC1XcEtEeUxkYjk0dnZSSmUwYXF0SjU1N0VnU0RwVmE4Z3",Save the Children US,27.718616708397008,85.55365132418662
43b5c2c,live-92b00f18,2026-07-29T16:38:23.631464+00:00,Multiple,Reported area,Structural Failure,Aftermath,Post-Disaster Housing Reconstruction in Rural Nepal A Case Study in the Aftermath of the 2015 Nepal ,"<a href=""https://news.google.com/rss/articles/CBMibkFVX3lxTE15U3JKZkRRbl9FemdvVllucXVsTmpxS2E5aW1mQ1Y4Q3RRNHhQUjhQd2NrRjZaSXY1alZLLUNTRi1WbFdFN2Fpd2Vta0lLZXNoWDB2RFRDS25rMmo3T3ZvRWt2NGV5NW5uRDJvUVdn?o",SCIRP Open Access,27.907749798076974,85.47115124127424
43b5c2c,live-bba07b68,2026-07-29T16:38:23.631451+00:00,Multiple,Reported area,Structural Failure,Aftermath,"101-Year-Old Pulled From Rubble One Week After Nepal Earthquake - ABC News - Breaking News, Latest N","<a href=""https://news.google.com/rss/articles/CBMinAFBVV95cUxQN0ZnMnd1SzIzbGVEUmJWaGlaZkJjbVpRT0E3eHFJVkdNT1VabWV0bmJoaXI3QzJUYjVlcjZqdGpHaVlKSGY2MjhmeXNNaFdwNndDZnIxalRGLU9LOF9ZTVI1N2JNTTQyXzI4UlBLQW","ABC News - Breaking News, Latest News and Videos",27.63081950207035,85.82012288605947
43b5c2c,live-9d9fa693,2026-07-29T16:38:23.631434+00:00,Multiple,Reported area,Landslide,Aftermath,Six-year study reveals ancient quakes along 150-mile fault system in Nepal - Virginia Tech News,"<a href=""https://news.google.com/rss/articles/CBMigAFBVV95cUxPbFc3VGRyWjFhZmpvb0pXMGhfVWVWbFBVQXN4ay1VeDA3bUtoeWVraEpWT2lKMTdTQmVfVjByVk1SaE1kbDQtd1RFVG5XaEN1TzBjWVhwOUtRVk9QZUN6Q0hNbDJuOTM3ZmpaUTVibX",Virginia Tech News,27.586553360068574,84.79615773863115
43b5c2c,live-4a7c1a60,2026-07-29T16:38:23.631423+00:00,Multiple,Reported area,Structural Failure,Aftermath,Nepal and Northern India are not overdue for a huge earthquake - New Scientist,"<a href=""https://news.google.com/rss/articles/CBMirAFBVV95cUxOTTIwNHM3ZjM1NHFEek5jVkNQblpUQkJsYTRNcDdINHhDMWJmbU9taGFTNFlDbHRUMVhmRGpVb3dsbkRfRnZKd3lkbVFfRExseXR4SGZvOHNhVzRyX29TMlVxWDF5SUhyLXdTNHctMD",New Scientist,27.680073983803688,86.25339200948954
43b5c2c,live-2f6778bc,2026-07-29T16:38:23.631412+00:00,Multiple,Reported area,Structural Failure,Aftermath,The economic damage from the Nepal earthquake is almost half of the country’s GDP - qz.com,"<a href=""https://news.google.com/rss/articles/CBMirAFBVV95cUxPWUJKV2JuVTNqa0ZDNUVwMFlIVk9kNU1JMy0wNVQ5dUg0TEFyS2xRczM4em9qYXRqVVBlXzQwVmlzWm8ydFJUYjNFWVhiTEYtWW41cE9fMXAxd2lZYkFINmlaZnBrSW8yWnBBcURVR1",qz.com,28.061608813858673,84.75044683487607
43b5c2c,live-81ffe142,2026-07-29T16:38:23.631397+00:00,Multiple,Reported area,Structural Failure,Aftermath,Japan earthquake kills 13 as rescuers race to find survivors - english.nepalnews.com,"<a href=""https://news.google.com/rss/articles/CBMiqwFBVV95cUxPeERQUjZmQ2MtVW45eThmdjB0WnI2MFVCYkttOEFPYXB4ZmFPMVBDeDItQ0Qtamlfc0x1Z3YxN0ZJeERmWnR4UEt3LTBnTURPZjlqTnA2eEltUnF6V0tPdkw1SnZwWlUzR0hyOXh2OG",english.nepalnews.com,28.59089507466228,85.08664567000238
43b5c2c,live-38cd40ef,2026-07-29T16:38:23.631379+00:00,Multiple,Reported area,Landslide,Aftermath,"India, Nepal Revive Ties With Restoration of Lalitpur Heritage Sites - NDTV","<a href=""https://news.google.com/rss/articles/CBMirAFBVV95cUxNcGVkUm1ibXNwOFRxMVBFX0l6enR5bDVoTmhEUzhOa2VaWVNpaEpqZWw0WkdCMGR3ajZDbkFLSVJLLVVqdWhTenIxMl9JYXl4b0xlUzczMUdMN0xzNnNBX09nZEp0RTlzNnJEN1A5UU",NDTV,27.673834354043834,85.33589072428828
43b5c2c,live-862e0237,2026-07-29T16:38:23.631365+00:00,Multiple,Reported area,Structural Failure,Aftermath,Aftershock: Everest and the Nepal Earthquake (2022) - IMDb,"<a href=""https://news.google.com/rss/articles/CBMicEFVX3lxTE1RV1NnQ1MtcklKQ2xLZHBwODlGNkFIeVM1eEJ2aloyV2Q2VjEtbGhjQjJxdDBjM1ExcjVxRW5jZ2FkWC1qdUlpSlVqQ0JEc0RNWmtjTlcxTGt3NzNYUXg4T3dhRlJCZ2pRVmIxVFdyZH",IMDb,27.959624862750346,84.95716026914201
43b5c2c,live-9520f2ad,2026-07-29T16:38:23.631331+00:00,Multiple,Reported area,Landslide,Aftermath,Homelessness in Nepal: A Bamboo Solution - BORGEN Magazine,"<a href=""https://news.google.com/rss/articles/CBMiY0FVX3lxTE1FSmp1dEttNUxTUlh2UGFadDMxZ0N0S25GZ0pBMWVFOUFhVTU1M0w1T0JhRzFRMFVHRWluSUZHT3ctRFlDSDNjRXZkYWh1SzlNXzN6SUxfeXNtUkpWX3NNc0ZRbw?oc=5"" target=""_",BORGEN Magazine,28.230051185937906,84.55438912483882
deacad4,live-85aac84e,2026-07-29T15:02:57.234768+00:00,Multiple,Reported area,Structural Failure,Aftermath,Nepal Earthquake: How to Help - Save the Children US,"<a href=""https://news.google.com/rss/articles/CBMikgFBVV95cUxPZWZVZ2l6bGtkb3ZVVUNPdzVfRzVZSURtWlJ3X3g2YlFUVHNZaUlVZ0hmSVllV1pad1Y3eS1rcG91X21EMnAtaUNHSGRNaC1XcEtEeUxkYjk0dnZSSmUwYXF0SjU1N0VnU0RwVmE4Z3",Save the Children US,27.939671195020406,85.34302943302545
deacad4,live-753dcd91,2026-07-29T15:02:57.234755+00:00,Multiple,Reported area,Structural Failure,Aftermath,Post-Disaster Housing Reconstruction in Rural Nepal A Case Study in the Aftermath of the 2015 Nepal ,"<a href=""https://news.google.com/rss/articles/CBMibkFVX3lxTE15U3JKZkRRbl9FemdvVllucXVsTmpxS2E5aW1mQ1Y4Q3RRNHhQUjhQd2NrRjZaSXY1alZLLUNTRi1WbFdFN2Fpd2Vta0lLZXNoWDB2RFRDS25rMmo3T3ZvRWt2NGV5NW5uRDJvUVdn?o",SCIRP Open Access,28.248733815175544,85.3430010550927
deacad4,live-8bf3a23d,2026-07-29T15:02:57.234740+00:00,Multiple,Reported area,Structural Failure,Aftermath,"101-Year-Old Pulled From Rubble One Week After Nepal Earthquake - ABC News - Breaking News, Latest N","<a href=""https://news.google.com/rss/articles/CBMinAFBVV95cUxQN0ZnMnd1SzIzbGVEUmJWaGlaZkJjbVpRT0E3eHFJVkdNT1VabWV0bmJoaXI3QzJUYjVlcjZqdGpHaVlKSGY2MjhmeXNNaFdwNndDZnIxalRGLU9LOF9ZTVI1N2JNTTQyXzI4UlBLQW","ABC News - Breaking News, Latest News and Videos",28.406610747743347,85.26551705002684
deacad4,live-fcad4e9c,2026-07-29T15:02:57.234701+00:00,Multiple,Reported area,Landslide,Aftermath,Six-year study reveals ancient quakes along 150-mile fault system in Nepal - Virginia Tech News,"<a href=""https://news.google.com/rss/articles/CBMigAFBVV95cUxPbFc3VGRyWjFhZmpvb0pXMGhfVWVWbFBVQXN4ay1VeDA3bUtoeWVraEpWT2lKMTdTQmVfVjByVk1SaE1kbDQtd1RFVG5XaEN1TzBjWVhwOUtRVk9QZUN6Q0hNbDJuOTM3ZmpaUTVibX",Virginia Tech News,28.39447160538469,86.1405767579944
deacad4,live-ce112471,2026-07-29T15:02:57.234688+00:00,Multiple,Reported area,Structural Failure,Aftermath,Nepal and Northern India are not overdue for a huge earthquake - New Scientist,"<a href=""https://news.google.com/rss/articles/CBMirAFBVV95cUxOTTIwNHM3ZjM1NHFEek5jVkNQblpUQkJsYTRNcDdINHhDMWJmbU9taGFTNFlDbHRUMVhmRGpVb3dsbkRfRnZKd3lkbVFfRExseXR4SGZvOHNhVzRyX29TMlVxWDF5SUhyLXdTNHctMD",New Scientist,27.109454203379215,85.77318080098914
deacad4,live-5625bf6f,2026-07-29T15:02:57.234670+00:00,Multiple,Reported area,Structural Failure,Aftermath,The economic damage from the Nepal earthquake is almost half of the country’s GDP - qz.com,"<a href=""https://news.google.com/rss/articles/CBMirAFBVV95cUxPWUJKV2JuVTNqa0ZDNUVwMFlIVk9kNU1JMy0wNVQ5dUg0TEFyS2xRczM4em9qYXRqVVBlXzQwVmlzWm8ydFJUYjNFWVhiTEYtWW41cE9fMXAxd2lZYkFINmlaZnBrSW8yWnBBcURVR1",qz.com,27.795765767544044,86.02037851312042
deacad4,live-d1ddacc1,2026-07-29T15:02:57.234654+00:00,Multiple,Reported area,Structural Failure,Aftermath,Japan earthquake kills 13 as rescuers race to find survivors - Nepalnews.com,"<a href=""https://news.google.com/rss/articles/CBMiqwFBVV95cUxPeERQUjZmQ2MtVW45eThmdjB0WnI2MFVCYkttOEFPYXB4ZmFPMVBDeDItQ0Qtamlfc0x1Z3YxN0ZJeERmWnR4UEt3LTBnTURPZjlqTnA2eEltUnF6V0tPdkw1SnZwWlUzR0hyOXh2OG",Nepalnews.com,27.540372322924238,84.69380603559786
deacad4,live-c6bb472c,2026-07-29T15:02:57.234636+00:00,Multiple,Reported area,Landslide,Aftermath,"India, Nepal Revive Ties With Restoration of Lalitpur Heritage Sites - NDTV","<a href=""https://news.google.com/rss/articles/CBMirAFBVV95cUxNcGVkUm1ibXNwOFRxMVBFX0l6enR5bDVoTmhEUzhOa2VaWVNpaEpqZWw0WkdCMGR3ajZDbkFLSVJLLVVqdWhTenIxMl9JYXl4b0xlUzczMUdMN0xzNnNBX09nZEp0RTlzNnJEN1A5UU",NDTV,28.205455559419068,84.31256888937813
deacad4,live-deb89718,2026-07-29T15:02:57.234621+00:00,Multiple,Reported area,Structural Failure,Aftermath,Aftershock: Everest and the Nepal Earthquake (2022) - IMDb,"<a href=""https://news.google.com/rss/articles/CBMicEFVX3lxTE1RV1NnQ1MtcklKQ2xLZHBwODlGNkFIeVM1eEJ2aloyV2Q2VjEtbGhjQjJxdDBjM1ExcjVxRW5jZ2FkWC1qdUlpSlVqQ0JEc0RNWmtjTlcxTGt3NzNYUXg4T3dhRlJCZ2pRVmIxVFdyZH",IMDb,27.98665422789886,85.90851227059098
deacad4,live-22bc6766,2026-07-29T15:02:57.234587+00:00,Multiple,Reported area,Landslide,Aftermath,Homelessness in Nepal: A Bamboo Solution - BORGEN Magazine,"<a href=""https://news.google.com/rss/articles/CBMiY0FVX3lxTE1FSmp1dEttNUxTUlh2UGFadDMxZ0N0S25GZ0pBMWVFOUFhVTU1M0w1T0JhRzFRMFVHRWluSUZHT3ctRFlDSDNjRXZkYWh1SzlNXzN6SUxfeXNtUkpWX3NNc0ZRbw?oc=5"" target=""_",BORGEN Magazine,27.82464776339866,84.72126120687716
42398a0,live-6e8d025d,2026-07-29T12:33:37.419668+00:00,Multiple,Reported area,Structural Failure,Aftermath,3.8 magnitude earthquake hits Nepal - BusinessLine,"<a href=""https://news.google.com/rss/articles/CBMipAFBVV95cUxOS2pNaDlFZkdIRlBWc2lmSVJQWWlHWW9rZ0ozUDZjakl5cTYxYS1mSzJ2TVUxb255dlpyUEVxcmZtajR5RkZKSGx4ZWpJeVk4LTdGT0tyOHFTTnZvSDFhbmk5RC1xUWR0czlQaWRzUk",BusinessLine,27.76231848017757,84.39064337763992
42398a0,live-cec7b7c1,2026-07-29T12:33:37.419656+00:00,Multiple,Reported area,Structural Failure,Aftermath,Nepal Earthquake: How to Help - Save the Children US,"<a href=""https://news.google.com/rss/articles/CBMikgFBVV95cUxPZWZVZ2l6bGtkb3ZVVUNPdzVfRzVZSURtWlJ3X3g2YlFUVHNZaUlVZ0hmSVllV1pad1Y3eS1rcG91X21EMnAtaUNHSGRNaC1XcEtEeUxkYjk0dnZSSmUwYXF0SjU1N0VnU0RwVmE4Z3",Save the Children US,27.193609594193102,85.52395966703058
42398a0,live-20d13c17,2026-07-29T12:33:37.419643+00:00,Multiple,Reported area,Structural Failure,Aftermath,"101-Year-Old Pulled From Rubble One Week After Nepal Earthquake - ABC News - Breaking News, Latest N","<a href=""https://news.google.com/rss/articles/CBMinAFBVV95cUxQN0ZnMnd1SzIzbGVEUmJWaGlaZkJjbVpRT0E3eHFJVkdNT1VabWV0bmJoaXI3QzJUYjVlcjZqdGpHaVlKSGY2MjhmeXNNaFdwNndDZnIxalRGLU9LOF9ZTVI1N2JNTTQyXzI4UlBLQW","ABC News - Breaking News, Latest News and Videos",27.093083321062004,85.71359436560036
42398a0,live-527a1767,2026-07-29T12:33:37.419625+00:00,Multiple,Reported area,Landslide,Aftermath,Six-year study reveals ancient quakes along 150-mile fault system in Nepal - Virginia Tech News,"<a href=""https://news.google.com/rss/articles/CBMigAFBVV95cUxPbFc3VGRyWjFhZmpvb0pXMGhfVWVWbFBVQXN4ay1VeDA3bUtoeWVraEpWT2lKMTdTQmVfVjByVk1SaE1kbDQtd1RFVG5XaEN1TzBjWVhwOUtRVk9QZUN6Q0hNbDJuOTM3ZmpaUTVibX",Virginia Tech News,27.79171162865997,84.72458981821238
42398a0,live-ea914815,2026-07-29T12:33:37.419608+00:00,Multiple,Reported area,Structural Failure,Aftermath,Nepal and Northern India are not overdue for a huge earthquake - New Scientist,"<a href=""https://news.google.com/rss/articles/CBMirAFBVV95cUxOTTIwNHM3ZjM1NHFEek5jVkNQblpUQkJsYTRNcDdINHhDMWJmbU9taGFTNFlDbHRUMVhmRGpVb3dsbkRfRnZKd3lkbVFfRExseXR4SGZvOHNhVzRyX29TMlVxWDF5SUhyLXdTNHctMD",New Scientist,28.395392887871537,85.5843331995502
42398a0,live-ca8a5735,2026-07-29T12:33:37.419595+00:00,Multiple,Reported area,Structural Failure,Aftermath,The economic damage from the Nepal earthquake is almost half of the country’s GDP - qz.com,"<a href=""https://news.google.com/rss/articles/CBMirAFBVV95cUxPWUJKV2JuVTNqa0ZDNUVwMFlIVk9kNU1JMy0wNVQ5dUg0TEFyS2xRczM4em9qYXRqVVBlXzQwVmlzWm8ydFJUYjNFWVhiTEYtWW41cE9fMXAxd2lZYkFINmlaZnBrSW8yWnBBcURVR1",qz.com,28.64093508792766,85.61840150954909
42398a0,live-46aee09b,2026-07-29T12:33:37.419579+00:00,Multiple,Reported area,Structural Failure,Aftermath,Japan earthquake kills 13 as rescuers race to find survivors - Nepalnews.com,"<a href=""https://news.google.com/rss/articles/CBMiqwFBVV95cUxPeERQUjZmQ2MtVW45eThmdjB0WnI2MFVCYkttOEFPYXB4ZmFPMVBDeDItQ0Qtamlfc0x1Z3YxN0ZJeERmWnR4UEt3LTBnTURPZjlqTnA2eEltUnF6V0tPdkw1SnZwWlUzR0hyOXh2OG",Nepalnews.com,28.121029298034383,85.60958887691228
42398a0,live-039680ba,2026-07-29T12:33:37.419562+00:00,Multiple,Reported area,Landslide,Aftermath,"India, Nepal Revive Ties With Restoration of Lalitpur Heritage Sites - NDTV","<a href=""https://news.google.com/rss/articles/CBMirAFBVV95cUxNcGVkUm1ibXNwOFRxMVBFX0l6enR5bDVoTmhEUzhOa2VaWVNpaEpqZWw0WkdCMGR3ajZDbkFLSVJLLVVqdWhTenIxMl9JYXl4b0xlUzczMUdMN0xzNnNBX09nZEp0RTlzNnJEN1A5UU",NDTV,27.671741014597032,86.12019070719889
42398a0,live-f14dff4a,2026-07-29T12:33:37.419546+00:00,Multiple,Reported area,Structural Failure,Aftermath,Aftershock: Everest and the Nepal Earthquake (2022) - IMDb,"<a href=""https://news.google.com/rss/articles/CBMicEFVX3lxTE1RV1NnQ1MtcklKQ2xLZHBwODlGNkFIeVM1eEJ2aloyV2Q2VjEtbGhjQjJxdDBjM1ExcjVxRW5jZ2FkWC1qdUlpSlVqQ0JEc0RNWmtjTlcxTGt3NzNYUXg4T3dhRlJCZ2pRVmIxVFdyZH",IMDb,27.89284199333241,84.72914713340576
42398a0,live-11e20c95,2026-07-29T12:33:37.419516+00:00,Multiple,Reported area,Landslide,Aftermath,Homelessness in Nepal: A Bamboo Solution - BORGEN Magazine,"<a href=""https://news.google.com/rss/articles/CBMiY0FVX3lxTE1FSmp1dEttNUxTUlh2UGFadDMxZ0N0S25GZ0pBMWVFOUFhVTU1M0w1T0JhRzFRMFVHRWluSUZHT3ctRFlDSDNjRXZkYWh1SzlNXzN6SUxfeXNtUkpWX3NNc0ZRbw?oc=5"" target=""_",BORGEN Magazine,27.693171029498846,85.06891849828654
15e536d,live-4926b388,2026-07-29T10:17:06.591095+00:00,Multiple,Reported area,Structural Failure,Aftermath,3.8 magnitude earthquake hits Nepal - BusinessLine,"<a href=""https://news.google.com/rss/articles/CBMipAFBVV95cUxOS2pNaDlFZkdIRlBWc2lmSVJQWWlHWW9rZ0ozUDZjakl5cTYxYS1mSzJ2TVUxb255dlpyUEVxcmZtajR5RkZKSGx4ZWpJeVk4LTdGT0tyOHFTTnZvSDFhbmk5RC1xUWR0czlQaWRzUk",BusinessLine,28.437494409352723,84.69904911350231
15e536d,live-a1a397ce,2026-07-29T10:17:06.591084+00:00,Multiple,Reported area,Structural Failure,Aftermath,Nepal Earthquake: How to Help - Save the Children US,"<a href=""https://news.google.com/rss/articles/CBMikgFBVV95cUxPZWZVZ2l6bGtkb3ZVVUNPdzVfRzVZSURtWlJ3X3g2YlFUVHNZaUlVZ0hmSVllV1pad1Y3eS1rcG91X21EMnAtaUNHSGRNaC1XcEtEeUxkYjk0dnZSSmUwYXF0SjU1N0VnU0RwVmE4Z3",Save the Children US,26.75245700337574,85.3106258621366
15e536d,live-c9c121a8,2026-07-29T10:17:06.591070+00:00,Multiple,Reported area,Structural Failure,Aftermath,Post-Disaster Housing Reconstruction in Rural Nepal A Case Study in the Aftermath of the 2015 Nepal ,"<a href=""https://news.google.com/rss/articles/CBMibkFVX3lxTE15U3JKZkRRbl9FemdvVllucXVsTmpxS2E5aW1mQ1Y4Q3RRNHhQUjhQd2NrRjZaSXY1alZLLUNTRi1WbFdFN2Fpd2Vta0lLZXNoWDB2RFRDS25rMmo3T3ZvRWt2NGV5NW5uRDJvUVdn?o",SCIRP Open Access,27.36684056270048,84.68280023261242
15e536d,live-e0c4558f,2026-07-29T10:17:06.591053+00:00,Multiple,Reported area,Structural Failure,Aftermath,"101-Year-Old Pulled From Rubble One Week After Nepal Earthquake - ABC News - Breaking News, Latest N","<a href=""https://news.google.com/rss/articles/CBMinAFBVV95cUxQN0ZnMnd1SzIzbGVEUmJWaGlaZkJjbVpRT0E3eHFJVkdNT1VabWV0bmJoaXI3QzJUYjVlcjZqdGpHaVlKSGY2MjhmeXNNaFdwNndDZnIxalRGLU9LOF9ZTVI1N2JNTTQyXzI4UlBLQW","ABC News - Breaking News, Latest News and Videos",27.623599320053252,84.36257950983575
15e536d,live-e8aff55c,2026-07-29T10:17:06.591041+00:00,Multiple,Reported area,Landslide,Aftermath,Six-year study reveals ancient quakes along 150-mile fault system in Nepal - Virginia Tech News,"<a href=""https://news.google.com/rss/articles/CBMigAFBVV95cUxPbFc3VGRyWjFhZmpvb0pXMGhfVWVWbFBVQXN4ay1VeDA3bUtoeWVraEpWT2lKMTdTQmVfVjByVk1SaE1kbDQtd1RFVG5XaEN1TzBjWVhwOUtRVk9QZUN6Q0hNbDJuOTM3ZmpaUTVibX",Virginia Tech News,26.908805064754734,86.15973529281892
15e536d,live-2efdded7,2026-07-29T10:17:06.591019+00:00,Multiple,Reported area,Structural Failure,Aftermath,Nepal and Northern India are not overdue for a huge earthquake - New Scientist,"<a href=""https://news.google.com/rss/articles/CBMirAFBVV95cUxOTTIwNHM3ZjM1NHFEek5jVkNQblpUQkJsYTRNcDdINHhDMWJmbU9taGFTNFlDbHRUMVhmRGpVb3dsbkRfRnZKd3lkbVFfRExseXR4SGZvOHNhVzRyX29TMlVxWDF5SUhyLXdTNHctMD",New Scientist,27.912115448360336,84.31304381284916
15e536d,live-c74006d3,2026-07-29T10:17:06.591005+00:00,Multiple,Reported area,Structural Failure,Aftermath,The economic damage from the Nepal earthquake is almost half of the country’s GDP - qz.com,"<a href=""https://news.google.com/rss/articles/CBMirAFBVV95cUxPWUJKV2JuVTNqa0ZDNUVwMFlIVk9kNU1JMy0wNVQ5dUg0TEFyS2xRczM4em9qYXRqVVBlXzQwVmlzWm8ydFJUYjNFWVhiTEYtWW41cE9fMXAxd2lZYkFINmlaZnBrSW8yWnBBcURVR1",qz.com,27.997763386604184,85.18564954880756
15e536d,live-c886bce0,2026-07-29T10:17:06.590985+00:00,Multiple,Reported area,Landslide,Aftermath,"India, Nepal Revive Ties With Restoration of Lalitpur Heritage Sites - NDTV","<a href=""https://news.google.com/rss/articles/CBMirAFBVV95cUxNcGVkUm1ibXNwOFRxMVBFX0l6enR5bDVoTmhEUzhOa2VaWVNpaEpqZWw0WkdCMGR3ajZDbkFLSVJLLVVqdWhTenIxMl9JYXl4b0xlUzczMUdMN0xzNnNBX09nZEp0RTlzNnJEN1A5UU",NDTV,27.296145808065866,84.34258679229114
15e536d,live-e8464c47,2026-07-29T10:17:06.590970+00:00,Multiple,Reported area,Structural Failure,Aftermath,Aftershock: Everest and the Nepal Earthquake (2022) - IMDb,"<a href=""https://news.google.com/rss/articles/CBMicEFVX3lxTE1RV1NnQ1MtcklKQ2xLZHBwODlGNkFIeVM1eEJ2aloyV2Q2VjEtbGhjQjJxdDBjM1ExcjVxRW5jZ2FkWC1qdUlpSlVqQ0JEc0RNWmtjTlcxTGt3NzNYUXg4T3dhRlJCZ2pRVmIxVFdyZH",IMDb,28.041820194809688,85.78544148661484
15e536d,live-1dcc099e,2026-07-29T10:17:06.590937+00:00,Multiple,Reported area,Landslide,Aftermath,Homelessness in Nepal: A Bamboo Solution - BORGEN Magazine,"<a href=""https://news.google.com/rss/articles/CBMiY0FVX3lxTE1FSmp1dEttNUxTUlh2UGFadDMxZ0N0S25GZ0pBMWVFOUFhVTU1M0w1T0JhRzFRMFVHRWluSUZHT3ctRFlDSDNjRXZkYWh1SzlNXzN6SUxfeXNtUkpWX3NNc0ZRbw?oc=5"" target=""_",BORGEN Magazine,27.766625362182737,85.00208109630755
cc516ae,live-dd3d8a55,2026-07-29T07:30:28.591880+00:00,Multiple,Reported area,Structural Failure,Aftermath,3.8 Magnitude Earthquake Hits Nepal - Deccan Chronicle,"<a href=""https://news.google.com/rss/articles/CBMilgFBVV95cUxPd25LeVA1aTREVVVka0xUWGFZNGx0RmZZNFQ4UGpmRmdyclQtRW1vS09lTDQ0NEhyd0lNbEZpZklKVWdFa1MxQzRfUXZLdk04QnM2cVZNSmlTUENVUnVrd1hZTzlrb3dDSlRwdGZTSU",Deccan Chronicle,28.68380684783627,85.63041021080987
cc516ae,live-1abfeef3,2026-07-29T07:30:28.591869+00:00,Multiple,Reported area,Structural Failure,Aftermath,"A Look Back At The 2015 Nepal Earthquake When 9,000 People Died - NDTV","<a href=""https://news.google.com/rss/articles/CBMiugFBVV95cUxOVHhaRFBXbmw3aFJGbEdCeHdYR050UnlvWFhfc2pZcGEzV3RPaDNxb3V4SHBNaVB0UWEwaHg4VF9sc21CekpfdmhVSEJYLXBFTzh1eUxnOTV6ZE1pUXMtX0RVSVhENnR1NkN4OWpqcl",NDTV,27.232319811806015,84.87654243259027
cc516ae,live-3edc216b,2026-07-29T07:30:28.591856+00:00,Multiple,Reported area,Structural Failure,Aftermath,3.8 magnitude earthquake hits Nepal - BusinessLine,"<a href=""https://news.google.com/rss/articles/CBMipAFBVV95cUxOS2pNaDlFZkdIRlBWc2lmSVJQWWlHWW9rZ0ozUDZjakl5cTYxYS1mSzJ2TVUxb255dlpyUEVxcmZtajR5RkZKSGx4ZWpJeVk4LTdGT0tyOHFTTnZvSDFhbmk5RC1xUWR0czlQaWRzUk",BusinessLine,26.717164688484875,84.63321418641371
cc516ae,live-610bdc50,2026-07-29T07:30:28.591838+00:00,Multiple,Reported area,Structural Failure,Aftermath,Nepal Earthquake: How to Help - Save the Children US,"<a href=""https://news.google.com/rss/articles/CBMikgFBVV95cUxPZWZVZ2l6bGtkb3ZVVUNPdzVfRzVZSURtWlJ3X3g2YlFUVHNZaUlVZ0hmSVllV1pad1Y3eS1rcG91X21EMnAtaUNHSGRNaC1XcEtEeUxkYjk0dnZSSmUwYXF0SjU1N0VnU0RwVmE4Z3",Save the Children US,27.629994050784376,85.693931109612
cc516ae,live-2c90f7e4,2026-07-29T07:30:28.591821+00:00,Multiple,Reported area,Structural Failure,Aftermath,Post-Disaster Housing Reconstruction in Rural Nepal A Case Study in the Aftermath of the 2015 Nepal ,"<a href=""https://news.google.com/rss/articles/CBMibkFVX3lxTE15U3JKZkRRbl9FemdvVllucXVsTmpxS2E5aW1mQ1Y4Q3RRNHhQUjhQd2NrRjZaSXY1alZLLUNTRi1WbFdFN2Fpd2Vta0lLZXNoWDB2RFRDS25rMmo3T3ZvRWt2NGV5NW5uRDJvUVdn?o",SCIRP Open Access,27.892591237155255,85.04767979390859
cc516ae,live-76a2074a,2026-07-29T07:30:28.591784+00:00,Multiple,Reported area,Structural Failure,Aftermath,"101-Year-Old Pulled From Rubble One Week After Nepal Earthquake - ABC News - Breaking News, Latest N","<a href=""https://news.google.com/rss/articles/CBMinAFBVV95cUxQN0ZnMnd1SzIzbGVEUmJWaGlaZkJjbVpRT0E3eHFJVkdNT1VabWV0bmJoaXI3QzJUYjVlcjZqdGpHaVlKSGY2MjhmeXNNaFdwNndDZnIxalRGLU9LOF9ZTVI1N2JNTTQyXzI4UlBLQW","ABC News - Breaking News, Latest News and Videos",27.541891723252593,85.27580872790828
cc516ae,live-3256c483,2026-07-29T07:30:28.591771+00:00,Multiple,Reported area,Landslide,Aftermath,Six-year study reveals ancient quakes along 150-mile fault system in Nepal - Virginia Tech News,"<a href=""https://news.google.com/rss/articles/CBMigAFBVV95cUxPbFc3VGRyWjFhZmpvb0pXMGhfVWVWbFBVQXN4ay1VeDA3bUtoeWVraEpWT2lKMTdTQmVfVjByVk1SaE1kbDQtd1RFVG5XaEN1TzBjWVhwOUtRVk9QZUN6Q0hNbDJuOTM3ZmpaUTVibX",Virginia Tech News,28.394616118465404,86.01960753820974
cc516ae,live-f359c74f,2026-07-29T07:30:28.591753+00:00,Multiple,Reported area,Structural Failure,Aftermath,Nepal and Northern India are not overdue for a huge earthquake - New Scientist,"<a href=""https://news.google.com/rss/articles/CBMirAFBVV95cUxOTTIwNHM3ZjM1NHFEek5jVkNQblpUQkJsYTRNcDdINHhDMWJmbU9taGFTNFlDbHRUMVhmRGpVb3dsbkRfRnZKd3lkbVFfRExseXR4SGZvOHNhVzRyX29TMlVxWDF5SUhyLXdTNHctMD",New Scientist,28.52244115238404,84.74696617126885
cc516ae,live-f8015c55,2026-07-29T07:30:28.591738+00:00,Multiple,Reported area,Structural Failure,Aftermath,The economic damage from the Nepal earthquake is almost half of the country’s GDP - qz.com,"<a href=""https://news.google.com/rss/articles/CBMirAFBVV95cUxPWUJKV2JuVTNqa0ZDNUVwMFlIVk9kNU1JMy0wNVQ5dUg0TEFyS2xRczM4em9qYXRqVVBlXzQwVmlzWm8ydFJUYjNFWVhiTEYtWW41cE9fMXAxd2lZYkFINmlaZnBrSW8yWnBBcURVR1",qz.com,26.87663010087291,85.8928716914705
cc516ae,live-7dd194dd,2026-07-29T07:30:28.591710+00:00,Multiple,Reported area,Structural Failure,Aftermath,Aftershock: Everest and the Nepal Earthquake (2022) - IMDb,"<a href=""https://news.google.com/rss/articles/CBMicEFVX3lxTE1RV1NnQ1MtcklKQ2xLZHBwODlGNkFIeVM1eEJ2aloyV2Q2VjEtbGhjQjJxdDBjM1ExcjVxRW5jZ2FkWC1qdUlpSlVqQ0JEc0RNWmtjTlcxTGt3NzNYUXg4T3dhRlJCZ2pRVmIxVFdyZH",IMDb,28.420892176839775,85.91157839374068
34bfea7,live-455663d6,2026-07-29T04:29:28.633904+00:00,Multiple,Reported area,Structural Failure,Aftermath,"A Look Back At The 2015 Nepal Earthquake When 9,000 People Died - NDTV","<a href=""https://news.google.com/rss/articles/CBMiugFBVV95cUxOVHhaRFBXbmw3aFJGbEdCeHdYR050UnlvWFhfc2pZcGEzV3RPaDNxb3V4SHBNaVB0UWEwaHg4VF9sc21CekpfdmhVSEJYLXBFTzh1eUxnOTV6ZE1pUXMtX0RVSVhENnR1NkN4OWpqcl",NDTV,27.176477546449906,86.2046247217563
34bfea7,live-1bf607fd,2026-07-29T04:29:28.633892+00:00,Multiple,Reported area,Structural Failure,Aftermath,3.8 magnitude earthquake hits Nepal - BusinessLine,"<a href=""https://news.google.com/rss/articles/CBMipAFBVV95cUxOS2pNaDlFZkdIRlBWc2lmSVJQWWlHWW9rZ0ozUDZjakl5cTYxYS1mSzJ2TVUxb255dlpyUEVxcmZtajR5RkZKSGx4ZWpJeVk4LTdGT0tyOHFTTnZvSDFhbmk5RC1xUWR0czlQaWRzUk",BusinessLine,28.4574513512942,85.37913693088014
34bfea7,live-d75c1646,2026-07-29T04:29:28.633879+00:00,Multiple,Reported area,Structural Failure,Aftermath,Nepal Earthquake: How to Help - Save the Children US,"<a href=""https://news.google.com/rss/articles/CBMikgFBVV95cUxPZWZVZ2l6bGtkb3ZVVUNPdzVfRzVZSURtWlJ3X3g2YlFUVHNZaUlVZ0hmSVllV1pad1Y3eS1rcG91X21EMnAtaUNHSGRNaC1XcEtEeUxkYjk0dnZSSmUwYXF0SjU1N0VnU0RwVmE4Z3",Save the Children US,27.62975340815912,84.46213188148793
34bfea7,live-f1369ae3,2026-07-29T04:29:28.633861+00:00,Multiple,Reported area,Structural Failure,Aftermath,Post-Disaster Housing Reconstruction in Rural Nepal A Case Study in the Aftermath of the 2015 Nepal ,"<a href=""https://news.google.com/rss/articles/CBMibkFVX3lxTE15U3JKZkRRbl9FemdvVllucXVsTmpxS2E5aW1mQ1Y4Q3RRNHhQUjhQd2NrRjZaSXY1alZLLUNTRi1WbFdFN2Fpd2Vta0lLZXNoWDB2RFRDS25rMmo3T3ZvRWt2NGV5NW5uRDJvUVdn?o",SCIRP Open Access,27.354579866586842,85.11123229559496
34bfea7,live-854a165f,2026-07-29T04:29:28.633848+00:00,Multiple,Reported area,Structural Failure,Aftermath,"101-Year-Old Pulled From Rubble One Week After Nepal Earthquake - ABC News - Breaking News, Latest N","<a href=""https://news.google.com/rss/articles/CBMinAFBVV95cUxQN0ZnMnd1SzIzbGVEUmJWaGlaZkJjbVpRT0E3eHFJVkdNT1VabWV0bmJoaXI3QzJUYjVlcjZqdGpHaVlKSGY2MjhmeXNNaFdwNndDZnIxalRGLU9LOF9ZTVI1N2JNTTQyXzI4UlBLQW","ABC News - Breaking News, Latest News and Videos",27.552153311320655,86.2127282932405
34bfea7,live-50b6bc96,2026-07-29T04:29:28.633831+00:00,Multiple,Reported area,Landslide,Aftermath,Six-year study reveals ancient quakes along 150-mile fault system in Nepal - Virginia Tech News,"<a href=""https://news.google.com/rss/articles/CBMigAFBVV95cUxPbFc3VGRyWjFhZmpvb0pXMGhfVWVWbFBVQXN4ay1VeDA3bUtoeWVraEpWT2lKMTdTQmVfVjByVk1SaE1kbDQtd1RFVG5XaEN1TzBjWVhwOUtRVk9QZUN6Q0hNbDJuOTM3ZmpaUTVibX",Virginia Tech News,28.292067542690283,84.68554386960828
34bfea7,live-42ab441d,2026-07-29T04:29:28.633817+00:00,Multiple,Reported area,Structural Failure,Aftermath,"Death toll from Venezuela earthquakes increases to 5,398 - Nepalnews.com","<a href=""https://news.google.com/rss/articles/CBMipAFBVV95cUxPdEdDN3NnN3MtR2JldjhlcDVPeHBfRlZ2Y3Z4UG1FZ1ROTWI0TDItLXN1QjJqcDFYVHR2UGVfUGlqNVhxdkY3UzJVdFpBRkw1S1NKczV6OEh5dlpJUUptNjZnenRXc3pBMV9TWUJvV3",Nepalnews.com,27.04927152244897,85.26057625561272
34bfea7,live-73e484f7,2026-07-29T04:29:28.633798+00:00,Multiple,Reported area,Structural Failure,Aftermath,Nepal and Northern India are not overdue for a huge earthquake - New Scientist,"<a href=""https://news.google.com/rss/articles/CBMirAFBVV95cUxOTTIwNHM3ZjM1NHFEek5jVkNQblpUQkJsYTRNcDdINHhDMWJmbU9taGFTNFlDbHRUMVhmRGpVb3dsbkRfRnZKd3lkbVFfRExseXR4SGZvOHNhVzRyX29TMlVxWDF5SUhyLXdTNHctMD",New Scientist,27.668903563320097,85.97016654108968
34bfea7,live-48287dc9,2026-07-29T04:29:28.633782+00:00,Multiple,Reported area,Structural Failure,Aftermath,The economic damage from the Nepal earthquake is almost half of the country’s GDP - qz.com,"<a href=""https://news.google.com/rss/articles/CBMirAFBVV95cUxPWUJKV2JuVTNqa0ZDNUVwMFlIVk9kNU1JMy0wNVQ5dUg0TEFyS2xRczM4em9qYXRqVVBlXzQwVmlzWm8ydFJUYjNFWVhiTEYtWW41cE9fMXAxd2lZYkFINmlaZnBrSW8yWnBBcURVR1",qz.com,27.50552669639586,85.54324822090946
34bfea7,live-30b26b8d,2026-07-29T04:29:28.633745+00:00,Multiple,Reported area,Structural Failure,Aftermath,Aftershock: Everest and the Nepal Earthquake (2022) - IMDb,"<a href=""https://news.google.com/rss/articles/CBMicEFVX3lxTE1RV1NnQ1MtcklKQ2xLZHBwODlGNkFIeVM1eEJ2aloyV2Q2VjEtbGhjQjJxdDBjM1ExcjVxRW5jZ2FkWC1qdUlpSlVqQ0JEc0RNWmtjTlcxTGt3NzNYUXg4T3dhRlJCZ2pRVmIxVFdyZH",IMDb,27.940918765113377,85.74755631939844
06aac14,live-acd7ae5a,2026-07-29T01:08:20.683706+00:00,Multiple,Reported area,Structural Failure,Aftermath,"A Look Back At The 2015 Nepal Earthquake When 9,000 People Died - NDTV","<a href=""https://news.google.com/rss/articles/CBMiugFBVV95cUxOVHhaRFBXbmw3aFJGbEdCeHdYR050UnlvWFhfc2pZcGEzV3RPaDNxb3V4SHBNaVB0UWEwaHg4VF9sc21CekpfdmhVSEJYLXBFTzh1eUxnOTV6ZE1pUXMtX0RVSVhENnR1NkN4OWpqcl",NDTV,27.453329587212426,85.7041993011237
06aac14,live-2a810478,2026-07-29T01:08:20.683695+00:00,Multiple,Reported area,Structural Failure,Aftermath,3.8 magnitude earthquake hits Nepal - BusinessLine,"<a href=""https://news.google.com/rss/articles/CBMipAFBVV95cUxOS2pNaDlFZkdIRlBWc2lmSVJQWWlHWW9rZ0ozUDZjakl5cTYxYS1mSzJ2TVUxb255dlpyUEVxcmZtajR5RkZKSGx4ZWpJeVk4LTdGT0tyOHFTTnZvSDFhbmk5RC1xUWR0czlQaWRzUk",BusinessLine,26.836389732140663,84.74937837507208
06aac14,live-91376f0f,2026-07-29T01:08:20.683682+00:00,Multiple,Reported area,Structural Failure,Aftermath,Nepal Earthquake: How to Help - Save the Children US,"<a href=""https://news.google.com/rss/articles/CBMikgFBVV95cUxPZWZVZ2l6bGtkb3ZVVUNPdzVfRzVZSURtWlJ3X3g2YlFUVHNZaUlVZ0hmSVllV1pad1Y3eS1rcG91X21EMnAtaUNHSGRNaC1XcEtEeUxkYjk0dnZSSmUwYXF0SjU1N0VnU0RwVmE4Z3",Save the Children US,27.10983813887482,85.88939073279546
06aac14,live-a6c2e9bc,2026-07-29T01:08:20.683665+00:00,Multiple,Reported area,Structural Failure,Aftermath,Post-Disaster Housing Reconstruction in Rural Nepal A Case Study in the Aftermath of the 2015 Nepal ,"<a href=""https://news.google.com/rss/articles/CBMibkFVX3lxTE15U3JKZkRRbl9FemdvVllucXVsTmpxS2E5aW1mQ1Y4Q3RRNHhQUjhQd2NrRjZaSXY1alZLLUNTRi1WbFdFN2Fpd2Vta0lLZXNoWDB2RFRDS25rMmo3T3ZvRWt2NGV5NW5uRDJvUVdn?o",SCIRP Open Access,27.295675873955197,85.35047246081912
06aac14,live-7c422013,2026-07-29T01:08:20.683653+00:00,Multiple,Reported area,Structural Failure,Aftermath,"101-Year-Old Pulled From Rubble One Week After Nepal Earthquake - ABC News - Breaking News, Latest N","<a href=""https://news.google.com/rss/articles/CBMinAFBVV95cUxQN0ZnMnd1SzIzbGVEUmJWaGlaZkJjbVpRT0E3eHFJVkdNT1VabWV0bmJoaXI3QzJUYjVlcjZqdGpHaVlKSGY2MjhmeXNNaFdwNndDZnIxalRGLU9LOF9ZTVI1N2JNTTQyXzI4UlBLQW","ABC News - Breaking News, Latest News and Videos",28.267132896232514,84.87244645342221
06aac14,live-9582a159,2026-07-29T01:08:20.683641+00:00,Multiple,Reported area,Landslide,Aftermath,Six-year study reveals ancient quakes along 150-mile fault system in Nepal - Virginia Tech News,"<a href=""https://news.google.com/rss/articles/CBMigAFBVV95cUxPbFc3VGRyWjFhZmpvb0pXMGhfVWVWbFBVQXN4ay1VeDA3bUtoeWVraEpWT2lKMTdTQmVfVjByVk1SaE1kbDQtd1RFVG5XaEN1TzBjWVhwOUtRVk9QZUN6Q0hNbDJuOTM3ZmpaUTVibX",Virginia Tech News,27.87946159567443,85.7794605703862
06aac14,live-0bc0ae20,2026-07-29T01:08:20.683627+00:00,Multiple,Reported area,Structural Failure,Aftermath,Nepal and Northern India are not overdue for a huge earthquake - New Scientist,"<a href=""https://news.google.com/rss/articles/CBMirAFBVV95cUxOTTIwNHM3ZjM1NHFEek5jVkNQblpUQkJsYTRNcDdINHhDMWJmbU9taGFTNFlDbHRUMVhmRGpVb3dsbkRfRnZKd3lkbVFfRExseXR4SGZvOHNhVzRyX29TMlVxWDF5SUhyLXdTNHctMD",New Scientist,27.406994271986104,85.81928255482363
06aac14,live-f5bb6552,2026-07-29T01:08:20.683609+00:00,Multiple,Reported area,Structural Failure,Aftermath,"Death toll from Venezuela earthquakes increases to 5,398 - Nepalnews.com","<a href=""https://news.google.com/rss/articles/CBMipAFBVV95cUxPdEdDN3NnN3MtR2JldjhlcDVPeHBfRlZ2Y3Z4UG1FZ1ROTWI0TDItLXN1QjJqcDFYVHR2UGVfUGlqNVhxdkY3UzJVdFpBRkw1S1NKczV6OEh5dlpJUUptNjZnenRXc3pBMV9TWUJvV3",Nepalnews.com,27.365961726777357,86.13534656938414
06aac14,live-54be2f80,2026-07-29T01:08:20.683589+00:00,Multiple,Reported area,Structural Failure,Aftermath,The economic damage from the Nepal earthquake is almost half of the country’s GDP - qz.com,"<a href=""https://news.google.com/rss/articles/CBMirAFBVV95cUxPWUJKV2JuVTNqa0ZDNUVwMFlIVk9kNU1JMy0wNVQ5dUg0TEFyS2xRczM4em9qYXRqVVBlXzQwVmlzWm8ydFJUYjNFWVhiTEYtWW41cE9fMXAxd2lZYkFINmlaZnBrSW8yWnBBcURVR1",qz.com,27.889038777608864,86.01836106914995
06aac14,live-57e33e36,2026-07-29T01:08:20.683558+00:00,Multiple,Reported area,Structural Failure,Aftermath,Aftershock: Everest and the Nepal Earthquake (2022) - IMDb,"<a href=""https://news.google.com/rss/articles/CBMicEFVX3lxTE1RV1NnQ1MtcklKQ2xLZHBwODlGNkFIeVM1eEJ2aloyV2Q2VjEtbGhjQjJxdDBjM1ExcjVxRW5jZ2FkWC1qdUlpSlVqQ0JEc0RNWmtjTlcxTGt3NzNYUXg4T3dhRlJCZ2pRVmIxVFdyZH",IMDb,27.367874188081945,85.87977449381748
7d8f9bb,live-ab9fc18c,2026-07-28T23:40:33.976144+00:00,Multiple,Reported area,Structural Failure,Aftermath,"A Look Back At The 2015 Nepal Earthquake When 9,000 People Died - NDTV","<a href=""https://news.google.com/rss/articles/CBMiugFBVV95cUxOVHhaRFBXbmw3aFJGbEdCeHdYR050UnlvWFhfc2pZcGEzV3RPaDNxb3V4SHBNaVB0UWEwaHg4VF9sc21CekpfdmhVSEJYLXBFTzh1eUxnOTV6ZE1pUXMtX0RVSVhENnR1NkN4OWpqcl",NDTV,27.461692596694576,85.01495152126301
7d8f9bb,live-a45b0733,2026-07-28T23:40:33.976133+00:00,Multiple,Reported area,Structural Failure,Aftermath,3.8 magnitude earthquake hits Nepal - BusinessLine,"<a href=""https://news.google.com/rss/articles/CBMipAFBVV95cUxOS2pNaDlFZkdIRlBWc2lmSVJQWWlHWW9rZ0ozUDZjakl5cTYxYS1mSzJ2TVUxb255dlpyUEVxcmZtajR5RkZKSGx4ZWpJeVk4LTdGT0tyOHFTTnZvSDFhbmk5RC1xUWR0czlQaWRzUk",BusinessLine,27.129816902069678,86.18402580320507
7d8f9bb,live-4893d9dd,2026-07-28T23:40:33.976119+00:00,Multiple,Reported area,Structural Failure,Aftermath,Nepal Earthquake: How to Help - Save the Children US,"<a href=""https://news.google.com/rss/articles/CBMikgFBVV95cUxPZWZVZ2l6bGtkb3ZVVUNPdzVfRzVZSURtWlJ3X3g2YlFUVHNZaUlVZ0hmSVllV1pad1Y3eS1rcG91X21EMnAtaUNHSGRNaC1XcEtEeUxkYjk0dnZSSmUwYXF0SjU1N0VnU0RwVmE4Z3",Save the Children US,27.330549104095507,86.01914967177069
7d8f9bb,live-19b1c6d0,2026-07-28T23:40:33.976102+00:00,Multiple,Reported area,Structural Failure,Aftermath,Post-Disaster Housing Reconstruction in Rural Nepal A Case Study in the Aftermath of the 2015 Nepal ,"<a href=""https://news.google.com/rss/articles/CBMibkFVX3lxTE15U3JKZkRRbl9FemdvVllucXVsTmpxS2E5aW1mQ1Y4Q3RRNHhQUjhQd2NrRjZaSXY1alZLLUNTRi1WbFdFN2Fpd2Vta0lLZXNoWDB2RFRDS25rMmo3T3ZvRWt2NGV5NW5uRDJvUVdn?o",SCIRP Open Access,27.114921534862614,86.17938993681022
7d8f9bb,live-0826be01,2026-07-28T23:40:33.976090+00:00,Multiple,Reported area,Structural Failure,Aftermath,"101-Year-Old Pulled From Rubble One Week After Nepal Earthquake - ABC News - Breaking News, Latest N","<a href=""https://news.google.com/rss/articles/CBMinAFBVV95cUxQN0ZnMnd1SzIzbGVEUmJWaGlaZkJjbVpRT0E3eHFJVkdNT1VabWV0bmJoaXI3QzJUYjVlcjZqdGpHaVlKSGY2MjhmeXNNaFdwNndDZnIxalRGLU9LOF9ZTVI1N2JNTTQyXzI4UlBLQW","ABC News - Breaking News, Latest News and Videos",28.279366743777864,84.55451378006434
7d8f9bb,live-dd5d2d05,2026-07-28T23:40:33.976077+00:00,Multiple,Reported area,Landslide,Aftermath,Six-year study reveals ancient quakes along 150-mile fault system in Nepal - Virginia Tech News,"<a href=""https://news.google.com/rss/articles/CBMigAFBVV95cUxPbFc3VGRyWjFhZmpvb0pXMGhfVWVWbFBVQXN4ay1VeDA3bUtoeWVraEpWT2lKMTdTQmVfVjByVk1SaE1kbDQtd1RFVG5XaEN1TzBjWVhwOUtRVk9QZUN6Q0hNbDJuOTM3ZmpaUTVibX",Virginia Tech News,27.31709935550467,85.76910824818216
7d8f9bb,live-a2bce00a,2026-07-28T23:40:33.976062+00:00,Multiple,Reported area,Structural Failure,Aftermath,Nepal and Northern India are not overdue for a huge earthquake - New Scientist,"<a href=""https://news.google.com/rss/articles/CBMirAFBVV95cUxOTTIwNHM3ZjM1NHFEek5jVkNQblpUQkJsYTRNcDdINHhDMWJmbU9taGFTNFlDbHRUMVhmRGpVb3dsbkRfRnZKd3lkbVFfRExseXR4SGZvOHNhVzRyX29TMlVxWDF5SUhyLXdTNHctMD",New Scientist,28.376188712479717,84.78822642484398
7d8f9bb,live-3082b8db,2026-07-28T23:40:33.976044+00:00,Multiple,Reported area,Structural Failure,Aftermath,"Death toll from Venezuela earthquakes increases to 5,398 - Nepalnews.com","<a href=""https://news.google.com/rss/articles/CBMipAFBVV95cUxPdEdDN3NnN3MtR2JldjhlcDVPeHBfRlZ2Y3Z4UG1FZ1ROTWI0TDItLXN1QjJqcDFYVHR2UGVfUGlqNVhxdkY3UzJVdFpBRkw1S1NKczV6OEh5dlpJUUptNjZnenRXc3pBMV9TWUJvV3",Nepalnews.com,27.858940965644152,86.28868820083638
7d8f9bb,live-cedf4c17,2026-07-28T23:40:33.976024+00:00,Multiple,Reported area,Structural Failure,Aftermath,The economic damage from the Nepal earthquake is almost half of the country’s GDP - qz.com,"<a href=""https://news.google.com/rss/articles/CBMirAFBVV95cUxPWUJKV2JuVTNqa0ZDNUVwMFlIVk9kNU1JMy0wNVQ5dUg0TEFyS2xRczM4em9qYXRqVVBlXzQwVmlzWm8ydFJUYjNFWVhiTEYtWW41cE9fMXAxd2lZYkFINmlaZnBrSW8yWnBBcURVR1",qz.com,27.7296016306562,85.52425711756285
7d8f9bb,live-bcac49f4,2026-07-28T23:40:33.975993+00:00,Multiple,Reported area,Structural Failure,Aftermath,Aftershock: Everest and the Nepal Earthquake (2022) - IMDb,"<a href=""https://news.google.com/rss/articles/CBMicEFVX3lxTE1RV1NnQ1MtcklKQ2xLZHBwODlGNkFIeVM1eEJ2aloyV2Q2VjEtbGhjQjJxdDBjM1ExcjVxRW5jZ2FkWC1qdUlpSlVqQ0JEc0RNWmtjTlcxTGt3NzNYUXg4T3dhRlJCZ2pRVmIxVFdyZH",IMDb,27.481615552490474,84.8137928467599
4e94f0c,live-eff80adf,2026-07-28T22:41:25.854939+00:00,Multiple,Reported area,Structural Failure,Aftermath,"A Look Back At The 2015 Nepal Earthquake When 9,000 People Died - NDTV","<a href=""https://news.google.com/rss/articles/CBMiugFBVV95cUxOVHhaRFBXbmw3aFJGbEdCeHdYR050UnlvWFhfc2pZcGEzV3RPaDNxb3V4SHBNaVB0UWEwaHg4VF9sc21CekpfdmhVSEJYLXBFTzh1eUxnOTV6ZE1pUXMtX0RVSVhENnR1NkN4OWpqcl",NDTV,28.616579598430956,85.15604367466408
4e94f0c,live-cdb17abb,2026-07-28T22:41:25.854926+00:00,Multiple,Reported area,Structural Failure,Aftermath,3.8 magnitude earthquake hits Nepal - BusinessLine,"<a href=""https://news.google.com/rss/articles/CBMipAFBVV95cUxOS2pNaDlFZkdIRlBWc2lmSVJQWWlHWW9rZ0ozUDZjakl5cTYxYS1mSzJ2TVUxb255dlpyUEVxcmZtajR5RkZKSGx4ZWpJeVk4LTdGT0tyOHFTTnZvSDFhbmk5RC1xUWR0czlQaWRzUk",BusinessLine,27.42730645324465,84.78808007332762
4e94f0c,live-39e4989e,2026-07-28T22:41:25.854912+00:00,Multiple,Reported area,Structural Failure,Aftermath,Nepal Earthquake: How to Help - Save the Children US,"<a href=""https://news.google.com/rss/articles/CBMikgFBVV95cUxPZWZVZ2l6bGtkb3ZVVUNPdzVfRzVZSURtWlJ3X3g2YlFUVHNZaUlVZ0hmSVllV1pad1Y3eS1rcG91X21EMnAtaUNHSGRNaC1XcEtEeUxkYjk0dnZSSmUwYXF0SjU1N0VnU0RwVmE4Z3",Save the Children US,27.273932860473916,84.80176259750132
4e94f0c,live-421eebf4,2026-07-28T22:41:25.854893+00:00,Multiple,Reported area,Structural Failure,Aftermath,Post-Disaster Housing Reconstruction in Rural Nepal A Case Study in the Aftermath of the 2015 Nepal ,"<a href=""https://news.google.com/rss/articles/CBMibkFVX3lxTE15U3JKZkRRbl9FemdvVllucXVsTmpxS2E5aW1mQ1Y4Q3RRNHhQUjhQd2NrRjZaSXY1alZLLUNTRi1WbFdFN2Fpd2Vta0lLZXNoWDB2RFRDS25rMmo3T3ZvRWt2NGV5NW5uRDJvUVdn?o",SCIRP Open Access,27.555801036711053,84.63177838737516
4e94f0c,live-45b230f7,2026-07-28T22:41:25.854880+00:00,Multiple,Reported area,Structural Failure,Aftermath,"101-Year-Old Pulled From Rubble One Week After Nepal Earthquake - ABC News - Breaking News, Latest N","<a href=""https://news.google.com/rss/articles/CBMinAFBVV95cUxQN0ZnMnd1SzIzbGVEUmJWaGlaZkJjbVpRT0E3eHFJVkdNT1VabWV0bmJoaXI3QzJUYjVlcjZqdGpHaVlKSGY2MjhmeXNNaFdwNndDZnIxalRGLU9LOF9ZTVI1N2JNTTQyXzI4UlBLQW","ABC News - Breaking News, Latest News and Videos",28.621136340886505,85.28330869677897
4e94f0c,live-a570a3b1,2026-07-28T22:41:25.854867+00:00,Multiple,Reported area,Landslide,Aftermath,Six-year study reveals ancient quakes along 150-mile fault system in Nepal - Virginia Tech News,"<a href=""https://news.google.com/rss/articles/CBMigAFBVV95cUxPbFc3VGRyWjFhZmpvb0pXMGhfVWVWbFBVQXN4ay1VeDA3bUtoeWVraEpWT2lKMTdTQmVfVjByVk1SaE1kbDQtd1RFVG5XaEN1TzBjWVhwOUtRVk9QZUN6Q0hNbDJuOTM3ZmpaUTVibX",Virginia Tech News,27.96603463848829,85.33563467132484
4e94f0c,live-fe5dbd6b,2026-07-28T22:41:25.854852+00:00,Multiple,Reported area,Structural Failure,Aftermath,Nepal and Northern India are not overdue for a huge earthquake - New Scientist,"<a href=""https://news.google.com/rss/articles/CBMirAFBVV95cUxOTTIwNHM3ZjM1NHFEek5jVkNQblpUQkJsYTRNcDdINHhDMWJmbU9taGFTNFlDbHRUMVhmRGpVb3dsbkRfRnZKd3lkbVFfRExseXR4SGZvOHNhVzRyX29TMlVxWDF5SUhyLXdTNHctMD",New Scientist,28.4665403623265,85.57801494347208
4e94f0c,live-c726e2c6,2026-07-28T22:41:25.854832+00:00,Multiple,Reported area,Structural Failure,Aftermath,"Death toll from Venezuela earthquakes increases to 5,398 - Nepalnews.com","<a href=""https://news.google.com/rss/articles/CBMipAFBVV95cUxPdEdDN3NnN3MtR2JldjhlcDVPeHBfRlZ2Y3Z4UG1FZ1ROTWI0TDItLXN1QjJqcDFYVHR2UGVfUGlqNVhxdkY3UzJVdFpBRkw1S1NKczV6OEh5dlpJUUptNjZnenRXc3pBMV9TWUJvV3",Nepalnews.com,28.658390047400108,86.0686698625289
4e94f0c,live-4792ac3f,2026-07-28T22:41:25.854810+00:00,Multiple,Reported area,Structural Failure,Aftermath,The economic damage from the Nepal earthquake is almost half of the country’s GDP - qz.com,"<a href=""https://news.google.com/rss/articles/CBMirAFBVV95cUxPWUJKV2JuVTNqa0ZDNUVwMFlIVk9kNU1JMy0wNVQ5dUg0TEFyS2xRczM4em9qYXRqVVBlXzQwVmlzWm8ydFJUYjNFWVhiTEYtWW41cE9fMXAxd2lZYkFINmlaZnBrSW8yWnBBcURVR1",qz.com,27.941734871990327,85.557765208754
4e94f0c,live-42412f5c,2026-07-28T22:41:25.854766+00:00,Multiple,Reported area,Structural Failure,Aftermath,Aftershock: Everest and the Nepal Earthquake (2022) - IMDb,"<a href=""https://news.google.com/rss/articles/CBMicEFVX3lxTE1RV1NnQ1MtcklKQ2xLZHBwODlGNkFIeVM1eEJ2aloyV2Q2VjEtbGhjQjJxdDBjM1ExcjVxRW5jZ2FkWC1qdUlpSlVqQ0JEc0RNWmtjTlcxTGt3NzNYUXg4T3dhRlJCZ2pRVmIxVFdyZH",IMDb,28.228858169498142,85.8071448869462
d4fac14,live-83a951b0,2026-07-28T21:21:56.516088+00:00,Multiple,Reported area,Structural Failure,Aftermath,3.8 magnitude earthquake hits Nepal - BusinessLine,"<a href=""https://news.google.com/rss/articles/CBMipAFBVV95cUxOS2pNaDlFZkdIRlBWc2lmSVJQWWlHWW9rZ0ozUDZjakl5cTYxYS1mSzJ2TVUxb255dlpyUEVxcmZtajR5RkZKSGx4ZWpJeVk4LTdGT0tyOHFTTnZvSDFhbmk5RC1xUWR0czlQaWRzUk",BusinessLine,27.92079088731422,84.69058250113035
d4fac14,live-0b7ed5c8,2026-07-28T21:21:56.516076+00:00,Multiple,Reported area,Structural Failure,Aftermath,Nepal Earthquake: How to Help - Save the Children US,"<a href=""https://news.google.com/rss/articles/CBMikgFBVV95cUxPZWZVZ2l6bGtkb3ZVVUNPdzVfRzVZSURtWlJ3X3g2YlFUVHNZaUlVZ0hmSVllV1pad1Y3eS1rcG91X21EMnAtaUNHSGRNaC1XcEtEeUxkYjk0dnZSSmUwYXF0SjU1N0VnU0RwVmE4Z3",Save the Children US,27.436050697582544,84.99741287773465
d4fac14,live-bd6cb8c9,2026-07-28T21:21:56.516064+00:00,Multiple,Reported area,Structural Failure,Aftermath,Post-Disaster Housing Reconstruction in Rural Nepal A Case Study in the Aftermath of the 2015 Nepal ,"<a href=""https://news.google.com/rss/articles/CBMibkFVX3lxTE15U3JKZkRRbl9FemdvVllucXVsTmpxS2E5aW1mQ1Y4Q3RRNHhQUjhQd2NrRjZaSXY1alZLLUNTRi1WbFdFN2Fpd2Vta0lLZXNoWDB2RFRDS25rMmo3T3ZvRWt2NGV5NW5uRDJvUVdn?o",SCIRP Open Access,27.097798040594512,85.06850556293215
d4fac14,live-6eba14bf,2026-07-28T21:21:56.516047+00:00,Multiple,Reported area,Structural Failure,Aftermath,"101-Year-Old Pulled From Rubble One Week After Nepal Earthquake - ABC News - Breaking News, Latest N","<a href=""https://news.google.com/rss/articles/CBMinAFBVV95cUxQN0ZnMnd1SzIzbGVEUmJWaGlaZkJjbVpRT0E3eHFJVkdNT1VabWV0bmJoaXI3QzJUYjVlcjZqdGpHaVlKSGY2MjhmeXNNaFdwNndDZnIxalRGLU9LOF9ZTVI1N2JNTTQyXzI4UlBLQW","ABC News - Breaking News, Latest News and Videos",26.950595092544546,85.0416437907522
d4fac14,live-fe1e0c17,2026-07-28T21:21:56.516035+00:00,Multiple,Reported area,Landslide,Aftermath,Six-year study reveals ancient quakes along 150-mile fault system in Nepal - Virginia Tech News,"<a href=""https://news.google.com/rss/articles/CBMigAFBVV95cUxPbFc3VGRyWjFhZmpvb0pXMGhfVWVWbFBVQXN4ay1VeDA3bUtoeWVraEpWT2lKMTdTQmVfVjByVk1SaE1kbDQtd1RFVG5XaEN1TzBjWVhwOUtRVk9QZUN6Q0hNbDJuOTM3ZmpaUTVibX",Virginia Tech News,26.79288529102695,84.47787576843243
d4fac14,live-a78404c8,2026-07-28T21:21:56.516023+00:00,Multiple,Reported area,Structural Failure,Aftermath,Nepal and Northern India are not overdue for a huge earthquake - New Scientist,"<a href=""https://news.google.com/rss/articles/CBMirAFBVV95cUxOTTIwNHM3ZjM1NHFEek5jVkNQblpUQkJsYTRNcDdINHhDMWJmbU9taGFTNFlDbHRUMVhmRGpVb3dsbkRfRnZKd3lkbVFfRExseXR4SGZvOHNhVzRyX29TMlVxWDF5SUhyLXdTNHctMD",New Scientist,27.815700068285157,84.76001948392074
d4fac14,live-b6852e10,2026-07-28T21:21:56.516010+00:00,Multiple,Reported area,Structural Failure,Aftermath,"Death toll from Venezuela earthquakes increases to 5,398 - Nepalnews.com","<a href=""https://news.google.com/rss/articles/CBMipAFBVV95cUxPdEdDN3NnN3MtR2JldjhlcDVPeHBfRlZ2Y3Z4UG1FZ1ROTWI0TDItLXN1QjJqcDFYVHR2UGVfUGlqNVhxdkY3UzJVdFpBRkw1S1NKczV6OEh5dlpJUUptNjZnenRXc3pBMV9TWUJvV3",Nepalnews.com,27.659559776987333,85.35478326231865
d4fac14,live-5432774e,2026-07-28T21:21:56.515991+00:00,Multiple,Reported area,Structural Failure,Aftermath,The economic damage from the Nepal earthquake is almost half of the country’s GDP - qz.com,"<a href=""https://news.google.com/rss/articles/CBMirAFBVV95cUxPWUJKV2JuVTNqa0ZDNUVwMFlIVk9kNU1JMy0wNVQ5dUg0TEFyS2xRczM4em9qYXRqVVBlXzQwVmlzWm8ydFJUYjNFWVhiTEYtWW41cE9fMXAxd2lZYkFINmlaZnBrSW8yWnBBcURVR1",qz.com,26.901061561496952,85.14072351531682
d4fac14,live-0c56c51d,2026-07-28T21:21:56.515974+00:00,Multiple,Reported area,Landslide,Aftermath,"India, Nepal jointly inaugurate restored Gusthal Mahavihar in Lalitpur - ANI News","<a href=""https://news.google.com/rss/articles/CBMivwFBVV95cUxPYUhSOGJRWDhoVVhqZUFRR0RLdVRxRWhGWFE3bGZVT2d6bDlOS0tuYlM1ZF9ha2I1Yy03ZFJkdkY4MF9kcXUyY3NCS2xSd28zSS1iX0ItMXRYbkdkOEZFSkMxT1RoaGlDc2NGVmp5b2",ANI News,27.27356006748078,86.24559203852685
d4fac14,live-5e03bdbb,2026-07-28T21:21:56.515944+00:00,Multiple,Reported area,Structural Failure,Aftermath,Aftershock: Everest and the Nepal Earthquake (2022) - IMDb,"<a href=""https://news.google.com/rss/articles/CBMicEFVX3lxTE1RV1NnQ1MtcklKQ2xLZHBwODlGNkFIeVM1eEJ2aloyV2Q2VjEtbGhjQjJxdDBjM1ExcjVxRW5jZ2FkWC1qdUlpSlVqQ0JEc0RNWmtjTlcxTGt3NzNYUXg4T3dhRlJCZ2pRVmIxVFdyZH",IMDb,27.204724557357256,84.89428879483314
88d00f1,live-7fd02bec,2026-07-28T20:06:56.822222+00:00,Multiple,Reported area,Structural Failure,Aftermath,"A Look Back At The 2015 Nepal Earthquake When 9,000 People Died - NDTV","<a href=""https://news.google.com/rss/articles/CBMiugFBVV95cUxOVHhaRFBXbmw3aFJGbEdCeHdYR050UnlvWFhfc2pZcGEzV3RPaDNxb3V4SHBNaVB0UWEwaHg4VF9sc21CekpfdmhVSEJYLXBFTzh1eUxnOTV6ZE1pUXMtX0RVSVhENnR1NkN4OWpqcl",NDTV,27.30898866966613,85.6114701601022
88d00f1,live-0e1e854f,2026-07-28T20:06:56.822210+00:00,Multiple,Reported area,Structural Failure,Aftermath,3.8 magnitude earthquake hits Nepal - BusinessLine,"<a href=""https://news.google.com/rss/articles/CBMipAFBVV95cUxOS2pNaDlFZkdIRlBWc2lmSVJQWWlHWW9rZ0ozUDZjakl5cTYxYS1mSzJ2TVUxb255dlpyUEVxcmZtajR5RkZKSGx4ZWpJeVk4LTdGT0tyOHFTTnZvSDFhbmk5RC1xUWR0czlQaWRzUk",BusinessLine,28.654330777104203,84.65932318476614
88d00f1,live-7f12bbc9,2026-07-28T20:06:56.822197+00:00,Multiple,Reported area,Structural Failure,Aftermath,Nepal Earthquake: How to Help - Save the Children US,"<a href=""https://news.google.com/rss/articles/CBMikgFBVV95cUxPZWZVZ2l6bGtkb3ZVVUNPdzVfRzVZSURtWlJ3X3g2YlFUVHNZaUlVZ0hmSVllV1pad1Y3eS1rcG91X21EMnAtaUNHSGRNaC1XcEtEeUxkYjk0dnZSSmUwYXF0SjU1N0VnU0RwVmE4Z3",Save the Children US,26.92729201876849,84.89476813321133
88d00f1,live-cc4b1c3d,2026-07-28T20:06:56.822179+00:00,Multiple,Reported area,Structural Failure,Aftermath,Post-Disaster Housing Reconstruction in Rural Nepal A Case Study in the Aftermath of the 2015 Nepal ,"<a href=""https://news.google.com/rss/articles/CBMibkFVX3lxTE15U3JKZkRRbl9FemdvVllucXVsTmpxS2E5aW1mQ1Y4Q3RRNHhQUjhQd2NrRjZaSXY1alZLLUNTRi1WbFdFN2Fpd2Vta0lLZXNoWDB2RFRDS25rMmo3T3ZvRWt2NGV5NW5uRDJvUVdn?o",SCIRP Open Access,28.44751450163529,84.46943402126116
88d00f1,live-4a5b7e8a,2026-07-28T20:06:56.822167+00:00,Multiple,Reported area,Structural Failure,Aftermath,"101-Year-Old Pulled From Rubble One Week After Nepal Earthquake - ABC News - Breaking News, Latest N","<a href=""https://news.google.com/rss/articles/CBMinAFBVV95cUxQN0ZnMnd1SzIzbGVEUmJWaGlaZkJjbVpRT0E3eHFJVkdNT1VabWV0bmJoaXI3QzJUYjVlcjZqdGpHaVlKSGY2MjhmeXNNaFdwNndDZnIxalRGLU9LOF9ZTVI1N2JNTTQyXzI4UlBLQW","ABC News - Breaking News, Latest News and Videos",27.972975393582637,85.88503379057858
88d00f1,live-1692314d,2026-07-28T20:06:56.822155+00:00,Multiple,Reported area,Landslide,Aftermath,Six-year study reveals ancient quakes along 150-mile fault system in Nepal - Virginia Tech News,"<a href=""https://news.google.com/rss/articles/CBMigAFBVV95cUxPbFc3VGRyWjFhZmpvb0pXMGhfVWVWbFBVQXN4ay1VeDA3bUtoeWVraEpWT2lKMTdTQmVfVjByVk1SaE1kbDQtd1RFVG5XaEN1TzBjWVhwOUtRVk9QZUN6Q0hNbDJuOTM3ZmpaUTVibX",Virginia Tech News,28.102927850529706,84.3442619811643
88d00f1,live-6c51eeb4,2026-07-28T20:06:56.822142+00:00,Multiple,Reported area,Structural Failure,Aftermath,Nepal and Northern India are not overdue for a huge earthquake - New Scientist,"<a href=""https://news.google.com/rss/articles/CBMirAFBVV95cUxOTTIwNHM3ZjM1NHFEek5jVkNQblpUQkJsYTRNcDdINHhDMWJmbU9taGFTNFlDbHRUMVhmRGpVb3dsbkRfRnZKd3lkbVFfRExseXR4SGZvOHNhVzRyX29TMlVxWDF5SUhyLXdTNHctMD",New Scientist,27.776375893635322,85.25010277299506
88d00f1,live-381daa64,2026-07-28T20:06:56.822123+00:00,Multiple,Reported area,Structural Failure,Aftermath,"Death toll from Venezuela earthquakes increases to 5,398 - Nepalnews.com","<a href=""https://news.google.com/rss/articles/CBMipAFBVV95cUxPdEdDN3NnN3MtR2JldjhlcDVPeHBfRlZ2Y3Z4UG1FZ1ROTWI0TDItLXN1QjJqcDFYVHR2UGVfUGlqNVhxdkY3UzJVdFpBRkw1S1NKczV6OEh5dlpJUUptNjZnenRXc3pBMV9TWUJvV3",Nepalnews.com,27.718982418020385,84.90251262154268
88d00f1,live-1f829ecf,2026-07-28T20:06:56.822108+00:00,Multiple,Reported area,Structural Failure,Aftermath,The economic damage from the Nepal earthquake is almost half of the country’s GDP - qz.com,"<a href=""https://news.google.com/rss/articles/CBMirAFBVV95cUxPWUJKV2JuVTNqa0ZDNUVwMFlIVk9kNU1JMy0wNVQ5dUg0TEFyS2xRczM4em9qYXRqVVBlXzQwVmlzWm8ydFJUYjNFWVhiTEYtWW41cE9fMXAxd2lZYkFINmlaZnBrSW8yWnBBcURVR1",qz.com,27.702830445850253,86.1078907234264
88d00f1,live-cea45759,2026-07-28T20:06:56.822068+00:00,Multiple,Reported area,Landslide,Aftermath,"India, Nepal jointly inaugurate restored Gusthal Mahavihar in Lalitpur - ANI News","<a href=""https://news.google.com/rss/articles/CBMivwFBVV95cUxPYUhSOGJRWDhoVVhqZUFRR0RLdVRxRWhGWFE3bGZVT2d6bDlOS0tuYlM1ZF9ha2I1Yy03ZFJkdkY4MF9kcXUyY3NCS2xSd28zSS1iX0ItMXRYbkdkOEZFSkMxT1RoaGlDc2NGVmp5b2",ANI News,27.892805604800017,84.53812156822494
8a5ae78,live-c533b661,2026-07-28T18:43:54.187109+00:00,Multiple,Reported area,Structural Failure,Aftermath,3.8 Magnitude Earthquake Hits Nepal - Deccan Chronicle,"<a href=""https://news.google.com/rss/articles/CBMilgFBVV95cUxPd25LeVA1aTREVVVka0xUWGFZNGx0RmZZNFQ4UGpmRmdyclQtRW1vS09lTDQ0NEhyd0lNbEZpZklKVWdFa1MxQzRfUXZLdk04QnM2cVZNSmlTUENVUnVrd1hZTzlrb3dDSlRwdGZTSU",Deccan Chronicle,27.45533979567138,85.66907423321605
8a5ae78,live-ac7d1d5e,2026-07-28T18:43:54.187100+00:00,Multiple,Reported area,Structural Failure,Aftermath,"A Look Back At The 2015 Nepal Earthquake When 9,000 People Died - NDTV","<a href=""https://news.google.com/rss/articles/CBMiugFBVV95cUxOVHhaRFBXbmw3aFJGbEdCeHdYR050UnlvWFhfc2pZcGEzV3RPaDNxb3V4SHBNaVB0UWEwaHg4VF9sc21CekpfdmhVSEJYLXBFTzh1eUxnOTV6ZE1pUXMtX0RVSVhENnR1NkN4OWpqcl",NDTV,27.438571192074676,85.33600684166514
8a5ae78,live-97f66f42,2026-07-28T18:43:54.187090+00:00,Multiple,Reported area,Structural Failure,Aftermath,3.8 magnitude earthquake hits Nepal - BusinessLine,"<a href=""https://news.google.com/rss/articles/CBMipAFBVV95cUxOS2pNaDlFZkdIRlBWc2lmSVJQWWlHWW9rZ0ozUDZjakl5cTYxYS1mSzJ2TVUxb255dlpyUEVxcmZtajR5RkZKSGx4ZWpJeVk4LTdGT0tyOHFTTnZvSDFhbmk5RC1xUWR0czlQaWRzUk",BusinessLine,27.446351201114897,86.0097862713186
8a5ae78,live-7082ffc2,2026-07-28T18:43:54.187075+00:00,Multiple,Reported area,Structural Failure,Aftermath,Nepal Earthquake: How to Help - Save the Children US,"<a href=""https://news.google.com/rss/articles/CBMikgFBVV95cUxPZWZVZ2l6bGtkb3ZVVUNPdzVfRzVZSURtWlJ3X3g2YlFUVHNZaUlVZ0hmSVllV1pad1Y3eS1rcG91X21EMnAtaUNHSGRNaC1XcEtEeUxkYjk0dnZSSmUwYXF0SjU1N0VnU0RwVmE4Z3",Save the Children US,26.88811571567542,84.81868917411137
8a5ae78,live-4d7b3c02,2026-07-28T18:43:54.187066+00:00,Multiple,Reported area,Structural Failure,Aftermath,Post-Disaster Housing Reconstruction in Rural Nepal A Case Study in the Aftermath of the 2015 Nepal ,"<a href=""https://news.google.com/rss/articles/CBMibkFVX3lxTE15U3JKZkRRbl9FemdvVllucXVsTmpxS2E5aW1mQ1Y4Q3RRNHhQUjhQd2NrRjZaSXY1alZLLUNTRi1WbFdFN2Fpd2Vta0lLZXNoWDB2RFRDS25rMmo3T3ZvRWt2NGV5NW5uRDJvUVdn?o",SCIRP Open Access,27.084591536843984,86.189364725677
8a5ae78,live-ff15d9cf,2026-07-28T18:43:54.187057+00:00,Multiple,Reported area,Structural Failure,Aftermath,"101-Year-Old Pulled From Rubble One Week After Nepal Earthquake - ABC News - Breaking News, Latest N","<a href=""https://news.google.com/rss/articles/CBMinAFBVV95cUxQN0ZnMnd1SzIzbGVEUmJWaGlaZkJjbVpRT0E3eHFJVkdNT1VabWV0bmJoaXI3QzJUYjVlcjZqdGpHaVlKSGY2MjhmeXNNaFdwNndDZnIxalRGLU9LOF9ZTVI1N2JNTTQyXzI4UlBLQW","ABC News - Breaking News, Latest News and Videos",28.211991127022863,85.53471011547013
8a5ae78,live-c6929037,2026-07-28T18:43:54.187046+00:00,Multiple,Reported area,Landslide,Aftermath,Six-year study reveals ancient quakes along 150-mile fault system in Nepal - Virginia Tech News,"<a href=""https://news.google.com/rss/articles/CBMigAFBVV95cUxPbFc3VGRyWjFhZmpvb0pXMGhfVWVWbFBVQXN4ay1VeDA3bUtoeWVraEpWT2lKMTdTQmVfVjByVk1SaE1kbDQtd1RFVG5XaEN1TzBjWVhwOUtRVk9QZUN6Q0hNbDJuOTM3ZmpaUTVibX",Virginia Tech News,28.400792879361646,85.92776202808808
8a5ae78,live-647adc9b,2026-07-28T18:43:54.187030+00:00,Multiple,Reported area,Structural Failure,Aftermath,Nepal and Northern India are not overdue for a huge earthquake - New Scientist,"<a href=""https://news.google.com/rss/articles/CBMirAFBVV95cUxOTTIwNHM3ZjM1NHFEek5jVkNQblpUQkJsYTRNcDdINHhDMWJmbU9taGFTNFlDbHRUMVhmRGpVb3dsbkRfRnZKd3lkbVFfRExseXR4SGZvOHNhVzRyX29TMlVxWDF5SUhyLXdTNHctMD",New Scientist,28.271530571165616,85.56759361902472
8a5ae78,live-81504ca4,2026-07-28T18:43:54.187016+00:00,Multiple,Reported area,Structural Failure,Aftermath,"Death toll from Venezuela earthquakes increases to 5,398 - Nepalnews.com","<a href=""https://news.google.com/rss/articles/CBMipAFBVV95cUxPdEdDN3NnN3MtR2JldjhlcDVPeHBfRlZ2Y3Z4UG1FZ1ROTWI0TDItLXN1QjJqcDFYVHR2UGVfUGlqNVhxdkY3UzJVdFpBRkw1S1NKczV6OEh5dlpJUUptNjZnenRXc3pBMV9TWUJvV3",Nepalnews.com,27.587007160844745,85.98144682217279
8a5ae78,live-a9a40775,2026-07-28T18:43:54.186983+00:00,Multiple,Reported area,Structural Failure,Aftermath,The economic damage from the Nepal earthquake is almost half of the country’s GDP - qz.com,"<a href=""https://news.google.com/rss/articles/CBMirAFBVV95cUxPWUJKV2JuVTNqa0ZDNUVwMFlIVk9kNU1JMy0wNVQ5dUg0TEFyS2xRczM4em9qYXRqVVBlXzQwVmlzWm8ydFJUYjNFWVhiTEYtWW41cE9fMXAxd2lZYkFINmlaZnBrSW8yWnBBcURVR1",qz.com,28.663709821339697,86.11070016431127
ae7456e,live-81685e2e,2026-07-28T16:49:32.525370+00:00,Multiple,Reported area,Structural Failure,Aftermath,3.8 Magnitude Earthquake Hits Nepal - Deccan Chronicle,"<a href=""https://news.google.com/rss/articles/CBMilgFBVV95cUxPd25LeVA1aTREVVVka0xUWGFZNGx0RmZZNFQ4UGpmRmdyclQtRW1vS09lTDQ0NEhyd0lNbEZpZklKVWdFa1MxQzRfUXZLdk04QnM2cVZNSmlTUENVUnVrd1hZTzlrb3dDSlRwdGZTSU",Deccan Chronicle,28.123782709307314,85.63205251528206
ae7456e,live-e7674867,2026-07-28T16:49:32.525358+00:00,Multiple,Reported area,Structural Failure,Aftermath,"A Look Back At The 2015 Nepal Earthquake When 9,000 People Died - NDTV","<a href=""https://news.google.com/rss/articles/CBMiugFBVV95cUxOVHhaRFBXbmw3aFJGbEdCeHdYR050UnlvWFhfc2pZcGEzV3RPaDNxb3V4SHBNaVB0UWEwaHg4VF9sc21CekpfdmhVSEJYLXBFTzh1eUxnOTV6ZE1pUXMtX0RVSVhENnR1NkN4OWpqcl",NDTV,28.4888184889804,85.27759691929698
ae7456e,live-e2600b61,2026-07-28T16:49:32.525345+00:00,Multiple,Reported area,Structural Failure,Aftermath,3.8 magnitude earthquake hits Nepal - BusinessLine,"<a href=""https://news.google.com/rss/articles/CBMipAFBVV95cUxOS2pNaDlFZkdIRlBWc2lmSVJQWWlHWW9rZ0ozUDZjakl5cTYxYS1mSzJ2TVUxb255dlpyUEVxcmZtajR5RkZKSGx4ZWpJeVk4LTdGT0tyOHFTTnZvSDFhbmk5RC1xUWR0czlQaWRzUk",BusinessLine,28.625606050928265,85.67482450675138
ae7456e,live-f2e69f84,2026-07-28T16:49:32.525328+00:00,Multiple,Reported area,Structural Failure,Aftermath,Nepal Earthquake: How to Help - Save the Children US,"<a href=""https://news.google.com/rss/articles/CBMikgFBVV95cUxPZWZVZ2l6bGtkb3ZVVUNPdzVfRzVZSURtWlJ3X3g2YlFUVHNZaUlVZ0hmSVllV1pad1Y3eS1rcG91X21EMnAtaUNHSGRNaC1XcEtEeUxkYjk0dnZSSmUwYXF0SjU1N0VnU0RwVmE4Z3",Save the Children US,28.625867711017978,85.04909425844761
ae7456e,live-dd4d10c9,2026-07-28T16:49:32.525316+00:00,Multiple,Reported area,Structural Failure,Aftermath,Post-Disaster Housing Reconstruction in Rural Nepal A Case Study in the Aftermath of the 2015 Nepal ,"<a href=""https://news.google.com/rss/articles/CBMibkFVX3lxTE15U3JKZkRRbl9FemdvVllucXVsTmpxS2E5aW1mQ1Y4Q3RRNHhQUjhQd2NrRjZaSXY1alZLLUNTRi1WbFdFN2Fpd2Vta0lLZXNoWDB2RFRDS25rMmo3T3ZvRWt2NGV5NW5uRDJvUVdn?o",SCIRP Open Access,28.496696281954954,86.19612748609566
ae7456e,live-7d390239,2026-07-28T16:49:32.525304+00:00,Multiple,Reported area,Structural Failure,Aftermath,"101-Year-Old Pulled From Rubble One Week After Nepal Earthquake - ABC News - Breaking News, Latest N","<a href=""https://news.google.com/rss/articles/CBMinAFBVV95cUxQN0ZnMnd1SzIzbGVEUmJWaGlaZkJjbVpRT0E3eHFJVkdNT1VabWV0bmJoaXI3QzJUYjVlcjZqdGpHaVlKSGY2MjhmeXNNaFdwNndDZnIxalRGLU9LOF9ZTVI1N2JNTTQyXzI4UlBLQW","ABC News - Breaking News, Latest News and Videos",27.980901389869643,85.84882679617448
ae7456e,live-6f039c42,2026-07-28T16:49:32.525291+00:00,Multiple,Reported area,Landslide,Aftermath,Six-year study reveals ancient quakes along 150-mile fault system in Nepal - Virginia Tech News,"<a href=""https://news.google.com/rss/articles/CBMigAFBVV95cUxPbFc3VGRyWjFhZmpvb0pXMGhfVWVWbFBVQXN4ay1VeDA3bUtoeWVraEpWT2lKMTdTQmVfVjByVk1SaE1kbDQtd1RFVG5XaEN1TzBjWVhwOUtRVk9QZUN6Q0hNbDJuOTM3ZmpaUTVibX",Virginia Tech News,26.81131681091694,84.58866777219089
ae7456e,live-949dc666,2026-07-28T16:49:32.525272+00:00,Multiple,Reported area,Structural Failure,Aftermath,Nepal and Northern India are not overdue for a huge earthquake - New Scientist,"<a href=""https://news.google.com/rss/articles/CBMirAFBVV95cUxOTTIwNHM3ZjM1NHFEek5jVkNQblpUQkJsYTRNcDdINHhDMWJmbU9taGFTNFlDbHRUMVhmRGpVb3dsbkRfRnZKd3lkbVFfRExseXR4SGZvOHNhVzRyX29TMlVxWDF5SUhyLXdTNHctMD",New Scientist,27.932647714521234,85.03099192661726
ae7456e,live-ceb286d9,2026-07-28T16:49:32.525254+00:00,Multiple,Reported area,Structural Failure,Aftermath,The economic damage from the Nepal earthquake is almost half of the country’s GDP - qz.com,"<a href=""https://news.google.com/rss/articles/CBMirAFBVV95cUxPWUJKV2JuVTNqa0ZDNUVwMFlIVk9kNU1JMy0wNVQ5dUg0TEFyS2xRczM4em9qYXRqVVBlXzQwVmlzWm8ydFJUYjNFWVhiTEYtWW41cE9fMXAxd2lZYkFINmlaZnBrSW8yWnBBcURVR1",qz.com,27.77295203088587,85.9976000294806
ae7456e,live-632fabb0,2026-07-28T16:49:32.525219+00:00,Multiple,Reported area,Structural Failure,Aftermath,"Death toll from Venezuela earthquakes increases to 5,398 - Nepalnews.com","<a href=""https://news.google.com/rss/articles/CBMipAFBVV95cUxPdEdDN3NnN3MtR2JldjhlcDVPeHBfRlZ2Y3Z4UG1FZ1ROTWI0TDItLXN1QjJqcDFYVHR2UGVfUGlqNVhxdkY3UzJVdFpBRkw1S1NKczV6OEh5dlpJUUptNjZnenRXc3pBMV9TWUJvV3",Nepalnews.com,28.226329752979858,86.25653290219428
449a675,live-3757fd16,2026-07-28T15:04:52.274546+00:00,Multiple,Reported area,Structural Failure,Aftermath,3.8 Magnitude Earthquake Hits Nepal - Deccan Chronicle,"<a href=""https://news.google.com/rss/articles/CBMilgFBVV95cUxPd25LeVA1aTREVVVka0xUWGFZNGx0RmZZNFQ4UGpmRmdyclQtRW1vS09lTDQ0NEhyd0lNbEZpZklKVWdFa1MxQzRfUXZLdk04QnM2cVZNSmlTUENVUnVrd1hZTzlrb3dDSlRwdGZTSU",Deccan Chronicle,26.723066961058972,84.82316623598408
449a675,live-d0dd6e1e,2026-07-28T15:04:52.274533+00:00,Multiple,Reported area,Structural Failure,Aftermath,"A Look Back At The 2015 Nepal Earthquake When 9,000 People Died - NDTV","<a href=""https://news.google.com/rss/articles/CBMiugFBVV95cUxOVHhaRFBXbmw3aFJGbEdCeHdYR050UnlvWFhfc2pZcGEzV3RPaDNxb3V4SHBNaVB0UWEwaHg4VF9sc21CekpfdmhVSEJYLXBFTzh1eUxnOTV6ZE1pUXMtX0RVSVhENnR1NkN4OWpqcl",NDTV,28.551994602417338,85.47300285864094
449a675,live-787d4c14,2026-07-28T15:04:52.274520+00:00,Multiple,Reported area,Structural Failure,Aftermath,3.8 magnitude earthquake hits Nepal - BusinessLine,"<a href=""https://news.google.com/rss/articles/CBMipAFBVV95cUxOS2pNaDlFZkdIRlBWc2lmSVJQWWlHWW9rZ0ozUDZjakl5cTYxYS1mSzJ2TVUxb255dlpyUEVxcmZtajR5RkZKSGx4ZWpJeVk4LTdGT0tyOHFTTnZvSDFhbmk5RC1xUWR0czlQaWRzUk",BusinessLine,28.20428338866305,85.18476016601576
449a675,live-85a19f59,2026-07-28T15:04:52.274503+00:00,Multiple,Reported area,Structural Failure,Aftermath,Nepal Earthquake: How to Help - Save the Children US,"<a href=""https://news.google.com/rss/articles/CBMikgFBVV95cUxPZWZVZ2l6bGtkb3ZVVUNPdzVfRzVZSURtWlJ3X3g2YlFUVHNZaUlVZ0hmSVllV1pad1Y3eS1rcG91X21EMnAtaUNHSGRNaC1XcEtEeUxkYjk0dnZSSmUwYXF0SjU1N0VnU0RwVmE4Z3",Save the Children US,28.649910086559302,84.9992278270607
449a675,live-fda022c8,2026-07-28T15:04:52.274491+00:00,Multiple,Reported area,Structural Failure,Aftermath,Post-Disaster Housing Reconstruction in Rural Nepal A Case Study in the Aftermath of the 2015 Nepal ,"<a href=""https://news.google.com/rss/articles/CBMibkFVX3lxTE15U3JKZkRRbl9FemdvVllucXVsTmpxS2E5aW1mQ1Y4Q3RRNHhQUjhQd2NrRjZaSXY1alZLLUNTRi1WbFdFN2Fpd2Vta0lLZXNoWDB2RFRDS25rMmo3T3ZvRWt2NGV5NW5uRDJvUVdn?o",SCIRP Open Access,28.57602141718817,85.92038057830992
449a675,live-6a2222ac,2026-07-28T15:04:52.274478+00:00,Multiple,Reported area,Structural Failure,Aftermath,"101-Year-Old Pulled From Rubble One Week After Nepal Earthquake - ABC News - Breaking News, Latest N","<a href=""https://news.google.com/rss/articles/CBMinAFBVV95cUxQN0ZnMnd1SzIzbGVEUmJWaGlaZkJjbVpRT0E3eHFJVkdNT1VabWV0bmJoaXI3QzJUYjVlcjZqdGpHaVlKSGY2MjhmeXNNaFdwNndDZnIxalRGLU9LOF9ZTVI1N2JNTTQyXzI4UlBLQW","ABC News - Breaking News, Latest News and Videos",28.26411876896942,85.67623224194855
449a675,live-7f9f32c7,2026-07-28T15:04:52.274465+00:00,Multiple,Reported area,Landslide,Aftermath,Six-year study reveals ancient quakes along 150-mile fault system in Nepal - Virginia Tech News,"<a href=""https://news.google.com/rss/articles/CBMigAFBVV95cUxPbFc3VGRyWjFhZmpvb0pXMGhfVWVWbFBVQXN4ay1VeDA3bUtoeWVraEpWT2lKMTdTQmVfVjByVk1SaE1kbDQtd1RFVG5XaEN1TzBjWVhwOUtRVk9QZUN6Q0hNbDJuOTM3ZmpaUTVibX",Virginia Tech News,28.081376995731418,86.25471813362776
449a675,live-b1283b2f,2026-07-28T15:04:52.274447+00:00,Multiple,Reported area,Structural Failure,Aftermath,Nepal and Northern India are not overdue for a huge earthquake - New Scientist,"<a href=""https://news.google.com/rss/articles/CBMirAFBVV95cUxOTTIwNHM3ZjM1NHFEek5jVkNQblpUQkJsYTRNcDdINHhDMWJmbU9taGFTNFlDbHRUMVhmRGpVb3dsbkRfRnZKd3lkbVFfRExseXR4SGZvOHNhVzRyX29TMlVxWDF5SUhyLXdTNHctMD",New Scientist,27.00121063938866,84.68356382974113
449a675,live-7eeec5bd,2026-07-28T15:04:52.274428+00:00,Multiple,Reported area,Structural Failure,Aftermath,The economic damage from the Nepal earthquake is almost half of the country’s GDP - qz.com,"<a href=""https://news.google.com/rss/articles/CBMirAFBVV95cUxPWUJKV2JuVTNqa0ZDNUVwMFlIVk9kNU1JMy0wNVQ5dUg0TEFyS2xRczM4em9qYXRqVVBlXzQwVmlzWm8ydFJUYjNFWVhiTEYtWW41cE9fMXAxd2lZYkFINmlaZnBrSW8yWnBBcURVR1",qz.com,27.966431078618456,86.13756326521316
449a675,live-c9b493a2,2026-07-28T15:04:52.274390+00:00,Multiple,Reported area,Structural Failure,Aftermath,"Death toll from Venezuela earthquakes increases to 5,398 - Nepalnews.com","<a href=""https://news.google.com/rss/articles/CBMipAFBVV95cUxPdEdDN3NnN3MtR2JldjhlcDVPeHBfRlZ2Y3Z4UG1FZ1ROTWI0TDItLXN1QjJqcDFYVHR2UGVfUGlqNVhxdkY3UzJVdFpBRkw1S1NKczV6OEh5dlpJUUptNjZnenRXc3pBMV9TWUJvV3",Nepalnews.com,28.430576798811703,86.10185587196197
0252ef6,live-67a4bb3a,2026-07-28T12:15:39.068787+00:00,Multiple,Reported area,Structural Failure,Aftermath,Nepal and Northern India are not overdue for a huge earthquake - New Scientist,"<a href=""https://news.google.com/rss/articles/CBMirAFBVV95cUxOTTIwNHM3ZjM1NHFEek5jVkNQblpUQkJsYTRNcDdINHhDMWJmbU9taGFTNFlDbHRUMVhmRGpVb3dsbkRfRnZKd3lkbVFfRExseXR4SGZvOHNhVzRyX29TMlVxWDF5SUhyLXdTNHctMD",New Scientist,26.99234538853245,85.46013184251849
0252ef6,live-ff15d681,2026-07-28T12:15:39.068774+00:00,Multiple,Reported area,Structural Failure,Aftermath,Aftershock: Everest and the Nepal Earthquake (2022) - IMDb,"<a href=""https://news.google.com/rss/articles/CBMicEFVX3lxTFByVG9Mai15dGQ4TWM2N2ZLVDFpZEdVMzZxZUs2djhiclFDVjQtVUVtZ3J2OVZjRy1QclREUVh6VzFkLW5lbHcyRmNqdnZyOHJIU0M0Uk83Sng1WnFaa2hVVnRTMTJkbGVSRzhVWTFXOW",IMDb,26.781478212540275,85.63017937079076
0252ef6,live-47a14819,2026-07-28T12:15:39.068761+00:00,Multiple,Reported area,Structural Failure,Aftermath,"A Look Back At The 2015 Nepal Earthquake When 9,000 People Died - NDTV","<a href=""https://news.google.com/rss/articles/CBMiugFBVV95cUxOVHhaRFBXbmw3aFJGbEdCeHdYR050UnlvWFhfc2pZcGEzV3RPaDNxb3V4SHBNaVB0UWEwaHg4VF9sc21CekpfdmhVSEJYLXBFTzh1eUxnOTV6ZE1pUXMtX0RVSVhENnR1NkN4OWpqcl",NDTV,27.868594568118016,86.15391365309843
0252ef6,live-85ce2e7d,2026-07-28T12:15:39.068743+00:00,Multiple,Reported area,Structural Failure,Aftermath,"101-Year-Old Pulled From Rubble One Week After Nepal Earthquake - ABC News - Breaking News, Latest N","<a href=""https://news.google.com/rss/articles/CBMinAFBVV95cUxQN0ZnMnd1SzIzbGVEUmJWaGlaZkJjbVpRT0E3eHFJVkdNT1VabWV0bmJoaXI3QzJUYjVlcjZqdGpHaVlKSGY2MjhmeXNNaFdwNndDZnIxalRGLU9LOF9ZTVI1N2JNTTQyXzI4UlBLQW","ABC News - Breaking News, Latest News and Videos",28.00422062994273,85.44365936596982
0252ef6,live-8939bfc5,2026-07-28T12:15:39.068732+00:00,Multiple,Reported area,Structural Failure,Aftermath,3.8 Magnitude Earthquake Hits Nepal - Deccan Chronicle,"<a href=""https://news.google.com/rss/articles/CBMilgFBVV95cUxPd25LeVA1aTREVVVka0xUWGFZNGx0RmZZNFQ4UGpmRmdyclQtRW1vS09lTDQ0NEhyd0lNbEZpZklKVWdFa1MxQzRfUXZLdk04QnM2cVZNSmlTUENVUnVrd1hZTzlrb3dDSlRwdGZTSU",Deccan Chronicle,28.004981819997134,84.4774923188917
0252ef6,live-86705a92,2026-07-28T12:15:39.068719+00:00,Multiple,Reported area,Structural Failure,Aftermath,3.8 magnitude earthquake hits Nepal - BusinessLine,"<a href=""https://news.google.com/rss/articles/CBMipAFBVV95cUxOS2pNaDlFZkdIRlBWc2lmSVJQWWlHWW9rZ0ozUDZjakl5cTYxYS1mSzJ2TVUxb255dlpyUEVxcmZtajR5RkZKSGx4ZWpJeVk4LTdGT0tyOHFTTnZvSDFhbmk5RC1xUWR0czlQaWRzUk",BusinessLine,27.31166169418335,85.69269490669976
0252ef6,live-dceb5210,2026-07-28T12:15:39.068702+00:00,Multiple,Reported area,Structural Failure,Aftermath,4.2 magnitude earthquake hits western Nepal - Telangana Today,"<a href=""https://news.google.com/rss/articles/CBMiekFVX3lxTE94RDBmWk12Z25helRlSFVQdUNVTmdfVm5uenhDYU5meDc2S2ppNlhZSXNuUHg1ZW9wYmdkeGN0S1pWalNCVnNyMENRNGVSR0M5aGVwOUNkWlozbEdNUWVrck9Gd295d2RMaFJLUXJZc2",Telangana Today,28.46512858246852,85.29566496136148
0252ef6,live-621e792c,2026-07-28T12:15:39.068684+00:00,Multiple,Reported area,Structural Failure,Aftermath,Earthquake of 4.2-magnitude stikes western Nepal - News On AIR,"<a href=""https://news.google.com/rss/articles/CBMif0FVX3lxTE5VYlZsU2FGSXBVcDQ2MWQ5RHNRX3N0dVZoWmNqNGpqRkRXQ1BhSkE5OWpFSEVjdmtvRzhISzk1RG43d2wwRmxJSHRMeEtQdVdzMW96cUE4OFRsalRqdF8yU3BMdFNab3MxOTZVTUNINz",News On AIR,27.543347382782827,84.83500947005959
0252ef6,live-ca792114,2026-07-28T12:15:39.068669+00:00,Multiple,Reported area,Structural Failure,Aftermath,The economic damage from the Nepal earthquake is almost half of the country’s GDP - qz.com,"<a href=""https://news.google.com/rss/articles/CBMirAFBVV95cUxPWUJKV2JuVTNqa0ZDNUVwMFlIVk9kNU1JMy0wNVQ5dUg0TEFyS2xRczM4em9qYXRqVVBlXzQwVmlzWm8ydFJUYjNFWVhiTEYtWW41cE9fMXAxd2lZYkFINmlaZnBrSW8yWnBBcURVR1",qz.com,26.8398749625754,85.33911166378651
0252ef6,live-cc9720e4,2026-07-28T12:15:39.068631+00:00,Multiple,Reported area,Structural Failure,Aftermath,"Death toll from Venezuela earthquakes increases to 5,398 - Nepalnews.com","<a href=""https://news.google.com/rss/articles/CBMipAFBVV95cUxPdEdDN3NnN3MtR2JldjhlcDVPeHBfRlZ2Y3Z4UG1FZ1ROTWI0TDItLXN1QjJqcDFYVHR2UGVfUGlqNVhxdkY3UzJVdFpBRkw1S1NKczV6OEh5dlpJUUptNjZnenRXc3pBMV9TWUJvV3",Nepalnews.com,28.682390842754533,84.7431101949464
d36ba4d,live-16dd7df2,2026-07-28T10:14:30.361728+00:00,Multiple,Reported area,Structural Failure,Aftermath,Nepal and Northern India are not overdue for a huge earthquake - New Scientist,"<a href=""https://news.google.com/rss/articles/CBMirAFBVV95cUxOTTIwNHM3ZjM1NHFEek5jVkNQblpUQkJsYTRNcDdINHhDMWJmbU9taGFTNFlDbHRUMVhmRGpVb3dsbkRfRnZKd3lkbVFfRExseXR4SGZvOHNhVzRyX29TMlVxWDF5SUhyLXdTNHctMD",New Scientist,28.534431813892784,84.38076980916667
d36ba4d,live-c021b88b,2026-07-28T10:14:30.361718+00:00,Multiple,Reported area,Structural Failure,Aftermath,Aftershock: Everest and the Nepal Earthquake (2022) - IMDb,"<a href=""https://news.google.com/rss/articles/CBMicEFVX3lxTFByVG9Mai15dGQ4TWM2N2ZLVDFpZEdVMzZxZUs2djhiclFDVjQtVUVtZ3J2OVZjRy1QclREUVh6VzFkLW5lbHcyRmNqdnZyOHJIU0M0Uk83Sng1WnFaa2hVVnRTMTJkbGVSRzhVWTFXOW",IMDb,26.985834984686065,84.5784854889905
d36ba4d,live-9c4cc19f,2026-07-28T10:14:30.361707+00:00,Multiple,Reported area,Structural Failure,Aftermath,"A Look Back At The 2015 Nepal Earthquake When 9,000 People Died - NDTV","<a href=""https://news.google.com/rss/articles/CBMiugFBVV95cUxOVHhaRFBXbmw3aFJGbEdCeHdYR050UnlvWFhfc2pZcGEzV3RPaDNxb3V4SHBNaVB0UWEwaHg4VF9sc21CekpfdmhVSEJYLXBFTzh1eUxnOTV6ZE1pUXMtX0RVSVhENnR1NkN4OWpqcl",NDTV,28.57588924047748,86.14856829435864
d36ba4d,live-ca6ffd04,2026-07-28T10:14:30.361691+00:00,Multiple,Reported area,Structural Failure,Aftermath,"101-Year-Old Pulled From Rubble One Week After Nepal Earthquake - ABC News - Breaking News, Latest N","<a href=""https://news.google.com/rss/articles/CBMinAFBVV95cUxQN0ZnMnd1SzIzbGVEUmJWaGlaZkJjbVpRT0E3eHFJVkdNT1VabWV0bmJoaXI3QzJUYjVlcjZqdGpHaVlKSGY2MjhmeXNNaFdwNndDZnIxalRGLU9LOF9ZTVI1N2JNTTQyXzI4UlBLQW","ABC News - Breaking News, Latest News and Videos",28.083408654995342,85.34873010645768
d36ba4d,live-a40ae133,2026-07-28T10:14:30.361681+00:00,Multiple,Reported area,Structural Failure,Aftermath,3.8 Magnitude Earthquake Hits Nepal - Deccan Chronicle,"<a href=""https://news.google.com/rss/articles/CBMilgFBVV95cUxPd25LeVA1aTREVVVka0xUWGFZNGx0RmZZNFQ4UGpmRmdyclQtRW1vS09lTDQ0NEhyd0lNbEZpZklKVWdFa1MxQzRfUXZLdk04QnM2cVZNSmlTUENVUnVrd1hZTzlrb3dDSlRwdGZTSU",Deccan Chronicle,27.222853264686822,85.90771029613805
d36ba4d,live-39555563,2026-07-28T10:14:30.361671+00:00,Multiple,Reported area,Structural Failure,Aftermath,3.8 magnitude earthquake hits Nepal - BusinessLine,"<a href=""https://news.google.com/rss/articles/CBMipAFBVV95cUxOS2pNaDlFZkdIRlBWc2lmSVJQWWlHWW9rZ0ozUDZjakl5cTYxYS1mSzJ2TVUxb255dlpyUEVxcmZtajR5RkZKSGx4ZWpJeVk4LTdGT0tyOHFTTnZvSDFhbmk5RC1xUWR0czlQaWRzUk",BusinessLine,28.30651042368157,85.94720042881545
d36ba4d,live-c11df6a7,2026-07-28T10:14:30.361656+00:00,Multiple,Reported area,Structural Failure,Aftermath,4.2 magnitude earthquake hits western Nepal - Telangana Today,"<a href=""https://news.google.com/rss/articles/CBMiekFVX3lxTE94RDBmWk12Z25helRlSFVQdUNVTmdfVm5uenhDYU5meDc2S2ppNlhZSXNuUHg1ZW9wYmdkeGN0S1pWalNCVnNyMENRNGVSR0M5aGVwOUNkWlozbEdNUWVrck9Gd295d2RMaFJLUXJZc2",Telangana Today,27.573071174326213,84.95953072295852
d36ba4d,live-3902109e,2026-07-28T10:14:30.361641+00:00,Multiple,Reported area,Structural Failure,Aftermath,The economic damage from the Nepal earthquake is almost half of the country’s GDP - qz.com,"<a href=""https://news.google.com/rss/articles/CBMirAFBVV95cUxPWUJKV2JuVTNqa0ZDNUVwMFlIVk9kNU1JMy0wNVQ5dUg0TEFyS2xRczM4em9qYXRqVVBlXzQwVmlzWm8ydFJUYjNFWVhiTEYtWW41cE9fMXAxd2lZYkFINmlaZnBrSW8yWnBBcURVR1",qz.com,27.689476607296648,85.29501424029768
d36ba4d,live-32b8773b,2026-07-28T10:14:30.361625+00:00,Multiple,Reported area,Structural Failure,Aftermath,Earthquake of 4.2-magnitude stikes western Nepal - News On AIR,"<a href=""https://news.google.com/rss/articles/CBMif0FVX3lxTE5VYlZsU2FGSXBVcDQ2MWQ5RHNRX3N0dVZoWmNqNGpqRkRXQ1BhSkE5OWpFSEVjdmtvRzhISzk1RG43d2wwRmxJSHRMeEtQdVdzMW96cUE4OFRsalRqdF8yU3BMdFNab3MxOTZVTUNINz",News On AIR,27.79545897986243,86.28324863599144
d36ba4d,live-9b11fd07,2026-07-28T10:14:30.361594+00:00,Multiple,Reported area,Structural Failure,Aftermath,"Death toll from Venezuela earthquakes increases to 5,398 - Nepalnews.com","<a href=""https://news.google.com/rss/articles/CBMipAFBVV95cUxPdEdDN3NnN3MtR2JldjhlcDVPeHBfRlZ2Y3Z4UG1FZ1ROTWI0TDItLXN1QjJqcDFYVHR2UGVfUGlqNVhxdkY3UzJVdFpBRkw1S1NKczV6OEh5dlpJUUptNjZnenRXc3pBMV9TWUJvV3",Nepalnews.com,27.423935927933265,84.45525686474821
8407b86,live-5f6b877c,2026-07-28T07:23:43.700951+00:00,Multiple,Reported area,Structural Failure,Aftermath,Nepal and Northern India are not overdue for a huge earthquake - New Scientist,"<a href=""https://news.google.com/rss/articles/CBMirAFBVV95cUxOTTIwNHM3ZjM1NHFEek5jVkNQblpUQkJsYTRNcDdINHhDMWJmbU9taGFTNFlDbHRUMVhmRGpVb3dsbkRfRnZKd3lkbVFfRExseXR4SGZvOHNhVzRyX29TMlVxWDF5SUhyLXdTNHctMD",New Scientist,27.77087377279259,85.93576410737775
8407b86,live-caa6fdc4,2026-07-28T07:23:43.700942+00:00,Multiple,Reported area,Structural Failure,Aftermath,Aftershock: Everest and the Nepal Earthquake (2022) - IMDb,"<a href=""https://news.google.com/rss/articles/CBMicEFVX3lxTFByVG9Mai15dGQ4TWM2N2ZLVDFpZEdVMzZxZUs2djhiclFDVjQtVUVtZ3J2OVZjRy1QclREUVh6VzFkLW5lbHcyRmNqdnZyOHJIU0M0Uk83Sng1WnFaa2hVVnRTMTJkbGVSRzhVWTFXOW",IMDb,26.71514560868566,85.07583738196644
8407b86,live-905a51f4,2026-07-28T07:23:43.700932+00:00,Multiple,Reported area,Structural Failure,Aftermath,"A Look Back At The 2015 Nepal Earthquake When 9,000 People Died - NDTV","<a href=""https://news.google.com/rss/articles/CBMiugFBVV95cUxOVHhaRFBXbmw3aFJGbEdCeHdYR050UnlvWFhfc2pZcGEzV3RPaDNxb3V4SHBNaVB0UWEwaHg4VF9sc21CekpfdmhVSEJYLXBFTzh1eUxnOTV6ZE1pUXMtX0RVSVhENnR1NkN4OWpqcl",NDTV,27.13893054319926,84.31432792225306
8407b86,live-d74fc17b,2026-07-28T07:23:43.700917+00:00,Multiple,Reported area,Structural Failure,Aftermath,"101-Year-Old Pulled From Rubble One Week After Nepal Earthquake - ABC News - Breaking News, Latest N","<a href=""https://news.google.com/rss/articles/CBMinAFBVV95cUxQN0ZnMnd1SzIzbGVEUmJWaGlaZkJjbVpRT0E3eHFJVkdNT1VabWV0bmJoaXI3QzJUYjVlcjZqdGpHaVlKSGY2MjhmeXNNaFdwNndDZnIxalRGLU9LOF9ZTVI1N2JNTTQyXzI4UlBLQW","ABC News - Breaking News, Latest News and Videos",27.6123449055686,84.36457278051398
8407b86,live-de3758e0,2026-07-28T07:23:43.700908+00:00,Multiple,Reported area,Structural Failure,Aftermath,3.8 Magnitude Earthquake Hits Nepal - Deccan Chronicle,"<a href=""https://news.google.com/rss/articles/CBMilgFBVV95cUxPd25LeVA1aTREVVVka0xUWGFZNGx0RmZZNFQ4UGpmRmdyclQtRW1vS09lTDQ0NEhyd0lNbEZpZklKVWdFa1MxQzRfUXZLdk04QnM2cVZNSmlTUENVUnVrd1hZTzlrb3dDSlRwdGZTSU",Deccan Chronicle,28.012497571169614,86.24073527108814
8407b86,live-f67f7312,2026-07-28T07:23:43.700899+00:00,Multiple,Reported area,Structural Failure,Aftermath,3.8 magnitude earthquake hits Nepal - BusinessLine,"<a href=""https://news.google.com/rss/articles/CBMipAFBVV95cUxOS2pNaDlFZkdIRlBWc2lmSVJQWWlHWW9rZ0ozUDZjakl5cTYxYS1mSzJ2TVUxb255dlpyUEVxcmZtajR5RkZKSGx4ZWpJeVk4LTdGT0tyOHFTTnZvSDFhbmk5RC1xUWR0czlQaWRzUk",BusinessLine,28.62733910475486,85.22024914721416
8407b86,live-f211fa01,2026-07-28T07:23:43.700886+00:00,Multiple,Reported area,Structural Failure,Aftermath,4.2 magnitude earthquake hits western Nepal - Telangana Today,"<a href=""https://news.google.com/rss/articles/CBMiekFVX3lxTE94RDBmWk12Z25helRlSFVQdUNVTmdfVm5uenhDYU5meDc2S2ppNlhZSXNuUHg1ZW9wYmdkeGN0S1pWalNCVnNyMENRNGVSR0M5aGVwOUNkWlozbEdNUWVrck9Gd295d2RMaFJLUXJZc2",Telangana Today,26.726773355426083,85.94507708703108
8407b86,live-18a56a36,2026-07-28T07:23:43.700872+00:00,Multiple,Reported area,Structural Failure,Aftermath,The economic damage from the Nepal earthquake is almost half of the country’s GDP - qz.com,"<a href=""https://news.google.com/rss/articles/CBMirAFBVV95cUxPWUJKV2JuVTNqa0ZDNUVwMFlIVk9kNU1JMy0wNVQ5dUg0TEFyS2xRczM4em9qYXRqVVBlXzQwVmlzWm8ydFJUYjNFWVhiTEYtWW41cE9fMXAxd2lZYkFINmlaZnBrSW8yWnBBcURVR1",qz.com,28.0465915942018,86.06560248399572
8407b86,live-8c06b043,2026-07-28T07:23:43.700858+00:00,Multiple,Reported area,Structural Failure,Aftermath,Earthquake of 4.2-magnitude stikes western Nepal - News On AIR,"<a href=""https://news.google.com/rss/articles/CBMif0FVX3lxTE5VYlZsU2FGSXBVcDQ2MWQ5RHNRX3N0dVZoWmNqNGpqRkRXQ1BhSkE5OWpFSEVjdmtvRzhISzk1RG43d2wwRmxJSHRMeEtQdVdzMW96cUE4OFRsalRqdF8yU3BMdFNab3MxOTZVTUNINz",News On AIR,27.258209114036298,86.0952627081337
8407b86,live-b0524bb1,2026-07-28T07:23:43.700805+00:00,Multiple,Reported area,Structural Failure,Aftermath,"Death toll from Venezuela earthquakes increases to 5,398 - Nepalnews.com","<a href=""https://news.google.com/rss/articles/CBMipAFBVV95cUxPdEdDN3NnN3MtR2JldjhlcDVPeHBfRlZ2Y3Z4UG1FZ1ROTWI0TDItLXN1QjJqcDFYVHR2UGVfUGlqNVhxdkY3UzJVdFpBRkw1S1NKczV6OEh5dlpJUUptNjZnenRXc3pBMV9TWUJvV3",Nepalnews.com,26.976574543510463,85.49546528557437
f183251,live-95cd208c,2026-07-28T04:26:54.040394+00:00,Multiple,Reported area,Structural Failure,Aftermath,Nepal and Northern India are not overdue for a huge earthquake - New Scientist,"<a href=""https://news.google.com/rss/articles/CBMirAFBVV95cUxOTTIwNHM3ZjM1NHFEek5jVkNQblpUQkJsYTRNcDdINHhDMWJmbU9taGFTNFlDbHRUMVhmRGpVb3dsbkRfRnZKd3lkbVFfRExseXR4SGZvOHNhVzRyX29TMlVxWDF5SUhyLXdTNHctMD",New Scientist,26.96832658202389,85.96294526233544
f183251,live-8ff616f5,2026-07-28T04:26:54.040380+00:00,Multiple,Reported area,Structural Failure,Aftermath,"A Look Back At The 2015 Nepal Earthquake When 9,000 People Died - NDTV","<a href=""https://news.google.com/rss/articles/CBMiugFBVV95cUxOVHhaRFBXbmw3aFJGbEdCeHdYR050UnlvWFhfc2pZcGEzV3RPaDNxb3V4SHBNaVB0UWEwaHg4VF9sc21CekpfdmhVSEJYLXBFTzh1eUxnOTV6ZE1pUXMtX0RVSVhENnR1NkN4OWpqcl",NDTV,27.318457215594876,85.08546218225653
f183251,live-e1c0164a,2026-07-28T04:26:54.040366+00:00,Multiple,Reported area,Structural Failure,Aftermath,Aftershock: Everest and the Nepal Earthquake (2022) - IMDb,"<a href=""https://news.google.com/rss/articles/CBMicEFVX3lxTFByVG9Mai15dGQ4TWM2N2ZLVDFpZEdVMzZxZUs2djhiclFDVjQtVUVtZ3J2OVZjRy1QclREUVh6VzFkLW5lbHcyRmNqdnZyOHJIU0M0Uk83Sng1WnFaa2hVVnRTMTJkbGVSRzhVWTFXOW",IMDb,27.517362666100617,84.33788926720942
f183251,live-8353a6be,2026-07-28T04:26:54.040347+00:00,Multiple,Reported area,Structural Failure,Aftermath,"101-Year-Old Pulled From Rubble One Week After Nepal Earthquake - ABC News - Breaking News, Latest N","<a href=""https://news.google.com/rss/articles/CBMinAFBVV95cUxQN0ZnMnd1SzIzbGVEUmJWaGlaZkJjbVpRT0E3eHFJVkdNT1VabWV0bmJoaXI3QzJUYjVlcjZqdGpHaVlKSGY2MjhmeXNNaFdwNndDZnIxalRGLU9LOF9ZTVI1N2JNTTQyXzI4UlBLQW","ABC News - Breaking News, Latest News and Videos",27.080827403614517,85.94077027244425
f183251,live-1a097390,2026-07-28T04:26:54.040333+00:00,Multiple,Reported area,Structural Failure,Aftermath,3.8 Magnitude Earthquake Hits Nepal - Deccan Chronicle,"<a href=""https://news.google.com/rss/articles/CBMilgFBVV95cUxPd25LeVA1aTREVVVka0xUWGFZNGx0RmZZNFQ4UGpmRmdyclQtRW1vS09lTDQ0NEhyd0lNbEZpZklKVWdFa1MxQzRfUXZLdk04QnM2cVZNSmlTUENVUnVrd1hZTzlrb3dDSlRwdGZTSU",Deccan Chronicle,27.050693636738437,84.89837329132196
f183251,live-192f8680,2026-07-28T04:26:54.040314+00:00,Multiple,Reported area,Structural Failure,Aftermath,3.8 magnitude earthquake hits Nepal - BusinessLine,"<a href=""https://news.google.com/rss/articles/CBMipAFBVV95cUxOS2pNaDlFZkdIRlBWc2lmSVJQWWlHWW9rZ0ozUDZjakl5cTYxYS1mSzJ2TVUxb255dlpyUEVxcmZtajR5RkZKSGx4ZWpJeVk4LTdGT0tyOHFTTnZvSDFhbmk5RC1xUWR0czlQaWRzUk",BusinessLine,28.057207294687796,84.38208343691909
f183251,live-27ae1e35,2026-07-28T04:26:54.040241+00:00,Multiple,Reported area,Structural Failure,Aftermath,4.2 magnitude earthquake hits western Nepal - Telangana Today,"<a href=""https://news.google.com/rss/articles/CBMiekFVX3lxTE94RDBmWk12Z25helRlSFVQdUNVTmdfVm5uenhDYU5meDc2S2ppNlhZSXNuUHg1ZW9wYmdkeGN0S1pWalNCVnNyMENRNGVSR0M5aGVwOUNkWlozbEdNUWVrck9Gd295d2RMaFJLUXJZc2",Telangana Today,26.740012311874473,85.6223074972898
f183251,live-46fd572c,2026-07-28T04:26:54.040221+00:00,Multiple,Reported area,Structural Failure,Aftermath,The economic damage from the Nepal earthquake is almost half of the country’s GDP - qz.com,"<a href=""https://news.google.com/rss/articles/CBMirAFBVV95cUxPWUJKV2JuVTNqa0ZDNUVwMFlIVk9kNU1JMy0wNVQ5dUg0TEFyS2xRczM4em9qYXRqVVBlXzQwVmlzWm8ydFJUYjNFWVhiTEYtWW41cE9fMXAxd2lZYkFINmlaZnBrSW8yWnBBcURVR1",qz.com,26.84464947180951,84.99779455508789
f183251,live-f1899108,2026-07-28T04:26:54.040202+00:00,Multiple,Reported area,Structural Failure,Aftermath,Earthquake of 4.2-magnitude stikes western Nepal - News On AIR,"<a href=""https://news.google.com/rss/articles/CBMif0FVX3lxTE5VYlZsU2FGSXBVcDQ2MWQ5RHNRX3N0dVZoWmNqNGpqRkRXQ1BhSkE5OWpFSEVjdmtvRzhISzk1RG43d2wwRmxJSHRMeEtQdVdzMW96cUE4OFRsalRqdF8yU3BMdFNab3MxOTZVTUNINz",News On AIR,27.5205406406561,85.12747578935225
f183251,live-994c9b5a,2026-07-28T04:26:54.040167+00:00,Multiple,Reported area,Structural Failure,Aftermath,"Death toll from Venezuela earthquakes increases to 5,398 - Nepalnews.com","<a href=""https://news.google.com/rss/articles/CBMipAFBVV95cUxPdEdDN3NnN3MtR2JldjhlcDVPeHBfRlZ2Y3Z4UG1FZ1ROTWI0TDItLXN1QjJqcDFYVHR2UGVfUGlqNVhxdkY3UzJVdFpBRkw1S1NKczV6OEh5dlpJUUptNjZnenRXc3pBMV9TWUJvV3",Nepalnews.com,27.86434104508898,84.99286805729346
766fcda,live-a4a1b205,2026-07-28T01:06:56.565723+00:00,Multiple,Reported area,Structural Failure,Aftermath,3.8 Magnitude Earthquake Hits Nepal - Deccan Chronicle,"<a href=""https://news.google.com/rss/articles/CBMilgFBVV95cUxPd25LeVA1aTREVVVka0xUWGFZNGx0RmZZNFQ4UGpmRmdyclQtRW1vS09lTDQ0NEhyd0lNbEZpZklKVWdFa1MxQzRfUXZLdk04QnM2cVZNSmlTUENVUnVrd1hZTzlrb3dDSlRwdGZTSU",Deccan Chronicle,28.26463472370322,85.869198106083
766fcda,live-4236de49,2026-07-28T01:06:56.565711+00:00,Multiple,Reported area,Structural Failure,Aftermath,3.8 magnitude earthquake hits Nepal - BusinessLine,"<a href=""https://news.google.com/rss/articles/CBMipAFBVV95cUxOS2pNaDlFZkdIRlBWc2lmSVJQWWlHWW9rZ0ozUDZjakl5cTYxYS1mSzJ2TVUxb255dlpyUEVxcmZtajR5RkZKSGx4ZWpJeVk4LTdGT0tyOHFTTnZvSDFhbmk5RC1xUWR0czlQaWRzUk",BusinessLine,27.87936969786943,84.51191834103419
766fcda,live-24051495,2026-07-28T01:06:56.565698+00:00,Multiple,Reported area,Structural Failure,Aftermath,Earthquake of 4.2-magnitude stikes western Nepal - News On AIR,"<a href=""https://news.google.com/rss/articles/CBMif0FVX3lxTE5VYlZsU2FGSXBVcDQ2MWQ5RHNRX3N0dVZoWmNqNGpqRkRXQ1BhSkE5OWpFSEVjdmtvRzhISzk1RG43d2wwRmxJSHRMeEtQdVdzMW96cUE4OFRsalRqdF8yU3BMdFNab3MxOTZVTUNINz",News On AIR,27.405070236362125,84.49317561356388
766fcda,live-b537a3dd,2026-07-28T01:06:56.565680+00:00,Multiple,Reported area,Structural Failure,Aftermath,Nepal Earthquake: How to Help - Save the Children US,"<a href=""https://news.google.com/rss/articles/CBMikgFBVV95cUxPZWZVZ2l6bGtkb3ZVVUNPdzVfRzVZSURtWlJ3X3g2YlFUVHNZaUlVZ0hmSVllV1pad1Y3eS1rcG91X21EMnAtaUNHSGRNaC1XcEtEeUxkYjk0dnZSSmUwYXF0SjU1N0VnU0RwVmE4Z3",Save the Children US,27.319318178594685,85.40528493990811
766fcda,live-2a0e86fb,2026-07-28T01:06:56.565667+00:00,Multiple,Reported area,Structural Failure,Aftermath,Post-Disaster Housing Reconstruction in Rural Nepal A Case Study in the Aftermath of the 2015 Nepal ,"<a href=""https://news.google.com/rss/articles/CBMibkFVX3lxTE15U3JKZkRRbl9FemdvVllucXVsTmpxS2E5aW1mQ1Y4Q3RRNHhQUjhQd2NrRjZaSXY1alZLLUNTRi1WbFdFN2Fpd2Vta0lLZXNoWDB2RFRDS25rMmo3T3ZvRWt2NGV5NW5uRDJvUVdn?o",SCIRP Open Access,28.40571398771801,84.34965061095765
766fcda,live-fb14e6bb,2026-07-28T01:06:56.565654+00:00,Multiple,Reported area,Structural Failure,Aftermath,"101-Year-Old Pulled From Rubble One Week After Nepal Earthquake - ABC News - Breaking News, Latest N","<a href=""https://news.google.com/rss/articles/CBMinAFBVV95cUxQN0ZnMnd1SzIzbGVEUmJWaGlaZkJjbVpRT0E3eHFJVkdNT1VabWV0bmJoaXI3QzJUYjVlcjZqdGpHaVlKSGY2MjhmeXNNaFdwNndDZnIxalRGLU9LOF9ZTVI1N2JNTTQyXzI4UlBLQW","ABC News - Breaking News, Latest News and Videos",27.93887389455278,84.9009501556356
766fcda,live-f8ef6ee0,2026-07-28T01:06:56.565639+00:00,Multiple,Reported area,Landslide,Aftermath,Six-year study reveals ancient quakes along 150-mile fault system in Nepal - Virginia Tech News,"<a href=""https://news.google.com/rss/articles/CBMigAFBVV95cUxPbFc3VGRyWjFhZmpvb0pXMGhfVWVWbFBVQXN4ay1VeDA3bUtoeWVraEpWT2lKMTdTQmVfVjByVk1SaE1kbDQtd1RFVG5XaEN1TzBjWVhwOUtRVk9QZUN6Q0hNbDJuOTM3ZmpaUTVibX",Virginia Tech News,28.038988750415214,85.8229723991819
766fcda,live-2b2fdbe1,2026-07-28T01:06:56.565613+00:00,Multiple,Reported area,Structural Failure,Aftermath,Nepal and Northern India are not overdue for a huge earthquake - New Scientist,"<a href=""https://news.google.com/rss/articles/CBMirAFBVV95cUxOTTIwNHM3ZjM1NHFEek5jVkNQblpUQkJsYTRNcDdINHhDMWJmbU9taGFTNFlDbHRUMVhmRGpVb3dsbkRfRnZKd3lkbVFfRExseXR4SGZvOHNhVzRyX29TMlVxWDF5SUhyLXdTNHctMD",New Scientist,27.253835447313136,85.00799518502603
766fcda,live-932269c6,2026-07-28T01:06:56.565568+00:00,Multiple,Reported area,Structural Failure,Aftermath,The economic damage from the Nepal earthquake is almost half of the country’s GDP - qz.com,"<a href=""https://news.google.com/rss/articles/CBMirAFBVV95cUxPWUJKV2JuVTNqa0ZDNUVwMFlIVk9kNU1JMy0wNVQ5dUg0TEFyS2xRczM4em9qYXRqVVBlXzQwVmlzWm8ydFJUYjNFWVhiTEYtWW41cE9fMXAxd2lZYkFINmlaZnBrSW8yWnBBcURVR1",qz.com,28.432151754038166,85.08123513582149
766fcda,live-5a7e2ac4,2026-07-28T01:06:56.565535+00:00,Multiple,Reported area,Structural Failure,Aftermath,"Death toll from Venezuela earthquakes increases to 5,398 - Nepalnews.com","<a href=""https://news.google.com/rss/articles/CBMipAFBVV95cUxPdEdDN3NnN3MtR2JldjhlcDVPeHBfRlZ2Y3Z4UG1FZ1ROTWI0TDItLXN1QjJqcDFYVHR2UGVfUGlqNVhxdkY3UzJVdFpBRkw1S1NKczV6OEh5dlpJUUptNjZnenRXc3pBMV9TWUJvV3",Nepalnews.com,28.63147000216183,84.97782709192218
2a596c9,live-c3a89284,2026-07-27T23:44:41.468305+00:00,Multiple,Reported area,Structural Failure,Aftermath,3.8 Magnitude Earthquake Hits Nepal - Deccan Chronicle,"<a href=""https://news.google.com/rss/articles/CBMilgFBVV95cUxPd25LeVA1aTREVVVka0xUWGFZNGx0RmZZNFQ4UGpmRmdyclQtRW1vS09lTDQ0NEhyd0lNbEZpZklKVWdFa1MxQzRfUXZLdk04QnM2cVZNSmlTUENVUnVrd1hZTzlrb3dDSlRwdGZTSU",Deccan Chronicle,28.376877211351513,85.75542423515363
2a596c9,live-71e82179,2026-07-27T23:44:41.468293+00:00,Multiple,Reported area,Structural Failure,Aftermath,3.8 magnitude earthquake hits Nepal - BusinessLine,"<a href=""https://news.google.com/rss/articles/CBMipAFBVV95cUxOS2pNaDlFZkdIRlBWc2lmSVJQWWlHWW9rZ0ozUDZjakl5cTYxYS1mSzJ2TVUxb255dlpyUEVxcmZtajR5RkZKSGx4ZWpJeVk4LTdGT0tyOHFTTnZvSDFhbmk5RC1xUWR0czlQaWRzUk",BusinessLine,28.13868661861049,86.0847550633805
2a596c9,live-ecb78fae,2026-07-27T23:44:41.468280+00:00,Multiple,Reported area,Structural Failure,Aftermath,Earthquake of 4.2-magnitude stikes western Nepal - News On AIR,"<a href=""https://news.google.com/rss/articles/CBMif0FVX3lxTE5VYlZsU2FGSXBVcDQ2MWQ5RHNRX3N0dVZoWmNqNGpqRkRXQ1BhSkE5OWpFSEVjdmtvRzhISzk1RG43d2wwRmxJSHRMeEtQdVdzMW96cUE4OFRsalRqdF8yU3BMdFNab3MxOTZVTUNINz",News On AIR,26.79127608287753,84.70080567131863
2a596c9,live-a77e1d74,2026-07-27T23:44:41.468262+00:00,Multiple,Reported area,Structural Failure,Aftermath,Nepal Earthquake: How to Help - Save the Children US,"<a href=""https://news.google.com/rss/articles/CBMikgFBVV95cUxPZWZVZ2l6bGtkb3ZVVUNPdzVfRzVZSURtWlJ3X3g2YlFUVHNZaUlVZ0hmSVllV1pad1Y3eS1rcG91X21EMnAtaUNHSGRNaC1XcEtEeUxkYjk0dnZSSmUwYXF0SjU1N0VnU0RwVmE4Z3",Save the Children US,26.79034837516127,84.75211343113554
2a596c9,live-47167e0d,2026-07-27T23:44:41.468251+00:00,Multiple,Reported area,Structural Failure,Aftermath,Post-Disaster Housing Reconstruction in Rural Nepal A Case Study in the Aftermath of the 2015 Nepal ,"<a href=""https://news.google.com/rss/articles/CBMibkFVX3lxTE15U3JKZkRRbl9FemdvVllucXVsTmpxS2E5aW1mQ1Y4Q3RRNHhQUjhQd2NrRjZaSXY1alZLLUNTRi1WbFdFN2Fpd2Vta0lLZXNoWDB2RFRDS25rMmo3T3ZvRWt2NGV5NW5uRDJvUVdn?o",SCIRP Open Access,28.4665971055219,86.11489503663478
2a596c9,live-ede20633,2026-07-27T23:44:41.468238+00:00,Multiple,Reported area,Structural Failure,Aftermath,"101-Year-Old Pulled From Rubble One Week After Nepal Earthquake - ABC News - Breaking News, Latest N","<a href=""https://news.google.com/rss/articles/CBMinAFBVV95cUxQN0ZnMnd1SzIzbGVEUmJWaGlaZkJjbVpRT0E3eHFJVkdNT1VabWV0bmJoaXI3QzJUYjVlcjZqdGpHaVlKSGY2MjhmeXNNaFdwNndDZnIxalRGLU9LOF9ZTVI1N2JNTTQyXzI4UlBLQW","ABC News - Breaking News, Latest News and Videos",26.800017492495442,85.0092390608298
2a596c9,live-e9aae825,2026-07-27T23:44:41.468224+00:00,Multiple,Reported area,Landslide,Aftermath,Six-year study reveals ancient quakes along 150-mile fault system in Nepal - Virginia Tech News,"<a href=""https://news.google.com/rss/articles/CBMigAFBVV95cUxPbFc3VGRyWjFhZmpvb0pXMGhfVWVWbFBVQXN4ay1VeDA3bUtoeWVraEpWT2lKMTdTQmVfVjByVk1SaE1kbDQtd1RFVG5XaEN1TzBjWVhwOUtRVk9QZUN6Q0hNbDJuOTM3ZmpaUTVibX",Virginia Tech News,28.418423260765827,86.10686282596083
2a596c9,live-4777ce9b,2026-07-27T23:44:41.468202+00:00,Multiple,Reported area,Structural Failure,Aftermath,Nepal and Northern India are not overdue for a huge earthquake - New Scientist,"<a href=""https://news.google.com/rss/articles/CBMirAFBVV95cUxOTTIwNHM3ZjM1NHFEek5jVkNQblpUQkJsYTRNcDdINHhDMWJmbU9taGFTNFlDbHRUMVhmRGpVb3dsbkRfRnZKd3lkbVFfRExseXR4SGZvOHNhVzRyX29TMlVxWDF5SUhyLXdTNHctMD",New Scientist,28.44809572039119,85.05749599228206
2a596c9,live-70ea568e,2026-07-27T23:44:41.468187+00:00,Multiple,Reported area,Structural Failure,Aftermath,The economic damage from the Nepal earthquake is almost half of the country’s GDP - qz.com,"<a href=""https://news.google.com/rss/articles/CBMirAFBVV95cUxPWUJKV2JuVTNqa0ZDNUVwMFlIVk9kNU1JMy0wNVQ5dUg0TEFyS2xRczM4em9qYXRqVVBlXzQwVmlzWm8ydFJUYjNFWVhiTEYtWW41cE9fMXAxd2lZYkFINmlaZnBrSW8yWnBBcURVR1",qz.com,27.911180233681456,85.18746288233808
2a596c9,live-aff0f694,2026-07-27T23:44:41.468156+00:00,Multiple,Reported area,Structural Failure,Aftermath,"Death toll from Venezuela earthquakes increases to 5,398 - Nepalnews.com","<a href=""https://news.google.com/rss/articles/CBMipAFBVV95cUxPdEdDN3NnN3MtR2JldjhlcDVPeHBfRlZ2Y3Z4UG1FZ1ROTWI0TDItLXN1QjJqcDFYVHR2UGVfUGlqNVhxdkY3UzJVdFpBRkw1S1NKczV6OEh5dlpJUUptNjZnenRXc3pBMV9TWUJvV3",Nepalnews.com,27.70767630508014,85.64375320587939
a93cd41,live-e43a3a0d,2026-07-27T22:41:00.914787+00:00,Multiple,Reported area,Structural Failure,Aftermath,3.8 Magnitude Earthquake Hits Nepal - Deccan Chronicle,"<a href=""https://news.google.com/rss/articles/CBMilgFBVV95cUxPd25LeVA1aTREVVVka0xUWGFZNGx0RmZZNFQ4UGpmRmdyclQtRW1vS09lTDQ0NEhyd0lNbEZpZklKVWdFa1MxQzRfUXZLdk04QnM2cVZNSmlTUENVUnVrd1hZTzlrb3dDSlRwdGZTSU",Deccan Chronicle,27.017841693864455,85.63012947305654
a93cd41,live-51dd6b4e,2026-07-27T22:41:00.914776+00:00,Multiple,Reported area,Structural Failure,Aftermath,3.8 magnitude earthquake hits Nepal - BusinessLine,"<a href=""https://news.google.com/rss/articles/CBMipAFBVV95cUxOS2pNaDlFZkdIRlBWc2lmSVJQWWlHWW9rZ0ozUDZjakl5cTYxYS1mSzJ2TVUxb255dlpyUEVxcmZtajR5RkZKSGx4ZWpJeVk4LTdGT0tyOHFTTnZvSDFhbmk5RC1xUWR0czlQaWRzUk",BusinessLine,27.234545577337926,86.29395699660014
a93cd41,live-8040dba0,2026-07-27T22:41:00.914764+00:00,Multiple,Reported area,Structural Failure,Aftermath,Nepal Earthquake: How to Help - Save the Children US,"<a href=""https://news.google.com/rss/articles/CBMikgFBVV95cUxPZWZVZ2l6bGtkb3ZVVUNPdzVfRzVZSURtWlJ3X3g2YlFUVHNZaUlVZ0hmSVllV1pad1Y3eS1rcG91X21EMnAtaUNHSGRNaC1XcEtEeUxkYjk0dnZSSmUwYXF0SjU1N0VnU0RwVmE4Z3",Save the Children US,28.096681766415,84.49511204632043
a93cd41,live-e46cfbb8,2026-07-27T22:41:00.914747+00:00,Multiple,Reported area,Structural Failure,Aftermath,Post-Disaster Housing Reconstruction in Rural Nepal A Case Study in the Aftermath of the 2015 Nepal ,"<a href=""https://news.google.com/rss/articles/CBMibkFVX3lxTE15U3JKZkRRbl9FemdvVllucXVsTmpxS2E5aW1mQ1Y4Q3RRNHhQUjhQd2NrRjZaSXY1alZLLUNTRi1WbFdFN2Fpd2Vta0lLZXNoWDB2RFRDS25rMmo3T3ZvRWt2NGV5NW5uRDJvUVdn?o",SCIRP Open Access,27.512247220638766,84.71180652351126
a93cd41,live-92e6d079,2026-07-27T22:41:00.914736+00:00,Multiple,Reported area,Structural Failure,Aftermath,Earthquake of 4.2-magnitude stikes western Nepal - News On AIR,"<a href=""https://news.google.com/rss/articles/CBMif0FVX3lxTE5VYlZsU2FGSXBVcDQ2MWQ5RHNRX3N0dVZoWmNqNGpqRkRXQ1BhSkE5OWpFSEVjdmtvRzhISzk1RG43d2wwRmxJSHRMeEtQdVdzMW96cUE4OFRsalRqdF8yU3BMdFNab3MxOTZVTUNINz",News On AIR,28.505844266710998,85.28653117831686
a93cd41,live-c706761b,2026-07-27T22:41:00.914724+00:00,Multiple,Reported area,Structural Failure,Aftermath,"101-Year-Old Pulled From Rubble One Week After Nepal Earthquake - ABC News - Breaking News, Latest N","<a href=""https://news.google.com/rss/articles/CBMinAFBVV95cUxQN0ZnMnd1SzIzbGVEUmJWaGlaZkJjbVpRT0E3eHFJVkdNT1VabWV0bmJoaXI3QzJUYjVlcjZqdGpHaVlKSGY2MjhmeXNNaFdwNndDZnIxalRGLU9LOF9ZTVI1N2JNTTQyXzI4UlBLQW","ABC News - Breaking News, Latest News and Videos",27.286464186253838,84.30316581711182
a93cd41,live-63fef3d4,2026-07-27T22:41:00.914712+00:00,Multiple,Reported area,Landslide,Aftermath,Six-year study reveals ancient quakes along 150-mile fault system in Nepal - Virginia Tech News,"<a href=""https://news.google.com/rss/articles/CBMigAFBVV95cUxPbFc3VGRyWjFhZmpvb0pXMGhfVWVWbFBVQXN4ay1VeDA3bUtoeWVraEpWT2lKMTdTQmVfVjByVk1SaE1kbDQtd1RFVG5XaEN1TzBjWVhwOUtRVk9QZUN6Q0hNbDJuOTM3ZmpaUTVibX",Virginia Tech News,27.048138183949643,86.11127182746112
a93cd41,live-5e4356cc,2026-07-27T22:41:00.914692+00:00,Multiple,Reported area,Structural Failure,Aftermath,Nepal and Northern India are not overdue for a huge earthquake - New Scientist,"<a href=""https://news.google.com/rss/articles/CBMirAFBVV95cUxOTTIwNHM3ZjM1NHFEek5jVkNQblpUQkJsYTRNcDdINHhDMWJmbU9taGFTNFlDbHRUMVhmRGpVb3dsbkRfRnZKd3lkbVFfRExseXR4SGZvOHNhVzRyX29TMlVxWDF5SUhyLXdTNHctMD",New Scientist,27.642540510850584,85.93103962312045
a93cd41,live-2cb859b8,2026-07-27T22:41:00.914665+00:00,Multiple,Reported area,Structural Failure,Aftermath,The economic damage from the Nepal earthquake is almost half of the country’s GDP - qz.com,"<a href=""https://news.google.com/rss/articles/CBMirAFBVV95cUxPWUJKV2JuVTNqa0ZDNUVwMFlIVk9kNU1JMy0wNVQ5dUg0TEFyS2xRczM4em9qYXRqVVBlXzQwVmlzWm8ydFJUYjNFWVhiTEYtWW41cE9fMXAxd2lZYkFINmlaZnBrSW8yWnBBcURVR1",qz.com,28.393098057938055,84.64259139380032
a93cd41,live-56e8fd74,2026-07-27T22:41:00.914595+00:00,Multiple,Reported area,Structural Failure,Aftermath,"Death toll from Venezuela earthquakes increases to 5,398 - Nepalnews.com","<a href=""https://news.google.com/rss/articles/CBMipAFBVV95cUxPdEdDN3NnN3MtR2JldjhlcDVPeHBfRlZ2Y3Z4UG1FZ1ROTWI0TDItLXN1QjJqcDFYVHR2UGVfUGlqNVhxdkY3UzJVdFpBRkw1S1NKczV6OEh5dlpJUUptNjZnenRXc3pBMV9TWUJvV3",Nepalnews.com,28.288140993583855,85.9955587954709
cda0c45,live-57262a90,2026-07-27T19:55:39.443081+00:00,Multiple,Reported area,Structural Failure,Aftermath,3.8 Magnitude Earthquake Hits Nepal - Deccan Chronicle,"<a href=""https://news.google.com/rss/articles/CBMilgFBVV95cUxPd25LeVA1aTREVVVka0xUWGFZNGx0RmZZNFQ4UGpmRmdyclQtRW1vS09lTDQ0NEhyd0lNbEZpZklKVWdFa1MxQzRfUXZLdk04QnM2cVZNSmlTUENVUnVrd1hZTzlrb3dDSlRwdGZTSU",Deccan Chronicle,28.16652891122198,86.13243223971305
cda0c45,live-6eca8278,2026-07-27T19:55:39.443070+00:00,Multiple,Reported area,Structural Failure,Aftermath,3.8 magnitude earthquake hits Nepal - BusinessLine,"<a href=""https://news.google.com/rss/articles/CBMipAFBVV95cUxOS2pNaDlFZkdIRlBWc2lmSVJQWWlHWW9rZ0ozUDZjakl5cTYxYS1mSzJ2TVUxb255dlpyUEVxcmZtajR5RkZKSGx4ZWpJeVk4LTdGT0tyOHFTTnZvSDFhbmk5RC1xUWR0czlQaWRzUk",BusinessLine,28.662414246609337,85.31469295158395
cda0c45,live-2590ec56,2026-07-27T19:55:39.443057+00:00,Multiple,Reported area,Structural Failure,Aftermath,Nepal Earthquake: How to Help - Save the Children US,"<a href=""https://news.google.com/rss/articles/CBMikgFBVV95cUxPZWZVZ2l6bGtkb3ZVVUNPdzVfRzVZSURtWlJ3X3g2YlFUVHNZaUlVZ0hmSVllV1pad1Y3eS1rcG91X21EMnAtaUNHSGRNaC1XcEtEeUxkYjk0dnZSSmUwYXF0SjU1N0VnU0RwVmE4Z3",Save the Children US,28.244663404675514,85.13572063061697
cda0c45,live-f4168fe6,2026-07-27T19:55:39.443040+00:00,Multiple,Reported area,Structural Failure,Aftermath,Post-Disaster Housing Reconstruction in Rural Nepal A Case Study in the Aftermath of the 2015 Nepal ,"<a href=""https://news.google.com/rss/articles/CBMibkFVX3lxTE15U3JKZkRRbl9FemdvVllucXVsTmpxS2E5aW1mQ1Y4Q3RRNHhQUjhQd2NrRjZaSXY1alZLLUNTRi1WbFdFN2Fpd2Vta0lLZXNoWDB2RFRDS25rMmo3T3ZvRWt2NGV5NW5uRDJvUVdn?o",SCIRP Open Access,27.94888635894313,85.9697824087417
cda0c45,live-eeedd04a,2026-07-27T19:55:39.443028+00:00,Multiple,Reported area,Structural Failure,Aftermath,"101-Year-Old Pulled From Rubble One Week After Nepal Earthquake - ABC News - Breaking News, Latest N","<a href=""https://news.google.com/rss/articles/CBMinAFBVV95cUxQN0ZnMnd1SzIzbGVEUmJWaGlaZkJjbVpRT0E3eHFJVkdNT1VabWV0bmJoaXI3QzJUYjVlcjZqdGpHaVlKSGY2MjhmeXNNaFdwNndDZnIxalRGLU9LOF9ZTVI1N2JNTTQyXzI4UlBLQW","ABC News - Breaking News, Latest News and Videos",28.156361095855296,84.85535644638453
cda0c45,live-ac11f70e,2026-07-27T19:55:39.443016+00:00,Multiple,Reported area,Structural Failure,Aftermath,Earthquake of 4.2-magnitude stikes western Nepal - News On AIR,"<a href=""https://news.google.com/rss/articles/CBMif0FVX3lxTE5VYlZsU2FGSXBVcDQ2MWQ5RHNRX3N0dVZoWmNqNGpqRkRXQ1BhSkE5OWpFSEVjdmtvRzhISzk1RG43d2wwRmxJSHRMeEtQdVdzMW96cUE4OFRsalRqdF8yU3BMdFNab3MxOTZVTUNINz",News On AIR,27.866945134435102,84.33922000049505
cda0c45,live-45ac8eb3,2026-07-27T19:55:39.443004+00:00,Multiple,Reported area,Landslide,Aftermath,Six-year study reveals ancient quakes along 150-mile fault system in Nepal - Virginia Tech News,"<a href=""https://news.google.com/rss/articles/CBMigAFBVV95cUxPbFc3VGRyWjFhZmpvb0pXMGhfVWVWbFBVQXN4ay1VeDA3bUtoeWVraEpWT2lKMTdTQmVfVjByVk1SaE1kbDQtd1RFVG5XaEN1TzBjWVhwOUtRVk9QZUN6Q0hNbDJuOTM3ZmpaUTVibX",Virginia Tech News,27.59505210899371,85.0645277890656
cda0c45,live-0df12c8f,2026-07-27T19:55:39.442982+00:00,Multiple,Reported area,Structural Failure,Aftermath,Nepal and Northern India are not overdue for a huge earthquake - New Scientist,"<a href=""https://news.google.com/rss/articles/CBMirAFBVV95cUxOTTIwNHM3ZjM1NHFEek5jVkNQblpUQkJsYTRNcDdINHhDMWJmbU9taGFTNFlDbHRUMVhmRGpVb3dsbkRfRnZKd3lkbVFfRExseXR4SGZvOHNhVzRyX29TMlVxWDF5SUhyLXdTNHctMD",New Scientist,26.817428711630043,84.80192911365688
cda0c45,live-4ef15f4a,2026-07-27T19:55:39.442967+00:00,Multiple,Reported area,Structural Failure,Aftermath,The economic damage from the Nepal earthquake is almost half of the country’s GDP - qz.com,"<a href=""https://news.google.com/rss/articles/CBMirAFBVV95cUxPWUJKV2JuVTNqa0ZDNUVwMFlIVk9kNU1JMy0wNVQ5dUg0TEFyS2xRczM4em9qYXRqVVBlXzQwVmlzWm8ydFJUYjNFWVhiTEYtWW41cE9fMXAxd2lZYkFINmlaZnBrSW8yWnBBcURVR1",qz.com,28.668160650685945,84.43162663178137
cda0c45,live-92d2a2bb,2026-07-27T19:55:39.442932+00:00,Multiple,Reported area,Structural Failure,Aftermath,"Death toll from Venezuela earthquakes increases to 5,398 - Nepalnews.com","<a href=""https://news.google.com/rss/articles/CBMipAFBVV95cUxPdEdDN3NnN3MtR2JldjhlcDVPeHBfRlZ2Y3Z4UG1FZ1ROTWI0TDItLXN1QjJqcDFYVHR2UGVfUGlqNVhxdkY3UzJVdFpBRkw1S1NKczV6OEh5dlpJUUptNjZnenRXc3pBMV9TWUJvV3",Nepalnews.com,27.42644839396907,85.85464264385531
2160573,live-fd22580b,2026-07-27T18:12:50.823013+00:00,Multiple,Reported area,Structural Failure,Aftermath,3.8 Magnitude Earthquake Hits Nepal - Deccan Chronicle,"<a href=""https://news.google.com/rss/articles/CBMilgFBVV95cUxPd25LeVA1aTREVVVka0xUWGFZNGx0RmZZNFQ4UGpmRmdyclQtRW1vS09lTDQ0NEhyd0lNbEZpZklKVWdFa1MxQzRfUXZLdk04QnM2cVZNSmlTUENVUnVrd1hZTzlrb3dDSlRwdGZTSU",Deccan Chronicle,28.240271509297063,84.61624633447308
2160573,live-8be7be9c,2026-07-27T18:12:50.823001+00:00,Multiple,Reported area,Structural Failure,Aftermath,3.8 magnitude earthquake hits Nepal - BusinessLine,"<a href=""https://news.google.com/rss/articles/CBMipAFBVV95cUxOS2pNaDlFZkdIRlBWc2lmSVJQWWlHWW9rZ0ozUDZjakl5cTYxYS1mSzJ2TVUxb255dlpyUEVxcmZtajR5RkZKSGx4ZWpJeVk4LTdGT0tyOHFTTnZvSDFhbmk5RC1xUWR0czlQaWRzUk",BusinessLine,27.270950500939712,84.30525614837288
2160573,live-b5e99716,2026-07-27T18:12:50.822989+00:00,Multiple,Reported area,Structural Failure,Aftermath,Nepal Earthquake: How to Help - Save the Children US,"<a href=""https://news.google.com/rss/articles/CBMikgFBVV95cUxPZWZVZ2l6bGtkb3ZVVUNPdzVfRzVZSURtWlJ3X3g2YlFUVHNZaUlVZ0hmSVllV1pad1Y3eS1rcG91X21EMnAtaUNHSGRNaC1XcEtEeUxkYjk0dnZSSmUwYXF0SjU1N0VnU0RwVmE4Z3",Save the Children US,26.80199806968443,85.78765263542746
2160573,live-36309cb4,2026-07-27T18:12:50.822972+00:00,Multiple,Reported area,Structural Failure,Aftermath,Post-Disaster Housing Reconstruction in Rural Nepal A Case Study in the Aftermath of the 2015 Nepal ,"<a href=""https://news.google.com/rss/articles/CBMibkFVX3lxTE15U3JKZkRRbl9FemdvVllucXVsTmpxS2E5aW1mQ1Y4Q3RRNHhQUjhQd2NrRjZaSXY1alZLLUNTRi1WbFdFN2Fpd2Vta0lLZXNoWDB2RFRDS25rMmo3T3ZvRWt2NGV5NW5uRDJvUVdn?o",SCIRP Open Access,26.986347236368566,84.48287544807104
2160573,live-3fe0c3f6,2026-07-27T18:12:50.822960+00:00,Multiple,Reported area,Structural Failure,Aftermath,"101-Year-Old Pulled From Rubble One Week After Nepal Earthquake - ABC News - Breaking News, Latest N","<a href=""https://news.google.com/rss/articles/CBMinAFBVV95cUxQN0ZnMnd1SzIzbGVEUmJWaGlaZkJjbVpRT0E3eHFJVkdNT1VabWV0bmJoaXI3QzJUYjVlcjZqdGpHaVlKSGY2MjhmeXNNaFdwNndDZnIxalRGLU9LOF9ZTVI1N2JNTTQyXzI4UlBLQW","ABC News - Breaking News, Latest News and Videos",28.56267204875466,84.30229204058719
2160573,live-0684f6c5,2026-07-27T18:12:50.822947+00:00,Multiple,Reported area,Landslide,Aftermath,Six-year study reveals ancient quakes along 150-mile fault system in Nepal - Virginia Tech News,"<a href=""https://news.google.com/rss/articles/CBMigAFBVV95cUxPbFc3VGRyWjFhZmpvb0pXMGhfVWVWbFBVQXN4ay1VeDA3bUtoeWVraEpWT2lKMTdTQmVfVjByVk1SaE1kbDQtd1RFVG5XaEN1TzBjWVhwOUtRVk9QZUN6Q0hNbDJuOTM3ZmpaUTVibX",Virginia Tech News,28.15330612269175,85.34200154484526
2160573,live-a6b9d636,2026-07-27T18:12:50.822928+00:00,Multiple,Reported area,Structural Failure,Aftermath,Nepal and Northern India are not overdue for a huge earthquake - New Scientist,"<a href=""https://news.google.com/rss/articles/CBMirAFBVV95cUxOTTIwNHM3ZjM1NHFEek5jVkNQblpUQkJsYTRNcDdINHhDMWJmbU9taGFTNFlDbHRUMVhmRGpVb3dsbkRfRnZKd3lkbVFfRExseXR4SGZvOHNhVzRyX29TMlVxWDF5SUhyLXdTNHctMD",New Scientist,26.848463963603493,85.66880538661846
2160573,live-e29095b0,2026-07-27T18:12:50.822911+00:00,Multiple,Reported area,Structural Failure,Aftermath,Earthquake of 4.2-magnitude stikes western Nepal - News On AIR,"<a href=""https://news.google.com/rss/articles/CBMif0FVX3lxTE5VYlZsU2FGSXBVcDQ2MWQ5RHNRX3N0dVZoWmNqNGpqRkRXQ1BhSkE5OWpFSEVjdmtvRzhISzk1RG43d2wwRmxJSHRMeEtQdVdzMW96cUE4OFRsalRqdF8yU3BMdFNab3MxOTZVTUNINz",News On AIR,27.361539873280314,84.55488117765924
2160573,live-1b0a2474,2026-07-27T18:12:50.822895+00:00,Multiple,Reported area,Structural Failure,Aftermath,The economic damage from the Nepal earthquake is almost half of the country’s GDP - qz.com,"<a href=""https://news.google.com/rss/articles/CBMirAFBVV95cUxPWUJKV2JuVTNqa0ZDNUVwMFlIVk9kNU1JMy0wNVQ5dUg0TEFyS2xRczM4em9qYXRqVVBlXzQwVmlzWm8ydFJUYjNFWVhiTEYtWW41cE9fMXAxd2lZYkFINmlaZnBrSW8yWnBBcURVR1",qz.com,26.906010376108267,85.58558637402969
2160573,live-9f21b3f8,2026-07-27T18:12:50.822863+00:00,Multiple,Reported area,Structural Failure,Aftermath,"Death toll from Venezuela earthquakes increases to 5,398 - Nepalnews.com","<a href=""https://news.google.com/rss/articles/CBMipAFBVV95cUxPdEdDN3NnN3MtR2JldjhlcDVPeHBfRlZ2Y3Z4UG1FZ1ROTWI0TDItLXN1QjJqcDFYVHR2UGVfUGlqNVhxdkY3UzJVdFpBRkw1S1NKczV6OEh5dlpJUUptNjZnenRXc3pBMV9TWUJvV3",Nepalnews.com,28.41190954343925,84.9338097347417
aeec61b,live-f492d391,2026-07-27T16:33:39.862339+00:00,Multiple,Reported area,Structural Failure,Aftermath,3.8 magnitude earthquake hits Nepal - BusinessLine,"<a href=""https://news.google.com/rss/articles/CBMipAFBVV95cUxOS2pNaDlFZkdIRlBWc2lmSVJQWWlHWW9rZ0ozUDZjakl5cTYxYS1mSzJ2TVUxb255dlpyUEVxcmZtajR5RkZKSGx4ZWpJeVk4LTdGT0tyOHFTTnZvSDFhbmk5RC1xUWR0czlQaWRzUk",BusinessLine,28.651527738297343,85.93863842481193
aeec61b,live-e77dd48a,2026-07-27T16:33:39.862327+00:00,Multiple,Reported area,Structural Failure,Aftermath,Nepal Earthquake: How to Help - Save the Children US,"<a href=""https://news.google.com/rss/articles/CBMikgFBVV95cUxPZWZVZ2l6bGtkb3ZVVUNPdzVfRzVZSURtWlJ3X3g2YlFUVHNZaUlVZ0hmSVllV1pad1Y3eS1rcG91X21EMnAtaUNHSGRNaC1XcEtEeUxkYjk0dnZSSmUwYXF0SjU1N0VnU0RwVmE4Z3",Save the Children US,27.14529815398506,84.7150793000775
aeec61b,live-4d160989,2026-07-27T16:33:39.862315+00:00,Multiple,Reported area,Landslide,Aftermath,Nepal's public debt grows more than fourfold in a decade - India Tribune - Chicago,"<a href=""https://news.google.com/rss/articles/CBMiowFBVV95cUxQc0laR1JpQXZhNTBuT2o0UlpvSVQ5aHRvbWlyU0lRUVBwTzJNRGRJNHlCcklqem4tVUJjUUVjaV8yNTVkUGdDUHRGVEE5M1hZb29jaldrbmxZN1otek5FcG10ZXlsZHdXMVp2R2lwb1",India Tribune - Chicago,28.432114984000897,85.86083818144536
aeec61b,live-e857f3ce,2026-07-27T16:33:39.862298+00:00,Multiple,Reported area,Structural Failure,Aftermath,Post-Disaster Housing Reconstruction in Rural Nepal A Case Study in the Aftermath of the 2015 Nepal ,"<a href=""https://news.google.com/rss/articles/CBMibkFVX3lxTE15U3JKZkRRbl9FemdvVllucXVsTmpxS2E5aW1mQ1Y4Q3RRNHhQUjhQd2NrRjZaSXY1alZLLUNTRi1WbFdFN2Fpd2Vta0lLZXNoWDB2RFRDS25rMmo3T3ZvRWt2NGV5NW5uRDJvUVdn?o",SCIRP Open Access,27.83529221724911,85.31282423747639
aeec61b,live-21765d87,2026-07-27T16:33:39.862286+00:00,Multiple,Reported area,Structural Failure,Aftermath,"101-Year-Old Pulled From Rubble One Week After Nepal Earthquake - ABC News - Breaking News, Latest N","<a href=""https://news.google.com/rss/articles/CBMinAFBVV95cUxQN0ZnMnd1SzIzbGVEUmJWaGlaZkJjbVpRT0E3eHFJVkdNT1VabWV0bmJoaXI3QzJUYjVlcjZqdGpHaVlKSGY2MjhmeXNNaFdwNndDZnIxalRGLU9LOF9ZTVI1N2JNTTQyXzI4UlBLQW","ABC News - Breaking News, Latest News and Videos",28.441180199052177,85.8422524619913
aeec61b,live-df2acb32,2026-07-27T16:33:39.862273+00:00,Multiple,Reported area,Landslide,Aftermath,Six-year study reveals ancient quakes along 150-mile fault system in Nepal - Virginia Tech News,"<a href=""https://news.google.com/rss/articles/CBMigAFBVV95cUxPbFc3VGRyWjFhZmpvb0pXMGhfVWVWbFBVQXN4ay1VeDA3bUtoeWVraEpWT2lKMTdTQmVfVjByVk1SaE1kbDQtd1RFVG5XaEN1TzBjWVhwOUtRVk9QZUN6Q0hNbDJuOTM3ZmpaUTVibX",Virginia Tech News,27.619287389497323,84.91545509146259
aeec61b,live-379373ce,2026-07-27T16:33:39.862255+00:00,Multiple,Reported area,Structural Failure,Aftermath,Nepal and Northern India are not overdue for a huge earthquake - New Scientist,"<a href=""https://news.google.com/rss/articles/CBMirAFBVV95cUxOTTIwNHM3ZjM1NHFEek5jVkNQblpUQkJsYTRNcDdINHhDMWJmbU9taGFTNFlDbHRUMVhmRGpVb3dsbkRfRnZKd3lkbVFfRExseXR4SGZvOHNhVzRyX29TMlVxWDF5SUhyLXdTNHctMD",New Scientist,28.143719891849567,84.65877546658135
aeec61b,live-96b4bbbf,2026-07-27T16:33:39.862237+00:00,Multiple,Reported area,Structural Failure,Aftermath,The economic damage from the Nepal earthquake is almost half of the country’s GDP - qz.com,"<a href=""https://news.google.com/rss/articles/CBMirAFBVV95cUxPWUJKV2JuVTNqa0ZDNUVwMFlIVk9kNU1JMy0wNVQ5dUg0TEFyS2xRczM4em9qYXRqVVBlXzQwVmlzWm8ydFJUYjNFWVhiTEYtWW41cE9fMXAxd2lZYkFINmlaZnBrSW8yWnBBcURVR1",qz.com,26.876724159492674,86.27090989280973
aeec61b,live-d16c60dc,2026-07-27T16:33:39.862220+00:00,Multiple,Reported area,Structural Failure,Aftermath,Earthquake of 4.2-magnitude stikes western Nepal - News On AIR,"<a href=""https://news.google.com/rss/articles/CBMif0FVX3lxTE5VYlZsU2FGSXBVcDQ2MWQ5RHNRX3N0dVZoWmNqNGpqRkRXQ1BhSkE5OWpFSEVjdmtvRzhISzk1RG43d2wwRmxJSHRMeEtQdVdzMW96cUE4OFRsalRqdF8yU3BMdFNab3MxOTZVTUNINz",News On AIR,27.561507964663267,84.3458538575256
aeec61b,live-7cf00e81,2026-07-27T16:33:39.862194+00:00,Multiple,Reported area,Structural Failure,Aftermath,"Death toll from Venezuela earthquakes increases to 5,398 - Nepalnews.com","<a href=""https://news.google.com/rss/articles/CBMipAFBVV95cUxPdEdDN3NnN3MtR2JldjhlcDVPeHBfRlZ2Y3Z4UG1FZ1ROTWI0TDItLXN1QjJqcDFYVHR2UGVfUGlqNVhxdkY3UzJVdFpBRkw1S1NKczV6OEh5dlpJUUptNjZnenRXc3pBMV9TWUJvV3",Nepalnews.com,28.629916812249487,84.78076163228411
1339fef,live-b53602ee,2026-07-27T13:57:47.935825+00:00,Multiple,Reported area,Structural Failure,Aftermath,3.8 Magnitude Earthquake Hits Nepal - Deccan Chronicle,"<a href=""https://news.google.com/rss/articles/CBMilgFBVV95cUxPd25LeVA1aTREVVVka0xUWGFZNGx0RmZZNFQ4UGpmRmdyclQtRW1vS09lTDQ0NEhyd0lNbEZpZklKVWdFa1MxQzRfUXZLdk04QnM2cVZNSmlTUENVUnVrd1hZTzlrb3dDSlRwdGZTSU",Deccan Chronicle,28.49786371188625,84.4058783181921
1339fef,live-bb7e2091,2026-07-27T13:57:47.935813+00:00,Multiple,Reported area,Structural Failure,Aftermath,3.8 magnitude earthquake hits Nepal - BusinessLine,"<a href=""https://news.google.com/rss/articles/CBMipAFBVV95cUxOS2pNaDlFZkdIRlBWc2lmSVJQWWlHWW9rZ0ozUDZjakl5cTYxYS1mSzJ2TVUxb255dlpyUEVxcmZtajR5RkZKSGx4ZWpJeVk4LTdGT0tyOHFTTnZvSDFhbmk5RC1xUWR0czlQaWRzUk",BusinessLine,27.149275681191238,86.17105652276419
1339fef,live-6b759ac1,2026-07-27T13:57:47.935800+00:00,Multiple,Reported area,Structural Failure,Aftermath,Nepal Earthquake: How to Help - Save the Children US,"<a href=""https://news.google.com/rss/articles/CBMikgFBVV95cUxPZWZVZ2l6bGtkb3ZVVUNPdzVfRzVZSURtWlJ3X3g2YlFUVHNZaUlVZ0hmSVllV1pad1Y3eS1rcG91X21EMnAtaUNHSGRNaC1XcEtEeUxkYjk0dnZSSmUwYXF0SjU1N0VnU0RwVmE4Z3",Save the Children US,27.107031618982177,85.16613943598743
1339fef,live-28d2ee32,2026-07-27T13:57:47.935783+00:00,Multiple,Reported area,Structural Failure,Aftermath,Post-Disaster Housing Reconstruction in Rural Nepal A Case Study in the Aftermath of the 2015 Nepal ,"<a href=""https://news.google.com/rss/articles/CBMibkFVX3lxTE15U3JKZkRRbl9FemdvVllucXVsTmpxS2E5aW1mQ1Y4Q3RRNHhQUjhQd2NrRjZaSXY1alZLLUNTRi1WbFdFN2Fpd2Vta0lLZXNoWDB2RFRDS25rMmo3T3ZvRWt2NGV5NW5uRDJvUVdn?o",SCIRP Open Access,27.08894778200218,84.46919063749394
1339fef,live-4654acde,2026-07-27T13:57:47.935767+00:00,Multiple,Reported area,Landslide,Aftermath,Nepal's public debt grows more than fourfold in a decade - India Tribune - Chicago,"<a href=""https://news.google.com/rss/articles/CBMiowFBVV95cUxQc0laR1JpQXZhNTBuT2o0UlpvSVQ5aHRvbWlyU0lRUVBwTzJNRGRJNHlCcklqem4tVUJjUUVjaV8yNTVkUGdDUHRGVEE5M1hZb29jaldrbmxZN1otek5FcG10ZXlsZHdXMVp2R2lwb1",India Tribune - Chicago,28.251429474999938,85.7902626072176
1339fef,live-c25d0628,2026-07-27T13:57:47.935754+00:00,Multiple,Reported area,Structural Failure,Aftermath,"101-Year-Old Pulled From Rubble One Week After Nepal Earthquake - ABC News - Breaking News, Latest N","<a href=""https://news.google.com/rss/articles/CBMinAFBVV95cUxQN0ZnMnd1SzIzbGVEUmJWaGlaZkJjbVpRT0E3eHFJVkdNT1VabWV0bmJoaXI3QzJUYjVlcjZqdGpHaVlKSGY2MjhmeXNNaFdwNndDZnIxalRGLU9LOF9ZTVI1N2JNTTQyXzI4UlBLQW","ABC News - Breaking News, Latest News and Videos",27.464057191706875,85.0575102160626
1339fef,live-6ab951e3,2026-07-27T13:57:47.935741+00:00,Multiple,Reported area,Landslide,Aftermath,Six-year study reveals ancient quakes along 150-mile fault system in Nepal - Virginia Tech News,"<a href=""https://news.google.com/rss/articles/CBMigAFBVV95cUxPbFc3VGRyWjFhZmpvb0pXMGhfVWVWbFBVQXN4ay1VeDA3bUtoeWVraEpWT2lKMTdTQmVfVjByVk1SaE1kbDQtd1RFVG5XaEN1TzBjWVhwOUtRVk9QZUN6Q0hNbDJuOTM3ZmpaUTVibX",Virginia Tech News,26.719831437994973,86.09304839116396
1339fef,live-862ef91c,2026-07-27T13:57:47.935723+00:00,Multiple,Reported area,Structural Failure,Aftermath,Nepal and Northern India are not overdue for a huge earthquake - New Scientist,"<a href=""https://news.google.com/rss/articles/CBMirAFBVV95cUxOTTIwNHM3ZjM1NHFEek5jVkNQblpUQkJsYTRNcDdINHhDMWJmbU9taGFTNFlDbHRUMVhmRGpVb3dsbkRfRnZKd3lkbVFfRExseXR4SGZvOHNhVzRyX29TMlVxWDF5SUhyLXdTNHctMD",New Scientist,27.20991947568735,84.48738316570966
1339fef,live-c6bf053b,2026-07-27T13:57:47.935708+00:00,Multiple,Reported area,Structural Failure,Aftermath,The economic damage from the Nepal earthquake is almost half of the country’s GDP - qz.com,"<a href=""https://news.google.com/rss/articles/CBMirAFBVV95cUxPWUJKV2JuVTNqa0ZDNUVwMFlIVk9kNU1JMy0wNVQ5dUg0TEFyS2xRczM4em9qYXRqVVBlXzQwVmlzWm8ydFJUYjNFWVhiTEYtWW41cE9fMXAxd2lZYkFINmlaZnBrSW8yWnBBcURVR1",qz.com,28.053227754063595,85.89815210559611
1339fef,live-10bfd863,2026-07-27T13:57:47.935679+00:00,Multiple,Reported area,Structural Failure,Aftermath,"Death toll from Venezuela earthquakes increases to 5,398 - Nepalnews.com","<a href=""https://news.google.com/rss/articles/CBMipAFBVV95cUxPdEdDN3NnN3MtR2JldjhlcDVPeHBfRlZ2Y3Z4UG1FZ1ROTWI0TDItLXN1QjJqcDFYVHR2UGVfUGlqNVhxdkY3UzJVdFpBRkw1S1NKczV6OEh5dlpJUUptNjZnenRXc3pBMV9TWUJvV3",Nepalnews.com,28.03151921816579,85.0560341746994
1b1791a,live-f955fe39,2026-07-27T11:37:22.290897+00:00,Multiple,Reported area,Structural Failure,Aftermath,3.8 Magnitude Earthquake Hits Nepal - Deccan Chronicle,"<a href=""https://news.google.com/rss/articles/CBMilgFBVV95cUxPd25LeVA1aTREVVVka0xUWGFZNGx0RmZZNFQ4UGpmRmdyclQtRW1vS09lTDQ0NEhyd0lNbEZpZklKVWdFa1MxQzRfUXZLdk04QnM2cVZNSmlTUENVUnVrd1hZTzlrb3dDSlRwdGZTSU",Deccan Chronicle,28.568597171992515,84.44033471201831
1b1791a,live-2fa1124b,2026-07-27T11:37:22.290888+00:00,Multiple,Reported area,Structural Failure,Aftermath,3.8 magnitude earthquake hits Nepal - BusinessLine,"<a href=""https://news.google.com/rss/articles/CBMipAFBVV95cUxOS2pNaDlFZkdIRlBWc2lmSVJQWWlHWW9rZ0ozUDZjakl5cTYxYS1mSzJ2TVUxb255dlpyUEVxcmZtajR5RkZKSGx4ZWpJeVk4LTdGT0tyOHFTTnZvSDFhbmk5RC1xUWR0czlQaWRzUk",BusinessLine,26.792584062997584,84.93536435530243
1b1791a,live-d53453f5,2026-07-27T11:37:22.290877+00:00,Multiple,Reported area,Structural Failure,Aftermath,Nepal Earthquake: How to Help - Save the Children US,"<a href=""https://news.google.com/rss/articles/CBMikgFBVV95cUxPZWZVZ2l6bGtkb3ZVVUNPdzVfRzVZSURtWlJ3X3g2YlFUVHNZaUlVZ0hmSVllV1pad1Y3eS1rcG91X21EMnAtaUNHSGRNaC1XcEtEeUxkYjk0dnZSSmUwYXF0SjU1N0VnU0RwVmE4Z3",Save the Children US,27.517197360224408,85.2532726028739
1b1791a,live-7e29a727,2026-07-27T11:37:22.290860+00:00,Multiple,Reported area,Structural Failure,Aftermath,Post-Disaster Housing Reconstruction in Rural Nepal A Case Study in the Aftermath of the 2015 Nepal ,"<a href=""https://news.google.com/rss/articles/CBMibkFVX3lxTE15U3JKZkRRbl9FemdvVllucXVsTmpxS2E5aW1mQ1Y4Q3RRNHhQUjhQd2NrRjZaSXY1alZLLUNTRi1WbFdFN2Fpd2Vta0lLZXNoWDB2RFRDS25rMmo3T3ZvRWt2NGV5NW5uRDJvUVdn?o",SCIRP Open Access,27.935284715320876,85.0578766048126
1b1791a,live-f3a58924,2026-07-27T11:37:22.290851+00:00,Multiple,Reported area,Landslide,Aftermath,Nepal's public debt grows more than fourfold in a decade - India Tribune - Chicago,"<a href=""https://news.google.com/rss/articles/CBMiowFBVV95cUxQc0laR1JpQXZhNTBuT2o0UlpvSVQ5aHRvbWlyU0lRUVBwTzJNRGRJNHlCcklqem4tVUJjUUVjaV8yNTVkUGdDUHRGVEE5M1hZb29jaldrbmxZN1otek5FcG10ZXlsZHdXMVp2R2lwb1",India Tribune - Chicago,27.78842790753434,85.89961087392392
1b1791a,live-bf20480b,2026-07-27T11:37:22.290841+00:00,Multiple,Reported area,Structural Failure,Aftermath,"101-Year-Old Pulled From Rubble One Week After Nepal Earthquake - ABC News - Breaking News, Latest N","<a href=""https://news.google.com/rss/articles/CBMinAFBVV95cUxQN0ZnMnd1SzIzbGVEUmJWaGlaZkJjbVpRT0E3eHFJVkdNT1VabWV0bmJoaXI3QzJUYjVlcjZqdGpHaVlKSGY2MjhmeXNNaFdwNndDZnIxalRGLU9LOF9ZTVI1N2JNTTQyXzI4UlBLQW","ABC News - Breaking News, Latest News and Videos",27.78999597087878,85.64044226539401
1b1791a,live-03a097a4,2026-07-27T11:37:22.290831+00:00,Multiple,Reported area,Landslide,Aftermath,Six-year study reveals ancient quakes along 150-mile fault system in Nepal - Virginia Tech News,"<a href=""https://news.google.com/rss/articles/CBMigAFBVV95cUxPbFc3VGRyWjFhZmpvb0pXMGhfVWVWbFBVQXN4ay1VeDA3bUtoeWVraEpWT2lKMTdTQmVfVjByVk1SaE1kbDQtd1RFVG5XaEN1TzBjWVhwOUtRVk9QZUN6Q0hNbDJuOTM3ZmpaUTVibX",Virginia Tech News,27.65144668457806,85.26216099940905
1b1791a,live-17d4fd3b,2026-07-27T11:37:22.290816+00:00,Multiple,Reported area,Structural Failure,Aftermath,Nepal and Northern India are not overdue for a huge earthquake - New Scientist,"<a href=""https://news.google.com/rss/articles/CBMirAFBVV95cUxOTTIwNHM3ZjM1NHFEek5jVkNQblpUQkJsYTRNcDdINHhDMWJmbU9taGFTNFlDbHRUMVhmRGpVb3dsbkRfRnZKd3lkbVFfRExseXR4SGZvOHNhVzRyX29TMlVxWDF5SUhyLXdTNHctMD",New Scientist,28.232412430693927,85.73613162001796
1b1791a,live-ab93b131,2026-07-27T11:37:22.290804+00:00,Multiple,Reported area,Structural Failure,Aftermath,The economic damage from the Nepal earthquake is almost half of the country’s GDP - qz.com,"<a href=""https://news.google.com/rss/articles/CBMirAFBVV95cUxPWUJKV2JuVTNqa0ZDNUVwMFlIVk9kNU1JMy0wNVQ5dUg0TEFyS2xRczM4em9qYXRqVVBlXzQwVmlzWm8ydFJUYjNFWVhiTEYtWW41cE9fMXAxd2lZYkFINmlaZnBrSW8yWnBBcURVR1",qz.com,26.725003875624047,86.03000301500684
1b1791a,live-2d362c5b,2026-07-27T11:37:22.290771+00:00,Multiple,Reported area,Structural Failure,Aftermath,"Death toll from Venezuela earthquakes increases to 5,398 - Nepalnews.com","<a href=""https://news.google.com/rss/articles/CBMipAFBVV95cUxPdEdDN3NnN3MtR2JldjhlcDVPeHBfRlZ2Y3Z4UG1FZ1ROTWI0TDItLXN1QjJqcDFYVHR2UGVfUGlqNVhxdkY3UzJVdFpBRkw1S1NKczV6OEh5dlpJUUptNjZnenRXc3pBMV9TWUJvV3",Nepalnews.com,28.516733854117444,84.38065649105022
633f60e,live-f3acb2cb,2026-07-27T07:48:39.974023+00:00,Multiple,Reported area,Structural Failure,Aftermath,3.8 Magnitude Earthquake Hits Nepal - Deccan Chronicle,"<a href=""https://news.google.com/rss/articles/CBMilgFBVV95cUxPd25LeVA1aTREVVVka0xUWGFZNGx0RmZZNFQ4UGpmRmdyclQtRW1vS09lTDQ0NEhyd0lNbEZpZklKVWdFa1MxQzRfUXZLdk04QnM2cVZNSmlTUENVUnVrd1hZTzlrb3dDSlRwdGZTSU",Deccan Chronicle,28.033951985475248,84.55972394323553
633f60e,live-a19d5131,2026-07-27T07:48:39.974011+00:00,Multiple,Reported area,Structural Failure,Aftermath,3.8 magnitude earthquake hits Nepal - BusinessLine,"<a href=""https://news.google.com/rss/articles/CBMipAFBVV95cUxOS2pNaDlFZkdIRlBWc2lmSVJQWWlHWW9rZ0ozUDZjakl5cTYxYS1mSzJ2TVUxb255dlpyUEVxcmZtajR5RkZKSGx4ZWpJeVk4LTdGT0tyOHFTTnZvSDFhbmk5RC1xUWR0czlQaWRzUk",BusinessLine,28.48489465207169,86.11030214997544
633f60e,live-f83de114,2026-07-27T07:48:39.973998+00:00,Multiple,Reported area,Structural Failure,Aftermath,Nepal Earthquake: How to Help - Save the Children US,"<a href=""https://news.google.com/rss/articles/CBMikgFBVV95cUxPZWZVZ2l6bGtkb3ZVVUNPdzVfRzVZSURtWlJ3X3g2YlFUVHNZaUlVZ0hmSVllV1pad1Y3eS1rcG91X21EMnAtaUNHSGRNaC1XcEtEeUxkYjk0dnZSSmUwYXF0SjU1N0VnU0RwVmE4Z3",Save the Children US,27.440660188727243,85.57412266323335
633f60e,live-40ea7231,2026-07-27T07:48:39.973977+00:00,Multiple,Reported area,Structural Failure,Aftermath,Post-Disaster Housing Reconstruction in Rural Nepal A Case Study in the Aftermath of the 2015 Nepal ,"<a href=""https://news.google.com/rss/articles/CBMibkFVX3lxTE15U3JKZkRRbl9FemdvVllucXVsTmpxS2E5aW1mQ1Y4Q3RRNHhQUjhQd2NrRjZaSXY1alZLLUNTRi1WbFdFN2Fpd2Vta0lLZXNoWDB2RFRDS25rMmo3T3ZvRWt2NGV5NW5uRDJvUVdn?o",SCIRP Open Access,28.348132248302484,85.04340756987621
633f60e,live-97adcade,2026-07-27T07:48:39.973965+00:00,Multiple,Reported area,Landslide,Aftermath,Nepal's public debt grows more than fourfold in a decade - India Tribune - Chicago,"<a href=""https://news.google.com/rss/articles/CBMiowFBVV95cUxQc0laR1JpQXZhNTBuT2o0UlpvSVQ5aHRvbWlyU0lRUVBwTzJNRGRJNHlCcklqem4tVUJjUUVjaV8yNTVkUGdDUHRGVEE5M1hZb29jaldrbmxZN1otek5FcG10ZXlsZHdXMVp2R2lwb1",India Tribune - Chicago,27.485030340590235,85.99972543713548
633f60e,live-e73598c7,2026-07-27T07:48:39.973953+00:00,Multiple,Reported area,Structural Failure,Aftermath,"101-Year-Old Pulled From Rubble One Week After Nepal Earthquake - ABC News - Breaking News, Latest N","<a href=""https://news.google.com/rss/articles/CBMinAFBVV95cUxQN0ZnMnd1SzIzbGVEUmJWaGlaZkJjbVpRT0E3eHFJVkdNT1VabWV0bmJoaXI3QzJUYjVlcjZqdGpHaVlKSGY2MjhmeXNNaFdwNndDZnIxalRGLU9LOF9ZTVI1N2JNTTQyXzI4UlBLQW","ABC News - Breaking News, Latest News and Videos",27.835069168981263,85.37802987515661
633f60e,live-bdb2c909,2026-07-27T07:48:39.973940+00:00,Multiple,Reported area,Landslide,Aftermath,Six-year study reveals ancient quakes along 150-mile fault system in Nepal - Virginia Tech News,"<a href=""https://news.google.com/rss/articles/CBMigAFBVV95cUxPbFc3VGRyWjFhZmpvb0pXMGhfVWVWbFBVQXN4ay1VeDA3bUtoeWVraEpWT2lKMTdTQmVfVjByVk1SaE1kbDQtd1RFVG5XaEN1TzBjWVhwOUtRVk9QZUN6Q0hNbDJuOTM3ZmpaUTVibX",Virginia Tech News,26.748285644439083,85.80504922302065
633f60e,live-46901cce,2026-07-27T07:48:39.973922+00:00,Multiple,Reported area,Structural Failure,Aftermath,Nepal and Northern India are not overdue for a huge earthquake - New Scientist,"<a href=""https://news.google.com/rss/articles/CBMirAFBVV95cUxOTTIwNHM3ZjM1NHFEek5jVkNQblpUQkJsYTRNcDdINHhDMWJmbU9taGFTNFlDbHRUMVhmRGpVb3dsbkRfRnZKd3lkbVFfRExseXR4SGZvOHNhVzRyX29TMlVxWDF5SUhyLXdTNHctMD",New Scientist,27.722515652786523,86.26702859573636
633f60e,live-7b26033d,2026-07-27T07:48:39.973907+00:00,Multiple,Reported area,Structural Failure,Aftermath,The economic damage from the Nepal earthquake is almost half of the country’s GDP - qz.com,"<a href=""https://news.google.com/rss/articles/CBMirAFBVV95cUxPWUJKV2JuVTNqa0ZDNUVwMFlIVk9kNU1JMy0wNVQ5dUg0TEFyS2xRczM4em9qYXRqVVBlXzQwVmlzWm8ydFJUYjNFWVhiTEYtWW41cE9fMXAxd2lZYkFINmlaZnBrSW8yWnBBcURVR1",qz.com,28.61991593561449,85.09837345009426
633f60e,live-7c538e08,2026-07-27T07:48:39.973869+00:00,Multiple,Reported area,Structural Failure,Aftermath,"Death toll from Venezuela earthquakes increases to 5,398 - Nepalnews.com","<a href=""https://news.google.com/rss/articles/CBMipAFBVV95cUxPdEdDN3NnN3MtR2JldjhlcDVPeHBfRlZ2Y3Z4UG1FZ1ROTWI0TDItLXN1QjJqcDFYVHR2UGVfUGlqNVhxdkY3UzJVdFpBRkw1S1NKczV6OEh5dlpJUUptNjZnenRXc3pBMV9TWUJvV3",Nepalnews.com,27.367427590443754,85.46831657102807
b7348c1,live-d7bac52b,2026-07-27T04:02:14.308478+00:00,Multiple,Reported area,Structural Failure,Aftermath,3.8 magnitude earthquake hits Nepal - BusinessLine,"<a href=""https://news.google.com/rss/articles/CBMipAFBVV95cUxOS2pNaDlFZkdIRlBWc2lmSVJQWWlHWW9rZ0ozUDZjakl5cTYxYS1mSzJ2TVUxb255dlpyUEVxcmZtajR5RkZKSGx4ZWpJeVk4LTdGT0tyOHFTTnZvSDFhbmk5RC1xUWR0czlQaWRzUk",BusinessLine,28.025506794459616,84.40682977492332
b7348c1,live-1523df1f,2026-07-27T04:02:14.308466+00:00,Multiple,Reported area,Structural Failure,Aftermath,Nepal Earthquake: How to Help - Save the Children US,"<a href=""https://news.google.com/rss/articles/CBMikgFBVV95cUxPZWZVZ2l6bGtkb3ZVVUNPdzVfRzVZSURtWlJ3X3g2YlFUVHNZaUlVZ0hmSVllV1pad1Y3eS1rcG91X21EMnAtaUNHSGRNaC1XcEtEeUxkYjk0dnZSSmUwYXF0SjU1N0VnU0RwVmE4Z3",Save the Children US,27.728367554282105,84.84420157848274
b7348c1,live-da73b41c,2026-07-27T04:02:14.308453+00:00,Multiple,Reported area,Structural Failure,Aftermath,Post-Disaster Housing Reconstruction in Rural Nepal A Case Study in the Aftermath of the 2015 Nepal ,"<a href=""https://news.google.com/rss/articles/CBMibkFVX3lxTE15U3JKZkRRbl9FemdvVllucXVsTmpxS2E5aW1mQ1Y4Q3RRNHhQUjhQd2NrRjZaSXY1alZLLUNTRi1WbFdFN2Fpd2Vta0lLZXNoWDB2RFRDS25rMmo3T3ZvRWt2NGV5NW5uRDJvUVdn?o",SCIRP Open Access,27.88549257968136,85.95754552226114
b7348c1,live-61e0a235,2026-07-27T04:02:14.308432+00:00,Multiple,Reported area,Landslide,Aftermath,Nepal's public debt grows more than fourfold in a decade - India Tribune - Chicago,"<a href=""https://news.google.com/rss/articles/CBMiowFBVV95cUxQc0laR1JpQXZhNTBuT2o0UlpvSVQ5aHRvbWlyU0lRUVBwTzJNRGRJNHlCcklqem4tVUJjUUVjaV8yNTVkUGdDUHRGVEE5M1hZb29jaldrbmxZN1otek5FcG10ZXlsZHdXMVp2R2lwb1",India Tribune - Chicago,28.174489554002825,85.78053713199877
b7348c1,live-a68d3034,2026-07-27T04:02:14.308420+00:00,Multiple,Reported area,Structural Failure,Aftermath,Earthquake of 4.2-magnitude stikes western Nepal - News On AIR,"<a href=""https://news.google.com/rss/articles/CBMif0FVX3lxTE5VYlZsU2FGSXBVcDQ2MWQ5RHNRX3N0dVZoWmNqNGpqRkRXQ1BhSkE5OWpFSEVjdmtvRzhISzk1RG43d2wwRmxJSHRMeEtQdVdzMW96cUE4OFRsalRqdF8yU3BMdFNab3MxOTZVTUNINz",News On AIR,26.932105494524155,84.66922070337391
b7348c1,live-b5de5308,2026-07-27T04:02:14.308408+00:00,Multiple,Reported area,Structural Failure,Aftermath,"101-Year-Old Pulled From Rubble One Week After Nepal Earthquake - ABC News - Breaking News, Latest N","<a href=""https://news.google.com/rss/articles/CBMinAFBVV95cUxQN0ZnMnd1SzIzbGVEUmJWaGlaZkJjbVpRT0E3eHFJVkdNT1VabWV0bmJoaXI3QzJUYjVlcjZqdGpHaVlKSGY2MjhmeXNNaFdwNndDZnIxalRGLU9LOF9ZTVI1N2JNTTQyXzI4UlBLQW","ABC News - Breaking News, Latest News and Videos",27.8699652667454,84.9501591683789
b7348c1,live-ae282856,2026-07-27T04:02:14.308394+00:00,Multiple,Reported area,Landslide,Aftermath,Six-year study reveals ancient quakes along 150-mile fault system in Nepal - Virginia Tech News,"<a href=""https://news.google.com/rss/articles/CBMigAFBVV95cUxPbFc3VGRyWjFhZmpvb0pXMGhfVWVWbFBVQXN4ay1VeDA3bUtoeWVraEpWT2lKMTdTQmVfVjByVk1SaE1kbDQtd1RFVG5XaEN1TzBjWVhwOUtRVk9QZUN6Q0hNbDJuOTM3ZmpaUTVibX",Virginia Tech News,28.45731309705635,86.20725987516954
b7348c1,live-28de9078,2026-07-27T04:02:14.308377+00:00,Multiple,Reported area,Structural Failure,Aftermath,Nepal and Northern India are not overdue for a huge earthquake - New Scientist,"<a href=""https://news.google.com/rss/articles/CBMirAFBVV95cUxOTTIwNHM3ZjM1NHFEek5jVkNQblpUQkJsYTRNcDdINHhDMWJmbU9taGFTNFlDbHRUMVhmRGpVb3dsbkRfRnZKd3lkbVFfRExseXR4SGZvOHNhVzRyX29TMlVxWDF5SUhyLXdTNHctMD",New Scientist,27.003625966351297,84.60076808928679
b7348c1,live-083b5a23,2026-07-27T04:02:14.308362+00:00,Multiple,Reported area,Structural Failure,Aftermath,The economic damage from the Nepal earthquake is almost half of the country’s GDP - qz.com,"<a href=""https://news.google.com/rss/articles/CBMirAFBVV95cUxPWUJKV2JuVTNqa0ZDNUVwMFlIVk9kNU1JMy0wNVQ5dUg0TEFyS2xRczM4em9qYXRqVVBlXzQwVmlzWm8ydFJUYjNFWVhiTEYtWW41cE9fMXAxd2lZYkFINmlaZnBrSW8yWnBBcURVR1",qz.com,27.027604533552456,85.52758506272917
b7348c1,live-c075e6a1,2026-07-27T04:02:14.308330+00:00,Multiple,Reported area,Structural Failure,Aftermath,"Death toll from Venezuela earthquakes increases to 5,398 - Nepalnews.com","<a href=""https://news.google.com/rss/articles/CBMipAFBVV95cUxPdEdDN3NnN3MtR2JldjhlcDVPeHBfRlZ2Y3Z4UG1FZ1ROTWI0TDItLXN1QjJqcDFYVHR2UGVfUGlqNVhxdkY3UzJVdFpBRkw1S1NKczV6OEh5dlpJUUptNjZnenRXc3pBMV9TWUJvV3",Nepalnews.com,28.57095784370961,84.9867258642057
3de1758,live-77d59941,2026-07-27T00:12:18.018259+00:00,Multiple,Reported area,Structural Failure,Aftermath,Aftershock: Everest and the Nepal Earthquake (2022) - IMDb,"<a href=""https://news.google.com/rss/articles/CBMicEFVX3lxTFByVG9Mai15dGQ4TWM2N2ZLVDFpZEdVMzZxZUs2djhiclFDVjQtVUVtZ3J2OVZjRy1QclREUVh6VzFkLW5lbHcyRmNqdnZyOHJIU0M0Uk83Sng1WnFaa2hVVnRTMTJkbGVSRzhVWTFXOW",IMDb,28.558092527698093,84.80845940421185
3de1758,live-0f66af28,2026-07-27T00:12:18.018246+00:00,Multiple,Reported area,Structural Failure,Aftermath,"101-Year-Old Pulled From Rubble One Week After Nepal Earthquake - ABC News - Breaking News, Latest N","<a href=""https://news.google.com/rss/articles/CBMinAFBVV95cUxQN0ZnMnd1SzIzbGVEUmJWaGlaZkJjbVpRT0E3eHFJVkdNT1VabWV0bmJoaXI3QzJUYjVlcjZqdGpHaVlKSGY2MjhmeXNNaFdwNndDZnIxalRGLU9LOF9ZTVI1N2JNTTQyXzI4UlBLQW","ABC News - Breaking News, Latest News and Videos",27.063526552252622,84.76320827738385
3de1758,live-12cc6e7f,2026-07-27T00:12:18.018232+00:00,Multiple,Reported area,Landslide,Aftermath,"Minor quake shakes Nepal, no immediate damage reported - ThePrint","<a href=""https://news.google.com/rss/articles/CBMikgFBVV95cUxNdy1icEg4SGluR1E1SDdpQ1NrVjNSMEdpLWViaXluZzBoeUN4UFhDY1FWWGFfOFU5M0JGd0hVMjhDUC15M2x5ZHFzZGlfMVp3VlJFYkVha2Juem1lZE9UUnMwRmhzVU1ZNU9PRXR3Zn",ThePrint,28.41331995144129,85.67845093306515
3de1758,live-98877b81,2026-07-27T00:12:18.018214+00:00,Multiple,Reported area,Structural Failure,Aftermath,3.8 Magnitude Earthquake Hits Nepal - Deccan Chronicle,"<a href=""https://news.google.com/rss/articles/CBMilgFBVV95cUxPd25LeVA1aTREVVVka0xUWGFZNGx0RmZZNFQ4UGpmRmdyclQtRW1vS09lTDQ0NEhyd0lNbEZpZklKVWdFa1MxQzRfUXZLdk04QnM2cVZNSmlTUENVUnVrd1hZTzlrb3dDSlRwdGZTSU",Deccan Chronicle,27.368403350460007,85.11826668281735
3de1758,live-9f28c5ed,2026-07-27T00:12:18.018198+00:00,Multiple,Reported area,Structural Failure,Aftermath,3.8 magnitude earthquake hits Nepal - BusinessLine,"<a href=""https://news.google.com/rss/articles/CBMipAFBVV95cUxOS2pNaDlFZkdIRlBWc2lmSVJQWWlHWW9rZ0ozUDZjakl5cTYxYS1mSzJ2TVUxb255dlpyUEVxcmZtajR5RkZKSGx4ZWpJeVk4LTdGT0tyOHFTTnZvSDFhbmk5RC1xUWR0czlQaWRzUk",BusinessLine,27.601334868941375,84.87010761984678
3de1758,live-65029c0d,2026-07-27T00:12:18.018185+00:00,Multiple,Reported area,Structural Failure,Aftermath,The economic damage from the Nepal earthquake is almost half of the country’s GDP - qz.com,"<a href=""https://news.google.com/rss/articles/CBMirAFBVV95cUxPWUJKV2JuVTNqa0ZDNUVwMFlIVk9kNU1JMy0wNVQ5dUg0TEFyS2xRczM4em9qYXRqVVBlXzQwVmlzWm8ydFJUYjNFWVhiTEYtWW41cE9fMXAxd2lZYkFINmlaZnBrSW8yWnBBcURVR1",qz.com,27.07198807907516,85.59697650891076
3de1758,live-9550bdd8,2026-07-27T00:12:18.018168+00:00,Multiple,Reported area,Structural Failure,Aftermath,4.2 magnitude earthquake hits western Nepal - Telangana Today,"<a href=""https://news.google.com/rss/articles/CBMiekFVX3lxTE94RDBmWk12Z25helRlSFVQdUNVTmdfVm5uenhDYU5meDc2S2ppNlhZSXNuUHg1ZW9wYmdkeGN0S1pWalNCVnNyMENRNGVSR0M5aGVwOUNkWlozbEdNUWVrck9Gd295d2RMaFJLUXJZc2",Telangana Today,26.818673705897822,84.49031496766987
3de1758,live-0fee6a9b,2026-07-27T00:12:18.018148+00:00,Multiple,Reported area,Landslide,Aftermath,Nepal's public debt grows more than fourfold in a decade - India Tribune - Chicago,"<a href=""https://news.google.com/rss/articles/CBMiowFBVV95cUxQc0laR1JpQXZhNTBuT2o0UlpvSVQ5aHRvbWlyU0lRUVBwTzJNRGRJNHlCcklqem4tVUJjUUVjaV8yNTVkUGdDUHRGVEE5M1hZb29jaldrbmxZN1otek5FcG10ZXlsZHdXMVp2R2lwb1",India Tribune - Chicago,26.78376518316147,85.21265995630111
3de1758,live-ae723bea,2026-07-27T00:12:18.018132+00:00,Multiple,Reported area,Structural Failure,Aftermath,Earthquake of 4.2-magnitude stikes western Nepal - News On AIR,"<a href=""https://news.google.com/rss/articles/CBMif0FVX3lxTE5VYlZsU2FGSXBVcDQ2MWQ5RHNRX3N0dVZoWmNqNGpqRkRXQ1BhSkE5OWpFSEVjdmtvRzhISzk1RG43d2wwRmxJSHRMeEtQdVdzMW96cUE4OFRsalRqdF8yU3BMdFNab3MxOTZVTUNINz",News On AIR,28.639649311675637,84.96788252957165
3de1758,live-7ebbd08b,2026-07-27T00:12:18.018096+00:00,Multiple,Reported area,Structural Failure,Aftermath,"Death toll from Venezuela earthquakes increases to 5,398 - Nepalnews.com","<a href=""https://news.google.com/rss/articles/CBMipAFBVV95cUxPdEdDN3NnN3MtR2JldjhlcDVPeHBfRlZ2Y3Z4UG1FZ1ROTWI0TDItLXN1QjJqcDFYVHR2UGVfUGlqNVhxdkY3UzJVdFpBRkw1S1NKczV6OEh5dlpJUUptNjZnenRXc3pBMV9TWUJvV3",Nepalnews.com,27.279989889906496,85.92150200761489
6911a57,live-1c238808,2026-07-26T23:12:00.090093+00:00,Multiple,Reported area,Structural Failure,Aftermath,Nepal and Northern India are not overdue for a huge earthquake - New Scientist,"<a href=""https://news.google.com/rss/articles/CBMirAFBVV95cUxOTTIwNHM3ZjM1NHFEek5jVkNQblpUQkJsYTRNcDdINHhDMWJmbU9taGFTNFlDbHRUMVhmRGpVb3dsbkRfRnZKd3lkbVFfRExseXR4SGZvOHNhVzRyX29TMlVxWDF5SUhyLXdTNHctMD",New Scientist,27.13323142212068,85.7113502409223
6911a57,live-29493acf,2026-07-26T23:12:00.090082+00:00,Multiple,Reported area,Structural Failure,Aftermath,"A Look Back At The 2015 Nepal Earthquake When 9,000 People Died - NDTV","<a href=""https://news.google.com/rss/articles/CBMiugFBVV95cUxOVHhaRFBXbmw3aFJGbEdCeHdYR050UnlvWFhfc2pZcGEzV3RPaDNxb3V4SHBNaVB0UWEwaHg4VF9sc21CekpfdmhVSEJYLXBFTzh1eUxnOTV6ZE1pUXMtX0RVSVhENnR1NkN4OWpqcl",NDTV,27.071905744099226,85.11459512702898
6911a57,live-577d6bd2,2026-07-26T23:12:00.090070+00:00,Multiple,Reported area,Structural Failure,Aftermath,Aftershock: Everest and the Nepal Earthquake (2022) - IMDb,"<a href=""https://news.google.com/rss/articles/CBMicEFVX3lxTFByVG9Mai15dGQ4TWM2N2ZLVDFpZEdVMzZxZUs2djhiclFDVjQtVUVtZ3J2OVZjRy1QclREUVh6VzFkLW5lbHcyRmNqdnZyOHJIU0M0Uk83Sng1WnFaa2hVVnRTMTJkbGVSRzhVWTFXOW",IMDb,27.83423547879015,84.95660588161383
6911a57,live-c913e1c7,2026-07-26T23:12:00.090049+00:00,Multiple,Reported area,Structural Failure,Aftermath,"101-Year-Old Pulled From Rubble One Week After Nepal Earthquake - ABC News - Breaking News, Latest N","<a href=""https://news.google.com/rss/articles/CBMinAFBVV95cUxQN0ZnMnd1SzIzbGVEUmJWaGlaZkJjbVpRT0E3eHFJVkdNT1VabWV0bmJoaXI3QzJUYjVlcjZqdGpHaVlKSGY2MjhmeXNNaFdwNndDZnIxalRGLU9LOF9ZTVI1N2JNTTQyXzI4UlBLQW","ABC News - Breaking News, Latest News and Videos",28.283586073037178,85.32226437655342
6911a57,live-479b09b6,2026-07-26T23:12:00.090037+00:00,Multiple,Reported area,Landslide,Aftermath,"Minor quake shakes Nepal, no immediate damage reported - ThePrint","<a href=""https://news.google.com/rss/articles/CBMikgFBVV95cUxNdy1icEg4SGluR1E1SDdpQ1NrVjNSMEdpLWViaXluZzBoeUN4UFhDY1FWWGFfOFU5M0JGd0hVMjhDUC15M2x5ZHFzZGlfMVp3VlJFYkVha2Juem1lZE9UUnMwRmhzVU1ZNU9PRXR3Zn",ThePrint,27.299857131603126,85.80456144465086
6911a57,live-cd353488,2026-07-26T23:12:00.090025+00:00,Multiple,Reported area,Structural Failure,Aftermath,3.8 Magnitude Earthquake Hits Nepal - Deccan Chronicle,"<a href=""https://news.google.com/rss/articles/CBMilgFBVV95cUxPd25LeVA1aTREVVVka0xUWGFZNGx0RmZZNFQ4UGpmRmdyclQtRW1vS09lTDQ0NEhyd0lNbEZpZklKVWdFa1MxQzRfUXZLdk04QnM2cVZNSmlTUENVUnVrd1hZTzlrb3dDSlRwdGZTSU",Deccan Chronicle,27.828275566265013,85.30440470065884
6911a57,live-22151063,2026-07-26T23:12:00.090012+00:00,Multiple,Reported area,Structural Failure,Aftermath,3.8 magnitude earthquake hits Nepal - BusinessLine,"<a href=""https://news.google.com/rss/articles/CBMipAFBVV95cUxOS2pNaDlFZkdIRlBWc2lmSVJQWWlHWW9rZ0ozUDZjakl5cTYxYS1mSzJ2TVUxb255dlpyUEVxcmZtajR5RkZKSGx4ZWpJeVk4LTdGT0tyOHFTTnZvSDFhbmk5RC1xUWR0czlQaWRzUk",BusinessLine,28.12302847448721,86.20254591663033
6911a57,live-0f95e58a,2026-07-26T23:12:00.089995+00:00,Multiple,Reported area,Structural Failure,Aftermath,The economic damage from the Nepal earthquake is almost half of the country’s GDP - qz.com,"<a href=""https://news.google.com/rss/articles/CBMirAFBVV95cUxPWUJKV2JuVTNqa0ZDNUVwMFlIVk9kNU1JMy0wNVQ5dUg0TEFyS2xRczM4em9qYXRqVVBlXzQwVmlzWm8ydFJUYjNFWVhiTEYtWW41cE9fMXAxd2lZYkFINmlaZnBrSW8yWnBBcURVR1",qz.com,27.1347845995178,85.34430915314958
6911a57,live-21eea963,2026-07-26T23:12:00.089977+00:00,Multiple,Reported area,Structural Failure,Aftermath,4.2 magnitude earthquake hits western Nepal - Telangana Today,"<a href=""https://news.google.com/rss/articles/CBMiekFVX3lxTE94RDBmWk12Z25helRlSFVQdUNVTmdfVm5uenhDYU5meDc2S2ppNlhZSXNuUHg1ZW9wYmdkeGN0S1pWalNCVnNyMENRNGVSR0M5aGVwOUNkWlozbEdNUWVrck9Gd295d2RMaFJLUXJZc2",Telangana Today,27.77249971823194,84.58007992378631
6911a57,live-bc54c525,2026-07-26T23:12:00.089943+00:00,Multiple,Reported area,Structural Failure,Aftermath,"Death toll from Venezuela earthquakes increases to 5,398 - Nepalnews.com","<a href=""https://news.google.com/rss/articles/CBMipAFBVV95cUxPdEdDN3NnN3MtR2JldjhlcDVPeHBfRlZ2Y3Z4UG1FZ1ROTWI0TDItLXN1QjJqcDFYVHR2UGVfUGlqNVhxdkY3UzJVdFpBRkw1S1NKczV6OEh5dlpJUUptNjZnenRXc3pBMV9TWUJvV3",Nepalnews.com,27.236058284331154,86.25817828646186
aa52f51,live-9f94f9e7,2026-07-26T22:11:47.244486+00:00,Multiple,Reported area,Structural Failure,Aftermath,Nepal and Northern India are not overdue for a huge earthquake - New Scientist,"<a href=""https://news.google.com/rss/articles/CBMirAFBVV95cUxOTTIwNHM3ZjM1NHFEek5jVkNQblpUQkJsYTRNcDdINHhDMWJmbU9taGFTNFlDbHRUMVhmRGpVb3dsbkRfRnZKd3lkbVFfRExseXR4SGZvOHNhVzRyX29TMlVxWDF5SUhyLXdTNHctMD",New Scientist,26.795216040155815,84.34968555064928
aa52f51,live-de0edcdd,2026-07-26T22:11:47.244472+00:00,Multiple,Reported area,Structural Failure,Aftermath,"A Look Back At The 2015 Nepal Earthquake When 9,000 People Died - NDTV","<a href=""https://news.google.com/rss/articles/CBMiugFBVV95cUxOVHhaRFBXbmw3aFJGbEdCeHdYR050UnlvWFhfc2pZcGEzV3RPaDNxb3V4SHBNaVB0UWEwaHg4VF9sc21CekpfdmhVSEJYLXBFTzh1eUxnOTV6ZE1pUXMtX0RVSVhENnR1NkN4OWpqcl",NDTV,27.00183961510537,84.95170346399172
aa52f51,live-90557a39,2026-07-26T22:11:47.244453+00:00,Multiple,Reported area,Structural Failure,Aftermath,Aftershock: Everest and the Nepal Earthquake (2022) - IMDb,"<a href=""https://news.google.com/rss/articles/CBMicEFVX3lxTFByVG9Mai15dGQ4TWM2N2ZLVDFpZEdVMzZxZUs2djhiclFDVjQtVUVtZ3J2OVZjRy1QclREUVh6VzFkLW5lbHcyRmNqdnZyOHJIU0M0Uk83Sng1WnFaa2hVVnRTMTJkbGVSRzhVWTFXOW",IMDb,28.217832072978034,85.86828931399799
aa52f51,live-6f143e29,2026-07-26T22:11:47.244431+00:00,Multiple,Reported area,Structural Failure,Aftermath,"101-Year-Old Pulled From Rubble One Week After Nepal Earthquake - ABC News - Breaking News, Latest N","<a href=""https://news.google.com/rss/articles/CBMinAFBVV95cUxQN0ZnMnd1SzIzbGVEUmJWaGlaZkJjbVpRT0E3eHFJVkdNT1VabWV0bmJoaXI3QzJUYjVlcjZqdGpHaVlKSGY2MjhmeXNNaFdwNndDZnIxalRGLU9LOF9ZTVI1N2JNTTQyXzI4UlBLQW","ABC News - Breaking News, Latest News and Videos",28.363273318476892,85.29531645339925
aa52f51,live-59fed8b4,2026-07-26T22:11:47.244419+00:00,Multiple,Reported area,Landslide,Aftermath,"Minor quake shakes Nepal, no immediate damage reported - ThePrint","<a href=""https://news.google.com/rss/articles/CBMikgFBVV95cUxNdy1icEg4SGluR1E1SDdpQ1NrVjNSMEdpLWViaXluZzBoeUN4UFhDY1FWWGFfOFU5M0JGd0hVMjhDUC15M2x5ZHFzZGlfMVp3VlJFYkVha2Juem1lZE9UUnMwRmhzVU1ZNU9PRXR3Zn",ThePrint,27.16583142124201,84.56248356969573
aa52f51,live-856ea4f8,2026-07-26T22:11:47.244406+00:00,Multiple,Reported area,Structural Failure,Aftermath,3.8 Magnitude Earthquake Hits Nepal - Deccan Chronicle,"<a href=""https://news.google.com/rss/articles/CBMilgFBVV95cUxPd25LeVA1aTREVVVka0xUWGFZNGx0RmZZNFQ4UGpmRmdyclQtRW1vS09lTDQ0NEhyd0lNbEZpZklKVWdFa1MxQzRfUXZLdk04QnM2cVZNSmlTUENVUnVrd1hZTzlrb3dDSlRwdGZTSU",Deccan Chronicle,27.211113014548683,84.43570939164435
aa52f51,live-f9fb795e,2026-07-26T22:11:47.244392+00:00,Multiple,Reported area,Structural Failure,Aftermath,3.8 magnitude earthquake hits Nepal - BusinessLine,"<a href=""https://news.google.com/rss/articles/CBMipAFBVV95cUxOS2pNaDlFZkdIRlBWc2lmSVJQWWlHWW9rZ0ozUDZjakl5cTYxYS1mSzJ2TVUxb255dlpyUEVxcmZtajR5RkZKSGx4ZWpJeVk4LTdGT0tyOHFTTnZvSDFhbmk5RC1xUWR0czlQaWRzUk",BusinessLine,27.905572531196764,84.75439070266006
aa52f51,live-3d3cfbf2,2026-07-26T22:11:47.244373+00:00,Multiple,Reported area,Structural Failure,Aftermath,The economic damage from the Nepal earthquake is almost half of the country’s GDP - qz.com,"<a href=""https://news.google.com/rss/articles/CBMirAFBVV95cUxPWUJKV2JuVTNqa0ZDNUVwMFlIVk9kNU1JMy0wNVQ5dUg0TEFyS2xRczM4em9qYXRqVVBlXzQwVmlzWm8ydFJUYjNFWVhiTEYtWW41cE9fMXAxd2lZYkFINmlaZnBrSW8yWnBBcURVR1",qz.com,27.444290139114653,85.93583818170697
aa52f51,live-d2c728e0,2026-07-26T22:11:47.244351+00:00,Multiple,Reported area,Structural Failure,Aftermath,4.2 magnitude earthquake hits western Nepal - Telangana Today,"<a href=""https://news.google.com/rss/articles/CBMiekFVX3lxTE94RDBmWk12Z25helRlSFVQdUNVTmdfVm5uenhDYU5meDc2S2ppNlhZSXNuUHg1ZW9wYmdkeGN0S1pWalNCVnNyMENRNGVSR0M5aGVwOUNkWlozbEdNUWVrck9Gd295d2RMaFJLUXJZc2",Telangana Today,27.829368365562928,85.86879153287913
aa52f51,live-18242299,2026-07-26T22:11:47.244297+00:00,Multiple,Reported area,Structural Failure,Aftermath,"Death toll from Venezuela earthquakes increases to 5,398 - Nepalnews.com","<a href=""https://news.google.com/rss/articles/CBMipAFBVV95cUxPdEdDN3NnN3MtR2JldjhlcDVPeHBfRlZ2Y3Z4UG1FZ1ROTWI0TDItLXN1QjJqcDFYVHR2UGVfUGlqNVhxdkY3UzJVdFpBRkw1S1NKczV6OEh5dlpJUUptNjZnenRXc3pBMV9TWUJvV3",Nepalnews.com,28.253084031362537,86.13525657989136
77645d5,live-b18e8637,2026-07-26T21:10:59.713585+00:00,Multiple,Reported area,Structural Failure,Aftermath,"A Look Back At The 2015 Nepal Earthquake When 9,000 People Died - NDTV","<a href=""https://news.google.com/rss/articles/CBMiugFBVV95cUxOVHhaRFBXbmw3aFJGbEdCeHdYR050UnlvWFhfc2pZcGEzV3RPaDNxb3V4SHBNaVB0UWEwaHg4VF9sc21CekpfdmhVSEJYLXBFTzh1eUxnOTV6ZE1pUXMtX0RVSVhENnR1NkN4OWpqcl",NDTV,26.70817321850858,85.76156640849607
77645d5,live-00c38bbd,2026-07-26T21:10:59.713575+00:00,Multiple,Reported area,Structural Failure,Aftermath,Aftershock: Everest and the Nepal Earthquake (2022) - IMDb,"<a href=""https://news.google.com/rss/articles/CBMicEFVX3lxTFByVG9Mai15dGQ4TWM2N2ZLVDFpZEdVMzZxZUs2djhiclFDVjQtVUVtZ3J2OVZjRy1QclREUVh6VzFkLW5lbHcyRmNqdnZyOHJIU0M0Uk83Sng1WnFaa2hVVnRTMTJkbGVSRzhVWTFXOW",IMDb,26.83247531756429,85.3485608213408
77645d5,live-58f7c86d,2026-07-26T21:10:59.713564+00:00,Multiple,Reported area,Structural Failure,Aftermath,"101-Year-Old Pulled From Rubble One Week After Nepal Earthquake - ABC News - Breaking News, Latest N","<a href=""https://news.google.com/rss/articles/CBMinAFBVV95cUxQN0ZnMnd1SzIzbGVEUmJWaGlaZkJjbVpRT0E3eHFJVkdNT1VabWV0bmJoaXI3QzJUYjVlcjZqdGpHaVlKSGY2MjhmeXNNaFdwNndDZnIxalRGLU9LOF9ZTVI1N2JNTTQyXzI4UlBLQW","ABC News - Breaking News, Latest News and Videos",28.02036723553743,85.87223221854777
77645d5,live-3ca44ad4,2026-07-26T21:10:59.713549+00:00,Multiple,Reported area,Landslide,Aftermath,"Minor quake shakes Nepal, no immediate damage reported - ThePrint","<a href=""https://news.google.com/rss/articles/CBMikgFBVV95cUxNdy1icEg4SGluR1E1SDdpQ1NrVjNSMEdpLWViaXluZzBoeUN4UFhDY1FWWGFfOFU5M0JGd0hVMjhDUC15M2x5ZHFzZGlfMVp3VlJFYkVha2Juem1lZE9UUnMwRmhzVU1ZNU9PRXR3Zn",ThePrint,28.356670659249545,84.37944055062823
77645d5,live-a42e5efd,2026-07-26T21:10:59.713538+00:00,Multiple,Reported area,Structural Failure,Aftermath,3.8 Magnitude Earthquake Hits Nepal - Deccan Chronicle,"<a href=""https://news.google.com/rss/articles/CBMilgFBVV95cUxPd25LeVA1aTREVVVka0xUWGFZNGx0RmZZNFQ4UGpmRmdyclQtRW1vS09lTDQ0NEhyd0lNbEZpZklKVWdFa1MxQzRfUXZLdk04QnM2cVZNSmlTUENVUnVrd1hZTzlrb3dDSlRwdGZTSU",Deccan Chronicle,26.73894631701741,86.16700360003313
77645d5,live-d98cbeff,2026-07-26T21:10:59.713528+00:00,Multiple,Reported area,Structural Failure,Aftermath,Earthquake of 4.2-magnitude stikes western Nepal - News On AIR,"<a href=""https://news.google.com/rss/articles/CBMif0FVX3lxTE5VYlZsU2FGSXBVcDQ2MWQ5RHNRX3N0dVZoWmNqNGpqRkRXQ1BhSkE5OWpFSEVjdmtvRzhISzk1RG43d2wwRmxJSHRMeEtQdVdzMW96cUE4OFRsalRqdF8yU3BMdFNab3MxOTZVTUNINz",News On AIR,27.223305856529883,84.67005799119266
77645d5,live-c205317e,2026-07-26T21:10:59.713518+00:00,Multiple,Reported area,Structural Failure,Aftermath,3.8 magnitude earthquake hits Nepal - BusinessLine,"<a href=""https://news.google.com/rss/articles/CBMipAFBVV95cUxOS2pNaDlFZkdIRlBWc2lmSVJQWWlHWW9rZ0ozUDZjakl5cTYxYS1mSzJ2TVUxb255dlpyUEVxcmZtajR5RkZKSGx4ZWpJeVk4LTdGT0tyOHFTTnZvSDFhbmk5RC1xUWR0czlQaWRzUk",BusinessLine,27.05663730401212,85.52057496580152
77645d5,live-c442e7ec,2026-07-26T21:10:59.713502+00:00,Multiple,Reported area,Structural Failure,Aftermath,The economic damage from the Nepal earthquake is almost half of the country’s GDP - qz.com,"<a href=""https://news.google.com/rss/articles/CBMirAFBVV95cUxPWUJKV2JuVTNqa0ZDNUVwMFlIVk9kNU1JMy0wNVQ5dUg0TEFyS2xRczM4em9qYXRqVVBlXzQwVmlzWm8ydFJUYjNFWVhiTEYtWW41cE9fMXAxd2lZYkFINmlaZnBrSW8yWnBBcURVR1",qz.com,28.114379697600846,84.74055983517368
77645d5,live-0a90a4c6,2026-07-26T21:10:59.713489+00:00,Multiple,Reported area,Structural Failure,Aftermath,4.2 magnitude earthquake hits western Nepal - Telangana Today,"<a href=""https://news.google.com/rss/articles/CBMiekFVX3lxTE94RDBmWk12Z25helRlSFVQdUNVTmdfVm5uenhDYU5meDc2S2ppNlhZSXNuUHg1ZW9wYmdkeGN0S1pWalNCVnNyMENRNGVSR0M5aGVwOUNkWlozbEdNUWVrck9Gd295d2RMaFJLUXJZc2",Telangana Today,27.04796979305473,85.37305348786292
77645d5,live-b2a6753c,2026-07-26T21:10:59.713460+00:00,Multiple,Reported area,Structural Failure,Aftermath,"Death toll from Venezuela earthquakes increases to 5,398 - Nepalnews.com","<a href=""https://news.google.com/rss/articles/CBMipAFBVV95cUxPdEdDN3NnN3MtR2JldjhlcDVPeHBfRlZ2Y3Z4UG1FZ1ROTWI0TDItLXN1QjJqcDFYVHR2UGVfUGlqNVhxdkY3UzJVdFpBRkw1S1NKczV6OEh5dlpJUUptNjZnenRXc3pBMV9TWUJvV3",Nepalnews.com,26.872643362876158,84.74345428747978
93cd4b1,live-bf99b7bb,2026-07-26T18:43:26.327761+00:00,Multiple,Reported area,Structural Failure,Aftermath,Nepal and Northern India are not overdue for a huge earthquake - New Scientist,"<a href=""https://news.google.com/rss/articles/CBMirAFBVV95cUxOTTIwNHM3ZjM1NHFEek5jVkNQblpUQkJsYTRNcDdINHhDMWJmbU9taGFTNFlDbHRUMVhmRGpVb3dsbkRfRnZKd3lkbVFfRExseXR4SGZvOHNhVzRyX29TMlVxWDF5SUhyLXdTNHctMD",New Scientist,27.124158785770565,85.01663826208329
93cd4b1,live-def8d491,2026-07-26T18:43:26.327749+00:00,Multiple,Reported area,Structural Failure,Aftermath,"A Look Back At The 2015 Nepal Earthquake When 9,000 People Died - NDTV","<a href=""https://news.google.com/rss/articles/CBMiugFBVV95cUxOVHhaRFBXbmw3aFJGbEdCeHdYR050UnlvWFhfc2pZcGEzV3RPaDNxb3V4SHBNaVB0UWEwaHg4VF9sc21CekpfdmhVSEJYLXBFTzh1eUxnOTV6ZE1pUXMtX0RVSVhENnR1NkN4OWpqcl",NDTV,28.204551308375336,85.89119548239712
93cd4b1,live-edd817a1,2026-07-26T18:43:26.327735+00:00,Multiple,Reported area,Structural Failure,Aftermath,Aftershock: Everest and the Nepal Earthquake (2022) - IMDb,"<a href=""https://news.google.com/rss/articles/CBMicEFVX3lxTFByVG9Mai15dGQ4TWM2N2ZLVDFpZEdVMzZxZUs2djhiclFDVjQtVUVtZ3J2OVZjRy1QclREUVh6VzFkLW5lbHcyRmNqdnZyOHJIU0M0Uk83Sng1WnFaa2hVVnRTMTJkbGVSRzhVWTFXOW",IMDb,27.99774383541311,85.08046807910473
93cd4b1,live-746ac82e,2026-07-26T18:43:26.327712+00:00,Multiple,Reported area,Structural Failure,Aftermath,"101-Year-Old Pulled From Rubble One Week After Nepal Earthquake - ABC News - Breaking News, Latest N","<a href=""https://news.google.com/rss/articles/CBMinAFBVV95cUxQN0ZnMnd1SzIzbGVEUmJWaGlaZkJjbVpRT0E3eHFJVkdNT1VabWV0bmJoaXI3QzJUYjVlcjZqdGpHaVlKSGY2MjhmeXNNaFdwNndDZnIxalRGLU9LOF9ZTVI1N2JNTTQyXzI4UlBLQW","ABC News - Breaking News, Latest News and Videos",27.122583770391188,85.46854436034882
93cd4b1,live-f196850d,2026-07-26T18:43:26.327700+00:00,Multiple,Reported area,Landslide,Aftermath,"Minor quake shakes Nepal, no immediate damage reported - ThePrint","<a href=""https://news.google.com/rss/articles/CBMikgFBVV95cUxNdy1icEg4SGluR1E1SDdpQ1NrVjNSMEdpLWViaXluZzBoeUN4UFhDY1FWWGFfOFU5M0JGd0hVMjhDUC15M2x5ZHFzZGlfMVp3VlJFYkVha2Juem1lZE9UUnMwRmhzVU1ZNU9PRXR3Zn",ThePrint,26.722569988346816,86.22532828525762
93cd4b1,live-21faf671,2026-07-26T18:43:26.327688+00:00,Multiple,Reported area,Structural Failure,Aftermath,3.8 Magnitude Earthquake Hits Nepal - Deccan Chronicle,"<a href=""https://news.google.com/rss/articles/CBMilgFBVV95cUxPd25LeVA1aTREVVVka0xUWGFZNGx0RmZZNFQ4UGpmRmdyclQtRW1vS09lTDQ0NEhyd0lNbEZpZklKVWdFa1MxQzRfUXZLdk04QnM2cVZNSmlTUENVUnVrd1hZTzlrb3dDSlRwdGZTSU",Deccan Chronicle,28.096206083702015,85.80915604081684
93cd4b1,live-02349d8d,2026-07-26T18:43:26.327674+00:00,Multiple,Reported area,Structural Failure,Aftermath,3.8 magnitude earthquake hits Nepal - BusinessLine,"<a href=""https://news.google.com/rss/articles/CBMipAFBVV95cUxOS2pNaDlFZkdIRlBWc2lmSVJQWWlHWW9rZ0ozUDZjakl5cTYxYS1mSzJ2TVUxb255dlpyUEVxcmZtajR5RkZKSGx4ZWpJeVk4LTdGT0tyOHFTTnZvSDFhbmk5RC1xUWR0czlQaWRzUk",BusinessLine,27.65318587484368,85.45541677683076
93cd4b1,live-eb3314b7,2026-07-26T18:43:26.327656+00:00,Multiple,Reported area,Structural Failure,Aftermath,Earthquake of 4.2-magnitude stikes western Nepal - News On AIR,"<a href=""https://news.google.com/rss/articles/CBMif0FVX3lxTE5VYlZsU2FGSXBVcDQ2MWQ5RHNRX3N0dVZoWmNqNGpqRkRXQ1BhSkE5OWpFSEVjdmtvRzhISzk1RG43d2wwRmxJSHRMeEtQdVdzMW96cUE4OFRsalRqdF8yU3BMdFNab3MxOTZVTUNINz",News On AIR,26.879409505300153,85.29672816290352
93cd4b1,live-e8a5660e,2026-07-26T18:43:26.327641+00:00,Multiple,Reported area,Structural Failure,Aftermath,The economic damage from the Nepal earthquake is almost half of the country’s GDP - qz.com,"<a href=""https://news.google.com/rss/articles/CBMirAFBVV95cUxPWUJKV2JuVTNqa0ZDNUVwMFlIVk9kNU1JMy0wNVQ5dUg0TEFyS2xRczM4em9qYXRqVVBlXzQwVmlzWm8ydFJUYjNFWVhiTEYtWW41cE9fMXAxd2lZYkFINmlaZnBrSW8yWnBBcURVR1",qz.com,27.395324871468762,84.3135621021957
93cd4b1,live-5551b00b,2026-07-26T18:43:26.327606+00:00,Multiple,Reported area,Structural Failure,Aftermath,"Death toll from Venezuela earthquakes increases to 5,398 - Nepalnews.com","<a href=""https://news.google.com/rss/articles/CBMipAFBVV95cUxPdEdDN3NnN3MtR2JldjhlcDVPeHBfRlZ2Y3Z4UG1FZ1ROTWI0TDItLXN1QjJqcDFYVHR2UGVfUGlqNVhxdkY3UzJVdFpBRkw1S1NKczV6OEh5dlpJUUptNjZnenRXc3pBMV9TWUJvV3",Nepalnews.com,28.4151286776259,85.98943659825197
25e5757,live-59a58d3c,2026-07-26T17:42:24.894472+00:00,Multiple,Reported area,Structural Failure,Aftermath,"A Look Back At The 2015 Nepal Earthquake When 9,000 People Died - NDTV","<a href=""https://news.google.com/rss/articles/CBMiugFBVV95cUxOVHhaRFBXbmw3aFJGbEdCeHdYR050UnlvWFhfc2pZcGEzV3RPaDNxb3V4SHBNaVB0UWEwaHg4VF9sc21CekpfdmhVSEJYLXBFTzh1eUxnOTV6ZE1pUXMtX0RVSVhENnR1NkN4OWpqcl",NDTV,27.13298586400826,85.56378449804471
25e5757,live-5edd38a1,2026-07-26T17:42:24.894460+00:00,Multiple,Reported area,Structural Failure,Aftermath,Aftershock: Everest and the Nepal Earthquake (2022) - IMDb,"<a href=""https://news.google.com/rss/articles/CBMicEFVX3lxTFByVG9Mai15dGQ4TWM2N2ZLVDFpZEdVMzZxZUs2djhiclFDVjQtVUVtZ3J2OVZjRy1QclREUVh6VzFkLW5lbHcyRmNqdnZyOHJIU0M0Uk83Sng1WnFaa2hVVnRTMTJkbGVSRzhVWTFXOW",IMDb,28.396154993115104,85.46441999558313
25e5757,live-5e606f3a,2026-07-26T17:42:24.894447+00:00,Multiple,Reported area,Structural Failure,Aftermath,"101-Year-Old Pulled From Rubble One Week After Nepal Earthquake - ABC News - Breaking News, Latest N","<a href=""https://news.google.com/rss/articles/CBMinAFBVV95cUxQN0ZnMnd1SzIzbGVEUmJWaGlaZkJjbVpRT0E3eHFJVkdNT1VabWV0bmJoaXI3QzJUYjVlcjZqdGpHaVlKSGY2MjhmeXNNaFdwNndDZnIxalRGLU9LOF9ZTVI1N2JNTTQyXzI4UlBLQW","ABC News - Breaking News, Latest News and Videos",27.843988953005137,84.65856842995586
25e5757,live-0a547b1e,2026-07-26T17:42:24.894430+00:00,Multiple,Reported area,Landslide,Aftermath,"Minor quake shakes Nepal, no immediate damage reported - ThePrint","<a href=""https://news.google.com/rss/articles/CBMikgFBVV95cUxNdy1icEg4SGluR1E1SDdpQ1NrVjNSMEdpLWViaXluZzBoeUN4UFhDY1FWWGFfOFU5M0JGd0hVMjhDUC15M2x5ZHFzZGlfMVp3VlJFYkVha2Juem1lZE9UUnMwRmhzVU1ZNU9PRXR3Zn",ThePrint,26.97329369157573,85.85178914106056
25e5757,live-1c049032,2026-07-26T17:42:24.894414+00:00,Multiple,Reported area,Structural Failure,Aftermath,3.8 Magnitude Earthquake Hits Nepal - Deccan Chronicle,"<a href=""https://news.google.com/rss/articles/CBMilgFBVV95cUxPd25LeVA1aTREVVVka0xUWGFZNGx0RmZZNFQ4UGpmRmdyclQtRW1vS09lTDQ0NEhyd0lNbEZpZklKVWdFa1MxQzRfUXZLdk04QnM2cVZNSmlTUENVUnVrd1hZTzlrb3dDSlRwdGZTSU",Deccan Chronicle,27.086720580661698,86.14838887812293
25e5757,live-9d35192f,2026-07-26T17:42:24.894402+00:00,Multiple,Reported area,Structural Failure,Aftermath,3.8 magnitude earthquake hits Nepal - BusinessLine,"<a href=""https://news.google.com/rss/articles/CBMipAFBVV95cUxOS2pNaDlFZkdIRlBWc2lmSVJQWWlHWW9rZ0ozUDZjakl5cTYxYS1mSzJ2TVUxb255dlpyUEVxcmZtajR5RkZKSGx4ZWpJeVk4LTdGT0tyOHFTTnZvSDFhbmk5RC1xUWR0czlQaWRzUk",BusinessLine,27.571688694351078,85.97984747328425
25e5757,live-472cb77a,2026-07-26T17:42:24.894388+00:00,Multiple,Reported area,Structural Failure,Aftermath,The economic damage from the Nepal earthquake is almost half of the country’s GDP - qz.com,"<a href=""https://news.google.com/rss/articles/CBMirAFBVV95cUxPWUJKV2JuVTNqa0ZDNUVwMFlIVk9kNU1JMy0wNVQ5dUg0TEFyS2xRczM4em9qYXRqVVBlXzQwVmlzWm8ydFJUYjNFWVhiTEYtWW41cE9fMXAxd2lZYkFINmlaZnBrSW8yWnBBcURVR1",qz.com,26.789439338973935,84.34587532975924
25e5757,live-04c85ccd,2026-07-26T17:42:24.894367+00:00,Multiple,Reported area,Structural Failure,Aftermath,Earthquake of 4.2-magnitude stikes western Nepal - News On AIR,"<a href=""https://news.google.com/rss/articles/CBMif0FVX3lxTE5VYlZsU2FGSXBVcDQ2MWQ5RHNRX3N0dVZoWmNqNGpqRkRXQ1BhSkE5OWpFSEVjdmtvRzhISzk1RG43d2wwRmxJSHRMeEtQdVdzMW96cUE4OFRsalRqdF8yU3BMdFNab3MxOTZVTUNINz",News On AIR,26.809604121131553,84.75769189508995
25e5757,live-0c819969,2026-07-26T17:42:24.894352+00:00,Multiple,Reported area,Structural Failure,Aftermath,4.2 magnitude earthquake hits western Nepal - Telangana Today,"<a href=""https://news.google.com/rss/articles/CBMiekFVX3lxTE94RDBmWk12Z25helRlSFVQdUNVTmdfVm5uenhDYU5meDc2S2ppNlhZSXNuUHg1ZW9wYmdkeGN0S1pWalNCVnNyMENRNGVSR0M5aGVwOUNkWlozbEdNUWVrck9Gd295d2RMaFJLUXJZc2",Telangana Today,27.41629582049362,84.37323864691336
25e5757,live-689546be,2026-07-26T17:42:24.894325+00:00,Multiple,Reported area,Structural Failure,Aftermath,"Death toll from Venezuela earthquakes increases to 5,398 - Nepalnews.com","<a href=""https://news.google.com/rss/articles/CBMipAFBVV95cUxPdEdDN3NnN3MtR2JldjhlcDVPeHBfRlZ2Y3Z4UG1FZ1ROTWI0TDItLXN1QjJqcDFYVHR2UGVfUGlqNVhxdkY3UzJVdFpBRkw1S1NKczV6OEh5dlpJUUptNjZnenRXc3pBMV9TWUJvV3",Nepalnews.com,28.011855787375083,85.92979382893064
08cc670,live-d6374e45,2026-07-26T16:34:32.166717+00:00,Multiple,Reported area,Structural Failure,Aftermath,"A Look Back At The 2015 Nepal Earthquake When 9,000 People Died - NDTV","<a href=""https://news.google.com/rss/articles/CBMiugFBVV95cUxOVHhaRFBXbmw3aFJGbEdCeHdYR050UnlvWFhfc2pZcGEzV3RPaDNxb3V4SHBNaVB0UWEwaHg4VF9sc21CekpfdmhVSEJYLXBFTzh1eUxnOTV6ZE1pUXMtX0RVSVhENnR1NkN4OWpqcl",NDTV,26.732798493200672,84.45245253485504
08cc670,live-9b58fcfe,2026-07-26T16:34:32.166708+00:00,Multiple,Reported area,Structural Failure,Aftermath,Nepal and Northern India are not overdue for a huge earthquake - New Scientist,"<a href=""https://news.google.com/rss/articles/CBMirAFBVV95cUxOTTIwNHM3ZjM1NHFEek5jVkNQblpUQkJsYTRNcDdINHhDMWJmbU9taGFTNFlDbHRUMVhmRGpVb3dsbkRfRnZKd3lkbVFfRExseXR4SGZvOHNhVzRyX29TMlVxWDF5SUhyLXdTNHctMD",New Scientist,26.88683244195656,85.9136975386049
08cc670,live-80c631c0,2026-07-26T16:34:32.166699+00:00,Multiple,Reported area,Structural Failure,Aftermath,Aftershock: Everest and the Nepal Earthquake (2022) - IMDb,"<a href=""https://news.google.com/rss/articles/CBMicEFVX3lxTFByVG9Mai15dGQ4TWM2N2ZLVDFpZEdVMzZxZUs2djhiclFDVjQtVUVtZ3J2OVZjRy1QclREUVh6VzFkLW5lbHcyRmNqdnZyOHJIU0M0Uk83Sng1WnFaa2hVVnRTMTJkbGVSRzhVWTFXOW",IMDb,26.948812046713556,86.22965241543926
08cc670,live-b01946c8,2026-07-26T16:34:32.166677+00:00,Multiple,Reported area,Structural Failure,Aftermath,"101-Year-Old Pulled From Rubble One Week After Nepal Earthquake - ABC News - Breaking News, Latest N","<a href=""https://news.google.com/rss/articles/CBMinAFBVV95cUxQN0ZnMnd1SzIzbGVEUmJWaGlaZkJjbVpRT0E3eHFJVkdNT1VabWV0bmJoaXI3QzJUYjVlcjZqdGpHaVlKSGY2MjhmeXNNaFdwNndDZnIxalRGLU9LOF9ZTVI1N2JNTTQyXzI4UlBLQW","ABC News - Breaking News, Latest News and Videos",27.15075434252426,85.0108420051974
08cc670,live-c87d7796,2026-07-26T16:34:32.166647+00:00,Multiple,Reported area,Landslide,Aftermath,"Minor quake shakes Nepal, no immediate damage reported - ThePrint","<a href=""https://news.google.com/rss/articles/CBMikgFBVV95cUxNdy1icEg4SGluR1E1SDdpQ1NrVjNSMEdpLWViaXluZzBoeUN4UFhDY1FWWGFfOFU5M0JGd0hVMjhDUC15M2x5ZHFzZGlfMVp3VlJFYkVha2Juem1lZE9UUnMwRmhzVU1ZNU9PRXR3Zn",ThePrint,27.17379269482432,84.6160199430132
08cc670,live-9c814deb,2026-07-26T16:34:32.166638+00:00,Multiple,Reported area,Structural Failure,Aftermath,3.8 Magnitude Earthquake Hits Nepal - Deccan Chronicle,"<a href=""https://news.google.com/rss/articles/CBMilgFBVV95cUxPd25LeVA1aTREVVVka0xUWGFZNGx0RmZZNFQ4UGpmRmdyclQtRW1vS09lTDQ0NEhyd0lNbEZpZklKVWdFa1MxQzRfUXZLdk04QnM2cVZNSmlTUENVUnVrd1hZTzlrb3dDSlRwdGZTSU",Deccan Chronicle,26.921212782091573,85.29519763227867
08cc670,live-7110036f,2026-07-26T16:34:32.166630+00:00,Multiple,Reported area,Structural Failure,Aftermath,3.8 magnitude earthquake hits Nepal - BusinessLine,"<a href=""https://news.google.com/rss/articles/CBMipAFBVV95cUxOS2pNaDlFZkdIRlBWc2lmSVJQWWlHWW9rZ0ozUDZjakl5cTYxYS1mSzJ2TVUxb255dlpyUEVxcmZtajR5RkZKSGx4ZWpJeVk4LTdGT0tyOHFTTnZvSDFhbmk5RC1xUWR0czlQaWRzUk",BusinessLine,28.144110666680167,84.37398868181039
08cc670,live-fadf9e47,2026-07-26T16:34:32.166617+00:00,Multiple,Reported area,Structural Failure,Aftermath,The economic damage from the Nepal earthquake is almost half of the country’s GDP - qz.com,"<a href=""https://news.google.com/rss/articles/CBMirAFBVV95cUxPWUJKV2JuVTNqa0ZDNUVwMFlIVk9kNU1JMy0wNVQ5dUg0TEFyS2xRczM4em9qYXRqVVBlXzQwVmlzWm8ydFJUYjNFWVhiTEYtWW41cE9fMXAxd2lZYkFINmlaZnBrSW8yWnBBcURVR1",qz.com,28.64019571233706,86.17533304603828
08cc670,live-0da2e831,2026-07-26T16:34:32.166605+00:00,Multiple,Reported area,Structural Failure,Aftermath,Earthquake of 4.2-magnitude stikes western Nepal - News On AIR,"<a href=""https://news.google.com/rss/articles/CBMif0FVX3lxTE5VYlZsU2FGSXBVcDQ2MWQ5RHNRX3N0dVZoWmNqNGpqRkRXQ1BhSkE5OWpFSEVjdmtvRzhISzk1RG43d2wwRmxJSHRMeEtQdVdzMW96cUE4OFRsalRqdF8yU3BMdFNab3MxOTZVTUNINz",News On AIR,28.041561618258527,86.28683238982846
08cc670,live-964fc529,2026-07-26T16:34:32.166579+00:00,Multiple,Reported area,Structural Failure,Aftermath,"Death toll from Venezuela earthquakes increases to 5,398 - Nepalnews.com","<a href=""https://news.google.com/rss/articles/CBMipAFBVV95cUxPdEdDN3NnN3MtR2JldjhlcDVPeHBfRlZ2Y3Z4UG1FZ1ROTWI0TDItLXN1QjJqcDFYVHR2UGVfUGlqNVhxdkY3UzJVdFpBRkw1S1NKczV6OEh5dlpJUUptNjZnenRXc3pBMV9TWUJvV3",Nepalnews.com,26.92917094988737,84.51873354610069
c916621,live-a672d225,2026-07-26T15:31:10.977171+00:00,Multiple,Reported area,Structural Failure,Aftermath,Aftershock: Everest and the Nepal Earthquake (2022) - IMDb,"<a href=""https://news.google.com/rss/articles/CBMicEFVX3lxTFByVG9Mai15dGQ4TWM2N2ZLVDFpZEdVMzZxZUs2djhiclFDVjQtVUVtZ3J2OVZjRy1QclREUVh6VzFkLW5lbHcyRmNqdnZyOHJIU0M0Uk83Sng1WnFaa2hVVnRTMTJkbGVSRzhVWTFXOW",IMDb,27.311035688196974,85.43076932810332
c916621,live-3ac30ecc,2026-07-26T15:31:10.977158+00:00,Multiple,Reported area,Structural Failure,Aftermath,"A Look Back At The 2015 Nepal Earthquake When 9,000 People Died - NDTV","<a href=""https://news.google.com/rss/articles/CBMiugFBVV95cUxOVHhaRFBXbmw3aFJGbEdCeHdYR050UnlvWFhfc2pZcGEzV3RPaDNxb3V4SHBNaVB0UWEwaHg4VF9sc21CekpfdmhVSEJYLXBFTzh1eUxnOTV6ZE1pUXMtX0RVSVhENnR1NkN4OWpqcl",NDTV,27.252571492397646,85.96892094300459
c916621,live-7e78b8fc,2026-07-26T15:31:10.977143+00:00,Multiple,Reported area,Structural Failure,Aftermath,Nepal and Northern India are not overdue for a huge earthquake - New Scientist,"<a href=""https://news.google.com/rss/articles/CBMirAFBVV95cUxOTTIwNHM3ZjM1NHFEek5jVkNQblpUQkJsYTRNcDdINHhDMWJmbU9taGFTNFlDbHRUMVhmRGpVb3dsbkRfRnZKd3lkbVFfRExseXR4SGZvOHNhVzRyX29TMlVxWDF5SUhyLXdTNHctMD",New Scientist,27.743075565949663,85.30763138470124
c916621,live-efbc73cc,2026-07-26T15:31:10.977119+00:00,Multiple,Reported area,Structural Failure,Aftermath,"101-Year-Old Pulled From Rubble One Week After Nepal Earthquake - ABC News - Breaking News, Latest N","<a href=""https://news.google.com/rss/articles/CBMinAFBVV95cUxQN0ZnMnd1SzIzbGVEUmJWaGlaZkJjbVpRT0E3eHFJVkdNT1VabWV0bmJoaXI3QzJUYjVlcjZqdGpHaVlKSGY2MjhmeXNNaFdwNndDZnIxalRGLU9LOF9ZTVI1N2JNTTQyXzI4UlBLQW","ABC News - Breaking News, Latest News and Videos",28.48629215444029,86.05059453649399
c916621,live-f09bd0f1,2026-07-26T15:31:10.977106+00:00,Multiple,Reported area,Landslide,Aftermath,"Minor quake shakes Nepal, no immediate damage reported - ThePrint","<a href=""https://news.google.com/rss/articles/CBMikgFBVV95cUxNdy1icEg4SGluR1E1SDdpQ1NrVjNSMEdpLWViaXluZzBoeUN4UFhDY1FWWGFfOFU5M0JGd0hVMjhDUC15M2x5ZHFzZGlfMVp3VlJFYkVha2Juem1lZE9UUnMwRmhzVU1ZNU9PRXR3Zn",ThePrint,27.204405344573868,84.76696578992227
c916621,live-33b4f665,2026-07-26T15:31:10.977093+00:00,Multiple,Reported area,Structural Failure,Aftermath,3.8 Magnitude Earthquake Hits Nepal - Deccan Chronicle,"<a href=""https://news.google.com/rss/articles/CBMilgFBVV95cUxPd25LeVA1aTREVVVka0xUWGFZNGx0RmZZNFQ4UGpmRmdyclQtRW1vS09lTDQ0NEhyd0lNbEZpZklKVWdFa1MxQzRfUXZLdk04QnM2cVZNSmlTUENVUnVrd1hZTzlrb3dDSlRwdGZTSU",Deccan Chronicle,27.176755641168434,85.25031451551648
c916621,live-0c90802b,2026-07-26T15:31:10.977078+00:00,Multiple,Reported area,Structural Failure,Aftermath,3.8 magnitude earthquake hits Nepal - BusinessLine,"<a href=""https://news.google.com/rss/articles/CBMipAFBVV95cUxOS2pNaDlFZkdIRlBWc2lmSVJQWWlHWW9rZ0ozUDZjakl5cTYxYS1mSzJ2TVUxb255dlpyUEVxcmZtajR5RkZKSGx4ZWpJeVk4LTdGT0tyOHFTTnZvSDFhbmk5RC1xUWR0czlQaWRzUk",BusinessLine,28.536817885310025,86.01648058787993
c916621,live-6dbfa1f4,2026-07-26T15:31:10.977059+00:00,Multiple,Reported area,Structural Failure,Aftermath,The economic damage from the Nepal earthquake is almost half of the country’s GDP - qz.com,"<a href=""https://news.google.com/rss/articles/CBMirAFBVV95cUxPWUJKV2JuVTNqa0ZDNUVwMFlIVk9kNU1JMy0wNVQ5dUg0TEFyS2xRczM4em9qYXRqVVBlXzQwVmlzWm8ydFJUYjNFWVhiTEYtWW41cE9fMXAxd2lZYkFINmlaZnBrSW8yWnBBcURVR1",qz.com,27.216413605119577,85.12415686920478
c916621,live-e182878f,2026-07-26T15:31:10.977040+00:00,Multiple,Reported area,Structural Failure,Aftermath,Earthquake of 4.2-magnitude stikes western Nepal - News On AIR,"<a href=""https://news.google.com/rss/articles/CBMif0FVX3lxTE5VYlZsU2FGSXBVcDQ2MWQ5RHNRX3N0dVZoWmNqNGpqRkRXQ1BhSkE5OWpFSEVjdmtvRzhISzk1RG43d2wwRmxJSHRMeEtQdVdzMW96cUE4OFRsalRqdF8yU3BMdFNab3MxOTZVTUNINz",News On AIR,28.609683289258015,85.28143376088754
c916621,live-3cb17a4a,2026-07-26T15:31:10.977006+00:00,Multiple,Reported area,Structural Failure,Aftermath,"Death toll from Venezuela earthquakes increases to 5,398 - Nepalnews.com","<a href=""https://news.google.com/rss/articles/CBMipAFBVV95cUxPdEdDN3NnN3MtR2JldjhlcDVPeHBfRlZ2Y3Z4UG1FZ1ROTWI0TDItLXN1QjJqcDFYVHR2UGVfUGlqNVhxdkY3UzJVdFpBRkw1S1NKczV6OEh5dlpJUUptNjZnenRXc3pBMV9TWUJvV3",Nepalnews.com,27.276219016610234,84.92000190792453
96d3f3f,live-44678c7f,2026-07-26T14:14:01.033190+00:00,Multiple,Reported area,Structural Failure,Aftermath,Aftershock: Everest and the Nepal Earthquake (2022) - IMDb,"<a href=""https://news.google.com/rss/articles/CBMicEFVX3lxTFByVG9Mai15dGQ4TWM2N2ZLVDFpZEdVMzZxZUs2djhiclFDVjQtVUVtZ3J2OVZjRy1QclREUVh6VzFkLW5lbHcyRmNqdnZyOHJIU0M0Uk83Sng1WnFaa2hVVnRTMTJkbGVSRzhVWTFXOW",IMDb,27.05589837563345,84.44772190062228
96d3f3f,live-4046ee92,2026-07-26T14:14:01.033178+00:00,Multiple,Reported area,Structural Failure,Aftermath,Nepal and Northern India are not overdue for a huge earthquake - New Scientist,"<a href=""https://news.google.com/rss/articles/CBMirAFBVV95cUxOTTIwNHM3ZjM1NHFEek5jVkNQblpUQkJsYTRNcDdINHhDMWJmbU9taGFTNFlDbHRUMVhmRGpVb3dsbkRfRnZKd3lkbVFfRExseXR4SGZvOHNhVzRyX29TMlVxWDF5SUhyLXdTNHctMD",New Scientist,28.303427846552466,85.37898002406546
96d3f3f,live-9b8863f4,2026-07-26T14:14:01.033165+00:00,Multiple,Reported area,Structural Failure,Aftermath,"101-Year-Old Pulled From Rubble One Week After Nepal Earthquake - ABC News - Breaking News, Latest N","<a href=""https://news.google.com/rss/articles/CBMinAFBVV95cUxQN0ZnMnd1SzIzbGVEUmJWaGlaZkJjbVpRT0E3eHFJVkdNT1VabWV0bmJoaXI3QzJUYjVlcjZqdGpHaVlKSGY2MjhmeXNNaFdwNndDZnIxalRGLU9LOF9ZTVI1N2JNTTQyXzI4UlBLQW","ABC News - Breaking News, Latest News and Videos",28.006044449713485,85.48971209407578
96d3f3f,live-370f2780,2026-07-26T14:14:01.033143+00:00,Multiple,Reported area,Landslide,Aftermath,"Minor quake shakes Nepal, no immediate damage reported - ThePrint","<a href=""https://news.google.com/rss/articles/CBMikgFBVV95cUxNdy1icEg4SGluR1E1SDdpQ1NrVjNSMEdpLWViaXluZzBoeUN4UFhDY1FWWGFfOFU5M0JGd0hVMjhDUC15M2x5ZHFzZGlfMVp3VlJFYkVha2Juem1lZE9UUnMwRmhzVU1ZNU9PRXR3Zn",ThePrint,27.10883537206671,85.19842749424717
96d3f3f,live-20d0c9f7,2026-07-26T14:14:01.033131+00:00,Multiple,Reported area,Structural Failure,Aftermath,3.8 Magnitude Earthquake Hits Nepal - Deccan Chronicle,"<a href=""https://news.google.com/rss/articles/CBMilgFBVV95cUxPd25LeVA1aTREVVVka0xUWGFZNGx0RmZZNFQ4UGpmRmdyclQtRW1vS09lTDQ0NEhyd0lNbEZpZklKVWdFa1MxQzRfUXZLdk04QnM2cVZNSmlTUENVUnVrd1hZTzlrb3dDSlRwdGZTSU",Deccan Chronicle,27.77354963019175,85.20099252208797
96d3f3f,live-b8ebdbfd,2026-07-26T14:14:01.033119+00:00,Multiple,Reported area,Structural Failure,Aftermath,3.8 magnitude earthquake hits Nepal - BusinessLine,"<a href=""https://news.google.com/rss/articles/CBMipAFBVV95cUxOS2pNaDlFZkdIRlBWc2lmSVJQWWlHWW9rZ0ozUDZjakl5cTYxYS1mSzJ2TVUxb255dlpyUEVxcmZtajR5RkZKSGx4ZWpJeVk4LTdGT0tyOHFTTnZvSDFhbmk5RC1xUWR0czlQaWRzUk",BusinessLine,27.8648511771882,84.81955364445814
96d3f3f,live-f492dce8,2026-07-26T14:14:01.033106+00:00,Multiple,Reported area,Structural Failure,Aftermath,The economic damage from the Nepal earthquake is almost half of the country’s GDP - qz.com,"<a href=""https://news.google.com/rss/articles/CBMirAFBVV95cUxPWUJKV2JuVTNqa0ZDNUVwMFlIVk9kNU1JMy0wNVQ5dUg0TEFyS2xRczM4em9qYXRqVVBlXzQwVmlzWm8ydFJUYjNFWVhiTEYtWW41cE9fMXAxd2lZYkFINmlaZnBrSW8yWnBBcURVR1",qz.com,28.296464884204852,85.17051760153807
96d3f3f,live-7de3a7b3,2026-07-26T14:14:01.033086+00:00,Multiple,Reported area,Structural Failure,Aftermath,Earthquake of 4.2-magnitude stikes western Nepal - News On AIR,"<a href=""https://news.google.com/rss/articles/CBMif0FVX3lxTE5VYlZsU2FGSXBVcDQ2MWQ5RHNRX3N0dVZoWmNqNGpqRkRXQ1BhSkE5OWpFSEVjdmtvRzhISzk1RG43d2wwRmxJSHRMeEtQdVdzMW96cUE4OFRsalRqdF8yU3BMdFNab3MxOTZVTUNINz",News On AIR,27.908740537312713,84.77356841064068
96d3f3f,live-a833081b,2026-07-26T14:14:01.033071+00:00,Multiple,Reported area,Landslide,Aftermath,Nepal's public debt grows more than fourfold in a decade - India Tribune - Chicago,"<a href=""https://news.google.com/rss/articles/CBMiowFBVV95cUxQc0laR1JpQXZhNTBuT2o0UlpvSVQ5aHRvbWlyU0lRUVBwTzJNRGRJNHlCcklqem4tVUJjUUVjaV8yNTVkUGdDUHRGVEE5M1hZb29jaldrbmxZN1otek5FcG10ZXlsZHdXMVp2R2lwb1",India Tribune - Chicago,27.55006407431782,84.95537153255943
96d3f3f,live-0d2d46b6,2026-07-26T14:14:01.033028+00:00,Multiple,Reported area,Structural Failure,Aftermath,"Death toll from Venezuela earthquakes increases to 5,398 - Nepalnews.com","<a href=""https://news.google.com/rss/articles/CBMipAFBVV95cUxPdEdDN3NnN3MtR2JldjhlcDVPeHBfRlZ2Y3Z4UG1FZ1ROTWI0TDItLXN1QjJqcDFYVHR2UGVfUGlqNVhxdkY3UzJVdFpBRkw1S1NKczV6OEh5dlpJUUptNjZnenRXc3pBMV9TWUJvV3",Nepalnews.com,27.350423807024928,85.53358717201985
86e45a5,live-bbb9419f,2026-07-26T12:15:45.695910+00:00,Multiple,Reported area,Structural Failure,Aftermath,Aftershock: Everest and the Nepal Earthquake (2022) - IMDb,"<a href=""https://news.google.com/rss/articles/CBMicEFVX3lxTFByVG9Mai15dGQ4TWM2N2ZLVDFpZEdVMzZxZUs2djhiclFDVjQtVUVtZ3J2OVZjRy1QclREUVh6VzFkLW5lbHcyRmNqdnZyOHJIU0M0Uk83Sng1WnFaa2hVVnRTMTJkbGVSRzhVWTFXOW",IMDb,27.265568656167286,84.82241436077314
86e45a5,live-becd0325,2026-07-26T12:15:45.695898+00:00,Multiple,Reported area,Structural Failure,Aftermath,Nepal and Northern India are not overdue for a huge earthquake - New Scientist,"<a href=""https://news.google.com/rss/articles/CBMirAFBVV95cUxOTTIwNHM3ZjM1NHFEek5jVkNQblpUQkJsYTRNcDdINHhDMWJmbU9taGFTNFlDbHRUMVhmRGpVb3dsbkRfRnZKd3lkbVFfRExseXR4SGZvOHNhVzRyX29TMlVxWDF5SUhyLXdTNHctMD",New Scientist,28.250336970882646,85.65985617221298
86e45a5,live-c22c2542,2026-07-26T12:15:45.695885+00:00,Multiple,Reported area,Structural Failure,Aftermath,"A Look Back At The 2015 Nepal Earthquake When 9,000 People Died - NDTV","<a href=""https://news.google.com/rss/articles/CBMiugFBVV95cUxOVHhaRFBXbmw3aFJGbEdCeHdYR050UnlvWFhfc2pZcGEzV3RPaDNxb3V4SHBNaVB0UWEwaHg4VF9sc21CekpfdmhVSEJYLXBFTzh1eUxnOTV6ZE1pUXMtX0RVSVhENnR1NkN4OWpqcl",NDTV,28.0777590422134,84.41678543004443
86e45a5,live-c98d7ccf,2026-07-26T12:15:45.695862+00:00,Multiple,Reported area,Structural Failure,Aftermath,"101-Year-Old Pulled From Rubble One Week After Nepal Earthquake - ABC News - Breaking News, Latest N","<a href=""https://news.google.com/rss/articles/CBMinAFBVV95cUxQN0ZnMnd1SzIzbGVEUmJWaGlaZkJjbVpRT0E3eHFJVkdNT1VabWV0bmJoaXI3QzJUYjVlcjZqdGpHaVlKSGY2MjhmeXNNaFdwNndDZnIxalRGLU9LOF9ZTVI1N2JNTTQyXzI4UlBLQW","ABC News - Breaking News, Latest News and Videos",27.664171393754618,85.99736054910538
86e45a5,live-2f915231,2026-07-26T12:15:45.695849+00:00,Multiple,Reported area,Landslide,Aftermath,"Minor quake shakes Nepal, no immediate damage reported - ThePrint","<a href=""https://news.google.com/rss/articles/CBMikgFBVV95cUxNdy1icEg4SGluR1E1SDdpQ1NrVjNSMEdpLWViaXluZzBoeUN4UFhDY1FWWGFfOFU5M0JGd0hVMjhDUC15M2x5ZHFzZGlfMVp3VlJFYkVha2Juem1lZE9UUnMwRmhzVU1ZNU9PRXR3Zn",ThePrint,28.270799533098614,84.65265929784866
86e45a5,live-edb7add7,2026-07-26T12:15:45.695836+00:00,Multiple,Reported area,Structural Failure,Aftermath,3.8 Magnitude Earthquake Hits Nepal - Deccan Chronicle,"<a href=""https://news.google.com/rss/articles/CBMilgFBVV95cUxPd25LeVA1aTREVVVka0xUWGFZNGx0RmZZNFQ4UGpmRmdyclQtRW1vS09lTDQ0NEhyd0lNbEZpZklKVWdFa1MxQzRfUXZLdk04QnM2cVZNSmlTUENVUnVrd1hZTzlrb3dDSlRwdGZTSU",Deccan Chronicle,26.703551880887698,84.59965584096345
86e45a5,live-b80244b0,2026-07-26T12:15:45.695824+00:00,Multiple,Reported area,Structural Failure,Aftermath,3.8 magnitude earthquake hits Nepal - BusinessLine,"<a href=""https://news.google.com/rss/articles/CBMipAFBVV95cUxOS2pNaDlFZkdIRlBWc2lmSVJQWWlHWW9rZ0ozUDZjakl5cTYxYS1mSzJ2TVUxb255dlpyUEVxcmZtajR5RkZKSGx4ZWpJeVk4LTdGT0tyOHFTTnZvSDFhbmk5RC1xUWR0czlQaWRzUk",BusinessLine,27.948392834309498,85.57549730915736
86e45a5,live-5437c958,2026-07-26T12:15:45.695805+00:00,Multiple,Reported area,Structural Failure,Aftermath,The economic damage from the Nepal earthquake is almost half of the country’s GDP - qz.com,"<a href=""https://news.google.com/rss/articles/CBMirAFBVV95cUxPWUJKV2JuVTNqa0ZDNUVwMFlIVk9kNU1JMy0wNVQ5dUg0TEFyS2xRczM4em9qYXRqVVBlXzQwVmlzWm8ydFJUYjNFWVhiTEYtWW41cE9fMXAxd2lZYkFINmlaZnBrSW8yWnBBcURVR1",qz.com,27.964866039347328,86.00189955105874
86e45a5,live-3f8bfd2e,2026-07-26T12:15:45.695784+00:00,Multiple,Reported area,Structural Failure,Aftermath,Earthquake of 4.2-magnitude stikes western Nepal - News On AIR,"<a href=""https://news.google.com/rss/articles/CBMif0FVX3lxTE5VYlZsU2FGSXBVcDQ2MWQ5RHNRX3N0dVZoWmNqNGpqRkRXQ1BhSkE5OWpFSEVjdmtvRzhISzk1RG43d2wwRmxJSHRMeEtQdVdzMW96cUE4OFRsalRqdF8yU3BMdFNab3MxOTZVTUNINz",News On AIR,28.56272819895586,85.47265110315246
86e45a5,live-caf01e54,2026-07-26T12:15:45.695728+00:00,Multiple,Reported area,Structural Failure,Aftermath,"Death toll from Venezuela earthquakes increases to 5,398 - Nepalnews.com","<a href=""https://news.google.com/rss/articles/CBMipAFBVV95cUxPdEdDN3NnN3MtR2JldjhlcDVPeHBfRlZ2Y3Z4UG1FZ1ROTWI0TDItLXN1QjJqcDFYVHR2UGVfUGlqNVhxdkY3UzJVdFpBRkw1S1NKczV6OEh5dlpJUUptNjZnenRXc3pBMV9TWUJvV3",Nepalnews.com,27.408287397278237,84.45457582579382
e37a9c2,live-f2630093,2026-07-26T11:08:30.603936+00:00,Multiple,Reported area,Structural Failure,Aftermath,Aftershock: Everest and the Nepal Earthquake (2022) - IMDb,"<a href=""https://news.google.com/rss/articles/CBMicEFVX3lxTFByVG9Mai15dGQ4TWM2N2ZLVDFpZEdVMzZxZUs2djhiclFDVjQtVUVtZ3J2OVZjRy1QclREUVh6VzFkLW5lbHcyRmNqdnZyOHJIU0M0Uk83Sng1WnFaa2hVVnRTMTJkbGVSRzhVWTFXOW",IMDb,27.253209232498687,85.81004709454061
e37a9c2,live-4ab9db63,2026-07-26T11:08:30.603923+00:00,Multiple,Reported area,Structural Failure,Aftermath,"A Look Back At The 2015 Nepal Earthquake When 9,000 People Died - NDTV","<a href=""https://news.google.com/rss/articles/CBMiugFBVV95cUxOVHhaRFBXbmw3aFJGbEdCeHdYR050UnlvWFhfc2pZcGEzV3RPaDNxb3V4SHBNaVB0UWEwaHg4VF9sc21CekpfdmhVSEJYLXBFTzh1eUxnOTV6ZE1pUXMtX0RVSVhENnR1NkN4OWpqcl",NDTV,27.675489779187597,86.1469413147244
e37a9c2,live-87f058a6,2026-07-26T11:08:30.603909+00:00,Multiple,Reported area,Structural Failure,Aftermath,Nepal and Northern India are not overdue for a huge earthquake - New Scientist,"<a href=""https://news.google.com/rss/articles/CBMirAFBVV95cUxOTTIwNHM3ZjM1NHFEek5jVkNQblpUQkJsYTRNcDdINHhDMWJmbU9taGFTNFlDbHRUMVhmRGpVb3dsbkRfRnZKd3lkbVFfRExseXR4SGZvOHNhVzRyX29TMlVxWDF5SUhyLXdTNHctMD",New Scientist,26.836025414056042,84.45430958115276
e37a9c2,live-3be8a551,2026-07-26T11:08:30.603887+00:00,Multiple,Reported area,Structural Failure,Aftermath,"101-Year-Old Pulled From Rubble One Week After Nepal Earthquake - ABC News - Breaking News, Latest N","<a href=""https://news.google.com/rss/articles/CBMinAFBVV95cUxQN0ZnMnd1SzIzbGVEUmJWaGlaZkJjbVpRT0E3eHFJVkdNT1VabWV0bmJoaXI3QzJUYjVlcjZqdGpHaVlKSGY2MjhmeXNNaFdwNndDZnIxalRGLU9LOF9ZTVI1N2JNTTQyXzI4UlBLQW","ABC News - Breaking News, Latest News and Videos",28.017728199686935,85.09663406786002
e37a9c2,live-bb29c4ad,2026-07-26T11:08:30.603874+00:00,Multiple,Reported area,Landslide,Aftermath,"Minor quake shakes Nepal, no immediate damage reported - ThePrint","<a href=""https://news.google.com/rss/articles/CBMikgFBVV95cUxNdy1icEg4SGluR1E1SDdpQ1NrVjNSMEdpLWViaXluZzBoeUN4UFhDY1FWWGFfOFU5M0JGd0hVMjhDUC15M2x5ZHFzZGlfMVp3VlJFYkVha2Juem1lZE9UUnMwRmhzVU1ZNU9PRXR3Zn",ThePrint,28.038490977419713,84.85917322503848
e37a9c2,live-a7de5283,2026-07-26T11:08:30.603861+00:00,Multiple,Reported area,Structural Failure,Aftermath,3.8 Magnitude Earthquake Hits Nepal - Deccan Chronicle,"<a href=""https://news.google.com/rss/articles/CBMilgFBVV95cUxPd25LeVA1aTREVVVka0xUWGFZNGx0RmZZNFQ4UGpmRmdyclQtRW1vS09lTDQ0NEhyd0lNbEZpZklKVWdFa1MxQzRfUXZLdk04QnM2cVZNSmlTUENVUnVrd1hZTzlrb3dDSlRwdGZTSU",Deccan Chronicle,27.830392892650917,85.04869011800773
e37a9c2,live-866fc5d9,2026-07-26T11:08:30.603848+00:00,Multiple,Reported area,Structural Failure,Aftermath,3.8 magnitude earthquake hits Nepal - BusinessLine,"<a href=""https://news.google.com/rss/articles/CBMipAFBVV95cUxOS2pNaDlFZkdIRlBWc2lmSVJQWWlHWW9rZ0ozUDZjakl5cTYxYS1mSzJ2TVUxb255dlpyUEVxcmZtajR5RkZKSGx4ZWpJeVk4LTdGT0tyOHFTTnZvSDFhbmk5RC1xUWR0czlQaWRzUk",BusinessLine,27.724054655263394,84.9018642855847
e37a9c2,live-f1e0ed4a,2026-07-26T11:08:30.603830+00:00,Multiple,Reported area,Structural Failure,Aftermath,The economic damage from the Nepal earthquake is almost half of the country’s GDP - qz.com,"<a href=""https://news.google.com/rss/articles/CBMirAFBVV95cUxPWUJKV2JuVTNqa0ZDNUVwMFlIVk9kNU1JMy0wNVQ5dUg0TEFyS2xRczM4em9qYXRqVVBlXzQwVmlzWm8ydFJUYjNFWVhiTEYtWW41cE9fMXAxd2lZYkFINmlaZnBrSW8yWnBBcURVR1",qz.com,28.31300833880404,84.56923041993974
e37a9c2,live-bd07a3f9,2026-07-26T11:08:30.603811+00:00,Multiple,Reported area,Structural Failure,Aftermath,Earthquake of 4.2-magnitude stikes western Nepal - News On AIR,"<a href=""https://news.google.com/rss/articles/CBMif0FVX3lxTE5VYlZsU2FGSXBVcDQ2MWQ5RHNRX3N0dVZoWmNqNGpqRkRXQ1BhSkE5OWpFSEVjdmtvRzhISzk1RG43d2wwRmxJSHRMeEtQdVdzMW96cUE4OFRsalRqdF8yU3BMdFNab3MxOTZVTUNINz",News On AIR,26.820091845553048,85.41791467669037
e37a9c2,live-148d0fed,2026-07-26T11:08:30.603777+00:00,Multiple,Reported area,Structural Failure,Aftermath,"Death toll from Venezuela earthquakes increases to 5,398 - Nepalnews.com","<a href=""https://news.google.com/rss/articles/CBMipAFBVV95cUxPdEdDN3NnN3MtR2JldjhlcDVPeHBfRlZ2Y3Z4UG1FZ1ROTWI0TDItLXN1QjJqcDFYVHR2UGVfUGlqNVhxdkY3UzJVdFpBRkw1S1NKczV6OEh5dlpJUUptNjZnenRXc3pBMV9TWUJvV3",Nepalnews.com,27.818697185306977,84.81808131585301
5034eee,live-ad00d101,2026-07-26T09:23:03.975347+00:00,Multiple,Reported area,Structural Failure,Aftermath,Aftershock: Everest and the Nepal Earthquake (2022) - IMDb,"<a href=""https://news.google.com/rss/articles/CBMicEFVX3lxTFByVG9Mai15dGQ4TWM2N2ZLVDFpZEdVMzZxZUs2djhiclFDVjQtVUVtZ3J2OVZjRy1QclREUVh6VzFkLW5lbHcyRmNqdnZyOHJIU0M0Uk83Sng1WnFaa2hVVnRTMTJkbGVSRzhVWTFXOW",IMDb,26.82705748637829,84.85209166825732
5034eee,live-96d99be4,2026-07-26T09:23:03.975335+00:00,Multiple,Reported area,Structural Failure,Aftermath,"A Look Back At The 2015 Nepal Earthquake When 9,000 People Died - NDTV","<a href=""https://news.google.com/rss/articles/CBMiugFBVV95cUxOVHhaRFBXbmw3aFJGbEdCeHdYR050UnlvWFhfc2pZcGEzV3RPaDNxb3V4SHBNaVB0UWEwaHg4VF9sc21CekpfdmhVSEJYLXBFTzh1eUxnOTV6ZE1pUXMtX0RVSVhENnR1NkN4OWpqcl",NDTV,27.022150423798998,85.31800739170299
5034eee,live-db94c4b8,2026-07-26T09:23:03.975321+00:00,Multiple,Reported area,Structural Failure,Aftermath,Nepal and Northern India are not overdue for a huge earthquake - New Scientist,"<a href=""https://news.google.com/rss/articles/CBMirAFBVV95cUxOTTIwNHM3ZjM1NHFEek5jVkNQblpUQkJsYTRNcDdINHhDMWJmbU9taGFTNFlDbHRUMVhmRGpVb3dsbkRfRnZKd3lkbVFfRExseXR4SGZvOHNhVzRyX29TMlVxWDF5SUhyLXdTNHctMD",New Scientist,27.633032081841165,85.51489120104242
5034eee,live-3d345e10,2026-07-26T09:23:03.975303+00:00,Multiple,Reported area,Structural Failure,Aftermath,"101-Year-Old Pulled From Rubble One Week After Nepal Earthquake - ABC News - Breaking News, Latest N","<a href=""https://news.google.com/rss/articles/CBMinAFBVV95cUxQN0ZnMnd1SzIzbGVEUmJWaGlaZkJjbVpRT0E3eHFJVkdNT1VabWV0bmJoaXI3QzJUYjVlcjZqdGpHaVlKSGY2MjhmeXNNaFdwNndDZnIxalRGLU9LOF9ZTVI1N2JNTTQyXzI4UlBLQW","ABC News - Breaking News, Latest News and Videos",27.405877316743457,85.2334319215732
5034eee,live-ae4f5f64,2026-07-26T09:23:03.975286+00:00,Multiple,Reported area,Landslide,Aftermath,"Minor quake shakes Nepal, no immediate damage reported - ThePrint","<a href=""https://news.google.com/rss/articles/CBMikgFBVV95cUxNdy1icEg4SGluR1E1SDdpQ1NrVjNSMEdpLWViaXluZzBoeUN4UFhDY1FWWGFfOFU5M0JGd0hVMjhDUC15M2x5ZHFzZGlfMVp3VlJFYkVha2Juem1lZE9UUnMwRmhzVU1ZNU9PRXR3Zn",ThePrint,27.19035149857059,85.28001948158763
5034eee,live-73820a3a,2026-07-26T09:23:03.975273+00:00,Multiple,Reported area,Structural Failure,Aftermath,3.8 Magnitude Earthquake Hits Nepal - Deccan Chronicle,"<a href=""https://news.google.com/rss/articles/CBMilgFBVV95cUxPd25LeVA1aTREVVVka0xUWGFZNGx0RmZZNFQ4UGpmRmdyclQtRW1vS09lTDQ0NEhyd0lNbEZpZklKVWdFa1MxQzRfUXZLdk04QnM2cVZNSmlTUENVUnVrd1hZTzlrb3dDSlRwdGZTSU",Deccan Chronicle,28.394396729558597,84.91436015321867
5034eee,live-4cf09357,2026-07-26T09:23:03.975259+00:00,Multiple,Reported area,Structural Failure,Aftermath,3.8 magnitude earthquake hits Nepal - BusinessLine,"<a href=""https://news.google.com/rss/articles/CBMipAFBVV95cUxOS2pNaDlFZkdIRlBWc2lmSVJQWWlHWW9rZ0ozUDZjakl5cTYxYS1mSzJ2TVUxb255dlpyUEVxcmZtajR5RkZKSGx4ZWpJeVk4LTdGT0tyOHFTTnZvSDFhbmk5RC1xUWR0czlQaWRzUk",BusinessLine,27.39266472983437,85.1220548971306
5034eee,live-0a302f3d,2026-07-26T09:23:03.975240+00:00,Multiple,Reported area,Structural Failure,Aftermath,The economic damage from the Nepal earthquake is almost half of the country’s GDP - qz.com,"<a href=""https://news.google.com/rss/articles/CBMirAFBVV95cUxPWUJKV2JuVTNqa0ZDNUVwMFlIVk9kNU1JMy0wNVQ5dUg0TEFyS2xRczM4em9qYXRqVVBlXzQwVmlzWm8ydFJUYjNFWVhiTEYtWW41cE9fMXAxd2lZYkFINmlaZnBrSW8yWnBBcURVR1",qz.com,27.814248574529866,85.6730531277787
5034eee,live-a6faebe6,2026-07-26T09:23:03.975222+00:00,Multiple,Reported area,Structural Failure,Aftermath,Earthquake of 4.2-magnitude stikes western Nepal - News On AIR,"<a href=""https://news.google.com/rss/articles/CBMif0FVX3lxTE5VYlZsU2FGSXBVcDQ2MWQ5RHNRX3N0dVZoWmNqNGpqRkRXQ1BhSkE5OWpFSEVjdmtvRzhISzk1RG43d2wwRmxJSHRMeEtQdVdzMW96cUE4OFRsalRqdF8yU3BMdFNab3MxOTZVTUNINz",News On AIR,27.420464229830383,85.407337995071
5034eee,live-39a0947c,2026-07-26T09:23:03.975189+00:00,Multiple,Reported area,Structural Failure,Aftermath,"Death toll from Venezuela earthquakes increases to 5,398 - Nepalnews.com","<a href=""https://news.google.com/rss/articles/CBMipAFBVV95cUxPdEdDN3NnN3MtR2JldjhlcDVPeHBfRlZ2Y3Z4UG1FZ1ROTWI0TDItLXN1QjJqcDFYVHR2UGVfUGlqNVhxdkY3UzJVdFpBRkw1S1NKczV6OEh5dlpJUUptNjZnenRXc3pBMV9TWUJvV3",Nepalnews.com,27.364719293202317,85.66292310713084
f4cebf2,live-a4409394,2026-07-26T06:47:35.356547+00:00,Multiple,Reported area,Structural Failure,Aftermath,Aftershock: Everest and the Nepal Earthquake (2022) - IMDb,"<a href=""https://news.google.com/rss/articles/CBMicEFVX3lxTFByVG9Mai15dGQ4TWM2N2ZLVDFpZEdVMzZxZUs2djhiclFDVjQtVUVtZ3J2OVZjRy1QclREUVh6VzFkLW5lbHcyRmNqdnZyOHJIU0M0Uk83Sng1WnFaa2hVVnRTMTJkbGVSRzhVWTFXOW",IMDb,27.99485365902577,85.00573235316818
f4cebf2,live-cd95ab72,2026-07-26T06:47:35.356535+00:00,Multiple,Reported area,Structural Failure,Aftermath,Nepal and Northern India are not overdue for a huge earthquake - New Scientist,"<a href=""https://news.google.com/rss/articles/CBMirAFBVV95cUxOTTIwNHM3ZjM1NHFEek5jVkNQblpUQkJsYTRNcDdINHhDMWJmbU9taGFTNFlDbHRUMVhmRGpVb3dsbkRfRnZKd3lkbVFfRExseXR4SGZvOHNhVzRyX29TMlVxWDF5SUhyLXdTNHctMD",New Scientist,27.526696264150075,84.8753479272114
f4cebf2,live-b2f5b4b7,2026-07-26T06:47:35.356522+00:00,Multiple,Reported area,Structural Failure,Aftermath,"A Look Back At The 2015 Nepal Earthquake When 9,000 People Died - NDTV","<a href=""https://news.google.com/rss/articles/CBMiugFBVV95cUxOVHhaRFBXbmw3aFJGbEdCeHdYR050UnlvWFhfc2pZcGEzV3RPaDNxb3V4SHBNaVB0UWEwaHg4VF9sc21CekpfdmhVSEJYLXBFTzh1eUxnOTV6ZE1pUXMtX0RVSVhENnR1NkN4OWpqcl",NDTV,26.90488928562877,85.02587696322354
f4cebf2,live-f48256a1,2026-07-26T06:47:35.356505+00:00,Multiple,Reported area,Structural Failure,Aftermath,"101-Year-Old Pulled From Rubble One Week After Nepal Earthquake - ABC News - Breaking News, Latest N","<a href=""https://news.google.com/rss/articles/CBMinAFBVV95cUxQN0ZnMnd1SzIzbGVEUmJWaGlaZkJjbVpRT0E3eHFJVkdNT1VabWV0bmJoaXI3QzJUYjVlcjZqdGpHaVlKSGY2MjhmeXNNaFdwNndDZnIxalRGLU9LOF9ZTVI1N2JNTTQyXzI4UlBLQW","ABC News - Breaking News, Latest News and Videos",28.11791884267927,84.48694920688025
f4cebf2,live-aa90a00f,2026-07-26T06:47:35.356488+00:00,Multiple,Reported area,Landslide,Aftermath,"Minor quake shakes Nepal, no immediate damage reported - ThePrint","<a href=""https://news.google.com/rss/articles/CBMikgFBVV95cUxNdy1icEg4SGluR1E1SDdpQ1NrVjNSMEdpLWViaXluZzBoeUN4UFhDY1FWWGFfOFU5M0JGd0hVMjhDUC15M2x5ZHFzZGlfMVp3VlJFYkVha2Juem1lZE9UUnMwRmhzVU1ZNU9PRXR3Zn",ThePrint,28.651407984523562,85.21362413644016
f4cebf2,live-cb2bf52b,2026-07-26T06:47:35.356474+00:00,Multiple,Reported area,Structural Failure,Aftermath,3.8 Magnitude Earthquake Hits Nepal - Deccan Chronicle,"<a href=""https://news.google.com/rss/articles/CBMilgFBVV95cUxPd25LeVA1aTREVVVka0xUWGFZNGx0RmZZNFQ4UGpmRmdyclQtRW1vS09lTDQ0NEhyd0lNbEZpZklKVWdFa1MxQzRfUXZLdk04QnM2cVZNSmlTUENVUnVrd1hZTzlrb3dDSlRwdGZTSU",Deccan Chronicle,28.22314170647296,84.3008004241121
f4cebf2,live-60449318,2026-07-26T06:47:35.356461+00:00,Multiple,Reported area,Structural Failure,Aftermath,3.8 magnitude earthquake hits Nepal - BusinessLine,"<a href=""https://news.google.com/rss/articles/CBMipAFBVV95cUxOS2pNaDlFZkdIRlBWc2lmSVJQWWlHWW9rZ0ozUDZjakl5cTYxYS1mSzJ2TVUxb255dlpyUEVxcmZtajR5RkZKSGx4ZWpJeVk4LTdGT0tyOHFTTnZvSDFhbmk5RC1xUWR0czlQaWRzUk",BusinessLine,28.06102365185214,84.73846581683833
f4cebf2,live-920c4ff2,2026-07-26T06:47:35.356443+00:00,Multiple,Reported area,Structural Failure,Aftermath,The economic damage from the Nepal earthquake is almost half of the country’s GDP - qz.com,"<a href=""https://news.google.com/rss/articles/CBMirAFBVV95cUxPWUJKV2JuVTNqa0ZDNUVwMFlIVk9kNU1JMy0wNVQ5dUg0TEFyS2xRczM4em9qYXRqVVBlXzQwVmlzWm8ydFJUYjNFWVhiTEYtWW41cE9fMXAxd2lZYkFINmlaZnBrSW8yWnBBcURVR1",qz.com,27.42804159457533,85.13368768235875
f4cebf2,live-22de0cc0,2026-07-26T06:47:35.356425+00:00,Multiple,Reported area,Structural Failure,Aftermath,Earthquake of 4.2-magnitude stikes western Nepal - News On AIR,"<a href=""https://news.google.com/rss/articles/CBMif0FVX3lxTE5VYlZsU2FGSXBVcDQ2MWQ5RHNRX3N0dVZoWmNqNGpqRkRXQ1BhSkE5OWpFSEVjdmtvRzhISzk1RG43d2wwRmxJSHRMeEtQdVdzMW96cUE4OFRsalRqdF8yU3BMdFNab3MxOTZVTUNINz",News On AIR,28.24309599351562,84.59508146731841
f4cebf2,live-c3cd3bf7,2026-07-26T06:47:35.356395+00:00,Multiple,Reported area,Structural Failure,Aftermath,"Death toll from Venezuela earthquakes increases to 5,398 - Nepalnews.com","<a href=""https://news.google.com/rss/articles/CBMipAFBVV95cUxPdEdDN3NnN3MtR2JldjhlcDVPeHBfRlZ2Y3Z4UG1FZ1ROTWI0TDItLXN1QjJqcDFYVHR2UGVfUGlqNVhxdkY3UzJVdFpBRkw1S1NKczV6OEh5dlpJUUptNjZnenRXc3pBMV9TWUJvV3",Nepalnews.com,27.159632461781737,85.22168930234096
d81f17f,live-2560fc92,2026-07-26T03:55:04.587055+00:00,Multiple,Reported area,Structural Failure,Aftermath,Aftershock: Everest and the Nepal Earthquake (2022) - IMDb,"<a href=""https://news.google.com/rss/articles/CBMicEFVX3lxTFByVG9Mai15dGQ4TWM2N2ZLVDFpZEdVMzZxZUs2djhiclFDVjQtVUVtZ3J2OVZjRy1QclREUVh6VzFkLW5lbHcyRmNqdnZyOHJIU0M0Uk83Sng1WnFaa2hVVnRTMTJkbGVSRzhVWTFXOW",IMDb,27.640733762857597,86.26657244950825
d81f17f,live-611b6683,2026-07-26T03:55:04.587047+00:00,Multiple,Reported area,Structural Failure,Aftermath,Nepal and Northern India are not overdue for a huge earthquake - New Scientist,"<a href=""https://news.google.com/rss/articles/CBMirAFBVV95cUxOTTIwNHM3ZjM1NHFEek5jVkNQblpUQkJsYTRNcDdINHhDMWJmbU9taGFTNFlDbHRUMVhmRGpVb3dsbkRfRnZKd3lkbVFfRExseXR4SGZvOHNhVzRyX29TMlVxWDF5SUhyLXdTNHctMD",New Scientist,27.984003691960616,85.04276266227036
d81f17f,live-c39d0273,2026-07-26T03:55:04.587039+00:00,Multiple,Reported area,Structural Failure,Aftermath,"A Look Back At The 2015 Nepal Earthquake When 9,000 People Died - NDTV","<a href=""https://news.google.com/rss/articles/CBMiugFBVV95cUxOVHhaRFBXbmw3aFJGbEdCeHdYR050UnlvWFhfc2pZcGEzV3RPaDNxb3V4SHBNaVB0UWEwaHg4VF9sc21CekpfdmhVSEJYLXBFTzh1eUxnOTV6ZE1pUXMtX0RVSVhENnR1NkN4OWpqcl",NDTV,27.89162887879854,84.32432335115514
d81f17f,live-f741df8d,2026-07-26T03:55:04.587025+00:00,Multiple,Reported area,Structural Failure,Aftermath,"101-Year-Old Pulled From Rubble One Week After Nepal Earthquake - ABC News - Breaking News, Latest N","<a href=""https://news.google.com/rss/articles/CBMinAFBVV95cUxQN0ZnMnd1SzIzbGVEUmJWaGlaZkJjbVpRT0E3eHFJVkdNT1VabWV0bmJoaXI3QzJUYjVlcjZqdGpHaVlKSGY2MjhmeXNNaFdwNndDZnIxalRGLU9LOF9ZTVI1N2JNTTQyXzI4UlBLQW","ABC News - Breaking News, Latest News and Videos",27.986680211921296,84.85938740967057
d81f17f,live-f3461507,2026-07-26T03:55:04.587012+00:00,Multiple,Reported area,Landslide,Aftermath,"Minor quake shakes Nepal, no immediate damage reported - ThePrint","<a href=""https://news.google.com/rss/articles/CBMikgFBVV95cUxNdy1icEg4SGluR1E1SDdpQ1NrVjNSMEdpLWViaXluZzBoeUN4UFhDY1FWWGFfOFU5M0JGd0hVMjhDUC15M2x5ZHFzZGlfMVp3VlJFYkVha2Juem1lZE9UUnMwRmhzVU1ZNU9PRXR3Zn",ThePrint,27.567673252242706,86.15234080829164
d81f17f,live-34f9b037,2026-07-26T03:55:04.587003+00:00,Multiple,Reported area,Structural Failure,Aftermath,3.8 Magnitude Earthquake Hits Nepal - Deccan Chronicle,"<a href=""https://news.google.com/rss/articles/CBMilgFBVV95cUxPd25LeVA1aTREVVVka0xUWGFZNGx0RmZZNFQ4UGpmRmdyclQtRW1vS09lTDQ0NEhyd0lNbEZpZklKVWdFa1MxQzRfUXZLdk04QnM2cVZNSmlTUENVUnVrd1hZTzlrb3dDSlRwdGZTSU",Deccan Chronicle,27.977357915334895,84.53527659037174
d81f17f,live-15140f71,2026-07-26T03:55:04.586984+00:00,Multiple,Reported area,Structural Failure,Aftermath,3.8 magnitude earthquake hits Nepal - BusinessLine,"<a href=""https://news.google.com/rss/articles/CBMipAFBVV95cUxOS2pNaDlFZkdIRlBWc2lmSVJQWWlHWW9rZ0ozUDZjakl5cTYxYS1mSzJ2TVUxb255dlpyUEVxcmZtajR5RkZKSGx4ZWpJeVk4LTdGT0tyOHFTTnZvSDFhbmk5RC1xUWR0czlQaWRzUk",BusinessLine,27.963697330578423,85.55489266953472
d81f17f,live-bda7f121,2026-07-26T03:55:04.586970+00:00,Multiple,Reported area,Structural Failure,Aftermath,The economic damage from the Nepal earthquake is almost half of the country’s GDP - qz.com,"<a href=""https://news.google.com/rss/articles/CBMirAFBVV95cUxPWUJKV2JuVTNqa0ZDNUVwMFlIVk9kNU1JMy0wNVQ5dUg0TEFyS2xRczM4em9qYXRqVVBlXzQwVmlzWm8ydFJUYjNFWVhiTEYtWW41cE9fMXAxd2lZYkFINmlaZnBrSW8yWnBBcURVR1",qz.com,27.6109527895037,84.82357260947262
d81f17f,live-59e6b706,2026-07-26T03:55:04.586959+00:00,Multiple,Reported area,Structural Failure,Aftermath,Earthquake of 4.2-magnitude stikes western Nepal - News On AIR,"<a href=""https://news.google.com/rss/articles/CBMif0FVX3lxTE5VYlZsU2FGSXBVcDQ2MWQ5RHNRX3N0dVZoWmNqNGpqRkRXQ1BhSkE5OWpFSEVjdmtvRzhISzk1RG43d2wwRmxJSHRMeEtQdVdzMW96cUE4OFRsalRqdF8yU3BMdFNab3MxOTZVTUNINz",News On AIR,28.467494541180375,86.28700328647271
d81f17f,live-a791e377,2026-07-26T03:55:04.586934+00:00,Multiple,Reported area,Structural Failure,Aftermath,"Death toll from Venezuela earthquakes increases to 5,398 - Nepalnews.com","<a href=""https://news.google.com/rss/articles/CBMipAFBVV95cUxPdEdDN3NnN3MtR2JldjhlcDVPeHBfRlZ2Y3Z4UG1FZ1ROTWI0TDItLXN1QjJqcDFYVHR2UGVfUGlqNVhxdkY3UzJVdFpBRkw1S1NKczV6OEh5dlpJUUptNjZnenRXc3pBMV9TWUJvV3",Nepalnews.com,28.54668653987017,84.5954597649666
f90e202,live-71eea926,2026-07-26T00:12:06.149474+00:00,Multiple,Reported area,Structural Failure,Aftermath,Aftershock: Everest and the Nepal Earthquake (2022) - IMDb,"<a href=""https://news.google.com/rss/articles/CBMicEFVX3lxTFByVG9Mai15dGQ4TWM2N2ZLVDFpZEdVMzZxZUs2djhiclFDVjQtVUVtZ3J2OVZjRy1QclREUVh6VzFkLW5lbHcyRmNqdnZyOHJIU0M0Uk83Sng1WnFaa2hVVnRTMTJkbGVSRzhVWTFXOW",IMDb,27.625429778599578,85.27703167432202
f90e202,live-9bc6ff3c,2026-07-26T00:12:06.149462+00:00,Multiple,Reported area,Structural Failure,Aftermath,Nepal and Northern India are not overdue for a huge earthquake - New Scientist,"<a href=""https://news.google.com/rss/articles/CBMirAFBVV95cUxOTTIwNHM3ZjM1NHFEek5jVkNQblpUQkJsYTRNcDdINHhDMWJmbU9taGFTNFlDbHRUMVhmRGpVb3dsbkRfRnZKd3lkbVFfRExseXR4SGZvOHNhVzRyX29TMlVxWDF5SUhyLXdTNHctMD",New Scientist,26.96558801973572,85.49963894829027
f90e202,live-b28605df,2026-07-26T00:12:06.149448+00:00,Multiple,Reported area,Structural Failure,Aftermath,"A Look Back At The 2015 Nepal Earthquake When 9,000 People Died - NDTV","<a href=""https://news.google.com/rss/articles/CBMiugFBVV95cUxOVHhaRFBXbmw3aFJGbEdCeHdYR050UnlvWFhfc2pZcGEzV3RPaDNxb3V4SHBNaVB0UWEwaHg4VF9sc21CekpfdmhVSEJYLXBFTzh1eUxnOTV6ZE1pUXMtX0RVSVhENnR1NkN4OWpqcl",NDTV,27.57946951478251,85.16514682626003
f90e202,live-78484e44,2026-07-26T00:12:06.149429+00:00,Multiple,Reported area,Structural Failure,Aftermath,"101-Year-Old Pulled From Rubble One Week After Nepal Earthquake - ABC News - Breaking News, Latest N","<a href=""https://news.google.com/rss/articles/CBMinAFBVV95cUxQN0ZnMnd1SzIzbGVEUmJWaGlaZkJjbVpRT0E3eHFJVkdNT1VabWV0bmJoaXI3QzJUYjVlcjZqdGpHaVlKSGY2MjhmeXNNaFdwNndDZnIxalRGLU9LOF9ZTVI1N2JNTTQyXzI4UlBLQW","ABC News - Breaking News, Latest News and Videos",27.84235590198216,84.73876552277125
f90e202,live-64911658,2026-07-26T00:12:06.149411+00:00,Multiple,Reported area,Landslide,Aftermath,"Minor quake shakes Nepal, no immediate damage reported - ThePrint","<a href=""https://news.google.com/rss/articles/CBMikgFBVV95cUxNdy1icEg4SGluR1E1SDdpQ1NrVjNSMEdpLWViaXluZzBoeUN4UFhDY1FWWGFfOFU5M0JGd0hVMjhDUC15M2x5ZHFzZGlfMVp3VlJFYkVha2Juem1lZE9UUnMwRmhzVU1ZNU9PRXR3Zn",ThePrint,27.936678751499276,86.2641317751886
f90e202,live-6ba661b3,2026-07-26T00:12:06.149394+00:00,Multiple,Reported area,Structural Failure,Aftermath,3.8 Magnitude Earthquake Hits Nepal - Deccan Chronicle,"<a href=""https://news.google.com/rss/articles/CBMilgFBVV95cUxPd25LeVA1aTREVVVka0xUWGFZNGx0RmZZNFQ4UGpmRmdyclQtRW1vS09lTDQ0NEhyd0lNbEZpZklKVWdFa1MxQzRfUXZLdk04QnM2cVZNSmlTUENVUnVrd1hZTzlrb3dDSlRwdGZTSU",Deccan Chronicle,28.37485779467319,84.91726315337675
f90e202,live-977dd011,2026-07-26T00:12:06.149359+00:00,Multiple,Reported area,Structural Failure,Aftermath,3.8 magnitude earthquake hits Nepal - BusinessLine,"<a href=""https://news.google.com/rss/articles/CBMipAFBVV95cUxOS2pNaDlFZkdIRlBWc2lmSVJQWWlHWW9rZ0ozUDZjakl5cTYxYS1mSzJ2TVUxb255dlpyUEVxcmZtajR5RkZKSGx4ZWpJeVk4LTdGT0tyOHFTTnZvSDFhbmk5RC1xUWR0czlQaWRzUk",BusinessLine,27.761974215604198,86.26265345852245
f90e202,live-8d34b098,2026-07-26T00:12:06.149340+00:00,Multiple,Reported area,Structural Failure,Aftermath,The economic damage from the Nepal earthquake is almost half of the country’s GDP - qz.com,"<a href=""https://news.google.com/rss/articles/CBMirAFBVV95cUxPWUJKV2JuVTNqa0ZDNUVwMFlIVk9kNU1JMy0wNVQ5dUg0TEFyS2xRczM4em9qYXRqVVBlXzQwVmlzWm8ydFJUYjNFWVhiTEYtWW41cE9fMXAxd2lZYkFINmlaZnBrSW8yWnBBcURVR1",qz.com,27.72069352800484,85.85759576825185
f90e202,live-26768eaa,2026-07-26T00:12:06.149322+00:00,Multiple,Reported area,Structural Failure,Aftermath,Earthquake of 4.2-magnitude stikes western Nepal - News On AIR,"<a href=""https://news.google.com/rss/articles/CBMif0FVX3lxTE5VYlZsU2FGSXBVcDQ2MWQ5RHNRX3N0dVZoWmNqNGpqRkRXQ1BhSkE5OWpFSEVjdmtvRzhISzk1RG43d2wwRmxJSHRMeEtQdVdzMW96cUE4OFRsalRqdF8yU3BMdFNab3MxOTZVTUNINz",News On AIR,26.92661772667164,84.71748943512884
f90e202,live-b29eb1d1,2026-07-26T00:12:06.149287+00:00,Multiple,Reported area,Structural Failure,Aftermath,"Death toll from Venezuela earthquakes increases to 5,398 - Nepalnews.com","<a href=""https://news.google.com/rss/articles/CBMipAFBVV95cUxPdEdDN3NnN3MtR2JldjhlcDVPeHBfRlZ2Y3Z4UG1FZ1ROTWI0TDItLXN1QjJqcDFYVHR2UGVfUGlqNVhxdkY3UzJVdFpBRkw1S1NKczV6OEh5dlpJUUptNjZnenRXc3pBMV9TWUJvV3",Nepalnews.com,27.92458299846729,84.96966841494498
b382290,live-32d0481e,2026-07-25T23:10:42.074134+00:00,Multiple,Reported area,Structural Failure,Aftermath,Aftershock: Everest and the Nepal Earthquake (2022) - IMDb,"<a href=""https://news.google.com/rss/articles/CBMicEFVX3lxTFByVG9Mai15dGQ4TWM2N2ZLVDFpZEdVMzZxZUs2djhiclFDVjQtVUVtZ3J2OVZjRy1QclREUVh6VzFkLW5lbHcyRmNqdnZyOHJIU0M0Uk83Sng1WnFaa2hVVnRTMTJkbGVSRzhVWTFXOW",IMDb,27.30564603247263,84.47589607662998
b382290,live-2f5d1384,2026-07-25T23:10:42.074113+00:00,Multiple,Reported area,Structural Failure,Aftermath,Nepal and Northern India are not overdue for a huge earthquake - New Scientist,"<a href=""https://news.google.com/rss/articles/CBMirAFBVV95cUxOTTIwNHM3ZjM1NHFEek5jVkNQblpUQkJsYTRNcDdINHhDMWJmbU9taGFTNFlDbHRUMVhmRGpVb3dsbkRfRnZKd3lkbVFfRExseXR4SGZvOHNhVzRyX29TMlVxWDF5SUhyLXdTNHctMD",New Scientist,27.290117605372153,84.52392877138377
b382290,live-160da464,2026-07-25T23:10:42.074100+00:00,Multiple,Reported area,Structural Failure,Aftermath,"A Look Back At The 2015 Nepal Earthquake When 9,000 People Died - NDTV","<a href=""https://news.google.com/rss/articles/CBMiugFBVV95cUxOVHhaRFBXbmw3aFJGbEdCeHdYR050UnlvWFhfc2pZcGEzV3RPaDNxb3V4SHBNaVB0UWEwaHg4VF9sc21CekpfdmhVSEJYLXBFTzh1eUxnOTV6ZE1pUXMtX0RVSVhENnR1NkN4OWpqcl",NDTV,26.84358644789515,86.23278685284582
b382290,live-1facc457,2026-07-25T23:10:42.074082+00:00,Multiple,Reported area,Structural Failure,Aftermath,"101-Year-Old Pulled From Rubble One Week After Nepal Earthquake - ABC News - Breaking News, Latest N","<a href=""https://news.google.com/rss/articles/CBMinAFBVV95cUxQN0ZnMnd1SzIzbGVEUmJWaGlaZkJjbVpRT0E3eHFJVkdNT1VabWV0bmJoaXI3QzJUYjVlcjZqdGpHaVlKSGY2MjhmeXNNaFdwNndDZnIxalRGLU9LOF9ZTVI1N2JNTTQyXzI4UlBLQW","ABC News - Breaking News, Latest News and Videos",26.91151016630704,84.59787136084525
b382290,live-858b43ba,2026-07-25T23:10:42.074065+00:00,Multiple,Reported area,Landslide,Aftermath,"Minor quake shakes Nepal, no immediate damage reported - ThePrint","<a href=""https://news.google.com/rss/articles/CBMikgFBVV95cUxNdy1icEg4SGluR1E1SDdpQ1NrVjNSMEdpLWViaXluZzBoeUN4UFhDY1FWWGFfOFU5M0JGd0hVMjhDUC15M2x5ZHFzZGlfMVp3VlJFYkVha2Juem1lZE9UUnMwRmhzVU1ZNU9PRXR3Zn",ThePrint,28.13036546970553,84.83657573702268
b382290,live-8054fe11,2026-07-25T23:10:42.074051+00:00,Multiple,Reported area,Structural Failure,Aftermath,3.8 Magnitude Earthquake Hits Nepal - Deccan Chronicle,"<a href=""https://news.google.com/rss/articles/CBMilgFBVV95cUxPd25LeVA1aTREVVVka0xUWGFZNGx0RmZZNFQ4UGpmRmdyclQtRW1vS09lTDQ0NEhyd0lNbEZpZklKVWdFa1MxQzRfUXZLdk04QnM2cVZNSmlTUENVUnVrd1hZTzlrb3dDSlRwdGZTSU",Deccan Chronicle,27.339200262626537,84.65542172548183
b382290,live-c3f1813c,2026-07-25T23:10:42.074034+00:00,Multiple,Reported area,Structural Failure,Aftermath,3.8 magnitude earthquake hits Nepal - BusinessLine,"<a href=""https://news.google.com/rss/articles/CBMipAFBVV95cUxOS2pNaDlFZkdIRlBWc2lmSVJQWWlHWW9rZ0ozUDZjakl5cTYxYS1mSzJ2TVUxb255dlpyUEVxcmZtajR5RkZKSGx4ZWpJeVk4LTdGT0tyOHFTTnZvSDFhbmk5RC1xUWR0czlQaWRzUk",BusinessLine,28.564372437108922,84.75987356580201
b382290,live-83d1719a,2026-07-25T23:10:42.073988+00:00,Multiple,Reported area,Structural Failure,Aftermath,The economic damage from the Nepal earthquake is almost half of the country’s GDP - qz.com,"<a href=""https://news.google.com/rss/articles/CBMirAFBVV95cUxPWUJKV2JuVTNqa0ZDNUVwMFlIVk9kNU1JMy0wNVQ5dUg0TEFyS2xRczM4em9qYXRqVVBlXzQwVmlzWm8ydFJUYjNFWVhiTEYtWW41cE9fMXAxd2lZYkFINmlaZnBrSW8yWnBBcURVR1",qz.com,26.98457858568796,85.81286218542655
b382290,live-1a83a414,2026-07-25T23:10:42.073970+00:00,Multiple,Reported area,Structural Failure,Aftermath,Earthquake of 4.2-magnitude stikes western Nepal - News On AIR,"<a href=""https://news.google.com/rss/articles/CBMif0FVX3lxTE5VYlZsU2FGSXBVcDQ2MWQ5RHNRX3N0dVZoWmNqNGpqRkRXQ1BhSkE5OWpFSEVjdmtvRzhISzk1RG43d2wwRmxJSHRMeEtQdVdzMW96cUE4OFRsalRqdF8yU3BMdFNab3MxOTZVTUNINz",News On AIR,27.3094749434238,86.27878332069483
b382290,live-e3d0d293,2026-07-25T23:10:42.073942+00:00,Multiple,Reported area,Structural Failure,Aftermath,"Death toll from Venezuela earthquakes increases to 5,398 - Nepalnews.com","<a href=""https://news.google.com/rss/articles/CBMipAFBVV95cUxPdEdDN3NnN3MtR2JldjhlcDVPeHBfRlZ2Y3Z4UG1FZ1ROTWI0TDItLXN1QjJqcDFYVHR2UGVfUGlqNVhxdkY3UzJVdFpBRkw1S1NKczV6OEh5dlpJUUptNjZnenRXc3pBMV9TWUJvV3",Nepalnews.com,28.145188214114512,84.49486731665557
205f1f7,live-d1b244aa,2026-07-25T22:08:59.125275+00:00,Multiple,Reported area,Structural Failure,Aftermath,"Nepal-Tibet border earthquake: Death toll reaches 126, 188 injured - News On AIR","<a href=""https://news.google.com/rss/articles/CBMiowFBVV95cUxNN044WVU4ejBGbmpleDE0b00wZjhfT3Ixb1Nma2p5aXBWcm9wZUo1QmlrbjZxVFpuQjBCN0hqVUl3TlVsSG81LUF1dG1MZ054U0hKTUxBdkczRG0wbnFvNTBTbllxU25jcUd1TkUza3",News On AIR,28.26559894137891,86.13925488314277
205f1f7,live-6a593117,2026-07-25T22:08:59.125263+00:00,Multiple,Reported area,Structural Failure,Aftermath,Aftershock: Everest and the Nepal Earthquake (2022) - IMDb,"<a href=""https://news.google.com/rss/articles/CBMicEFVX3lxTFByVG9Mai15dGQ4TWM2N2ZLVDFpZEdVMzZxZUs2djhiclFDVjQtVUVtZ3J2OVZjRy1QclREUVh6VzFkLW5lbHcyRmNqdnZyOHJIU0M0Uk83Sng1WnFaa2hVVnRTMTJkbGVSRzhVWTFXOW",IMDb,28.34804117355686,84.85458923209114
205f1f7,live-0f77e109,2026-07-25T22:08:59.125251+00:00,Multiple,Reported area,Structural Failure,Aftermath,Nepal and Northern India are not overdue for a huge earthquake - New Scientist,"<a href=""https://news.google.com/rss/articles/CBMirAFBVV95cUxOTTIwNHM3ZjM1NHFEek5jVkNQblpUQkJsYTRNcDdINHhDMWJmbU9taGFTNFlDbHRUMVhmRGpVb3dsbkRfRnZKd3lkbVFfRExseXR4SGZvOHNhVzRyX29TMlVxWDF5SUhyLXdTNHctMD",New Scientist,28.24494103077882,85.27983040135561
205f1f7,live-a38bbaf3,2026-07-25T22:08:59.125233+00:00,Multiple,Reported area,Structural Failure,Aftermath,"A Look Back At The 2015 Nepal Earthquake When 9,000 People Died - NDTV","<a href=""https://news.google.com/rss/articles/CBMiugFBVV95cUxOVHhaRFBXbmw3aFJGbEdCeHdYR050UnlvWFhfc2pZcGEzV3RPaDNxb3V4SHBNaVB0UWEwaHg4VF9sc21CekpfdmhVSEJYLXBFTzh1eUxnOTV6ZE1pUXMtX0RVSVhENnR1NkN4OWpqcl",NDTV,28.147398178704186,86.15690141511138
205f1f7,live-2191cf78,2026-07-25T22:08:59.125217+00:00,Multiple,Reported area,Landslide,Aftermath,"Minor quake shakes Nepal, no immediate damage reported - ThePrint","<a href=""https://news.google.com/rss/articles/CBMikgFBVV95cUxNdy1icEg4SGluR1E1SDdpQ1NrVjNSMEdpLWViaXluZzBoeUN4UFhDY1FWWGFfOFU5M0JGd0hVMjhDUC15M2x5ZHFzZGlfMVp3VlJFYkVha2Juem1lZE9UUnMwRmhzVU1ZNU9PRXR3Zn",ThePrint,26.92447081704119,86.03147976493811
205f1f7,live-1cbcaa51,2026-07-25T22:08:59.125205+00:00,Multiple,Reported area,Structural Failure,Aftermath,3.8 Magnitude Earthquake Hits Nepal - Deccan Chronicle,"<a href=""https://news.google.com/rss/articles/CBMilgFBVV95cUxPd25LeVA1aTREVVVka0xUWGFZNGx0RmZZNFQ4UGpmRmdyclQtRW1vS09lTDQ0NEhyd0lNbEZpZklKVWdFa1MxQzRfUXZLdk04QnM2cVZNSmlTUENVUnVrd1hZTzlrb3dDSlRwdGZTSU",Deccan Chronicle,26.72633231685823,85.2434139782967
205f1f7,live-b20becf1,2026-07-25T22:08:59.125193+00:00,Multiple,Reported area,Structural Failure,Aftermath,3.8 magnitude earthquake hits Nepal - BusinessLine,"<a href=""https://news.google.com/rss/articles/CBMipAFBVV95cUxOS2pNaDlFZkdIRlBWc2lmSVJQWWlHWW9rZ0ozUDZjakl5cTYxYS1mSzJ2TVUxb255dlpyUEVxcmZtajR5RkZKSGx4ZWpJeVk4LTdGT0tyOHFTTnZvSDFhbmk5RC1xUWR0czlQaWRzUk",BusinessLine,28.156772075429643,85.02083546553324
205f1f7,live-8f5a0a0d,2026-07-25T22:08:59.125175+00:00,Multiple,Reported area,Structural Failure,Aftermath,The economic damage from the Nepal earthquake is almost half of the country’s GDP - qz.com,"<a href=""https://news.google.com/rss/articles/CBMirAFBVV95cUxPWUJKV2JuVTNqa0ZDNUVwMFlIVk9kNU1JMy0wNVQ5dUg0TEFyS2xRczM4em9qYXRqVVBlXzQwVmlzWm8ydFJUYjNFWVhiTEYtWW41cE9fMXAxd2lZYkFINmlaZnBrSW8yWnBBcURVR1",qz.com,28.156397361724977,85.27674313102722
205f1f7,live-11947e4c,2026-07-25T22:08:59.125158+00:00,Multiple,Reported area,Structural Failure,Aftermath,Earthquake of 4.2-magnitude stikes western Nepal - News On AIR,"<a href=""https://news.google.com/rss/articles/CBMif0FVX3lxTE5VYlZsU2FGSXBVcDQ2MWQ5RHNRX3N0dVZoWmNqNGpqRkRXQ1BhSkE5OWpFSEVjdmtvRzhISzk1RG43d2wwRmxJSHRMeEtQdVdzMW96cUE4OFRsalRqdF8yU3BMdFNab3MxOTZVTUNINz",News On AIR,27.713633015731297,84.43197419001673
205f1f7,live-dbde9065,2026-07-25T22:08:59.125125+00:00,Multiple,Reported area,Structural Failure,Aftermath,"Death toll from Venezuela earthquakes increases to 5,398 - Nepalnews.com","<a href=""https://news.google.com/rss/articles/CBMipAFBVV95cUxPdEdDN3NnN3MtR2JldjhlcDVPeHBfRlZ2Y3Z4UG1FZ1ROTWI0TDItLXN1QjJqcDFYVHR2UGVfUGlqNVhxdkY3UzJVdFpBRkw1S1NKczV6OEh5dlpJUUptNjZnenRXc3pBMV9TWUJvV3",Nepalnews.com,26.7424330711371,85.40783876899798
26e3aa2,live-cfaba13a,2026-07-25T21:07:49.478668+00:00,Multiple,Reported area,Structural Failure,Aftermath,Earthquake of magnitude five hits northwestern Nepal - The New Indian Express,"<a href=""https://news.google.com/rss/articles/CBMipgFBVV95cUxPUWZreTRqRHptal8zQ1NBenJCckFOUThmdDdoRlczNExTNTU1SDQwRmtndzc5ZVFHc1JQanUwMk43NF9NVUQ5OGMtRE9TZTJ6cFlXZllISmluV21aejZqX3FEWHVOa3d0dlhCWldTaT",The New Indian Express,27.991030698738346,85.01898643763735
26e3aa2,live-a895852a,2026-07-25T21:07:49.478656+00:00,Multiple,Reported area,Structural Failure,Aftermath,Aftershock: Everest and the Nepal Earthquake (2022) - IMDb,"<a href=""https://news.google.com/rss/articles/CBMicEFVX3lxTFByVG9Mai15dGQ4TWM2N2ZLVDFpZEdVMzZxZUs2djhiclFDVjQtVUVtZ3J2OVZjRy1QclREUVh6VzFkLW5lbHcyRmNqdnZyOHJIU0M0Uk83Sng1WnFaa2hVVnRTMTJkbGVSRzhVWTFXOW",IMDb,27.571163302739844,84.32576271111755
26e3aa2,live-0fc0cdfb,2026-07-25T21:07:49.478642+00:00,Multiple,Reported area,Structural Failure,Aftermath,Nepal and Northern India are not overdue for a huge earthquake - New Scientist,"<a href=""https://news.google.com/rss/articles/CBMirAFBVV95cUxOTTIwNHM3ZjM1NHFEek5jVkNQblpUQkJsYTRNcDdINHhDMWJmbU9taGFTNFlDbHRUMVhmRGpVb3dsbkRfRnZKd3lkbVFfRExseXR4SGZvOHNhVzRyX29TMlVxWDF5SUhyLXdTNHctMD",New Scientist,27.143971284954453,85.73494545668106
26e3aa2,live-27a08485,2026-07-25T21:07:49.478619+00:00,Multiple,Reported area,Structural Failure,Aftermath,"A Look Back At The 2015 Nepal Earthquake When 9,000 People Died - NDTV","<a href=""https://news.google.com/rss/articles/CBMiugFBVV95cUxOVHhaRFBXbmw3aFJGbEdCeHdYR050UnlvWFhfc2pZcGEzV3RPaDNxb3V4SHBNaVB0UWEwaHg4VF9sc21CekpfdmhVSEJYLXBFTzh1eUxnOTV6ZE1pUXMtX0RVSVhENnR1NkN4OWpqcl",NDTV,26.75771004674484,85.41763437768583
26e3aa2,live-c2d70a80,2026-07-25T21:07:49.478606+00:00,Multiple,Reported area,Landslide,Aftermath,"Minor quake shakes Nepal, no immediate damage reported - ThePrint","<a href=""https://news.google.com/rss/articles/CBMikgFBVV95cUxNdy1icEg4SGluR1E1SDdpQ1NrVjNSMEdpLWViaXluZzBoeUN4UFhDY1FWWGFfOFU5M0JGd0hVMjhDUC15M2x5ZHFzZGlfMVp3VlJFYkVha2Juem1lZE9UUnMwRmhzVU1ZNU9PRXR3Zn",ThePrint,28.12584246595591,84.83721262655831
26e3aa2,live-729ffc11,2026-07-25T21:07:49.478593+00:00,Multiple,Reported area,Structural Failure,Aftermath,3.8 Magnitude Earthquake Hits Nepal - Deccan Chronicle,"<a href=""https://news.google.com/rss/articles/CBMilgFBVV95cUxPd25LeVA1aTREVVVka0xUWGFZNGx0RmZZNFQ4UGpmRmdyclQtRW1vS09lTDQ0NEhyd0lNbEZpZklKVWdFa1MxQzRfUXZLdk04QnM2cVZNSmlTUENVUnVrd1hZTzlrb3dDSlRwdGZTSU",Deccan Chronicle,27.13970531605183,84.74898788735484
26e3aa2,live-6b9377cb,2026-07-25T21:07:49.478580+00:00,Multiple,Reported area,Structural Failure,Aftermath,3.8 magnitude earthquake hits Nepal - BusinessLine,"<a href=""https://news.google.com/rss/articles/CBMipAFBVV95cUxOS2pNaDlFZkdIRlBWc2lmSVJQWWlHWW9rZ0ozUDZjakl5cTYxYS1mSzJ2TVUxb255dlpyUEVxcmZtajR5RkZKSGx4ZWpJeVk4LTdGT0tyOHFTTnZvSDFhbmk5RC1xUWR0czlQaWRzUk",BusinessLine,27.369622470449514,84.65231272120941
26e3aa2,live-1b400b46,2026-07-25T21:07:49.478561+00:00,Multiple,Reported area,Structural Failure,Aftermath,The economic damage from the Nepal earthquake is almost half of the country’s GDP - qz.com,"<a href=""https://news.google.com/rss/articles/CBMirAFBVV95cUxPWUJKV2JuVTNqa0ZDNUVwMFlIVk9kNU1JMy0wNVQ5dUg0TEFyS2xRczM4em9qYXRqVVBlXzQwVmlzWm8ydFJUYjNFWVhiTEYtWW41cE9fMXAxd2lZYkFINmlaZnBrSW8yWnBBcURVR1",qz.com,27.599595578412355,85.4129548344872
26e3aa2,live-5cba53ef,2026-07-25T21:07:49.478542+00:00,Multiple,Reported area,Structural Failure,Aftermath,"Nepal-Tibet border earthquake: Death toll reaches 126, 188 injured - News On AIR","<a href=""https://news.google.com/rss/articles/CBMiowFBVV95cUxNN044WVU4ejBGbmpleDE0b00wZjhfT3Ixb1Nma2p5aXBWcm9wZUo1QmlrbjZxVFpuQjBCN0hqVUl3TlVsSG81LUF1dG1MZ054U0hKTUxBdkczRG0wbnFvNTBTbllxU25jcUd1TkUza3",News On AIR,28.14548733640269,85.13883224283164
26e3aa2,live-9a313034,2026-07-25T21:07:49.478514+00:00,Multiple,Reported area,Structural Failure,Aftermath,"Death toll from Venezuela earthquakes increases to 5,398 - Nepalnews.com","<a href=""https://news.google.com/rss/articles/CBMipAFBVV95cUxPdEdDN3NnN3MtR2JldjhlcDVPeHBfRlZ2Y3Z4UG1FZ1ROTWI0TDItLXN1QjJqcDFYVHR2UGVfUGlqNVhxdkY3UzJVdFpBRkw1S1NKczV6OEh5dlpJUUptNjZnenRXc3pBMV9TWUJvV3",Nepalnews.com,27.19340894022185,86.19845308538424
8e4ca5a,live-c198e2af,2026-07-25T19:55:24.313926+00:00,Multiple,Reported area,Structural Failure,Aftermath,Earthquake of magnitude five hits northwestern Nepal - The New Indian Express,"<a href=""https://news.google.com/rss/articles/CBMipgFBVV95cUxPUWZreTRqRHptal8zQ1NBenJCckFOUThmdDdoRlczNExTNTU1SDQwRmtndzc5ZVFHc1JQanUwMk43NF9NVUQ5OGMtRE9TZTJ6cFlXZllISmluV21aejZqX3FEWHVOa3d0dlhCWldTaT",The New Indian Express,27.775887336610467,85.30880411693205
8e4ca5a,live-0cf6a1a6,2026-07-25T19:55:24.313914+00:00,Multiple,Reported area,Structural Failure,Aftermath,Aftershock: Everest and the Nepal Earthquake (2022) - IMDb,"<a href=""https://news.google.com/rss/articles/CBMicEFVX3lxTFByVG9Mai15dGQ4TWM2N2ZLVDFpZEdVMzZxZUs2djhiclFDVjQtVUVtZ3J2OVZjRy1QclREUVh6VzFkLW5lbHcyRmNqdnZyOHJIU0M0Uk83Sng1WnFaa2hVVnRTMTJkbGVSRzhVWTFXOW",IMDb,28.601842675512184,84.52395723771293
8e4ca5a,live-a8d2ec91,2026-07-25T19:55:24.313900+00:00,Multiple,Reported area,Structural Failure,Aftermath,Nepal and Northern India are not overdue for a huge earthquake - New Scientist,"<a href=""https://news.google.com/rss/articles/CBMirAFBVV95cUxOTTIwNHM3ZjM1NHFEek5jVkNQblpUQkJsYTRNcDdINHhDMWJmbU9taGFTNFlDbHRUMVhmRGpVb3dsbkRfRnZKd3lkbVFfRExseXR4SGZvOHNhVzRyX29TMlVxWDF5SUhyLXdTNHctMD",New Scientist,27.20561565813794,84.9370987131091
8e4ca5a,live-b615237b,2026-07-25T19:55:24.313879+00:00,Multiple,Reported area,Structural Failure,Aftermath,"A Look Back At The 2015 Nepal Earthquake When 9,000 People Died - NDTV","<a href=""https://news.google.com/rss/articles/CBMiugFBVV95cUxOVHhaRFBXbmw3aFJGbEdCeHdYR050UnlvWFhfc2pZcGEzV3RPaDNxb3V4SHBNaVB0UWEwaHg4VF9sc21CekpfdmhVSEJYLXBFTzh1eUxnOTV6ZE1pUXMtX0RVSVhENnR1NkN4OWpqcl",NDTV,27.19985882524376,86.19229227157817
8e4ca5a,live-7ff413f2,2026-07-25T19:55:24.313867+00:00,Multiple,Reported area,Landslide,Aftermath,"Minor quake shakes Nepal, no immediate damage reported - ThePrint","<a href=""https://news.google.com/rss/articles/CBMikgFBVV95cUxNdy1icEg4SGluR1E1SDdpQ1NrVjNSMEdpLWViaXluZzBoeUN4UFhDY1FWWGFfOFU5M0JGd0hVMjhDUC15M2x5ZHFzZGlfMVp3VlJFYkVha2Juem1lZE9UUnMwRmhzVU1ZNU9PRXR3Zn",ThePrint,27.41564620462671,85.8371472421064
8e4ca5a,live-3405c27f,2026-07-25T19:55:24.313854+00:00,Multiple,Reported area,Structural Failure,Aftermath,3.8 Magnitude Earthquake Hits Nepal - Deccan Chronicle,"<a href=""https://news.google.com/rss/articles/CBMilgFBVV95cUxPd25LeVA1aTREVVVka0xUWGFZNGx0RmZZNFQ4UGpmRmdyclQtRW1vS09lTDQ0NEhyd0lNbEZpZklKVWdFa1MxQzRfUXZLdk04QnM2cVZNSmlTUENVUnVrd1hZTzlrb3dDSlRwdGZTSU",Deccan Chronicle,28.103992904057733,85.78843399874219
8e4ca5a,live-987f6e83,2026-07-25T19:55:24.313840+00:00,Multiple,Reported area,Structural Failure,Aftermath,3.8 magnitude earthquake hits Nepal - BusinessLine,"<a href=""https://news.google.com/rss/articles/CBMipAFBVV95cUxOS2pNaDlFZkdIRlBWc2lmSVJQWWlHWW9rZ0ozUDZjakl5cTYxYS1mSzJ2TVUxb255dlpyUEVxcmZtajR5RkZKSGx4ZWpJeVk4LTdGT0tyOHFTTnZvSDFhbmk5RC1xUWR0czlQaWRzUk",BusinessLine,27.18098042888048,84.60690254117677
8e4ca5a,live-015292fa,2026-07-25T19:55:24.313821+00:00,Multiple,Reported area,Structural Failure,Aftermath,The economic damage from the Nepal earthquake is almost half of the country’s GDP - qz.com,"<a href=""https://news.google.com/rss/articles/CBMirAFBVV95cUxPWUJKV2JuVTNqa0ZDNUVwMFlIVk9kNU1JMy0wNVQ5dUg0TEFyS2xRczM4em9qYXRqVVBlXzQwVmlzWm8ydFJUYjNFWVhiTEYtWW41cE9fMXAxd2lZYkFINmlaZnBrSW8yWnBBcURVR1",qz.com,28.470687430353884,85.16195803762909
8e4ca5a,live-c997cd61,2026-07-25T19:55:24.313801+00:00,Multiple,Reported area,Structural Failure,Aftermath,"Nepal-Tibet border earthquake: Death toll reaches 126, 188 injured - News On AIR","<a href=""https://news.google.com/rss/articles/CBMiowFBVV95cUxNN044WVU4ejBGbmpleDE0b00wZjhfT3Ixb1Nma2p5aXBWcm9wZUo1QmlrbjZxVFpuQjBCN0hqVUl3TlVsSG81LUF1dG1MZ054U0hKTUxBdkczRG0wbnFvNTBTbllxU25jcUd1TkUza3",News On AIR,28.10163754939939,84.36863296025673
8e4ca5a,live-b40791a0,2026-07-25T19:55:24.313750+00:00,Multiple,Reported area,Structural Failure,Aftermath,"Death toll from Venezuela earthquakes increases to 5,398 - Nepalnews.com","<a href=""https://news.google.com/rss/articles/CBMipAFBVV95cUxPdEdDN3NnN3MtR2JldjhlcDVPeHBfRlZ2Y3Z4UG1FZ1ROTWI0TDItLXN1QjJqcDFYVHR2UGVfUGlqNVhxdkY3UzJVdFpBRkw1S1NKczV6OEh5dlpJUUptNjZnenRXc3pBMV9TWUJvV3",Nepalnews.com,27.367337170500292,86.04036132524628
e46ba2d,live-15b4e925,2026-07-25T17:41:07.174646+00:00,Multiple,Reported area,Structural Failure,Aftermath,3.8 Magnitude Earthquake Hits Nepal - Deccan Chronicle,"<a href=""https://news.google.com/rss/articles/CBMilgFBVV95cUxPd25LeVA1aTREVVVka0xUWGFZNGx0RmZZNFQ4UGpmRmdyclQtRW1vS09lTDQ0NEhyd0lNbEZpZklKVWdFa1MxQzRfUXZLdk04QnM2cVZNSmlTUENVUnVrd1hZTzlrb3dDSlRwdGZTSU",Deccan Chronicle,27.474404323790292,86.11261173741465
e46ba2d,live-d368814c,2026-07-25T17:41:07.174633+00:00,Multiple,Reported area,Structural Failure,Aftermath,"A Look Back At The 2015 Nepal Earthquake When 9,000 People Died - NDTV","<a href=""https://news.google.com/rss/articles/CBMiugFBVV95cUxOVHhaRFBXbmw3aFJGbEdCeHdYR050UnlvWFhfc2pZcGEzV3RPaDNxb3V4SHBNaVB0UWEwaHg4VF9sc21CekpfdmhVSEJYLXBFTzh1eUxnOTV6ZE1pUXMtX0RVSVhENnR1NkN4OWpqcl",NDTV,28.35080006415803,85.94078533340213
e46ba2d,live-8cc91ca9,2026-07-25T17:41:07.174618+00:00,Multiple,Reported area,Structural Failure,Aftermath,3.8 magnitude earthquake hits Nepal - BusinessLine,"<a href=""https://news.google.com/rss/articles/CBMipAFBVV95cUxOS2pNaDlFZkdIRlBWc2lmSVJQWWlHWW9rZ0ozUDZjakl5cTYxYS1mSzJ2TVUxb255dlpyUEVxcmZtajR5RkZKSGx4ZWpJeVk4LTdGT0tyOHFTTnZvSDFhbmk5RC1xUWR0czlQaWRzUk",BusinessLine,27.688321910977947,84.87488215581193
e46ba2d,live-0ca1cf5a,2026-07-25T17:41:07.174594+00:00,Multiple,Reported area,Structural Failure,Aftermath,Nepal Earthquake: How to Help - Save the Children US,"<a href=""https://news.google.com/rss/articles/CBMikgFBVV95cUxPZWZVZ2l6bGtkb3ZVVUNPdzVfRzVZSURtWlJ3X3g2YlFUVHNZaUlVZ0hmSVllV1pad1Y3eS1rcG91X21EMnAtaUNHSGRNaC1XcEtEeUxkYjk0dnZSSmUwYXF0SjU1N0VnU0RwVmE4Z3",Save the Children US,28.31731161982704,85.8305907148036
e46ba2d,live-d60224ac,2026-07-25T17:41:07.174581+00:00,Multiple,Reported area,Structural Failure,Aftermath,Post-Disaster Housing Reconstruction in Rural Nepal A Case Study in the Aftermath of the 2015 Nepal ,"<a href=""https://news.google.com/rss/articles/CBMibkFVX3lxTE15U3JKZkRRbl9FemdvVllucXVsTmpxS2E5aW1mQ1Y4Q3RRNHhQUjhQd2NrRjZaSXY1alZLLUNTRi1WbFdFN2Fpd2Vta0lLZXNoWDB2RFRDS25rMmo3T3ZvRWt2NGV5NW5uRDJvUVdn?o",SCIRP Open Access,28.091269339904372,85.17941701401084
e46ba2d,live-57fafe04,2026-07-25T17:41:07.174564+00:00,Multiple,Reported area,Structural Failure,Aftermath,"101-Year-Old Pulled From Rubble One Week After Nepal Earthquake - ABC News - Breaking News, Latest N","<a href=""https://news.google.com/rss/articles/CBMinAFBVV95cUxQN0ZnMnd1SzIzbGVEUmJWaGlaZkJjbVpRT0E3eHFJVkdNT1VabWV0bmJoaXI3QzJUYjVlcjZqdGpHaVlKSGY2MjhmeXNNaFdwNndDZnIxalRGLU9LOF9ZTVI1N2JNTTQyXzI4UlBLQW","ABC News - Breaking News, Latest News and Videos",27.11591669717624,85.96146765604975
e46ba2d,live-2c650347,2026-07-25T17:41:07.174495+00:00,Multiple,Reported area,Landslide,Aftermath,Six-year study reveals ancient quakes along 150-mile fault system in Nepal - Virginia Tech News,"<a href=""https://news.google.com/rss/articles/CBMigAFBVV95cUxPbFc3VGRyWjFhZmpvb0pXMGhfVWVWbFBVQXN4ay1VeDA3bUtoeWVraEpWT2lKMTdTQmVfVjByVk1SaE1kbDQtd1RFVG5XaEN1TzBjWVhwOUtRVk9QZUN6Q0hNbDJuOTM3ZmpaUTVibX",Virginia Tech News,27.131353939985846,84.53770801497609
e46ba2d,live-3221d447,2026-07-25T17:41:07.174477+00:00,Multiple,Reported area,Structural Failure,Aftermath,Nepal and Northern India are not overdue for a huge earthquake - New Scientist,"<a href=""https://news.google.com/rss/articles/CBMirAFBVV95cUxOTTIwNHM3ZjM1NHFEek5jVkNQblpUQkJsYTRNcDdINHhDMWJmbU9taGFTNFlDbHRUMVhmRGpVb3dsbkRfRnZKd3lkbVFfRExseXR4SGZvOHNhVzRyX29TMlVxWDF5SUhyLXdTNHctMD",New Scientist,27.955980439682317,86.18602398571426
e46ba2d,live-4e469cfe,2026-07-25T17:41:07.174460+00:00,Multiple,Reported area,Structural Failure,Aftermath,The economic damage from the Nepal earthquake is almost half of the country’s GDP - qz.com,"<a href=""https://news.google.com/rss/articles/CBMirAFBVV95cUxPWUJKV2JuVTNqa0ZDNUVwMFlIVk9kNU1JMy0wNVQ5dUg0TEFyS2xRczM4em9qYXRqVVBlXzQwVmlzWm8ydFJUYjNFWVhiTEYtWW41cE9fMXAxd2lZYkFINmlaZnBrSW8yWnBBcURVR1",qz.com,28.00394353888082,84.35738658226568
e46ba2d,live-5bfa9827,2026-07-25T17:41:07.174424+00:00,Multiple,Reported area,Structural Failure,Aftermath,"Death toll from Venezuela earthquakes increases to 5,398 - Nepalnews.com","<a href=""https://news.google.com/rss/articles/CBMipAFBVV95cUxPdEdDN3NnN3MtR2JldjhlcDVPeHBfRlZ2Y3Z4UG1FZ1ROTWI0TDItLXN1QjJqcDFYVHR2UGVfUGlqNVhxdkY3UzJVdFpBRkw1S1NKczV6OEh5dlpJUUptNjZnenRXc3pBMV9TWUJvV3",Nepalnews.com,27.825433105762833,84.82265255358567
9af452b,live-fea02681,2026-07-25T16:33:04.365569+00:00,Multiple,Reported area,Structural Failure,Aftermath,3.8 Magnitude Earthquake Hits Nepal - Deccan Chronicle,"<a href=""https://news.google.com/rss/articles/CBMilgFBVV95cUxPd25LeVA1aTREVVVka0xUWGFZNGx0RmZZNFQ4UGpmRmdyclQtRW1vS09lTDQ0NEhyd0lNbEZpZklKVWdFa1MxQzRfUXZLdk04QnM2cVZNSmlTUENVUnVrd1hZTzlrb3dDSlRwdGZTSU",Deccan Chronicle,27.65581717420421,85.22182974396493
9af452b,live-6588fb7e,2026-07-25T16:33:04.365557+00:00,Multiple,Reported area,Structural Failure,Aftermath,"A Look Back At The 2015 Nepal Earthquake When 9,000 People Died - NDTV","<a href=""https://news.google.com/rss/articles/CBMiugFBVV95cUxOVHhaRFBXbmw3aFJGbEdCeHdYR050UnlvWFhfc2pZcGEzV3RPaDNxb3V4SHBNaVB0UWEwaHg4VF9sc21CekpfdmhVSEJYLXBFTzh1eUxnOTV6ZE1pUXMtX0RVSVhENnR1NkN4OWpqcl",NDTV,27.27956748080669,84.73181771049957
9af452b,live-d199f6e9,2026-07-25T16:33:04.365544+00:00,Multiple,Reported area,Structural Failure,Aftermath,3.8 magnitude earthquake hits Nepal - BusinessLine,"<a href=""https://news.google.com/rss/articles/CBMipAFBVV95cUxOS2pNaDlFZkdIRlBWc2lmSVJQWWlHWW9rZ0ozUDZjakl5cTYxYS1mSzJ2TVUxb255dlpyUEVxcmZtajR5RkZKSGx4ZWpJeVk4LTdGT0tyOHFTTnZvSDFhbmk5RC1xUWR0czlQaWRzUk",BusinessLine,26.731711859502347,84.52367838495638
9af452b,live-593992ba,2026-07-25T16:33:04.365521+00:00,Multiple,Reported area,Structural Failure,Aftermath,Nepal Earthquake: How to Help - Save the Children US,"<a href=""https://news.google.com/rss/articles/CBMikgFBVV95cUxPZWZVZ2l6bGtkb3ZVVUNPdzVfRzVZSURtWlJ3X3g2YlFUVHNZaUlVZ0hmSVllV1pad1Y3eS1rcG91X21EMnAtaUNHSGRNaC1XcEtEeUxkYjk0dnZSSmUwYXF0SjU1N0VnU0RwVmE4Z3",Save the Children US,27.79506496526507,85.58110112574174
9af452b,live-cc858863,2026-07-25T16:33:04.365510+00:00,Multiple,Reported area,Structural Failure,Aftermath,Post-Disaster Housing Reconstruction in Rural Nepal A Case Study in the Aftermath of the 2015 Nepal ,"<a href=""https://news.google.com/rss/articles/CBMibkFVX3lxTE15U3JKZkRRbl9FemdvVllucXVsTmpxS2E5aW1mQ1Y4Q3RRNHhQUjhQd2NrRjZaSXY1alZLLUNTRi1WbFdFN2Fpd2Vta0lLZXNoWDB2RFRDS25rMmo3T3ZvRWt2NGV5NW5uRDJvUVdn?o",SCIRP Open Access,27.91737903067102,84.7923509121726
9af452b,live-56f84a92,2026-07-25T16:33:04.365497+00:00,Multiple,Reported area,Structural Failure,Aftermath,"101-Year-Old Pulled From Rubble One Week After Nepal Earthquake - ABC News - Breaking News, Latest N","<a href=""https://news.google.com/rss/articles/CBMinAFBVV95cUxQN0ZnMnd1SzIzbGVEUmJWaGlaZkJjbVpRT0E3eHFJVkdNT1VabWV0bmJoaXI3QzJUYjVlcjZqdGpHaVlKSGY2MjhmeXNNaFdwNndDZnIxalRGLU9LOF9ZTVI1N2JNTTQyXzI4UlBLQW","ABC News - Breaking News, Latest News and Videos",28.616792786851356,85.81557574705826
9af452b,live-63485285,2026-07-25T16:33:04.365484+00:00,Multiple,Reported area,Landslide,Aftermath,Six-year study reveals ancient quakes along 150-mile fault system in Nepal - Virginia Tech News,"<a href=""https://news.google.com/rss/articles/CBMigAFBVV95cUxPbFc3VGRyWjFhZmpvb0pXMGhfVWVWbFBVQXN4ay1VeDA3bUtoeWVraEpWT2lKMTdTQmVfVjByVk1SaE1kbDQtd1RFVG5XaEN1TzBjWVhwOUtRVk9QZUN6Q0hNbDJuOTM3ZmpaUTVibX",Virginia Tech News,26.8628989642101,84.57644095960728
9af452b,live-e53585f5,2026-07-25T16:33:04.365466+00:00,Multiple,Reported area,Structural Failure,Aftermath,Nepal and Northern India are not overdue for a huge earthquake - New Scientist,"<a href=""https://news.google.com/rss/articles/CBMirAFBVV95cUxOTTIwNHM3ZjM1NHFEek5jVkNQblpUQkJsYTRNcDdINHhDMWJmbU9taGFTNFlDbHRUMVhmRGpVb3dsbkRfRnZKd3lkbVFfRExseXR4SGZvOHNhVzRyX29TMlVxWDF5SUhyLXdTNHctMD",New Scientist,28.0276268467407,86.18069220601014
9af452b,live-cd800caa,2026-07-25T16:33:04.365450+00:00,Multiple,Reported area,Structural Failure,Aftermath,The economic damage from the Nepal earthquake is almost half of the country’s GDP - qz.com,"<a href=""https://news.google.com/rss/articles/CBMirAFBVV95cUxPWUJKV2JuVTNqa0ZDNUVwMFlIVk9kNU1JMy0wNVQ5dUg0TEFyS2xRczM4em9qYXRqVVBlXzQwVmlzWm8ydFJUYjNFWVhiTEYtWW41cE9fMXAxd2lZYkFINmlaZnBrSW8yWnBBcURVR1",qz.com,27.418294205789103,84.38040406975377
9af452b,live-ab558f0b,2026-07-25T16:33:04.365412+00:00,Multiple,Reported area,Structural Failure,Aftermath,"Death toll from Venezuela earthquakes increases to 5,398 - Nepalnews.com","<a href=""https://news.google.com/rss/articles/CBMipAFBVV95cUxPdEdDN3NnN3MtR2JldjhlcDVPeHBfRlZ2Y3Z4UG1FZ1ROTWI0TDItLXN1QjJqcDFYVHR2UGVfUGlqNVhxdkY3UzJVdFpBRkw1S1NKczV6OEh5dlpJUUptNjZnenRXc3pBMV9TWUJvV3",Nepalnews.com,27.2512534490127,85.04691588528048
9332bc7,live-9afd73dd,2026-07-25T15:18:05.728786+00:00,Multiple,Reported area,Structural Failure,Aftermath,"A Look Back At The 2015 Nepal Earthquake When 9,000 People Died - NDTV","<a href=""https://news.google.com/rss/articles/CBMiugFBVV95cUxOVHhaRFBXbmw3aFJGbEdCeHdYR050UnlvWFhfc2pZcGEzV3RPaDNxb3V4SHBNaVB0UWEwaHg4VF9sc21CekpfdmhVSEJYLXBFTzh1eUxnOTV6ZE1pUXMtX0RVSVhENnR1NkN4OWpqcl",NDTV,28.55345617687987,86.26464572461774
9332bc7,live-855f6ba7,2026-07-25T15:18:05.728773+00:00,Multiple,Reported area,Structural Failure,Aftermath,3.8 magnitude earthquake hits Nepal - BusinessLine,"<a href=""https://news.google.com/rss/articles/CBMipAFBVV95cUxOS2pNaDlFZkdIRlBWc2lmSVJQWWlHWW9rZ0ozUDZjakl5cTYxYS1mSzJ2TVUxb255dlpyUEVxcmZtajR5RkZKSGx4ZWpJeVk4LTdGT0tyOHFTTnZvSDFhbmk5RC1xUWR0czlQaWRzUk",BusinessLine,27.68168167104392,86.19031511064402
9332bc7,live-b13079e2,2026-07-25T15:18:05.728760+00:00,Multiple,Reported area,Structural Failure,Aftermath,Nepal Earthquake: How to Help - Save the Children US,"<a href=""https://news.google.com/rss/articles/CBMikgFBVV95cUxPZWZVZ2l6bGtkb3ZVVUNPdzVfRzVZSURtWlJ3X3g2YlFUVHNZaUlVZ0hmSVllV1pad1Y3eS1rcG91X21EMnAtaUNHSGRNaC1XcEtEeUxkYjk0dnZSSmUwYXF0SjU1N0VnU0RwVmE4Z3",Save the Children US,28.07793895909416,84.52580414897088
9332bc7,live-193bdf0a,2026-07-25T15:18:05.728737+00:00,Multiple,Reported area,Structural Failure,Aftermath,Post-Disaster Housing Reconstruction in Rural Nepal A Case Study in the Aftermath of the 2015 Nepal ,"<a href=""https://news.google.com/rss/articles/CBMibkFVX3lxTE15U3JKZkRRbl9FemdvVllucXVsTmpxS2E5aW1mQ1Y4Q3RRNHhQUjhQd2NrRjZaSXY1alZLLUNTRi1WbFdFN2Fpd2Vta0lLZXNoWDB2RFRDS25rMmo3T3ZvRWt2NGV5NW5uRDJvUVdn?o",SCIRP Open Access,27.9552432720237,86.07942140526424
9332bc7,live-04f40ba6,2026-07-25T15:18:05.728725+00:00,Multiple,Reported area,Structural Failure,Aftermath,"101-Year-Old Pulled From Rubble One Week After Nepal Earthquake - ABC News - Breaking News, Latest N","<a href=""https://news.google.com/rss/articles/CBMinAFBVV95cUxQN0ZnMnd1SzIzbGVEUmJWaGlaZkJjbVpRT0E3eHFJVkdNT1VabWV0bmJoaXI3QzJUYjVlcjZqdGpHaVlKSGY2MjhmeXNNaFdwNndDZnIxalRGLU9LOF9ZTVI1N2JNTTQyXzI4UlBLQW","ABC News - Breaking News, Latest News and Videos",27.819324636700834,85.3346538295069
9332bc7,live-07120498,2026-07-25T15:18:05.728712+00:00,Multiple,Reported area,Landslide,Aftermath,Six-year study reveals ancient quakes along 150-mile fault system in Nepal - Virginia Tech News,"<a href=""https://news.google.com/rss/articles/CBMigAFBVV95cUxPbFc3VGRyWjFhZmpvb0pXMGhfVWVWbFBVQXN4ay1VeDA3bUtoeWVraEpWT2lKMTdTQmVfVjByVk1SaE1kbDQtd1RFVG5XaEN1TzBjWVhwOUtRVk9QZUN6Q0hNbDJuOTM3ZmpaUTVibX",Virginia Tech News,28.285985396849735,85.5092933973916
9332bc7,live-8c841c88,2026-07-25T15:18:05.728698+00:00,Multiple,Reported area,Structural Failure,Aftermath,Nepal and Northern India are not overdue for a huge earthquake - New Scientist,"<a href=""https://news.google.com/rss/articles/CBMirAFBVV95cUxOTTIwNHM3ZjM1NHFEek5jVkNQblpUQkJsYTRNcDdINHhDMWJmbU9taGFTNFlDbHRUMVhmRGpVb3dsbkRfRnZKd3lkbVFfRExseXR4SGZvOHNhVzRyX29TMlVxWDF5SUhyLXdTNHctMD",New Scientist,26.84689139412155,85.77991718084212
9332bc7,live-b458c692,2026-07-25T15:18:05.728678+00:00,Multiple,Reported area,Structural Failure,Aftermath,The economic damage from the Nepal earthquake is almost half of the country’s GDP - qz.com,"<a href=""https://news.google.com/rss/articles/CBMirAFBVV95cUxPWUJKV2JuVTNqa0ZDNUVwMFlIVk9kNU1JMy0wNVQ5dUg0TEFyS2xRczM4em9qYXRqVVBlXzQwVmlzWm8ydFJUYjNFWVhiTEYtWW41cE9fMXAxd2lZYkFINmlaZnBrSW8yWnBBcURVR1",qz.com,26.928072051299708,85.64227959980283
9332bc7,live-c57cb8c9,2026-07-25T15:18:05.728659+00:00,Multiple,Reported area,Structural Failure,Aftermath,"Nepal-Tibet border earthquake: Death toll reaches 126, 188 injured - News On AIR","<a href=""https://news.google.com/rss/articles/CBMiowFBVV95cUxNN044WVU4ejBGbmpleDE0b00wZjhfT3Ixb1Nma2p5aXBWcm9wZUo1QmlrbjZxVFpuQjBCN0hqVUl3TlVsSG81LUF1dG1MZ054U0hKTUxBdkczRG0wbnFvNTBTbllxU25jcUd1TkUza3",News On AIR,27.030982057148506,86.11355657453636
9332bc7,live-a8dbd21e,2026-07-25T15:18:05.728606+00:00,Multiple,Reported area,Structural Failure,Aftermath,"Death toll from Venezuela earthquakes increases to 5,398 - Nepalnews.com","<a href=""https://news.google.com/rss/articles/CBMipAFBVV95cUxPdEdDN3NnN3MtR2JldjhlcDVPeHBfRlZ2Y3Z4UG1FZ1ROTWI0TDItLXN1QjJqcDFYVHR2UGVfUGlqNVhxdkY3UzJVdFpBRkw1S1NKczV6OEh5dlpJUUptNjZnenRXc3pBMV9TWUJvV3",Nepalnews.com,28.50519078435189,84.89509697765475
12e3f54,live-133778a6,2026-07-25T14:00:39.994539+00:00,Multiple,Reported area,Structural Failure,Aftermath,3.8 Magnitude Earthquake Hits Nepal - Deccan Chronicle,"<a href=""https://news.google.com/rss/articles/CBMilgFBVV95cUxPd25LeVA1aTREVVVka0xUWGFZNGx0RmZZNFQ4UGpmRmdyclQtRW1vS09lTDQ0NEhyd0lNbEZpZklKVWdFa1MxQzRfUXZLdk04QnM2cVZNSmlTUENVUnVrd1hZTzlrb3dDSlRwdGZTSU",Deccan Chronicle,27.55674494646423,85.73133437725592
12e3f54,live-63382a3d,2026-07-25T14:00:39.994527+00:00,Multiple,Reported area,Structural Failure,Aftermath,"A Look Back At The 2015 Nepal Earthquake When 9,000 People Died - NDTV","<a href=""https://news.google.com/rss/articles/CBMiugFBVV95cUxOVHhaRFBXbmw3aFJGbEdCeHdYR050UnlvWFhfc2pZcGEzV3RPaDNxb3V4SHBNaVB0UWEwaHg4VF9sc21CekpfdmhVSEJYLXBFTzh1eUxnOTV6ZE1pUXMtX0RVSVhENnR1NkN4OWpqcl",NDTV,27.902354972782,86.01174864490304
12e3f54,live-9c775d08,2026-07-25T14:00:39.994515+00:00,Multiple,Reported area,Structural Failure,Aftermath,3.8 magnitude earthquake hits Nepal - BusinessLine,"<a href=""https://news.google.com/rss/articles/CBMipAFBVV95cUxOS2pNaDlFZkdIRlBWc2lmSVJQWWlHWW9rZ0ozUDZjakl5cTYxYS1mSzJ2TVUxb255dlpyUEVxcmZtajR5RkZKSGx4ZWpJeVk4LTdGT0tyOHFTTnZvSDFhbmk5RC1xUWR0czlQaWRzUk",BusinessLine,28.585592260619094,84.47039845825405
12e3f54,live-2bd5fc95,2026-07-25T14:00:39.994493+00:00,Multiple,Reported area,Structural Failure,Aftermath,Nepal Earthquake: How to Help - Save the Children US,"<a href=""https://news.google.com/rss/articles/CBMikgFBVV95cUxPZWZVZ2l6bGtkb3ZVVUNPdzVfRzVZSURtWlJ3X3g2YlFUVHNZaUlVZ0hmSVllV1pad1Y3eS1rcG91X21EMnAtaUNHSGRNaC1XcEtEeUxkYjk0dnZSSmUwYXF0SjU1N0VnU0RwVmE4Z3",Save the Children US,27.02986950419123,84.36337432227683
12e3f54,live-a97fb3cd,2026-07-25T14:00:39.994478+00:00,Multiple,Reported area,Structural Failure,Aftermath,Post-Disaster Housing Reconstruction in Rural Nepal A Case Study in the Aftermath of the 2015 Nepal ,"<a href=""https://news.google.com/rss/articles/CBMibkFVX3lxTE15U3JKZkRRbl9FemdvVllucXVsTmpxS2E5aW1mQ1Y4Q3RRNHhQUjhQd2NrRjZaSXY1alZLLUNTRi1WbFdFN2Fpd2Vta0lLZXNoWDB2RFRDS25rMmo3T3ZvRWt2NGV5NW5uRDJvUVdn?o",SCIRP Open Access,27.08875330578971,85.43483575785751
12e3f54,live-47fab67d,2026-07-25T14:00:39.994465+00:00,Multiple,Reported area,Landslide,Aftermath,Six-year study reveals ancient quakes along 150-mile fault system in Nepal - Virginia Tech News,"<a href=""https://news.google.com/rss/articles/CBMigAFBVV95cUxPbFc3VGRyWjFhZmpvb0pXMGhfVWVWbFBVQXN4ay1VeDA3bUtoeWVraEpWT2lKMTdTQmVfVjByVk1SaE1kbDQtd1RFVG5XaEN1TzBjWVhwOUtRVk9QZUN6Q0hNbDJuOTM3ZmpaUTVibX",Virginia Tech News,27.288743488794726,84.90540693642217
12e3f54,live-1bc68fe4,2026-07-25T14:00:39.994452+00:00,Multiple,Reported area,Structural Failure,Aftermath,Nepal and Northern India are not overdue for a huge earthquake - New Scientist,"<a href=""https://news.google.com/rss/articles/CBMirAFBVV95cUxOTTIwNHM3ZjM1NHFEek5jVkNQblpUQkJsYTRNcDdINHhDMWJmbU9taGFTNFlDbHRUMVhmRGpVb3dsbkRfRnZKd3lkbVFfRExseXR4SGZvOHNhVzRyX29TMlVxWDF5SUhyLXdTNHctMD",New Scientist,27.441378468313832,85.84613411362712
12e3f54,live-92489853,2026-07-25T14:00:39.994434+00:00,Multiple,Reported area,Structural Failure,Aftermath,The economic damage from the Nepal earthquake is almost half of the country’s GDP - qz.com,"<a href=""https://news.google.com/rss/articles/CBMirAFBVV95cUxPWUJKV2JuVTNqa0ZDNUVwMFlIVk9kNU1JMy0wNVQ5dUg0TEFyS2xRczM4em9qYXRqVVBlXzQwVmlzWm8ydFJUYjNFWVhiTEYtWW41cE9fMXAxd2lZYkFINmlaZnBrSW8yWnBBcURVR1",qz.com,28.07822360625355,85.78075913186325
12e3f54,live-5c59ce6c,2026-07-25T14:00:39.994415+00:00,Multiple,Reported area,Structural Failure,Aftermath,"Nepal-Tibet border earthquake: Death toll reaches 126, 188 injured - News On AIR","<a href=""https://news.google.com/rss/articles/CBMiowFBVV95cUxNN044WVU4ejBGbmpleDE0b00wZjhfT3Ixb1Nma2p5aXBWcm9wZUo1QmlrbjZxVFpuQjBCN0hqVUl3TlVsSG81LUF1dG1MZ054U0hKTUxBdkczRG0wbnFvNTBTbllxU25jcUd1TkUza3",News On AIR,27.748946369772714,85.73106294953207
12e3f54,live-c8d80d46,2026-07-25T14:00:39.994359+00:00,Multiple,Reported area,Structural Failure,Aftermath,"Death toll from Venezuela earthquakes increases to 5,398 - Nepalnews.com","<a href=""https://news.google.com/rss/articles/CBMipAFBVV95cUxPdEdDN3NnN3MtR2JldjhlcDVPeHBfRlZ2Y3Z4UG1FZ1ROTWI0TDItLXN1QjJqcDFYVHR2UGVfUGlqNVhxdkY3UzJVdFpBRkw1S1NKczV6OEh5dlpJUUptNjZnenRXc3pBMV9TWUJvV3",Nepalnews.com,28.38811294832066,85.80690756783044
84c277a,live-85bc6abe,2026-07-25T11:49:40.965892+00:00,Multiple,Reported area,Structural Failure,Aftermath,3.8 Magnitude Earthquake Hits Nepal - Deccan Chronicle,"<a href=""https://news.google.com/rss/articles/CBMilgFBVV95cUxPd25LeVA1aTREVVVka0xUWGFZNGx0RmZZNFQ4UGpmRmdyclQtRW1vS09lTDQ0NEhyd0lNbEZpZklKVWdFa1MxQzRfUXZLdk04QnM2cVZNSmlTUENVUnVrd1hZTzlrb3dDSlRwdGZTSU",Deccan Chronicle,28.50957555334579,85.74258854871903
84c277a,live-91f1cdeb,2026-07-25T11:49:40.965879+00:00,Multiple,Reported area,Structural Failure,Aftermath,"A Look Back At The 2015 Nepal Earthquake When 9,000 People Died - NDTV","<a href=""https://news.google.com/rss/articles/CBMiugFBVV95cUxOVHhaRFBXbmw3aFJGbEdCeHdYR050UnlvWFhfc2pZcGEzV3RPaDNxb3V4SHBNaVB0UWEwaHg4VF9sc21CekpfdmhVSEJYLXBFTzh1eUxnOTV6ZE1pUXMtX0RVSVhENnR1NkN4OWpqcl",NDTV,28.489986660138772,85.61612279122389
84c277a,live-1c239946,2026-07-25T11:49:40.965864+00:00,Multiple,Reported area,Structural Failure,Aftermath,3.8 magnitude earthquake hits Nepal - BusinessLine,"<a href=""https://news.google.com/rss/articles/CBMipAFBVV95cUxOS2pNaDlFZkdIRlBWc2lmSVJQWWlHWW9rZ0ozUDZjakl5cTYxYS1mSzJ2TVUxb255dlpyUEVxcmZtajR5RkZKSGx4ZWpJeVk4LTdGT0tyOHFTTnZvSDFhbmk5RC1xUWR0czlQaWRzUk",BusinessLine,27.91455084829423,85.67481470547263
84c277a,live-4a0bd02a,2026-07-25T11:49:40.965845+00:00,Multiple,Reported area,Structural Failure,Aftermath,Nepal Earthquake: How to Help - Save the Children US,"<a href=""https://news.google.com/rss/articles/CBMikgFBVV95cUxPZWZVZ2l6bGtkb3ZVVUNPdzVfRzVZSURtWlJ3X3g2YlFUVHNZaUlVZ0hmSVllV1pad1Y3eS1rcG91X21EMnAtaUNHSGRNaC1XcEtEeUxkYjk0dnZSSmUwYXF0SjU1N0VnU0RwVmE4Z3",Save the Children US,27.263095312599862,84.4609564937317
84c277a,live-5e9b5488,2026-07-25T11:49:40.965828+00:00,Multiple,Reported area,Structural Failure,Aftermath,Post-Disaster Housing Reconstruction in Rural Nepal A Case Study in the Aftermath of the 2015 Nepal ,"<a href=""https://news.google.com/rss/articles/CBMibkFVX3lxTE15U3JKZkRRbl9FemdvVllucXVsTmpxS2E5aW1mQ1Y4Q3RRNHhQUjhQd2NrRjZaSXY1alZLLUNTRi1WbFdFN2Fpd2Vta0lLZXNoWDB2RFRDS25rMmo3T3ZvRWt2NGV5NW5uRDJvUVdn?o",SCIRP Open Access,28.05350307213124,84.46935039886037
84c277a,live-19aae789,2026-07-25T11:49:40.965814+00:00,Multiple,Reported area,Landslide,Aftermath,Six-year study reveals ancient quakes along 150-mile fault system in Nepal - Virginia Tech News,"<a href=""https://news.google.com/rss/articles/CBMigAFBVV95cUxPbFc3VGRyWjFhZmpvb0pXMGhfVWVWbFBVQXN4ay1VeDA3bUtoeWVraEpWT2lKMTdTQmVfVjByVk1SaE1kbDQtd1RFVG5XaEN1TzBjWVhwOUtRVk9QZUN6Q0hNbDJuOTM3ZmpaUTVibX",Virginia Tech News,27.893996486293112,85.90072572381926
84c277a,live-32138547,2026-07-25T11:49:40.965798+00:00,Multiple,Reported area,Structural Failure,Aftermath,Nepal and Northern India are not overdue for a huge earthquake - New Scientist,"<a href=""https://news.google.com/rss/articles/CBMirAFBVV95cUxOTTIwNHM3ZjM1NHFEek5jVkNQblpUQkJsYTRNcDdINHhDMWJmbU9taGFTNFlDbHRUMVhmRGpVb3dsbkRfRnZKd3lkbVFfRExseXR4SGZvOHNhVzRyX29TMlVxWDF5SUhyLXdTNHctMD",New Scientist,27.602980249538177,85.54881669119551
84c277a,live-5e7048fb,2026-07-25T11:49:40.965778+00:00,Multiple,Reported area,Structural Failure,Aftermath,The economic damage from the Nepal earthquake is almost half of the country’s GDP - qz.com,"<a href=""https://news.google.com/rss/articles/CBMirAFBVV95cUxPWUJKV2JuVTNqa0ZDNUVwMFlIVk9kNU1JMy0wNVQ5dUg0TEFyS2xRczM4em9qYXRqVVBlXzQwVmlzWm8ydFJUYjNFWVhiTEYtWW41cE9fMXAxd2lZYkFINmlaZnBrSW8yWnBBcURVR1",qz.com,26.81794259638639,85.95450193754596
84c277a,live-69676d15,2026-07-25T11:49:40.965757+00:00,Multiple,Reported area,Structural Failure,Aftermath,"Nepal-Tibet border earthquake: Death toll reaches 126, 188 injured - News On AIR","<a href=""https://news.google.com/rss/articles/CBMiowFBVV95cUxNN044WVU4ejBGbmpleDE0b00wZjhfT3Ixb1Nma2p5aXBWcm9wZUo1QmlrbjZxVFpuQjBCN0hqVUl3TlVsSG81LUF1dG1MZ054U0hKTUxBdkczRG0wbnFvNTBTbllxU25jcUd1TkUza3",News On AIR,27.51246018150892,85.19837276908484
84c277a,live-b244ef35,2026-07-25T11:49:40.965717+00:00,Multiple,Reported area,Structural Failure,Aftermath,"Death toll from Venezuela earthquakes increases to 5,398 - Nepalnews.com","<a href=""https://news.google.com/rss/articles/CBMipAFBVV95cUxPdEdDN3NnN3MtR2JldjhlcDVPeHBfRlZ2Y3Z4UG1FZ1ROTWI0TDItLXN1QjJqcDFYVHR2UGVfUGlqNVhxdkY3UzJVdFpBRkw1S1NKczV6OEh5dlpJUUptNjZnenRXc3pBMV9TWUJvV3",Nepalnews.com,27.757906082211417,84.48386218517037
88ac095,live-5866b294,2026-07-25T10:44:07.063696+00:00,Multiple,Reported area,Structural Failure,Aftermath,3.8 Magnitude Earthquake Hits Nepal - Deccan Chronicle,"<a href=""https://news.google.com/rss/articles/CBMilgFBVV95cUxPd25LeVA1aTREVVVka0xUWGFZNGx0RmZZNFQ4UGpmRmdyclQtRW1vS09lTDQ0NEhyd0lNbEZpZklKVWdFa1MxQzRfUXZLdk04QnM2cVZNSmlTUENVUnVrd1hZTzlrb3dDSlRwdGZTSU",Deccan Chronicle,27.00432141733376,85.8939863282663
88ac095,live-05edb3fc,2026-07-25T10:44:07.063683+00:00,Multiple,Reported area,Structural Failure,Aftermath,"A Look Back At The 2015 Nepal Earthquake When 9,000 People Died - NDTV","<a href=""https://news.google.com/rss/articles/CBMiugFBVV95cUxOVHhaRFBXbmw3aFJGbEdCeHdYR050UnlvWFhfc2pZcGEzV3RPaDNxb3V4SHBNaVB0UWEwaHg4VF9sc21CekpfdmhVSEJYLXBFTzh1eUxnOTV6ZE1pUXMtX0RVSVhENnR1NkN4OWpqcl",NDTV,27.719911303165148,84.66140874164796
88ac095,live-25ef6bc8,2026-07-25T10:44:07.063669+00:00,Multiple,Reported area,Structural Failure,Aftermath,3.8 magnitude earthquake hits Nepal - BusinessLine,"<a href=""https://news.google.com/rss/articles/CBMipAFBVV95cUxOS2pNaDlFZkdIRlBWc2lmSVJQWWlHWW9rZ0ozUDZjakl5cTYxYS1mSzJ2TVUxb255dlpyUEVxcmZtajR5RkZKSGx4ZWpJeVk4LTdGT0tyOHFTTnZvSDFhbmk5RC1xUWR0czlQaWRzUk",BusinessLine,26.936806001249106,85.79942409623413
88ac095,live-96696a5a,2026-07-25T10:44:07.063651+00:00,Multiple,Reported area,Structural Failure,Aftermath,Nepal Earthquake: How to Help - Save the Children US,"<a href=""https://news.google.com/rss/articles/CBMikgFBVV95cUxPZWZVZ2l6bGtkb3ZVVUNPdzVfRzVZSURtWlJ3X3g2YlFUVHNZaUlVZ0hmSVllV1pad1Y3eS1rcG91X21EMnAtaUNHSGRNaC1XcEtEeUxkYjk0dnZSSmUwYXF0SjU1N0VnU0RwVmE4Z3",Save the Children US,27.435514531368167,86.27887658760758
88ac095,live-c63cd747,2026-07-25T10:44:07.063635+00:00,Multiple,Reported area,Structural Failure,Aftermath,Post-Disaster Housing Reconstruction in Rural Nepal A Case Study in the Aftermath of the 2015 Nepal ,"<a href=""https://news.google.com/rss/articles/CBMibkFVX3lxTE15U3JKZkRRbl9FemdvVllucXVsTmpxS2E5aW1mQ1Y4Q3RRNHhQUjhQd2NrRjZaSXY1alZLLUNTRi1WbFdFN2Fpd2Vta0lLZXNoWDB2RFRDS25rMmo3T3ZvRWt2NGV5NW5uRDJvUVdn?o",SCIRP Open Access,27.418708784850356,85.00749415404887
88ac095,live-836c36c1,2026-07-25T10:44:07.063622+00:00,Multiple,Reported area,Landslide,Aftermath,Six-year study reveals ancient quakes along 150-mile fault system in Nepal - Virginia Tech News,"<a href=""https://news.google.com/rss/articles/CBMigAFBVV95cUxPbFc3VGRyWjFhZmpvb0pXMGhfVWVWbFBVQXN4ay1VeDA3bUtoeWVraEpWT2lKMTdTQmVfVjByVk1SaE1kbDQtd1RFVG5XaEN1TzBjWVhwOUtRVk9QZUN6Q0hNbDJuOTM3ZmpaUTVibX",Virginia Tech News,27.11069791289707,85.36180690986362
88ac095,live-544fc616,2026-07-25T10:44:07.063609+00:00,Multiple,Reported area,Structural Failure,Aftermath,Nepal and Northern India are not overdue for a huge earthquake - New Scientist,"<a href=""https://news.google.com/rss/articles/CBMirAFBVV95cUxOTTIwNHM3ZjM1NHFEek5jVkNQblpUQkJsYTRNcDdINHhDMWJmbU9taGFTNFlDbHRUMVhmRGpVb3dsbkRfRnZKd3lkbVFfRExseXR4SGZvOHNhVzRyX29TMlVxWDF5SUhyLXdTNHctMD",New Scientist,28.270980740328866,85.31390209845267
88ac095,live-5ceff180,2026-07-25T10:44:07.063590+00:00,Multiple,Reported area,Structural Failure,Aftermath,The economic damage from the Nepal earthquake is almost half of the country’s GDP - qz.com,"<a href=""https://news.google.com/rss/articles/CBMirAFBVV95cUxPWUJKV2JuVTNqa0ZDNUVwMFlIVk9kNU1JMy0wNVQ5dUg0TEFyS2xRczM4em9qYXRqVVBlXzQwVmlzWm8ydFJUYjNFWVhiTEYtWW41cE9fMXAxd2lZYkFINmlaZnBrSW8yWnBBcURVR1",qz.com,27.292706472007833,86.15617590967018
88ac095,live-6069aa10,2026-07-25T10:44:07.063570+00:00,Multiple,Reported area,Structural Failure,Aftermath,"Nepal-Tibet border earthquake: Death toll reaches 126, 188 injured - News On AIR","<a href=""https://news.google.com/rss/articles/CBMiowFBVV95cUxNN044WVU4ejBGbmpleDE0b00wZjhfT3Ixb1Nma2p5aXBWcm9wZUo1QmlrbjZxVFpuQjBCN0hqVUl3TlVsSG81LUF1dG1MZ054U0hKTUxBdkczRG0wbnFvNTBTbllxU25jcUd1TkUza3",News On AIR,28.101758446693502,84.66152792938868
88ac095,live-8d0d081c,2026-07-25T10:44:07.063534+00:00,Multiple,Reported area,Structural Failure,Aftermath,"Death toll from Venezuela earthquakes increases to 5,398 - Nepalnews.com","<a href=""https://news.google.com/rss/articles/CBMipAFBVV95cUxPdEdDN3NnN3MtR2JldjhlcDVPeHBfRlZ2Y3Z4UG1FZ1ROTWI0TDItLXN1QjJqcDFYVHR2UGVfUGlqNVhxdkY3UzJVdFpBRkw1S1NKczV6OEh5dlpJUUptNjZnenRXc3pBMV9TWUJvV3",Nepalnews.com,26.79187802514162,84.6093314052234
2d406a7,live-8eee18c8,2026-07-25T09:11:51.209980+00:00,Multiple,Reported area,Structural Failure,Aftermath,4.2 magnitude earthquake hits western Nepal - Telangana Today,"<a href=""https://news.google.com/rss/articles/CBMiekFVX3lxTE94RDBmWk12Z25helRlSFVQdUNVTmdfVm5uenhDYU5meDc2S2ppNlhZSXNuUHg1ZW9wYmdkeGN0S1pWalNCVnNyMENRNGVSR0M5aGVwOUNkWlozbEdNUWVrck9Gd295d2RMaFJLUXJZc2",Telangana Today,28.218820498652196,84.47320955955507
2d406a7,live-9f6914f9,2026-07-25T09:11:51.209968+00:00,Multiple,Reported area,Structural Failure,Aftermath,"A Look Back At The 2015 Nepal Earthquake When 9,000 People Died - NDTV","<a href=""https://news.google.com/rss/articles/CBMiugFBVV95cUxOVHhaRFBXbmw3aFJGbEdCeHdYR050UnlvWFhfc2pZcGEzV3RPaDNxb3V4SHBNaVB0UWEwaHg4VF9sc21CekpfdmhVSEJYLXBFTzh1eUxnOTV6ZE1pUXMtX0RVSVhENnR1NkN4OWpqcl",NDTV,27.433794096179252,85.1795234191645
2d406a7,live-10202ced,2026-07-25T09:11:51.209955+00:00,Multiple,Reported area,Structural Failure,Aftermath,3.8 magnitude earthquake hits Nepal - BusinessLine,"<a href=""https://news.google.com/rss/articles/CBMipAFBVV95cUxOS2pNaDlFZkdIRlBWc2lmSVJQWWlHWW9rZ0ozUDZjakl5cTYxYS1mSzJ2TVUxb255dlpyUEVxcmZtajR5RkZKSGx4ZWpJeVk4LTdGT0tyOHFTTnZvSDFhbmk5RC1xUWR0czlQaWRzUk",BusinessLine,26.79650848406282,85.14111830356543
2d406a7,live-e78ae4c2,2026-07-25T09:11:51.209937+00:00,Multiple,Reported area,Structural Failure,Aftermath,Nepal Earthquake: How to Help - Save the Children US,"<a href=""https://news.google.com/rss/articles/CBMikgFBVV95cUxPZWZVZ2l6bGtkb3ZVVUNPdzVfRzVZSURtWlJ3X3g2YlFUVHNZaUlVZ0hmSVllV1pad1Y3eS1rcG91X21EMnAtaUNHSGRNaC1XcEtEeUxkYjk0dnZSSmUwYXF0SjU1N0VnU0RwVmE4Z3",Save the Children US,28.51526324007103,84.3214800637656
2d406a7,live-f5226f1e,2026-07-25T09:11:51.209921+00:00,Multiple,Reported area,Structural Failure,Aftermath,Post-Disaster Housing Reconstruction in Rural Nepal A Case Study in the Aftermath of the 2015 Nepal ,"<a href=""https://news.google.com/rss/articles/CBMibkFVX3lxTE15U3JKZkRRbl9FemdvVllucXVsTmpxS2E5aW1mQ1Y4Q3RRNHhQUjhQd2NrRjZaSXY1alZLLUNTRi1WbFdFN2Fpd2Vta0lLZXNoWDB2RFRDS25rMmo3T3ZvRWt2NGV5NW5uRDJvUVdn?o",SCIRP Open Access,28.26218648435618,84.30463758609342
2d406a7,live-d4488e16,2026-07-25T09:11:51.209908+00:00,Multiple,Reported area,Landslide,Aftermath,Six-year study reveals ancient quakes along 150-mile fault system in Nepal - Virginia Tech News,"<a href=""https://news.google.com/rss/articles/CBMigAFBVV95cUxPbFc3VGRyWjFhZmpvb0pXMGhfVWVWbFBVQXN4ay1VeDA3bUtoeWVraEpWT2lKMTdTQmVfVjByVk1SaE1kbDQtd1RFVG5XaEN1TzBjWVhwOUtRVk9QZUN6Q0hNbDJuOTM3ZmpaUTVibX",Virginia Tech News,28.10716621061912,85.1979436120211
2d406a7,live-73e476fc,2026-07-25T09:11:51.209894+00:00,Multiple,Reported area,Structural Failure,Aftermath,Nepal and Northern India are not overdue for a huge earthquake - New Scientist,"<a href=""https://news.google.com/rss/articles/CBMirAFBVV95cUxOTTIwNHM3ZjM1NHFEek5jVkNQblpUQkJsYTRNcDdINHhDMWJmbU9taGFTNFlDbHRUMVhmRGpVb3dsbkRfRnZKd3lkbVFfRExseXR4SGZvOHNhVzRyX29TMlVxWDF5SUhyLXdTNHctMD",New Scientist,27.491250748694167,85.37493325897584
2d406a7,live-f3d9ea23,2026-07-25T09:11:51.209876+00:00,Multiple,Reported area,Structural Failure,Aftermath,The economic damage from the Nepal earthquake is almost half of the country’s GDP - qz.com,"<a href=""https://news.google.com/rss/articles/CBMirAFBVV95cUxPWUJKV2JuVTNqa0ZDNUVwMFlIVk9kNU1JMy0wNVQ5dUg0TEFyS2xRczM4em9qYXRqVVBlXzQwVmlzWm8ydFJUYjNFWVhiTEYtWW41cE9fMXAxd2lZYkFINmlaZnBrSW8yWnBBcURVR1",qz.com,26.82253096427632,86.02166645102065
2d406a7,live-b5c9e2e2,2026-07-25T09:11:51.209858+00:00,Multiple,Reported area,Structural Failure,Aftermath,"Nepal-Tibet border earthquake: Death toll reaches 126, 188 injured - News On AIR","<a href=""https://news.google.com/rss/articles/CBMiowFBVV95cUxNN044WVU4ejBGbmpleDE0b00wZjhfT3Ixb1Nma2p5aXBWcm9wZUo1QmlrbjZxVFpuQjBCN0hqVUl3TlVsSG81LUF1dG1MZ054U0hKTUxBdkczRG0wbnFvNTBTbllxU25jcUd1TkUza3",News On AIR,27.567020365177775,86.07148974344824
2d406a7,live-86a16f12,2026-07-25T09:11:51.209829+00:00,Multiple,Reported area,Structural Failure,Aftermath,"Death toll from Venezuela earthquakes increases to 5,398 - Nepalnews.com","<a href=""https://news.google.com/rss/articles/CBMipAFBVV95cUxPdEdDN3NnN3MtR2JldjhlcDVPeHBfRlZ2Y3Z4UG1FZ1ROTWI0TDItLXN1QjJqcDFYVHR2UGVfUGlqNVhxdkY3UzJVdFpBRkw1S1NKczV6OEh5dlpJUUptNjZnenRXc3pBMV9TWUJvV3",Nepalnews.com,28.31518828982296,84.3014863210513
1b4b6bf,live-5f433f2a,2026-07-25T07:02:09.839386+00:00,Multiple,Reported area,Structural Failure,Aftermath,Aftershock: Everest and the Nepal Earthquake (2022) - IMDb,"<a href=""https://news.google.com/rss/articles/CBMicEFVX3lxTFByVG9Mai15dGQ4TWM2N2ZLVDFpZEdVMzZxZUs2djhiclFDVjQtVUVtZ3J2OVZjRy1QclREUVh6VzFkLW5lbHcyRmNqdnZyOHJIU0M0Uk83Sng1WnFaa2hVVnRTMTJkbGVSRzhVWTFXOW",IMDb,28.200297521468734,86.26900543801953
1b4b6bf,live-27c7e10a,2026-07-25T07:02:09.839374+00:00,Multiple,Reported area,Structural Failure,Aftermath,"A Look Back At The 2015 Nepal Earthquake When 9,000 People Died - NDTV","<a href=""https://news.google.com/rss/articles/CBMiugFBVV95cUxOVHhaRFBXbmw3aFJGbEdCeHdYR050UnlvWFhfc2pZcGEzV3RPaDNxb3V4SHBNaVB0UWEwaHg4VF9sc21CekpfdmhVSEJYLXBFTzh1eUxnOTV6ZE1pUXMtX0RVSVhENnR1NkN4OWpqcl",NDTV,27.759118917335883,85.44437847659174
1b4b6bf,live-3d6b8e6e,2026-07-25T07:02:09.839361+00:00,Multiple,Reported area,Structural Failure,Aftermath,Nepal and Northern India are not overdue for a huge earthquake - New Scientist,"<a href=""https://news.google.com/rss/articles/CBMirAFBVV95cUxOTTIwNHM3ZjM1NHFEek5jVkNQblpUQkJsYTRNcDdINHhDMWJmbU9taGFTNFlDbHRUMVhmRGpVb3dsbkRfRnZKd3lkbVFfRExseXR4SGZvOHNhVzRyX29TMlVxWDF5SUhyLXdTNHctMD",New Scientist,27.207859757240406,84.48742850259664
1b4b6bf,live-e2c27c05,2026-07-25T07:02:09.839343+00:00,Multiple,Reported area,Landslide,Aftermath,"Minor quake shakes Nepal, no immediate damage reported - ThePrint","<a href=""https://news.google.com/rss/articles/CBMikgFBVV95cUxNdy1icEg4SGluR1E1SDdpQ1NrVjNSMEdpLWViaXluZzBoeUN4UFhDY1FWWGFfOFU5M0JGd0hVMjhDUC15M2x5ZHFzZGlfMVp3VlJFYkVha2Juem1lZE9UUnMwRmhzVU1ZNU9PRXR3Zn",ThePrint,27.225565654582468,85.39793868536843
1b4b6bf,live-a809ea8b,2026-07-25T07:02:09.839331+00:00,Multiple,Reported area,Structural Failure,Aftermath,3.8 Magnitude Earthquake Hits Nepal - Deccan Chronicle,"<a href=""https://news.google.com/rss/articles/CBMilgFBVV95cUxPd25LeVA1aTREVVVka0xUWGFZNGx0RmZZNFQ4UGpmRmdyclQtRW1vS09lTDQ0NEhyd0lNbEZpZklKVWdFa1MxQzRfUXZLdk04QnM2cVZNSmlTUENVUnVrd1hZTzlrb3dDSlRwdGZTSU",Deccan Chronicle,28.460466991792156,86.13368022772501
1b4b6bf,live-c408e4a1,2026-07-25T07:02:09.839310+00:00,Multiple,Reported area,Structural Failure,Aftermath,3.8 magnitude earthquake hits Nepal - BusinessLine,"<a href=""https://news.google.com/rss/articles/CBMipAFBVV95cUxOS2pNaDlFZkdIRlBWc2lmSVJQWWlHWW9rZ0ozUDZjakl5cTYxYS1mSzJ2TVUxb255dlpyUEVxcmZtajR5RkZKSGx4ZWpJeVk4LTdGT0tyOHFTTnZvSDFhbmk5RC1xUWR0czlQaWRzUk",BusinessLine,27.587493068651547,86.06098231081324
1b4b6bf,live-002938f1,2026-07-25T07:02:09.839278+00:00,Multiple,Reported area,Structural Failure,Aftermath,The economic damage from the Nepal earthquake is almost half of the country’s GDP - qz.com,"<a href=""https://news.google.com/rss/articles/CBMirAFBVV95cUxPWUJKV2JuVTNqa0ZDNUVwMFlIVk9kNU1JMy0wNVQ5dUg0TEFyS2xRczM4em9qYXRqVVBlXzQwVmlzWm8ydFJUYjNFWVhiTEYtWW41cE9fMXAxd2lZYkFINmlaZnBrSW8yWnBBcURVR1",qz.com,26.764263830540642,84.7761280908659
1b4b6bf,live-ec39e968,2026-07-25T07:02:09.839223+00:00,Multiple,Reported area,Structural Failure,Aftermath,4.2 magnitude earthquake hits western Nepal - Telangana Today,"<a href=""https://news.google.com/rss/articles/CBMiekFVX3lxTE94RDBmWk12Z25helRlSFVQdUNVTmdfVm5uenhDYU5meDc2S2ppNlhZSXNuUHg1ZW9wYmdkeGN0S1pWalNCVnNyMENRNGVSR0M5aGVwOUNkWlozbEdNUWVrck9Gd295d2RMaFJLUXJZc2",Telangana Today,27.41058108409857,85.70456014349061
1b4b6bf,live-6c071a88,2026-07-25T07:02:09.839208+00:00,Multiple,Reported area,Structural Failure,Aftermath,"Nepal-Tibet border earthquake: Death toll reaches 126, 188 injured - News On AIR","<a href=""https://news.google.com/rss/articles/CBMiowFBVV95cUxNN044WVU4ejBGbmpleDE0b00wZjhfT3Ixb1Nma2p5aXBWcm9wZUo1QmlrbjZxVFpuQjBCN0hqVUl3TlVsSG81LUF1dG1MZ054U0hKTUxBdkczRG0wbnFvNTBTbllxU25jcUd1TkUza3",News On AIR,28.140160575819145,84.62307166054492
1b4b6bf,live-fbea8514,2026-07-25T07:02:09.839178+00:00,Multiple,Reported area,Structural Failure,Aftermath,"Death toll from Venezuela earthquakes increases to 5,398 - Nepalnews.com","<a href=""https://news.google.com/rss/articles/CBMipAFBVV95cUxPdEdDN3NnN3MtR2JldjhlcDVPeHBfRlZ2Y3Z4UG1FZ1ROTWI0TDItLXN1QjJqcDFYVHR2UGVfUGlqNVhxdkY3UzJVdFpBRkw1S1NKczV6OEh5dlpJUUptNjZnenRXc3pBMV9TWUJvV3",Nepalnews.com,28.19997682176032,86.10957253139617
984c0d4,live-f8d33e62,2026-07-25T04:28:21.329040+00:00,Multiple,Reported area,Structural Failure,Aftermath,"A Look Back At The 2015 Nepal Earthquake When 9,000 People Died - NDTV","<a href=""https://news.google.com/rss/articles/CBMiugFBVV95cUxOVHhaRFBXbmw3aFJGbEdCeHdYR050UnlvWFhfc2pZcGEzV3RPaDNxb3V4SHBNaVB0UWEwaHg4VF9sc21CekpfdmhVSEJYLXBFTzh1eUxnOTV6ZE1pUXMtX0RVSVhENnR1NkN4OWpqcl",NDTV,26.830290526794855,84.89001963210139
984c0d4,live-66bdebcd,2026-07-25T04:28:21.329028+00:00,Multiple,Reported area,Structural Failure,Aftermath,3.8 magnitude earthquake hits Nepal - BusinessLine,"<a href=""https://news.google.com/rss/articles/CBMipAFBVV95cUxOS2pNaDlFZkdIRlBWc2lmSVJQWWlHWW9rZ0ozUDZjakl5cTYxYS1mSzJ2TVUxb255dlpyUEVxcmZtajR5RkZKSGx4ZWpJeVk4LTdGT0tyOHFTTnZvSDFhbmk5RC1xUWR0czlQaWRzUk",BusinessLine,26.866633778974958,84.35641001430417
984c0d4,live-41750ff9,2026-07-25T04:28:21.329014+00:00,Multiple,Reported area,Structural Failure,Aftermath,Nepal Earthquake: How to Help - Save the Children US,"<a href=""https://news.google.com/rss/articles/CBMikgFBVV95cUxPZWZVZ2l6bGtkb3ZVVUNPdzVfRzVZSURtWlJ3X3g2YlFUVHNZaUlVZ0hmSVllV1pad1Y3eS1rcG91X21EMnAtaUNHSGRNaC1XcEtEeUxkYjk0dnZSSmUwYXF0SjU1N0VnU0RwVmE4Z3",Save the Children US,27.85405249796035,85.82257446196692
984c0d4,live-a58293bb,2026-07-25T04:28:21.328997+00:00,Multiple,Reported area,Structural Failure,Aftermath,Post-Disaster Housing Reconstruction in Rural Nepal A Case Study in the Aftermath of the 2015 Nepal ,"<a href=""https://news.google.com/rss/articles/CBMibkFVX3lxTE15U3JKZkRRbl9FemdvVllucXVsTmpxS2E5aW1mQ1Y4Q3RRNHhQUjhQd2NrRjZaSXY1alZLLUNTRi1WbFdFN2Fpd2Vta0lLZXNoWDB2RFRDS25rMmo3T3ZvRWt2NGV5NW5uRDJvUVdn?o",SCIRP Open Access,27.09629984786626,85.36106306242576
984c0d4,live-fe02644b,2026-07-25T04:28:21.328980+00:00,Multiple,Reported area,Structural Failure,Aftermath,"101-Year-Old Pulled From Rubble One Week After Nepal Earthquake - ABC News - Breaking News, Latest N","<a href=""https://news.google.com/rss/articles/CBMinAFBVV95cUxQN0ZnMnd1SzIzbGVEUmJWaGlaZkJjbVpRT0E3eHFJVkdNT1VabWV0bmJoaXI3QzJUYjVlcjZqdGpHaVlKSGY2MjhmeXNNaFdwNndDZnIxalRGLU9LOF9ZTVI1N2JNTTQyXzI4UlBLQW","ABC News - Breaking News, Latest News and Videos",27.663666380596073,84.34201003173476
984c0d4,live-b5609c2e,2026-07-25T04:28:21.328966+00:00,Multiple,Reported area,Landslide,Aftermath,Six-year study reveals ancient quakes along 150-mile fault system in Nepal - Virginia Tech News,"<a href=""https://news.google.com/rss/articles/CBMigAFBVV95cUxPbFc3VGRyWjFhZmpvb0pXMGhfVWVWbFBVQXN4ay1VeDA3bUtoeWVraEpWT2lKMTdTQmVfVjByVk1SaE1kbDQtd1RFVG5XaEN1TzBjWVhwOUtRVk9QZUN6Q0hNbDJuOTM3ZmpaUTVibX",Virginia Tech News,28.03453826470056,84.83524996168647
984c0d4,live-755ed777,2026-07-25T04:28:21.328953+00:00,Multiple,Reported area,Structural Failure,Aftermath,Nepal and Northern India are not overdue for a huge earthquake - New Scientist,"<a href=""https://news.google.com/rss/articles/CBMirAFBVV95cUxOTTIwNHM3ZjM1NHFEek5jVkNQblpUQkJsYTRNcDdINHhDMWJmbU9taGFTNFlDbHRUMVhmRGpVb3dsbkRfRnZKd3lkbVFfRExseXR4SGZvOHNhVzRyX29TMlVxWDF5SUhyLXdTNHctMD",New Scientist,28.69497289418297,84.58900064541226
984c0d4,live-4474e3d7,2026-07-25T04:28:21.328935+00:00,Multiple,Reported area,Structural Failure,Aftermath,The economic damage from the Nepal earthquake is almost half of the country’s GDP - qz.com,"<a href=""https://news.google.com/rss/articles/CBMirAFBVV95cUxPWUJKV2JuVTNqa0ZDNUVwMFlIVk9kNU1JMy0wNVQ5dUg0TEFyS2xRczM4em9qYXRqVVBlXzQwVmlzWm8ydFJUYjNFWVhiTEYtWW41cE9fMXAxd2lZYkFINmlaZnBrSW8yWnBBcURVR1",qz.com,27.965456855462342,85.7768327670642
984c0d4,live-2975a131,2026-07-25T04:28:21.328918+00:00,Multiple,Reported area,Structural Failure,Aftermath,"Death toll from Venezuela earthquakes increases to 5,398 - Nepalnews.com","<a href=""https://news.google.com/rss/articles/CBMipAFBVV95cUxPdEdDN3NnN3MtR2JldjhlcDVPeHBfRlZ2Y3Z4UG1FZ1ROTWI0TDItLXN1QjJqcDFYVHR2UGVfUGlqNVhxdkY3UzJVdFpBRkw1S1NKczV6OEh5dlpJUUptNjZnenRXc3pBMV9TWUJvV3",Nepalnews.com,28.59409842539673,84.64954744264035
984c0d4,live-e9be895d,2026-07-25T04:28:21.328888+00:00,Multiple,Reported area,Structural Failure,Aftermath,"Nepal-Tibet border earthquake: Death toll reaches 126, 188 injured - News On AIR","<a href=""https://news.google.com/rss/articles/CBMiowFBVV95cUxNN044WVU4ejBGbmpleDE0b00wZjhfT3Ixb1Nma2p5aXBWcm9wZUo1QmlrbjZxVFpuQjBCN0hqVUl3TlVsSG81LUF1dG1MZ054U0hKTUxBdkczRG0wbnFvNTBTbllxU25jcUd1TkUza3",News On AIR,27.61128987181104,85.71474893386495
8d4e85d,live-e6f4341c,2026-07-25T01:12:48.554358+00:00,Multiple,Reported area,Structural Failure,Aftermath,Aftershock: Everest and the Nepal Earthquake (2022) - IMDb,"<a href=""https://news.google.com/rss/articles/CBMicEFVX3lxTFByVG9Mai15dGQ4TWM2N2ZLVDFpZEdVMzZxZUs2djhiclFDVjQtVUVtZ3J2OVZjRy1QclREUVh6VzFkLW5lbHcyRmNqdnZyOHJIU0M0Uk83Sng1WnFaa2hVVnRTMTJkbGVSRzhVWTFXOW",IMDb,28.362915000767156,86.06572097122898
8d4e85d,live-888ef7a8,2026-07-25T01:12:48.554346+00:00,Multiple,Reported area,Structural Failure,Aftermath,Nepal and Northern India are not overdue for a huge earthquake - New Scientist,"<a href=""https://news.google.com/rss/articles/CBMirAFBVV95cUxOTTIwNHM3ZjM1NHFEek5jVkNQblpUQkJsYTRNcDdINHhDMWJmbU9taGFTNFlDbHRUMVhmRGpVb3dsbkRfRnZKd3lkbVFfRExseXR4SGZvOHNhVzRyX29TMlVxWDF5SUhyLXdTNHctMD",New Scientist,28.51955279313028,84.40678793938137
8d4e85d,live-e5611f5f,2026-07-25T01:12:48.554334+00:00,Multiple,Reported area,Structural Failure,Aftermath,"A Look Back At The 2015 Nepal Earthquake When 9,000 People Died - NDTV","<a href=""https://news.google.com/rss/articles/CBMiugFBVV95cUxOVHhaRFBXbmw3aFJGbEdCeHdYR050UnlvWFhfc2pZcGEzV3RPaDNxb3V4SHBNaVB0UWEwaHg4VF9sc21CekpfdmhVSEJYLXBFTzh1eUxnOTV6ZE1pUXMtX0RVSVhENnR1NkN4OWpqcl",NDTV,27.213838368913613,85.6320383866324
8d4e85d,live-d0265a25,2026-07-25T01:12:48.554316+00:00,Multiple,Reported area,Landslide,Aftermath,"Minor quake shakes Nepal, no immediate damage reported - ThePrint","<a href=""https://news.google.com/rss/articles/CBMikgFBVV95cUxNdy1icEg4SGluR1E1SDdpQ1NrVjNSMEdpLWViaXluZzBoeUN4UFhDY1FWWGFfOFU5M0JGd0hVMjhDUC15M2x5ZHFzZGlfMVp3VlJFYkVha2Juem1lZE9UUnMwRmhzVU1ZNU9PRXR3Zn",ThePrint,27.33243231253689,85.46872328815115
8d4e85d,live-3d373205,2026-07-25T01:12:48.554303+00:00,Multiple,Reported area,Structural Failure,Aftermath,3.8 Magnitude Earthquake Hits Nepal - Deccan Chronicle,"<a href=""https://news.google.com/rss/articles/CBMilgFBVV95cUxPd25LeVA1aTREVVVka0xUWGFZNGx0RmZZNFQ4UGpmRmdyclQtRW1vS09lTDQ0NEhyd0lNbEZpZklKVWdFa1MxQzRfUXZLdk04QnM2cVZNSmlTUENVUnVrd1hZTzlrb3dDSlRwdGZTSU",Deccan Chronicle,27.308081537732885,86.176307784152
8d4e85d,live-cf7534c5,2026-07-25T01:12:48.554287+00:00,Multiple,Reported area,Structural Failure,Aftermath,3.8 magnitude earthquake hits Nepal - BusinessLine,"<a href=""https://news.google.com/rss/articles/CBMipAFBVV95cUxOS2pNaDlFZkdIRlBWc2lmSVJQWWlHWW9rZ0ozUDZjakl5cTYxYS1mSzJ2TVUxb255dlpyUEVxcmZtajR5RkZKSGx4ZWpJeVk4LTdGT0tyOHFTTnZvSDFhbmk5RC1xUWR0czlQaWRzUk",BusinessLine,27.672456458307717,85.63789448484768
8d4e85d,live-07136974,2026-07-25T01:12:48.554273+00:00,Multiple,Reported area,Structural Failure,Aftermath,The economic damage from the Nepal earthquake is almost half of the country’s GDP - qz.com,"<a href=""https://news.google.com/rss/articles/CBMirAFBVV95cUxPWUJKV2JuVTNqa0ZDNUVwMFlIVk9kNU1JMy0wNVQ5dUg0TEFyS2xRczM4em9qYXRqVVBlXzQwVmlzWm8ydFJUYjNFWVhiTEYtWW41cE9fMXAxd2lZYkFINmlaZnBrSW8yWnBBcURVR1",qz.com,27.25005137066354,84.83760331499325
8d4e85d,live-75d5d9e3,2026-07-25T01:12:48.554251+00:00,Multiple,Reported area,Structural Failure,Aftermath,4.2 magnitude earthquake hits western Nepal - Telangana Today,"<a href=""https://news.google.com/rss/articles/CBMiekFVX3lxTE94RDBmWk12Z25helRlSFVQdUNVTmdfVm5uenhDYU5meDc2S2ppNlhZSXNuUHg1ZW9wYmdkeGN0S1pWalNCVnNyMENRNGVSR0M5aGVwOUNkWlozbEdNUWVrck9Gd295d2RMaFJLUXJZc2",Telangana Today,28.072223077548283,85.56821028833129
8d4e85d,live-cbe3aeb4,2026-07-25T01:12:48.554237+00:00,Multiple,Reported area,Structural Failure,Aftermath,"Death toll from Venezuela earthquakes increases to 5,398 - Nepalnews.com","<a href=""https://news.google.com/rss/articles/CBMipAFBVV95cUxPdEdDN3NnN3MtR2JldjhlcDVPeHBfRlZ2Y3Z4UG1FZ1ROTWI0TDItLXN1QjJqcDFYVHR2UGVfUGlqNVhxdkY3UzJVdFpBRkw1S1NKczV6OEh5dlpJUUptNjZnenRXc3pBMV9TWUJvV3",Nepalnews.com,27.026613954655442,86.29319288031994
8d4e85d,live-de1bfaf3,2026-07-25T01:12:48.554204+00:00,Multiple,Reported area,Structural Failure,Aftermath,"Nepal-Tibet border earthquake: Death toll reaches 126, 188 injured - News On AIR","<a href=""https://news.google.com/rss/articles/CBMiowFBVV95cUxNN044WVU4ejBGbmpleDE0b00wZjhfT3Ixb1Nma2p5aXBWcm9wZUo1QmlrbjZxVFpuQjBCN0hqVUl3TlVsSG81LUF1dG1MZ054U0hKTUxBdkczRG0wbnFvNTBTbllxU25jcUd1TkUza3",News On AIR,27.149865326361287,85.05493340204464
f46a315,live-d24c81e6,2026-07-24T23:45:08.666263+00:00,Multiple,Reported area,Structural Failure,Aftermath,Aftershock: Everest and the Nepal Earthquake (2022) - IMDb,"<a href=""https://news.google.com/rss/articles/CBMicEFVX3lxTFByVG9Mai15dGQ4TWM2N2ZLVDFpZEdVMzZxZUs2djhiclFDVjQtVUVtZ3J2OVZjRy1QclREUVh6VzFkLW5lbHcyRmNqdnZyOHJIU0M0Uk83Sng1WnFaa2hVVnRTMTJkbGVSRzhVWTFXOW",IMDb,26.748612169235656,85.71829232982746
f46a315,live-04223180,2026-07-24T23:45:08.666249+00:00,Multiple,Reported area,Structural Failure,Aftermath,Nepal and Northern India are not overdue for a huge earthquake - New Scientist,"<a href=""https://news.google.com/rss/articles/CBMirAFBVV95cUxOTTIwNHM3ZjM1NHFEek5jVkNQblpUQkJsYTRNcDdINHhDMWJmbU9taGFTNFlDbHRUMVhmRGpVb3dsbkRfRnZKd3lkbVFfRExseXR4SGZvOHNhVzRyX29TMlVxWDF5SUhyLXdTNHctMD",New Scientist,27.020835908307845,84.81128552496168
f46a315,live-121714ba,2026-07-24T23:45:08.666235+00:00,Multiple,Reported area,Structural Failure,Aftermath,"A Look Back At The 2015 Nepal Earthquake When 9,000 People Died - NDTV","<a href=""https://news.google.com/rss/articles/CBMiugFBVV95cUxOVHhaRFBXbmw3aFJGbEdCeHdYR050UnlvWFhfc2pZcGEzV3RPaDNxb3V4SHBNaVB0UWEwaHg4VF9sc21CekpfdmhVSEJYLXBFTzh1eUxnOTV6ZE1pUXMtX0RVSVhENnR1NkN4OWpqcl",NDTV,28.125038146648976,85.41131438296973
f46a315,live-65b68b52,2026-07-24T23:45:08.666215+00:00,Multiple,Reported area,Landslide,Aftermath,"Minor quake shakes Nepal, no immediate damage reported - ThePrint","<a href=""https://news.google.com/rss/articles/CBMikgFBVV95cUxNdy1icEg4SGluR1E1SDdpQ1NrVjNSMEdpLWViaXluZzBoeUN4UFhDY1FWWGFfOFU5M0JGd0hVMjhDUC15M2x5ZHFzZGlfMVp3VlJFYkVha2Juem1lZE9UUnMwRmhzVU1ZNU9PRXR3Zn",ThePrint,27.924828822622786,84.4814119443667
f46a315,live-cd909a05,2026-07-24T23:45:08.666202+00:00,Multiple,Reported area,Structural Failure,Aftermath,3.8 Magnitude Earthquake Hits Nepal - Deccan Chronicle,"<a href=""https://news.google.com/rss/articles/CBMilgFBVV95cUxPd25LeVA1aTREVVVka0xUWGFZNGx0RmZZNFQ4UGpmRmdyclQtRW1vS09lTDQ0NEhyd0lNbEZpZklKVWdFa1MxQzRfUXZLdk04QnM2cVZNSmlTUENVUnVrd1hZTzlrb3dDSlRwdGZTSU",Deccan Chronicle,28.0071779877047,85.15129889506224
f46a315,live-0206b5e4,2026-07-24T23:45:08.666183+00:00,Multiple,Reported area,Structural Failure,Aftermath,3.8 magnitude earthquake hits Nepal - BusinessLine,"<a href=""https://news.google.com/rss/articles/CBMipAFBVV95cUxOS2pNaDlFZkdIRlBWc2lmSVJQWWlHWW9rZ0ozUDZjakl5cTYxYS1mSzJ2TVUxb255dlpyUEVxcmZtajR5RkZKSGx4ZWpJeVk4LTdGT0tyOHFTTnZvSDFhbmk5RC1xUWR0czlQaWRzUk",BusinessLine,27.012975094933235,84.79004055605226
f46a315,live-3b4b471c,2026-07-24T23:45:08.666168+00:00,Multiple,Reported area,Structural Failure,Aftermath,The economic damage from the Nepal earthquake is almost half of the country’s GDP - qz.com,"<a href=""https://news.google.com/rss/articles/CBMirAFBVV95cUxPWUJKV2JuVTNqa0ZDNUVwMFlIVk9kNU1JMy0wNVQ5dUg0TEFyS2xRczM4em9qYXRqVVBlXzQwVmlzWm8ydFJUYjNFWVhiTEYtWW41cE9fMXAxd2lZYkFINmlaZnBrSW8yWnBBcURVR1",qz.com,28.418804400906435,84.87267874000791
f46a315,live-25052b32,2026-07-24T23:45:08.666145+00:00,Multiple,Reported area,Structural Failure,Aftermath,4.2 magnitude earthquake hits western Nepal - Telangana Today,"<a href=""https://news.google.com/rss/articles/CBMiekFVX3lxTE94RDBmWk12Z25helRlSFVQdUNVTmdfVm5uenhDYU5meDc2S2ppNlhZSXNuUHg1ZW9wYmdkeGN0S1pWalNCVnNyMENRNGVSR0M5aGVwOUNkWlozbEdNUWVrck9Gd295d2RMaFJLUXJZc2",Telangana Today,27.43564509103356,85.68467394907792
f46a315,live-c773e02e,2026-07-24T23:45:08.666130+00:00,Multiple,Reported area,Structural Failure,Aftermath,"Death toll from Venezuela earthquakes increases to 5,398 - Nepalnews.com","<a href=""https://news.google.com/rss/articles/CBMipAFBVV95cUxPdEdDN3NnN3MtR2JldjhlcDVPeHBfRlZ2Y3Z4UG1FZ1ROTWI0TDItLXN1QjJqcDFYVHR2UGVfUGlqNVhxdkY3UzJVdFpBRkw1S1NKczV6OEh5dlpJUUptNjZnenRXc3pBMV9TWUJvV3",Nepalnews.com,26.8165304037474,84.78515595272206
f46a315,live-ce22b300,2026-07-24T23:45:08.666094+00:00,Multiple,Reported area,Structural Failure,Aftermath,"Nepal-Tibet border earthquake: Death toll reaches 126, 188 injured - News On AIR","<a href=""https://news.google.com/rss/articles/CBMiowFBVV95cUxNN044WVU4ejBGbmpleDE0b00wZjhfT3Ixb1Nma2p5aXBWcm9wZUo1QmlrbjZxVFpuQjBCN0hqVUl3TlVsSG81LUF1dG1MZ054U0hKTUxBdkczRG0wbnFvNTBTbllxU25jcUd1TkUza3",News On AIR,28.50968886015555,84.86760446829673
750524a,live-87f1cab0,2026-07-24T22:44:24.129248+00:00,Multiple,Reported area,Structural Failure,Aftermath,Aftershock: Everest and the Nepal Earthquake (2022) - IMDb,"<a href=""https://news.google.com/rss/articles/CBMicEFVX3lxTFByVG9Mai15dGQ4TWM2N2ZLVDFpZEdVMzZxZUs2djhiclFDVjQtVUVtZ3J2OVZjRy1QclREUVh6VzFkLW5lbHcyRmNqdnZyOHJIU0M0Uk83Sng1WnFaa2hVVnRTMTJkbGVSRzhVWTFXOW",IMDb,27.641907272465907,85.75947787676125
750524a,live-ad0fc54f,2026-07-24T22:44:24.129236+00:00,Multiple,Reported area,Structural Failure,Aftermath,Nepal and Northern India are not overdue for a huge earthquake - New Scientist,"<a href=""https://news.google.com/rss/articles/CBMirAFBVV95cUxOTTIwNHM3ZjM1NHFEek5jVkNQblpUQkJsYTRNcDdINHhDMWJmbU9taGFTNFlDbHRUMVhmRGpVb3dsbkRfRnZKd3lkbVFfRExseXR4SGZvOHNhVzRyX29TMlVxWDF5SUhyLXdTNHctMD",New Scientist,28.522504530164326,86.15039184519466
750524a,live-0cbd4dc6,2026-07-24T22:44:24.129223+00:00,Multiple,Reported area,Structural Failure,Aftermath,"A Look Back At The 2015 Nepal Earthquake When 9,000 People Died - NDTV","<a href=""https://news.google.com/rss/articles/CBMiugFBVV95cUxOVHhaRFBXbmw3aFJGbEdCeHdYR050UnlvWFhfc2pZcGEzV3RPaDNxb3V4SHBNaVB0UWEwaHg4VF9sc21CekpfdmhVSEJYLXBFTzh1eUxnOTV6ZE1pUXMtX0RVSVhENnR1NkN4OWpqcl",NDTV,27.725188555679722,86.21337296225651
750524a,live-52414de4,2026-07-24T22:44:24.129205+00:00,Multiple,Reported area,Landslide,Aftermath,"Minor quake shakes Nepal, no immediate damage reported - ThePrint","<a href=""https://news.google.com/rss/articles/CBMikgFBVV95cUxNdy1icEg4SGluR1E1SDdpQ1NrVjNSMEdpLWViaXluZzBoeUN4UFhDY1FWWGFfOFU5M0JGd0hVMjhDUC15M2x5ZHFzZGlfMVp3VlJFYkVha2Juem1lZE9UUnMwRmhzVU1ZNU9PRXR3Zn",ThePrint,27.03526722176986,84.69467501801994
750524a,live-0ecd18a3,2026-07-24T22:44:24.129194+00:00,Multiple,Reported area,Structural Failure,Aftermath,3.8 Magnitude Earthquake Hits Nepal - Deccan Chronicle,"<a href=""https://news.google.com/rss/articles/CBMilgFBVV95cUxPd25LeVA1aTREVVVka0xUWGFZNGx0RmZZNFQ4UGpmRmdyclQtRW1vS09lTDQ0NEhyd0lNbEZpZklKVWdFa1MxQzRfUXZLdk04QnM2cVZNSmlTUENVUnVrd1hZTzlrb3dDSlRwdGZTSU",Deccan Chronicle,27.15369300480172,85.4891941189568
750524a,live-f3d5469f,2026-07-24T22:44:24.129178+00:00,Multiple,Reported area,Structural Failure,Aftermath,3.8 magnitude earthquake hits Nepal - BusinessLine,"<a href=""https://news.google.com/rss/articles/CBMipAFBVV95cUxOS2pNaDlFZkdIRlBWc2lmSVJQWWlHWW9rZ0ozUDZjakl5cTYxYS1mSzJ2TVUxb255dlpyUEVxcmZtajR5RkZKSGx4ZWpJeVk4LTdGT0tyOHFTTnZvSDFhbmk5RC1xUWR0czlQaWRzUk",BusinessLine,26.760758294821525,84.40712981562069
750524a,live-97091624,2026-07-24T22:44:24.129164+00:00,Multiple,Reported area,Structural Failure,Aftermath,The economic damage from the Nepal earthquake is almost half of the country’s GDP - qz.com,"<a href=""https://news.google.com/rss/articles/CBMirAFBVV95cUxPWUJKV2JuVTNqa0ZDNUVwMFlIVk9kNU1JMy0wNVQ5dUg0TEFyS2xRczM4em9qYXRqVVBlXzQwVmlzWm8ydFJUYjNFWVhiTEYtWW41cE9fMXAxd2lZYkFINmlaZnBrSW8yWnBBcURVR1",qz.com,27.48281349448769,85.64735305528926
750524a,live-31ab080b,2026-07-24T22:44:24.129144+00:00,Multiple,Reported area,Structural Failure,Aftermath,4.2 magnitude earthquake hits western Nepal - Telangana Today,"<a href=""https://news.google.com/rss/articles/CBMiekFVX3lxTE94RDBmWk12Z25helRlSFVQdUNVTmdfVm5uenhDYU5meDc2S2ppNlhZSXNuUHg1ZW9wYmdkeGN0S1pWalNCVnNyMENRNGVSR0M5aGVwOUNkWlozbEdNUWVrck9Gd295d2RMaFJLUXJZc2",Telangana Today,27.01423913289199,85.14702061847017
750524a,live-bd6d8f46,2026-07-24T22:44:24.129129+00:00,Multiple,Reported area,Structural Failure,Aftermath,"Death toll from Venezuela earthquakes increases to 5,398 - Nepalnews.com","<a href=""https://news.google.com/rss/articles/CBMipAFBVV95cUxPdEdDN3NnN3MtR2JldjhlcDVPeHBfRlZ2Y3Z4UG1FZ1ROTWI0TDItLXN1QjJqcDFYVHR2UGVfUGlqNVhxdkY3UzJVdFpBRkw1S1NKczV6OEh5dlpJUUptNjZnenRXc3pBMV9TWUJvV3",Nepalnews.com,28.000036769987737,85.92130121734111
750524a,live-90eede94,2026-07-24T22:44:24.129097+00:00,Multiple,Reported area,Structural Failure,Aftermath,"Nepal-Tibet border earthquake: Death toll reaches 126, 188 injured - News On AIR","<a href=""https://news.google.com/rss/articles/CBMiowFBVV95cUxNN044WVU4ejBGbmpleDE0b00wZjhfT3Ixb1Nma2p5aXBWcm9wZUo1QmlrbjZxVFpuQjBCN0hqVUl3TlVsSG81LUF1dG1MZ054U0hKTUxBdkczRG0wbnFvNTBTbllxU25jcUd1TkUza3",News On AIR,28.3646981618363,84.72633440387514
3d2ea61,live-5a6c1d6e,2026-07-24T21:44:50.396896+00:00,Multiple,Reported area,Structural Failure,Aftermath,Aftershock: Everest and the Nepal Earthquake (2022) - IMDb,"<a href=""https://news.google.com/rss/articles/CBMicEFVX3lxTFByVG9Mai15dGQ4TWM2N2ZLVDFpZEdVMzZxZUs2djhiclFDVjQtVUVtZ3J2OVZjRy1QclREUVh6VzFkLW5lbHcyRmNqdnZyOHJIU0M0Uk83Sng1WnFaa2hVVnRTMTJkbGVSRzhVWTFXOW",IMDb,26.767909659581637,86.17346257845837
3d2ea61,live-2a3dd8ed,2026-07-24T21:44:50.396883+00:00,Multiple,Reported area,Structural Failure,Aftermath,Nepal and Northern India are not overdue for a huge earthquake - New Scientist,"<a href=""https://news.google.com/rss/articles/CBMirAFBVV95cUxOTTIwNHM3ZjM1NHFEek5jVkNQblpUQkJsYTRNcDdINHhDMWJmbU9taGFTNFlDbHRUMVhmRGpVb3dsbkRfRnZKd3lkbVFfRExseXR4SGZvOHNhVzRyX29TMlVxWDF5SUhyLXdTNHctMD",New Scientist,28.440758641099066,85.98751955238434
3d2ea61,live-a113544e,2026-07-24T21:44:50.396846+00:00,Multiple,Reported area,Structural Failure,Aftermath,"A Look Back At The 2015 Nepal Earthquake When 9,000 People Died - NDTV","<a href=""https://news.google.com/rss/articles/CBMiugFBVV95cUxOVHhaRFBXbmw3aFJGbEdCeHdYR050UnlvWFhfc2pZcGEzV3RPaDNxb3V4SHBNaVB0UWEwaHg4VF9sc21CekpfdmhVSEJYLXBFTzh1eUxnOTV6ZE1pUXMtX0RVSVhENnR1NkN4OWpqcl",NDTV,26.9636014669122,84.74145548140527
3d2ea61,live-2d7cfa53,2026-07-24T21:44:50.396828+00:00,Multiple,Reported area,Landslide,Aftermath,"Minor quake shakes Nepal, no immediate damage reported - ThePrint","<a href=""https://news.google.com/rss/articles/CBMikgFBVV95cUxNdy1icEg4SGluR1E1SDdpQ1NrVjNSMEdpLWViaXluZzBoeUN4UFhDY1FWWGFfOFU5M0JGd0hVMjhDUC15M2x5ZHFzZGlfMVp3VlJFYkVha2Juem1lZE9UUnMwRmhzVU1ZNU9PRXR3Zn",ThePrint,28.340490678106235,85.84728281411233
3d2ea61,live-9c43182d,2026-07-24T21:44:50.396816+00:00,Multiple,Reported area,Structural Failure,Aftermath,3.8 Magnitude Earthquake Hits Nepal - Deccan Chronicle,"<a href=""https://news.google.com/rss/articles/CBMilgFBVV95cUxPd25LeVA1aTREVVVka0xUWGFZNGx0RmZZNFQ4UGpmRmdyclQtRW1vS09lTDQ0NEhyd0lNbEZpZklKVWdFa1MxQzRfUXZLdk04QnM2cVZNSmlTUENVUnVrd1hZTzlrb3dDSlRwdGZTSU",Deccan Chronicle,27.773491780653224,84.34745991322303
3d2ea61,live-a00d0156,2026-07-24T21:44:50.396799+00:00,Multiple,Reported area,Structural Failure,Aftermath,The economic damage from the Nepal earthquake is almost half of the country’s GDP - qz.com,"<a href=""https://news.google.com/rss/articles/CBMirAFBVV95cUxPWUJKV2JuVTNqa0ZDNUVwMFlIVk9kNU1JMy0wNVQ5dUg0TEFyS2xRczM4em9qYXRqVVBlXzQwVmlzWm8ydFJUYjNFWVhiTEYtWW41cE9fMXAxd2lZYkFINmlaZnBrSW8yWnBBcURVR1",qz.com,28.324914453912402,85.85244827442799
3d2ea61,live-2fab2f3f,2026-07-24T21:44:50.396783+00:00,Multiple,Reported area,Structural Failure,Aftermath,3.8 magnitude earthquake hits Nepal - BusinessLine,"<a href=""https://news.google.com/rss/articles/CBMipAFBVV95cUxOS2pNaDlFZkdIRlBWc2lmSVJQWWlHWW9rZ0ozUDZjakl5cTYxYS1mSzJ2TVUxb255dlpyUEVxcmZtajR5RkZKSGx4ZWpJeVk4LTdGT0tyOHFTTnZvSDFhbmk5RC1xUWR0czlQaWRzUk",BusinessLine,28.2554293367518,85.81121984624183
3d2ea61,live-1205d389,2026-07-24T21:44:50.396766+00:00,Multiple,Reported area,Structural Failure,Aftermath,4.2 magnitude earthquake hits western Nepal - Telangana Today,"<a href=""https://news.google.com/rss/articles/CBMiekFVX3lxTE94RDBmWk12Z25helRlSFVQdUNVTmdfVm5uenhDYU5meDc2S2ppNlhZSXNuUHg1ZW9wYmdkeGN0S1pWalNCVnNyMENRNGVSR0M5aGVwOUNkWlozbEdNUWVrck9Gd295d2RMaFJLUXJZc2",Telangana Today,28.515502601892226,86.00442680247521
3d2ea61,live-5054e6e5,2026-07-24T21:44:50.396751+00:00,Multiple,Reported area,Structural Failure,Aftermath,"Nepal-Tibet border earthquake: Death toll reaches 126, 188 injured - News On AIR","<a href=""https://news.google.com/rss/articles/CBMiowFBVV95cUxNN044WVU4ejBGbmpleDE0b00wZjhfT3Ixb1Nma2p5aXBWcm9wZUo1QmlrbjZxVFpuQjBCN0hqVUl3TlVsSG81LUF1dG1MZ054U0hKTUxBdkczRG0wbnFvNTBTbllxU25jcUd1TkUza3",News On AIR,26.975233362737292,85.54086810525945
3d2ea61,live-aa3461e2,2026-07-24T21:44:50.396722+00:00,Multiple,Reported area,Structural Failure,Aftermath,"Death toll from Venezuela earthquakes increases to 5,398 - Nepalnews.com","<a href=""https://news.google.com/rss/articles/CBMipAFBVV95cUxPdEdDN3NnN3MtR2JldjhlcDVPeHBfRlZ2Y3Z4UG1FZ1ROTWI0TDItLXN1QjJqcDFYVHR2UGVfUGlqNVhxdkY3UzJVdFpBRkw1S1NKczV6OEh5dlpJUUptNjZnenRXc3pBMV9TWUJvV3",Nepalnews.com,27.879929079433875,84.52299073566724
769a1d9,live-729cf7bc,2026-07-24T20:40:33.026198+00:00,Multiple,Reported area,Structural Failure,Aftermath,Nepal and Northern India are not overdue for a huge earthquake - New Scientist,"<a href=""https://news.google.com/rss/articles/CBMirAFBVV95cUxOTTIwNHM3ZjM1NHFEek5jVkNQblpUQkJsYTRNcDdINHhDMWJmbU9taGFTNFlDbHRUMVhmRGpVb3dsbkRfRnZKd3lkbVFfRExseXR4SGZvOHNhVzRyX29TMlVxWDF5SUhyLXdTNHctMD",New Scientist,27.32472452702613,85.43997366860751
769a1d9,live-eb959426,2026-07-24T20:40:33.026188+00:00,Multiple,Reported area,Structural Failure,Aftermath,"A Look Back At The 2015 Nepal Earthquake When 9,000 People Died - NDTV","<a href=""https://news.google.com/rss/articles/CBMiugFBVV95cUxOVHhaRFBXbmw3aFJGbEdCeHdYR050UnlvWFhfc2pZcGEzV3RPaDNxb3V4SHBNaVB0UWEwaHg4VF9sc21CekpfdmhVSEJYLXBFTzh1eUxnOTV6ZE1pUXMtX0RVSVhENnR1NkN4OWpqcl",NDTV,28.095759690386693,85.04739952030127
769a1d9,live-5edd1381,2026-07-24T20:40:33.026175+00:00,Multiple,Reported area,Structural Failure,Aftermath,Earthquake of 4.2-magnitude stikes western Nepal - News On AIR,"<a href=""https://news.google.com/rss/articles/CBMif0FVX3lxTE5VYlZsU2FGSXBVcDQ2MWQ5RHNRX3N0dVZoWmNqNGpqRkRXQ1BhSkE5OWpFSEVjdmtvRzhISzk1RG43d2wwRmxJSHRMeEtQdVdzMW96cUE4OFRsalRqdF8yU3BMdFNab3MxOTZVTUNINz",News On AIR,27.53492818387865,86.08262171730874
769a1d9,live-fb2d4d1d,2026-07-24T20:40:33.026154+00:00,Multiple,Reported area,Landslide,Aftermath,"Minor quake shakes Nepal, no immediate damage reported - ThePrint","<a href=""https://news.google.com/rss/articles/CBMikgFBVV95cUxNdy1icEg4SGluR1E1SDdpQ1NrVjNSMEdpLWViaXluZzBoeUN4UFhDY1FWWGFfOFU5M0JGd0hVMjhDUC15M2x5ZHFzZGlfMVp3VlJFYkVha2Juem1lZE9UUnMwRmhzVU1ZNU9PRXR3Zn",ThePrint,27.86243296853454,85.757588702991
769a1d9,live-ad6ad17c,2026-07-24T20:40:33.026134+00:00,Multiple,Reported area,Structural Failure,Aftermath,3.8 Magnitude Earthquake Hits Nepal - Deccan Chronicle,"<a href=""https://news.google.com/rss/articles/CBMilgFBVV95cUxPd25LeVA1aTREVVVka0xUWGFZNGx0RmZZNFQ4UGpmRmdyclQtRW1vS09lTDQ0NEhyd0lNbEZpZklKVWdFa1MxQzRfUXZLdk04QnM2cVZNSmlTUENVUnVrd1hZTzlrb3dDSlRwdGZTSU",Deccan Chronicle,28.1396633289167,85.93995474287519
769a1d9,live-710c6be1,2026-07-24T20:40:33.026110+00:00,Multiple,Reported area,Structural Failure,Aftermath,The economic damage from the Nepal earthquake is almost half of the country’s GDP - qz.com,"<a href=""https://news.google.com/rss/articles/CBMirAFBVV95cUxPWUJKV2JuVTNqa0ZDNUVwMFlIVk9kNU1JMy0wNVQ5dUg0TEFyS2xRczM4em9qYXRqVVBlXzQwVmlzWm8ydFJUYjNFWVhiTEYtWW41cE9fMXAxd2lZYkFINmlaZnBrSW8yWnBBcURVR1",qz.com,27.246536838463577,84.95175529573082
769a1d9,live-75268434,2026-07-24T20:40:33.026071+00:00,Multiple,Reported area,Structural Failure,Aftermath,3.8 magnitude earthquake hits Nepal - BusinessLine,"<a href=""https://news.google.com/rss/articles/CBMipAFBVV95cUxOS2pNaDlFZkdIRlBWc2lmSVJQWWlHWW9rZ0ozUDZjakl5cTYxYS1mSzJ2TVUxb255dlpyUEVxcmZtajR5RkZKSGx4ZWpJeVk4LTdGT0tyOHFTTnZvSDFhbmk5RC1xUWR0czlQaWRzUk",BusinessLine,28.536776053495604,84.59762742128592
769a1d9,live-ea85c512,2026-07-24T20:40:33.026057+00:00,Multiple,Reported area,Structural Failure,Aftermath,4.2 magnitude earthquake hits western Nepal - Telangana Today,"<a href=""https://news.google.com/rss/articles/CBMiekFVX3lxTE94RDBmWk12Z25helRlSFVQdUNVTmdfVm5uenhDYU5meDc2S2ppNlhZSXNuUHg1ZW9wYmdkeGN0S1pWalNCVnNyMENRNGVSR0M5aGVwOUNkWlozbEdNUWVrck9Gd295d2RMaFJLUXJZc2",Telangana Today,28.13987382847575,86.08544289401475
769a1d9,live-ad91731f,2026-07-24T20:40:33.026045+00:00,Multiple,Reported area,Structural Failure,Aftermath,"Nepal-Tibet border earthquake: Death toll reaches 126, 188 injured - News On AIR","<a href=""https://news.google.com/rss/articles/CBMiowFBVV95cUxNN044WVU4ejBGbmpleDE0b00wZjhfT3Ixb1Nma2p5aXBWcm9wZUo1QmlrbjZxVFpuQjBCN0hqVUl3TlVsSG81LUF1dG1MZ054U0hKTUxBdkczRG0wbnFvNTBTbllxU25jcUd1TkUza3",News On AIR,27.317249137875162,84.41891983141784
769a1d9,live-77588c6e,2026-07-24T20:40:33.026015+00:00,Multiple,Reported area,Structural Failure,Aftermath,"Death toll from Venezuela earthquakes increases to 5,398 - Nepalnews.com","<a href=""https://news.google.com/rss/articles/CBMipAFBVV95cUxPdEdDN3NnN3MtR2JldjhlcDVPeHBfRlZ2Y3Z4UG1FZ1ROTWI0TDItLXN1QjJqcDFYVHR2UGVfUGlqNVhxdkY3UzJVdFpBRkw1S1NKczV6OEh5dlpJUUptNjZnenRXc3pBMV9TWUJvV3",Nepalnews.com,27.17288324187708,84.90344906251082
9f37d6c,live-f0971a0a,2026-07-24T18:45:52.230032+00:00,Multiple,Reported area,Structural Failure,Aftermath,"A Look Back At The 2015 Nepal Earthquake When 9,000 People Died - NDTV","<a href=""https://news.google.com/rss/articles/CBMiugFBVV95cUxOVHhaRFBXbmw3aFJGbEdCeHdYR050UnlvWFhfc2pZcGEzV3RPaDNxb3V4SHBNaVB0UWEwaHg4VF9sc21CekpfdmhVSEJYLXBFTzh1eUxnOTV6ZE1pUXMtX0RVSVhENnR1NkN4OWpqcl",NDTV,27.636872130671577,84.45773063069937
9f37d6c,live-344f20cb,2026-07-24T18:45:52.230021+00:00,Multiple,Reported area,Structural Failure,Aftermath,"Nepal-Tibet border earthquake: Death toll reaches 126, 188 injured - News On AIR","<a href=""https://news.google.com/rss/articles/CBMiowFBVV95cUxNN044WVU4ejBGbmpleDE0b00wZjhfT3Ixb1Nma2p5aXBWcm9wZUo1QmlrbjZxVFpuQjBCN0hqVUl3TlVsSG81LUF1dG1MZ054U0hKTUxBdkczRG0wbnFvNTBTbllxU25jcUd1TkUza3",News On AIR,27.727150837102204,86.28046071944698
9f37d6c,live-d85281c9,2026-07-24T18:45:52.230007+00:00,Multiple,Reported area,Structural Failure,Aftermath,"101-Year-Old Pulled From Rubble One Week After Nepal Earthquake - ABC News - Breaking News, Latest N","<a href=""https://news.google.com/rss/articles/CBMinAFBVV95cUxQN0ZnMnd1SzIzbGVEUmJWaGlaZkJjbVpRT0E3eHFJVkdNT1VabWV0bmJoaXI3QzJUYjVlcjZqdGpHaVlKSGY2MjhmeXNNaFdwNndDZnIxalRGLU9LOF9ZTVI1N2JNTTQyXzI4UlBLQW","ABC News - Breaking News, Latest News and Videos",27.181500249765016,84.6569222203991
9f37d6c,live-66dd07aa,2026-07-24T18:45:52.229989+00:00,Multiple,Reported area,Landslide,Aftermath,"Minor quake shakes Nepal, no immediate damage reported - ThePrint","<a href=""https://news.google.com/rss/articles/CBMikgFBVV95cUxNdy1icEg4SGluR1E1SDdpQ1NrVjNSMEdpLWViaXluZzBoeUN4UFhDY1FWWGFfOFU5M0JGd0hVMjhDUC15M2x5ZHFzZGlfMVp3VlJFYkVha2Juem1lZE9UUnMwRmhzVU1ZNU9PRXR3Zn",ThePrint,27.888390147652142,86.21816753834378
9f37d6c,live-b38f451d,2026-07-24T18:45:52.229977+00:00,Multiple,Reported area,Structural Failure,Aftermath,3.8 Magnitude Earthquake Hits Nepal - Deccan Chronicle,"<a href=""https://news.google.com/rss/articles/CBMilgFBVV95cUxPd25LeVA1aTREVVVka0xUWGFZNGx0RmZZNFQ4UGpmRmdyclQtRW1vS09lTDQ0NEhyd0lNbEZpZklKVWdFa1MxQzRfUXZLdk04QnM2cVZNSmlTUENVUnVrd1hZTzlrb3dDSlRwdGZTSU",Deccan Chronicle,27.898364502070198,85.80265205587031
9f37d6c,live-ec7d86ca,2026-07-24T18:45:52.229965+00:00,Multiple,Reported area,Structural Failure,Aftermath,The economic damage from the Nepal earthquake is almost half of the country’s GDP - qz.com,"<a href=""https://news.google.com/rss/articles/CBMirAFBVV95cUxPWUJKV2JuVTNqa0ZDNUVwMFlIVk9kNU1JMy0wNVQ5dUg0TEFyS2xRczM4em9qYXRqVVBlXzQwVmlzWm8ydFJUYjNFWVhiTEYtWW41cE9fMXAxd2lZYkFINmlaZnBrSW8yWnBBcURVR1",qz.com,27.39057796424716,85.41950432584267
9f37d6c,live-e4451c03,2026-07-24T18:45:52.229949+00:00,Multiple,Reported area,Structural Failure,Aftermath,3.8 magnitude earthquake hits Nepal - BusinessLine,"<a href=""https://news.google.com/rss/articles/CBMipAFBVV95cUxOS2pNaDlFZkdIRlBWc2lmSVJQWWlHWW9rZ0ozUDZjakl5cTYxYS1mSzJ2TVUxb255dlpyUEVxcmZtajR5RkZKSGx4ZWpJeVk4LTdGT0tyOHFTTnZvSDFhbmk5RC1xUWR0czlQaWRzUk",BusinessLine,28.094788779048226,85.71246547726318
9f37d6c,live-b2bd89b8,2026-07-24T18:45:52.229930+00:00,Multiple,Reported area,Structural Failure,Aftermath,4.2 magnitude earthquake hits western Nepal - Telangana Today,"<a href=""https://news.google.com/rss/articles/CBMiekFVX3lxTE94RDBmWk12Z25helRlSFVQdUNVTmdfVm5uenhDYU5meDc2S2ppNlhZSXNuUHg1ZW9wYmdkeGN0S1pWalNCVnNyMENRNGVSR0M5aGVwOUNkWlozbEdNUWVrck9Gd295d2RMaFJLUXJZc2",Telangana Today,27.377450167896324,84.56893146915888
9f37d6c,live-cee56295,2026-07-24T18:45:52.229909+00:00,Multiple,Reported area,Structural Failure,Aftermath,Earthquake of 4.2-magnitude stikes western Nepal - News On AIR,"<a href=""https://news.google.com/rss/articles/CBMif0FVX3lxTE5VYlZsU2FGSXBVcDQ2MWQ5RHNRX3N0dVZoWmNqNGpqRkRXQ1BhSkE5OWpFSEVjdmtvRzhISzk1RG43d2wwRmxJSHRMeEtQdVdzMW96cUE4OFRsalRqdF8yU3BMdFNab3MxOTZVTUNINz",News On AIR,27.82965856504805,85.32504810152352
9f37d6c,live-f5393eef,2026-07-24T18:45:52.229873+00:00,Multiple,Reported area,Structural Failure,Aftermath,"Death toll from Venezuela earthquakes increases to 5,398 - Nepalnews.com","<a href=""https://news.google.com/rss/articles/CBMipAFBVV95cUxPdEdDN3NnN3MtR2JldjhlcDVPeHBfRlZ2Y3Z4UG1FZ1ROTWI0TDItLXN1QjJqcDFYVHR2UGVfUGlqNVhxdkY3UzJVdFpBRkw1S1NKczV6OEh5dlpJUUptNjZnenRXc3pBMV9TWUJvV3",Nepalnews.com,27.857266891541748,85.2893701134459
9fddaf1,live-4ba09318,2026-07-24T17:12:04.103067+00:00,Multiple,Reported area,Structural Failure,Aftermath,"A Look Back At The 2015 Nepal Earthquake When 9,000 People Died - NDTV","<a href=""https://news.google.com/rss/articles/CBMiugFBVV95cUxOVHhaRFBXbmw3aFJGbEdCeHdYR050UnlvWFhfc2pZcGEzV3RPaDNxb3V4SHBNaVB0UWEwaHg4VF9sc21CekpfdmhVSEJYLXBFTzh1eUxnOTV6ZE1pUXMtX0RVSVhENnR1NkN4OWpqcl",NDTV,27.651760725361985,84.62857273918702
9fddaf1,live-de33bce1,2026-07-24T17:12:04.103056+00:00,Multiple,Reported area,Structural Failure,Aftermath,"Nepal-Tibet border earthquake: Death toll reaches 126, 188 injured - News On AIR","<a href=""https://news.google.com/rss/articles/CBMiowFBVV95cUxNN044WVU4ejBGbmpleDE0b00wZjhfT3Ixb1Nma2p5aXBWcm9wZUo1QmlrbjZxVFpuQjBCN0hqVUl3TlVsSG81LUF1dG1MZ054U0hKTUxBdkczRG0wbnFvNTBTbllxU25jcUd1TkUza3",News On AIR,27.351571096584138,85.9389815728839
9fddaf1,live-3050fdbb,2026-07-24T17:12:04.103043+00:00,Multiple,Reported area,Structural Failure,Aftermath,"101-Year-Old Pulled From Rubble One Week After Nepal Earthquake - ABC News - Breaking News, Latest N","<a href=""https://news.google.com/rss/articles/CBMinAFBVV95cUxQN0ZnMnd1SzIzbGVEUmJWaGlaZkJjbVpRT0E3eHFJVkdNT1VabWV0bmJoaXI3QzJUYjVlcjZqdGpHaVlKSGY2MjhmeXNNaFdwNndDZnIxalRGLU9LOF9ZTVI1N2JNTTQyXzI4UlBLQW","ABC News - Breaking News, Latest News and Videos",28.43759606997714,85.85740309452635
9fddaf1,live-263a800a,2026-07-24T17:12:04.103025+00:00,Multiple,Reported area,Landslide,Aftermath,"Minor quake shakes Nepal, no immediate damage reported - ThePrint","<a href=""https://news.google.com/rss/articles/CBMikgFBVV95cUxNdy1icEg4SGluR1E1SDdpQ1NrVjNSMEdpLWViaXluZzBoeUN4UFhDY1FWWGFfOFU5M0JGd0hVMjhDUC15M2x5ZHFzZGlfMVp3VlJFYkVha2Juem1lZE9UUnMwRmhzVU1ZNU9PRXR3Zn",ThePrint,26.856105635832094,85.07023879615922
9fddaf1,live-95edb930,2026-07-24T17:12:04.103013+00:00,Multiple,Reported area,Structural Failure,Aftermath,3.8 Magnitude Earthquake Hits Nepal - Deccan Chronicle,"<a href=""https://news.google.com/rss/articles/CBMilgFBVV95cUxPd25LeVA1aTREVVVka0xUWGFZNGx0RmZZNFQ4UGpmRmdyclQtRW1vS09lTDQ0NEhyd0lNbEZpZklKVWdFa1MxQzRfUXZLdk04QnM2cVZNSmlTUENVUnVrd1hZTzlrb3dDSlRwdGZTSU",Deccan Chronicle,27.58872360185386,84.42363321684176
9fddaf1,live-35e89fd7,2026-07-24T17:12:04.103001+00:00,Multiple,Reported area,Structural Failure,Aftermath,The economic damage from the Nepal earthquake is almost half of the country’s GDP - qz.com,"<a href=""https://news.google.com/rss/articles/CBMirAFBVV95cUxPWUJKV2JuVTNqa0ZDNUVwMFlIVk9kNU1JMy0wNVQ5dUg0TEFyS2xRczM4em9qYXRqVVBlXzQwVmlzWm8ydFJUYjNFWVhiTEYtWW41cE9fMXAxd2lZYkFINmlaZnBrSW8yWnBBcURVR1",qz.com,28.02301811198591,85.29576487912306
9fddaf1,live-3e408ae0,2026-07-24T17:12:04.102984+00:00,Multiple,Reported area,Structural Failure,Aftermath,3.8 magnitude earthquake hits Nepal - BusinessLine,"<a href=""https://news.google.com/rss/articles/CBMipAFBVV95cUxOS2pNaDlFZkdIRlBWc2lmSVJQWWlHWW9rZ0ozUDZjakl5cTYxYS1mSzJ2TVUxb255dlpyUEVxcmZtajR5RkZKSGx4ZWpJeVk4LTdGT0tyOHFTTnZvSDFhbmk5RC1xUWR0czlQaWRzUk",BusinessLine,28.330674045495215,85.59207315444453
9fddaf1,live-cc94b669,2026-07-24T17:12:04.102962+00:00,Multiple,Reported area,Structural Failure,Aftermath,4.2 magnitude earthquake hits western Nepal - Telangana Today,"<a href=""https://news.google.com/rss/articles/CBMiekFVX3lxTE94RDBmWk12Z25helRlSFVQdUNVTmdfVm5uenhDYU5meDc2S2ppNlhZSXNuUHg1ZW9wYmdkeGN0S1pWalNCVnNyMENRNGVSR0M5aGVwOUNkWlozbEdNUWVrck9Gd295d2RMaFJLUXJZc2",Telangana Today,28.21478846107433,86.01943685935508
9fddaf1,live-034ac36c,2026-07-24T17:12:04.102946+00:00,Multiple,Reported area,Structural Failure,Aftermath,Earthquake of 4.2-magnitude stikes western Nepal - News On AIR,"<a href=""https://news.google.com/rss/articles/CBMif0FVX3lxTE5VYlZsU2FGSXBVcDQ2MWQ5RHNRX3N0dVZoWmNqNGpqRkRXQ1BhSkE5OWpFSEVjdmtvRzhISzk1RG43d2wwRmxJSHRMeEtQdVdzMW96cUE4OFRsalRqdF8yU3BMdFNab3MxOTZVTUNINz",News On AIR,27.79885790834061,85.251708972558
9fddaf1,live-6f04b331,2026-07-24T17:12:04.102891+00:00,Multiple,Reported area,Structural Failure,Aftermath,"Death toll from Venezuela earthquakes increases to 5,398 - Nepalnews.com","<a href=""https://news.google.com/rss/articles/CBMipAFBVV95cUxPdEdDN3NnN3MtR2JldjhlcDVPeHBfRlZ2Y3Z4UG1FZ1ROTWI0TDItLXN1QjJqcDFYVHR2UGVfUGlqNVhxdkY3UzJVdFpBRkw1S1NKczV6OEh5dlpJUUptNjZnenRXc3pBMV9TWUJvV3",Nepalnews.com,28.2158644846705,85.82234881091783
2232627,live-a90f8ac3,2026-07-24T15:43:02.727533+00:00,Multiple,Reported area,Structural Failure,Aftermath,"A Look Back At The 2015 Nepal Earthquake When 9,000 People Died - NDTV","<a href=""https://news.google.com/rss/articles/CBMiugFBVV95cUxOVHhaRFBXbmw3aFJGbEdCeHdYR050UnlvWFhfc2pZcGEzV3RPaDNxb3V4SHBNaVB0UWEwaHg4VF9sc21CekpfdmhVSEJYLXBFTzh1eUxnOTV6ZE1pUXMtX0RVSVhENnR1NkN4OWpqcl",NDTV,28.167303565081703,85.70370048615855
2232627,live-875a0500,2026-07-24T15:43:02.727521+00:00,Multiple,Reported area,Structural Failure,Aftermath,"Nepal-Tibet border earthquake: Death toll reaches 126, 188 injured - News On AIR","<a href=""https://news.google.com/rss/articles/CBMiowFBVV95cUxNN044WVU4ejBGbmpleDE0b00wZjhfT3Ixb1Nma2p5aXBWcm9wZUo1QmlrbjZxVFpuQjBCN0hqVUl3TlVsSG81LUF1dG1MZ054U0hKTUxBdkczRG0wbnFvNTBTbllxU25jcUd1TkUza3",News On AIR,26.824574098735997,85.78563112978864
2232627,live-a5dfe36c,2026-07-24T15:43:02.727507+00:00,Multiple,Reported area,Structural Failure,Aftermath,"101-Year-Old Pulled From Rubble One Week After Nepal Earthquake - ABC News - Breaking News, Latest N","<a href=""https://news.google.com/rss/articles/CBMinAFBVV95cUxQN0ZnMnd1SzIzbGVEUmJWaGlaZkJjbVpRT0E3eHFJVkdNT1VabWV0bmJoaXI3QzJUYjVlcjZqdGpHaVlKSGY2MjhmeXNNaFdwNndDZnIxalRGLU9LOF9ZTVI1N2JNTTQyXzI4UlBLQW","ABC News - Breaking News, Latest News and Videos",28.478915640973117,85.9538808338456
2232627,live-2c3d535b,2026-07-24T15:43:02.727489+00:00,Multiple,Reported area,Landslide,Aftermath,"Minor quake shakes Nepal, no immediate damage reported - ThePrint","<a href=""https://news.google.com/rss/articles/CBMikgFBVV95cUxNdy1icEg4SGluR1E1SDdpQ1NrVjNSMEdpLWViaXluZzBoeUN4UFhDY1FWWGFfOFU5M0JGd0hVMjhDUC15M2x5ZHFzZGlfMVp3VlJFYkVha2Juem1lZE9UUnMwRmhzVU1ZNU9PRXR3Zn",ThePrint,27.406836834443567,85.17392785598959
2232627,live-7f83120d,2026-07-24T15:43:02.727476+00:00,Multiple,Reported area,Structural Failure,Aftermath,3.8 Magnitude Earthquake Hits Nepal - Deccan Chronicle,"<a href=""https://news.google.com/rss/articles/CBMilgFBVV95cUxPd25LeVA1aTREVVVka0xUWGFZNGx0RmZZNFQ4UGpmRmdyclQtRW1vS09lTDQ0NEhyd0lNbEZpZklKVWdFa1MxQzRfUXZLdk04QnM2cVZNSmlTUENVUnVrd1hZTzlrb3dDSlRwdGZTSU",Deccan Chronicle,27.495610814784804,84.60647877293947
2232627,live-efede532,2026-07-24T15:43:02.727463+00:00,Multiple,Reported area,Structural Failure,Aftermath,The economic damage from the Nepal earthquake is almost half of the country’s GDP - qz.com,"<a href=""https://news.google.com/rss/articles/CBMirAFBVV95cUxPWUJKV2JuVTNqa0ZDNUVwMFlIVk9kNU1JMy0wNVQ5dUg0TEFyS2xRczM4em9qYXRqVVBlXzQwVmlzWm8ydFJUYjNFWVhiTEYtWW41cE9fMXAxd2lZYkFINmlaZnBrSW8yWnBBcURVR1",qz.com,27.06609542748513,85.04233282349799
2232627,live-68bfc627,2026-07-24T15:43:02.727447+00:00,Multiple,Reported area,Structural Failure,Aftermath,3.8 magnitude earthquake hits Nepal - BusinessLine,"<a href=""https://news.google.com/rss/articles/CBMipAFBVV95cUxOS2pNaDlFZkdIRlBWc2lmSVJQWWlHWW9rZ0ozUDZjakl5cTYxYS1mSzJ2TVUxb255dlpyUEVxcmZtajR5RkZKSGx4ZWpJeVk4LTdGT0tyOHFTTnZvSDFhbmk5RC1xUWR0czlQaWRzUk",BusinessLine,28.028812457350284,84.98715814630609
2232627,live-0a5d5ee0,2026-07-24T15:43:02.727428+00:00,Multiple,Reported area,Structural Failure,Aftermath,4.2 magnitude earthquake hits western Nepal - Telangana Today,"<a href=""https://news.google.com/rss/articles/CBMiekFVX3lxTE94RDBmWk12Z25helRlSFVQdUNVTmdfVm5uenhDYU5meDc2S2ppNlhZSXNuUHg1ZW9wYmdkeGN0S1pWalNCVnNyMENRNGVSR0M5aGVwOUNkWlozbEdNUWVrck9Gd295d2RMaFJLUXJZc2",Telangana Today,28.259519189575418,84.7259769912895
2232627,live-890b5590,2026-07-24T15:43:02.727408+00:00,Multiple,Reported area,Structural Failure,Aftermath,Earthquake of 4.2-magnitude stikes western Nepal - News On AIR,"<a href=""https://news.google.com/rss/articles/CBMif0FVX3lxTE5VYlZsU2FGSXBVcDQ2MWQ5RHNRX3N0dVZoWmNqNGpqRkRXQ1BhSkE5OWpFSEVjdmtvRzhISzk1RG43d2wwRmxJSHRMeEtQdVdzMW96cUE4OFRsalRqdF8yU3BMdFNab3MxOTZVTUNINz",News On AIR,28.11838808312545,84.8656103300341
2232627,live-e6839cd6,2026-07-24T15:43:02.727377+00:00,Multiple,Reported area,Structural Failure,Aftermath,"Death toll from Venezuela earthquakes increases to 5,398 - Nepalnews.com","<a href=""https://news.google.com/rss/articles/CBMipAFBVV95cUxPdEdDN3NnN3MtR2JldjhlcDVPeHBfRlZ2Y3Z4UG1FZ1ROTWI0TDItLXN1QjJqcDFYVHR2UGVfUGlqNVhxdkY3UzJVdFpBRkw1S1NKczV6OEh5dlpJUUptNjZnenRXc3pBMV9TWUJvV3",Nepalnews.com,26.92341403826565,85.95779173870457
970c0ad,live-4195d452,2026-07-24T14:10:26.510566+00:00,Multiple,Reported area,Structural Failure,Aftermath,Nepal and Northern India are not overdue for a huge earthquake - New Scientist,"<a href=""https://news.google.com/rss/articles/CBMirAFBVV95cUxOTTIwNHM3ZjM1NHFEek5jVkNQblpUQkJsYTRNcDdINHhDMWJmbU9taGFTNFlDbHRUMVhmRGpVb3dsbkRfRnZKd3lkbVFfRExseXR4SGZvOHNhVzRyX29TMlVxWDF5SUhyLXdTNHctMD",New Scientist,27.162349262681868,84.5592395997258
970c0ad,live-4e4b811c,2026-07-24T14:10:26.510554+00:00,Multiple,Reported area,Structural Failure,Aftermath,"Nepal-Tibet border earthquake: Death toll reaches 126, 188 injured - News On AIR","<a href=""https://news.google.com/rss/articles/CBMiowFBVV95cUxNN044WVU4ejBGbmpleDE0b00wZjhfT3Ixb1Nma2p5aXBWcm9wZUo1QmlrbjZxVFpuQjBCN0hqVUl3TlVsSG81LUF1dG1MZ054U0hKTUxBdkczRG0wbnFvNTBTbllxU25jcUd1TkUza3",News On AIR,27.771294679925138,84.80314955861172
970c0ad,live-673e97f7,2026-07-24T14:10:26.510540+00:00,Multiple,Reported area,Structural Failure,Aftermath,"101-Year-Old Pulled From Rubble One Week After Nepal Earthquake - ABC News - Breaking News, Latest N","<a href=""https://news.google.com/rss/articles/CBMinAFBVV95cUxQN0ZnMnd1SzIzbGVEUmJWaGlaZkJjbVpRT0E3eHFJVkdNT1VabWV0bmJoaXI3QzJUYjVlcjZqdGpHaVlKSGY2MjhmeXNNaFdwNndDZnIxalRGLU9LOF9ZTVI1N2JNTTQyXzI4UlBLQW","ABC News - Breaking News, Latest News and Videos",26.731468263862396,84.79043242397812
970c0ad,live-aa3d0689,2026-07-24T14:10:26.510522+00:00,Multiple,Reported area,Landslide,Aftermath,"Minor quake shakes Nepal, no immediate damage reported - ThePrint","<a href=""https://news.google.com/rss/articles/CBMikgFBVV95cUxNdy1icEg4SGluR1E1SDdpQ1NrVjNSMEdpLWViaXluZzBoeUN4UFhDY1FWWGFfOFU5M0JGd0hVMjhDUC15M2x5ZHFzZGlfMVp3VlJFYkVha2Juem1lZE9UUnMwRmhzVU1ZNU9PRXR3Zn",ThePrint,27.347772708076636,84.49816590034136
970c0ad,live-6af98a65,2026-07-24T14:10:26.510509+00:00,Multiple,Reported area,Structural Failure,Aftermath,The economic damage from the Nepal earthquake is almost half of the country’s GDP - qz.com,"<a href=""https://news.google.com/rss/articles/CBMirAFBVV95cUxPWUJKV2JuVTNqa0ZDNUVwMFlIVk9kNU1JMy0wNVQ5dUg0TEFyS2xRczM4em9qYXRqVVBlXzQwVmlzWm8ydFJUYjNFWVhiTEYtWW41cE9fMXAxd2lZYkFINmlaZnBrSW8yWnBBcURVR1",qz.com,28.544797191620276,85.36466313219591
970c0ad,live-ec1e140b,2026-07-24T14:10:26.510493+00:00,Multiple,Reported area,Structural Failure,Aftermath,3.8 Magnitude Earthquake Hits Nepal - Deccan Chronicle,"<a href=""https://news.google.com/rss/articles/CBMilgFBVV95cUxPd25LeVA1aTREVVVka0xUWGFZNGx0RmZZNFQ4UGpmRmdyclQtRW1vS09lTDQ0NEhyd0lNbEZpZklKVWdFa1MxQzRfUXZLdk04QnM2cVZNSmlTUENVUnVrd1hZTzlrb3dDSlRwdGZTSU",Deccan Chronicle,27.046434073458435,85.4170043663415
970c0ad,live-2542c6c2,2026-07-24T14:10:26.510479+00:00,Multiple,Reported area,Structural Failure,Aftermath,3.8 magnitude earthquake hits Nepal - BusinessLine,"<a href=""https://news.google.com/rss/articles/CBMipAFBVV95cUxOS2pNaDlFZkdIRlBWc2lmSVJQWWlHWW9rZ0ozUDZjakl5cTYxYS1mSzJ2TVUxb255dlpyUEVxcmZtajR5RkZKSGx4ZWpJeVk4LTdGT0tyOHFTTnZvSDFhbmk5RC1xUWR0czlQaWRzUk",BusinessLine,28.051421501564732,85.24748822850486
970c0ad,live-87678f2b,2026-07-24T14:10:26.510460+00:00,Multiple,Reported area,Structural Failure,Aftermath,4.2 magnitude earthquake hits western Nepal - Telangana Today,"<a href=""https://news.google.com/rss/articles/CBMiekFVX3lxTE94RDBmWk12Z25helRlSFVQdUNVTmdfVm5uenhDYU5meDc2S2ppNlhZSXNuUHg1ZW9wYmdkeGN0S1pWalNCVnNyMENRNGVSR0M5aGVwOUNkWlozbEdNUWVrck9Gd295d2RMaFJLUXJZc2",Telangana Today,27.153785477484305,85.62801891450987
970c0ad,live-a4d98c64,2026-07-24T14:10:26.510440+00:00,Multiple,Reported area,Structural Failure,Aftermath,Earthquake of 4.2-magnitude stikes western Nepal - News On AIR,"<a href=""https://news.google.com/rss/articles/CBMif0FVX3lxTE5VYlZsU2FGSXBVcDQ2MWQ5RHNRX3N0dVZoWmNqNGpqRkRXQ1BhSkE5OWpFSEVjdmtvRzhISzk1RG43d2wwRmxJSHRMeEtQdVdzMW96cUE4OFRsalRqdF8yU3BMdFNab3MxOTZVTUNINz",News On AIR,27.996086707320295,85.4542478571155
970c0ad,live-d5a4ede0,2026-07-24T14:10:26.510404+00:00,Multiple,Reported area,Structural Failure,Aftermath,"Death toll from Venezuela earthquakes increases to 5,398 - Nepalnews.com","<a href=""https://news.google.com/rss/articles/CBMipAFBVV95cUxPdEdDN3NnN3MtR2JldjhlcDVPeHBfRlZ2Y3Z4UG1FZ1ROTWI0TDItLXN1QjJqcDFYVHR2UGVfUGlqNVhxdkY3UzJVdFpBRkw1S1NKczV6OEh5dlpJUUptNjZnenRXc3pBMV9TWUJvV3",Nepalnews.com,26.7626551159213,86.19678951162562
4845ff4,live-2b4fcc32,2026-07-24T12:06:34.033501+00:00,Multiple,Reported area,Structural Failure,Aftermath,3.8 Magnitude Earthquake Hits Nepal - Deccan Chronicle,"<a href=""https://news.google.com/rss/articles/CBMilgFBVV95cUxPd25LeVA1aTREVVVka0xUWGFZNGx0RmZZNFQ4UGpmRmdyclQtRW1vS09lTDQ0NEhyd0lNbEZpZklKVWdFa1MxQzRfUXZLdk04QnM2cVZNSmlTUENVUnVrd1hZTzlrb3dDSlRwdGZTSU",Deccan Chronicle,28.51930855869874,85.68940710031993
4845ff4,live-a1aba51b,2026-07-24T12:06:34.033488+00:00,Multiple,Reported area,Structural Failure,Aftermath,Nepal Earthquake: How to Help - Save the Children US,"<a href=""https://news.google.com/rss/articles/CBMikgFBVV95cUxPZWZVZ2l6bGtkb3ZVVUNPdzVfRzVZSURtWlJ3X3g2YlFUVHNZaUlVZ0hmSVllV1pad1Y3eS1rcG91X21EMnAtaUNHSGRNaC1XcEtEeUxkYjk0dnZSSmUwYXF0SjU1N0VnU0RwVmE4Z3",Save the Children US,27.060046895055468,85.81787782601688
4845ff4,live-b150aa01,2026-07-24T12:06:34.033474+00:00,Multiple,Reported area,Structural Failure,Aftermath,Post-Disaster Housing Reconstruction in Rural Nepal A Case Study in the Aftermath of the 2015 Nepal ,"<a href=""https://news.google.com/rss/articles/CBMibkFVX3lxTE15U3JKZkRRbl9FemdvVllucXVsTmpxS2E5aW1mQ1Y4Q3RRNHhQUjhQd2NrRjZaSXY1alZLLUNTRi1WbFdFN2Fpd2Vta0lLZXNoWDB2RFRDS25rMmo3T3ZvRWt2NGV5NW5uRDJvUVdn?o",SCIRP Open Access,28.201608467606235,84.79734757330708
4845ff4,live-38f309e1,2026-07-24T12:06:34.033457+00:00,Multiple,Reported area,Structural Failure,Aftermath,3.8 magnitude earthquake hits Nepal - BusinessLine,"<a href=""https://news.google.com/rss/articles/CBMipAFBVV95cUxOS2pNaDlFZkdIRlBWc2lmSVJQWWlHWW9rZ0ozUDZjakl5cTYxYS1mSzJ2TVUxb255dlpyUEVxcmZtajR5RkZKSGx4ZWpJeVk4LTdGT0tyOHFTTnZvSDFhbmk5RC1xUWR0czlQaWRzUk",BusinessLine,28.58557150874486,86.22657230893806
4845ff4,live-b94259a0,2026-07-24T12:06:34.033445+00:00,Multiple,Reported area,Structural Failure,Aftermath,Earthquake of 4.2-magnitude stikes western Nepal - News On AIR,"<a href=""https://news.google.com/rss/articles/CBMif0FVX3lxTE5VYlZsU2FGSXBVcDQ2MWQ5RHNRX3N0dVZoWmNqNGpqRkRXQ1BhSkE5OWpFSEVjdmtvRzhISzk1RG43d2wwRmxJSHRMeEtQdVdzMW96cUE4OFRsalRqdF8yU3BMdFNab3MxOTZVTUNINz",News On AIR,26.802745782503493,85.1145968650916
4845ff4,live-d9f5fcc0,2026-07-24T12:06:34.033432+00:00,Multiple,Reported area,Structural Failure,Aftermath,"101-Year-Old Pulled From Rubble One Week After Nepal Earthquake - ABC News - Breaking News, Latest N","<a href=""https://news.google.com/rss/articles/CBMinAFBVV95cUxQN0ZnMnd1SzIzbGVEUmJWaGlaZkJjbVpRT0E3eHFJVkdNT1VabWV0bmJoaXI3QzJUYjVlcjZqdGpHaVlKSGY2MjhmeXNNaFdwNndDZnIxalRGLU9LOF9ZTVI1N2JNTTQyXzI4UlBLQW","ABC News - Breaking News, Latest News and Videos",27.07938459380518,85.78318692962036
4845ff4,live-f90807ea,2026-07-24T12:06:34.033417+00:00,Multiple,Reported area,Structural Failure,Aftermath,Nepal and Northern India are not overdue for a huge earthquake - New Scientist,"<a href=""https://news.google.com/rss/articles/CBMirAFBVV95cUxOTTIwNHM3ZjM1NHFEek5jVkNQblpUQkJsYTRNcDdINHhDMWJmbU9taGFTNFlDbHRUMVhmRGpVb3dsbkRfRnZKd3lkbVFfRExseXR4SGZvOHNhVzRyX29TMlVxWDF5SUhyLXdTNHctMD",New Scientist,26.8277536385275,85.16174312799284
4845ff4,live-22d6d8dd,2026-07-24T12:06:34.033394+00:00,Multiple,Reported area,Landslide,Aftermath,Six-year study reveals ancient quakes along 150-mile fault system in Nepal - Virginia Tech News,"<a href=""https://news.google.com/rss/articles/CBMigAFBVV95cUxPbFc3VGRyWjFhZmpvb0pXMGhfVWVWbFBVQXN4ay1VeDA3bUtoeWVraEpWT2lKMTdTQmVfVjByVk1SaE1kbDQtd1RFVG5XaEN1TzBjWVhwOUtRVk9QZUN6Q0hNbDJuOTM3ZmpaUTVibX",Virginia Tech News,27.05294287295082,84.75203574959052
4845ff4,live-05807219,2026-07-24T12:06:34.033378+00:00,Multiple,Reported area,Structural Failure,Aftermath,The economic damage from the Nepal earthquake is almost half of the country’s GDP - qz.com,"<a href=""https://news.google.com/rss/articles/CBMirAFBVV95cUxPWUJKV2JuVTNqa0ZDNUVwMFlIVk9kNU1JMy0wNVQ5dUg0TEFyS2xRczM4em9qYXRqVVBlXzQwVmlzWm8ydFJUYjNFWVhiTEYtWW41cE9fMXAxd2lZYkFINmlaZnBrSW8yWnBBcURVR1",qz.com,26.80193503007619,85.99597918642476
4845ff4,live-bce38b39,2026-07-24T12:06:34.033343+00:00,Multiple,Reported area,Structural Failure,Aftermath,"Death toll from Venezuela earthquakes increases to 5,398 - Nepalnews.com","<a href=""https://news.google.com/rss/articles/CBMipAFBVV95cUxPdEdDN3NnN3MtR2JldjhlcDVPeHBfRlZ2Y3Z4UG1FZ1ROTWI0TDItLXN1QjJqcDFYVHR2UGVfUGlqNVhxdkY3UzJVdFpBRkw1S1NKczV6OEh5dlpJUUptNjZnenRXc3pBMV9TWUJvV3",Nepalnews.com,26.8282177233647,85.16191758237608
d60583f,live-198e8d15,2026-07-24T10:27:49.058429+00:00,Multiple,Reported area,Structural Failure,Aftermath,"Nepal-Tibet border earthquake: Death toll reaches 126, 188 injured - News On AIR","<a href=""https://news.google.com/rss/articles/CBMiowFBVV95cUxNN044WVU4ejBGbmpleDE0b00wZjhfT3Ixb1Nma2p5aXBWcm9wZUo1QmlrbjZxVFpuQjBCN0hqVUl3TlVsSG81LUF1dG1MZ054U0hKTUxBdkczRG0wbnFvNTBTbllxU25jcUd1TkUza3",News On AIR,27.305002518503628,85.6411101496576
d60583f,live-25e0911e,2026-07-24T10:27:49.058419+00:00,Multiple,Reported area,Structural Failure,Aftermath,3.8 Magnitude Earthquake Hits Nepal - Deccan Chronicle,"<a href=""https://news.google.com/rss/articles/CBMilgFBVV95cUxPd25LeVA1aTREVVVka0xUWGFZNGx0RmZZNFQ4UGpmRmdyclQtRW1vS09lTDQ0NEhyd0lNbEZpZklKVWdFa1MxQzRfUXZLdk04QnM2cVZNSmlTUENVUnVrd1hZTzlrb3dDSlRwdGZTSU",Deccan Chronicle,28.007025573992394,85.50536738757627
d60583f,live-44b7baaa,2026-07-24T10:27:49.058409+00:00,Multiple,Reported area,Structural Failure,Aftermath,Nepal Earthquake: How to Help - Save the Children US,"<a href=""https://news.google.com/rss/articles/CBMikgFBVV95cUxPZWZVZ2l6bGtkb3ZVVUNPdzVfRzVZSURtWlJ3X3g2YlFUVHNZaUlVZ0hmSVllV1pad1Y3eS1rcG91X21EMnAtaUNHSGRNaC1XcEtEeUxkYjk0dnZSSmUwYXF0SjU1N0VnU0RwVmE4Z3",Save the Children US,27.208301362742336,85.40270775671678
d60583f,live-fe7ad478,2026-07-24T10:27:49.058393+00:00,Multiple,Reported area,Structural Failure,Aftermath,Post-Disaster Housing Reconstruction in Rural Nepal A Case Study in the Aftermath of the 2015 Nepal ,"<a href=""https://news.google.com/rss/articles/CBMibkFVX3lxTE15U3JKZkRRbl9FemdvVllucXVsTmpxS2E5aW1mQ1Y4Q3RRNHhQUjhQd2NrRjZaSXY1alZLLUNTRi1WbFdFN2Fpd2Vta0lLZXNoWDB2RFRDS25rMmo3T3ZvRWt2NGV5NW5uRDJvUVdn?o",SCIRP Open Access,28.6119558293487,85.9923863267508
d60583f,live-13229d73,2026-07-24T10:27:49.058382+00:00,Multiple,Reported area,Structural Failure,Aftermath,3.8 magnitude earthquake hits Nepal - BusinessLine,"<a href=""https://news.google.com/rss/articles/CBMipAFBVV95cUxOS2pNaDlFZkdIRlBWc2lmSVJQWWlHWW9rZ0ozUDZjakl5cTYxYS1mSzJ2TVUxb255dlpyUEVxcmZtajR5RkZKSGx4ZWpJeVk4LTdGT0tyOHFTTnZvSDFhbmk5RC1xUWR0czlQaWRzUk",BusinessLine,28.437031682048175,84.98152255183582
d60583f,live-d5d154de,2026-07-24T10:27:49.058372+00:00,Multiple,Reported area,Structural Failure,Aftermath,"101-Year-Old Pulled From Rubble One Week After Nepal Earthquake - ABC News - Breaking News, Latest N","<a href=""https://news.google.com/rss/articles/CBMinAFBVV95cUxQN0ZnMnd1SzIzbGVEUmJWaGlaZkJjbVpRT0E3eHFJVkdNT1VabWV0bmJoaXI3QzJUYjVlcjZqdGpHaVlKSGY2MjhmeXNNaFdwNndDZnIxalRGLU9LOF9ZTVI1N2JNTTQyXzI4UlBLQW","ABC News - Breaking News, Latest News and Videos",27.073549525855427,84.53609672730128
d60583f,live-ff1b9d1c,2026-07-24T10:27:49.058361+00:00,Multiple,Reported area,Structural Failure,Aftermath,Nepal and Northern India are not overdue for a huge earthquake - New Scientist,"<a href=""https://news.google.com/rss/articles/CBMirAFBVV95cUxOTTIwNHM3ZjM1NHFEek5jVkNQblpUQkJsYTRNcDdINHhDMWJmbU9taGFTNFlDbHRUMVhmRGpVb3dsbkRfRnZKd3lkbVFfRExseXR4SGZvOHNhVzRyX29TMlVxWDF5SUhyLXdTNHctMD",New Scientist,28.68205747713546,84.98639707204052
d60583f,live-a60454c5,2026-07-24T10:27:49.058343+00:00,Multiple,Reported area,Landslide,Aftermath,Six-year study reveals ancient quakes along 150-mile fault system in Nepal - Virginia Tech News,"<a href=""https://news.google.com/rss/articles/CBMigAFBVV95cUxPbFc3VGRyWjFhZmpvb0pXMGhfVWVWbFBVQXN4ay1VeDA3bUtoeWVraEpWT2lKMTdTQmVfVjByVk1SaE1kbDQtd1RFVG5XaEN1TzBjWVhwOUtRVk9QZUN6Q0hNbDJuOTM3ZmpaUTVibX",Virginia Tech News,27.52378191773349,86.13616085360172
d60583f,live-6ec17b5f,2026-07-24T10:27:49.058331+00:00,Multiple,Reported area,Structural Failure,Aftermath,The economic damage from the Nepal earthquake is almost half of the country’s GDP - qz.com,"<a href=""https://news.google.com/rss/articles/CBMirAFBVV95cUxPWUJKV2JuVTNqa0ZDNUVwMFlIVk9kNU1JMy0wNVQ5dUg0TEFyS2xRczM4em9qYXRqVVBlXzQwVmlzWm8ydFJUYjNFWVhiTEYtWW41cE9fMXAxd2lZYkFINmlaZnBrSW8yWnBBcURVR1",qz.com,27.154819876787002,85.21042579437781
d60583f,live-469bdf60,2026-07-24T10:27:49.058291+00:00,Multiple,Reported area,Structural Failure,Aftermath,"Death toll from Venezuela earthquakes increases to 5,398 - Nepalnews.com","<a href=""https://news.google.com/rss/articles/CBMipAFBVV95cUxPdEdDN3NnN3MtR2JldjhlcDVPeHBfRlZ2Y3Z4UG1FZ1ROTWI0TDItLXN1QjJqcDFYVHR2UGVfUGlqNVhxdkY3UzJVdFpBRkw1S1NKczV6OEh5dlpJUUptNjZnenRXc3pBMV9TWUJvV3",Nepalnews.com,27.642417016021124,86.00401072321907
a74ce17,live-908cdda7,2026-07-24T07:59:42.354056+00:00,Multiple,Reported area,Structural Failure,Aftermath,"Nepal-Tibet border earthquake: Death toll reaches 126, 188 injured - News On AIR","<a href=""https://news.google.com/rss/articles/CBMiowFBVV95cUxNN044WVU4ejBGbmpleDE0b00wZjhfT3Ixb1Nma2p5aXBWcm9wZUo1QmlrbjZxVFpuQjBCN0hqVUl3TlVsSG81LUF1dG1MZ054U0hKTUxBdkczRG0wbnFvNTBTbllxU25jcUd1TkUza3",News On AIR,28.068816414949392,84.77054705553037
a74ce17,live-c4e365f6,2026-07-24T07:59:42.354044+00:00,Multiple,Reported area,Structural Failure,Aftermath,3.8 Magnitude Earthquake Hits Nepal - Deccan Chronicle,"<a href=""https://news.google.com/rss/articles/CBMilgFBVV95cUxPd25LeVA1aTREVVVka0xUWGFZNGx0RmZZNFQ4UGpmRmdyclQtRW1vS09lTDQ0NEhyd0lNbEZpZklKVWdFa1MxQzRfUXZLdk04QnM2cVZNSmlTUENVUnVrd1hZTzlrb3dDSlRwdGZTSU",Deccan Chronicle,27.185018536329018,84.9584769758244
a74ce17,live-dd9b70da,2026-07-24T07:59:42.354031+00:00,Multiple,Reported area,Structural Failure,Aftermath,Nepal Earthquake: How to Help - Save the Children US,"<a href=""https://news.google.com/rss/articles/CBMikgFBVV95cUxPZWZVZ2l6bGtkb3ZVVUNPdzVfRzVZSURtWlJ3X3g2YlFUVHNZaUlVZ0hmSVllV1pad1Y3eS1rcG91X21EMnAtaUNHSGRNaC1XcEtEeUxkYjk0dnZSSmUwYXF0SjU1N0VnU0RwVmE4Z3",Save the Children US,27.406734808975905,85.89907058844682
a74ce17,live-2e595e95,2026-07-24T07:59:42.354013+00:00,Multiple,Reported area,Structural Failure,Aftermath,Post-Disaster Housing Reconstruction in Rural Nepal A Case Study in the Aftermath of the 2015 Nepal ,"<a href=""https://news.google.com/rss/articles/CBMibkFVX3lxTE15U3JKZkRRbl9FemdvVllucXVsTmpxS2E5aW1mQ1Y4Q3RRNHhQUjhQd2NrRjZaSXY1alZLLUNTRi1WbFdFN2Fpd2Vta0lLZXNoWDB2RFRDS25rMmo3T3ZvRWt2NGV5NW5uRDJvUVdn?o",SCIRP Open Access,28.257825163088267,84.83114147421273
a74ce17,live-d9a11fe6,2026-07-24T07:59:42.354001+00:00,Multiple,Reported area,Structural Failure,Aftermath,3.8 magnitude earthquake hits Nepal - BusinessLine,"<a href=""https://news.google.com/rss/articles/CBMipAFBVV95cUxOS2pNaDlFZkdIRlBWc2lmSVJQWWlHWW9rZ0ozUDZjakl5cTYxYS1mSzJ2TVUxb255dlpyUEVxcmZtajR5RkZKSGx4ZWpJeVk4LTdGT0tyOHFTTnZvSDFhbmk5RC1xUWR0czlQaWRzUk",BusinessLine,27.42858551215577,85.8580464853226
a74ce17,live-3e6be0fc,2026-07-24T07:59:42.353988+00:00,Multiple,Reported area,Structural Failure,Aftermath,"101-Year-Old Pulled From Rubble One Week After Nepal Earthquake - ABC News - Breaking News, Latest N","<a href=""https://news.google.com/rss/articles/CBMinAFBVV95cUxQN0ZnMnd1SzIzbGVEUmJWaGlaZkJjbVpRT0E3eHFJVkdNT1VabWV0bmJoaXI3QzJUYjVlcjZqdGpHaVlKSGY2MjhmeXNNaFdwNndDZnIxalRGLU9LOF9ZTVI1N2JNTTQyXzI4UlBLQW","ABC News - Breaking News, Latest News and Videos",27.56982998974566,85.83629890028415
a74ce17,live-2f9751e2,2026-07-24T07:59:42.353971+00:00,Multiple,Reported area,Structural Failure,Aftermath,Nepal and Northern India are not overdue for a huge earthquake - New Scientist,"<a href=""https://news.google.com/rss/articles/CBMirAFBVV95cUxOTTIwNHM3ZjM1NHFEek5jVkNQblpUQkJsYTRNcDdINHhDMWJmbU9taGFTNFlDbHRUMVhmRGpVb3dsbkRfRnZKd3lkbVFfRExseXR4SGZvOHNhVzRyX29TMlVxWDF5SUhyLXdTNHctMD",New Scientist,28.485376892692486,86.09941533360572
a74ce17,live-fd217130,2026-07-24T07:59:42.353928+00:00,Multiple,Reported area,Landslide,Aftermath,Six-year study reveals ancient quakes along 150-mile fault system in Nepal - Virginia Tech News,"<a href=""https://news.google.com/rss/articles/CBMigAFBVV95cUxPbFc3VGRyWjFhZmpvb0pXMGhfVWVWbFBVQXN4ay1VeDA3bUtoeWVraEpWT2lKMTdTQmVfVjByVk1SaE1kbDQtd1RFVG5XaEN1TzBjWVhwOUtRVk9QZUN6Q0hNbDJuOTM3ZmpaUTVibX",Virginia Tech News,27.676711287540616,85.08555609546946
a74ce17,live-912c3bc8,2026-07-24T07:59:42.353912+00:00,Multiple,Reported area,Structural Failure,Aftermath,The economic damage from the Nepal earthquake is almost half of the country’s GDP - qz.com,"<a href=""https://news.google.com/rss/articles/CBMirAFBVV95cUxPWUJKV2JuVTNqa0ZDNUVwMFlIVk9kNU1JMy0wNVQ5dUg0TEFyS2xRczM4em9qYXRqVVBlXzQwVmlzWm8ydFJUYjNFWVhiTEYtWW41cE9fMXAxd2lZYkFINmlaZnBrSW8yWnBBcURVR1",qz.com,28.15381367767682,85.04907827465462
a74ce17,live-ca9f79e7,2026-07-24T07:59:42.353877+00:00,Multiple,Reported area,Structural Failure,Aftermath,"Death toll from Venezuela earthquakes increases to 5,398 - Nepalnews.com","<a href=""https://news.google.com/rss/articles/CBMipAFBVV95cUxPdEdDN3NnN3MtR2JldjhlcDVPeHBfRlZ2Y3Z4UG1FZ1ROTWI0TDItLXN1QjJqcDFYVHR2UGVfUGlqNVhxdkY3UzJVdFpBRkw1S1NKczV6OEh5dlpJUUptNjZnenRXc3pBMV9TWUJvV3",Nepalnews.com,27.394572257695636,85.32908484473614
e6d38f3,live-ea2b9f6e,2026-07-23T23:32:59.137252+00:00,Multiple,Reported area,Structural Failure,Aftermath,3.8 Magnitude Earthquake Hits Nepal - Deccan Chronicle,"<a href=""https://news.google.com/rss/articles/CBMilgFBVV95cUxPd25LeVA1aTREVVVka0xUWGFZNGx0RmZZNFQ4UGpmRmdyclQtRW1vS09lTDQ0NEhyd0lNbEZpZklKVWdFa1MxQzRfUXZLdk04QnM2cVZNSmlTUENVUnVrd1hZTzlrb3dDSlRwdGZTSU",Deccan Chronicle,28.586225166489662,85.11853998863216
e6d38f3,live-f326608d,2026-07-23T23:32:59.137241+00:00,Multiple,Reported area,Structural Failure,Aftermath,Nepal Earthquake: How to Help - Save the Children US,"<a href=""https://news.google.com/rss/articles/CBMikgFBVV95cUxPZWZVZ2l6bGtkb3ZVVUNPdzVfRzVZSURtWlJ3X3g2YlFUVHNZaUlVZ0hmSVllV1pad1Y3eS1rcG91X21EMnAtaUNHSGRNaC1XcEtEeUxkYjk0dnZSSmUwYXF0SjU1N0VnU0RwVmE4Z3",Save the Children US,28.482774361079613,84.56745901981489
e6d38f3,live-b573c345,2026-07-23T23:32:59.137228+00:00,Multiple,Reported area,Structural Failure,Aftermath,Post-Disaster Housing Reconstruction in Rural Nepal A Case Study in the Aftermath of the 2015 Nepal ,"<a href=""https://news.google.com/rss/articles/CBMibkFVX3lxTE15U3JKZkRRbl9FemdvVllucXVsTmpxS2E5aW1mQ1Y4Q3RRNHhQUjhQd2NrRjZaSXY1alZLLUNTRi1WbFdFN2Fpd2Vta0lLZXNoWDB2RFRDS25rMmo3T3ZvRWt2NGV5NW5uRDJvUVdn?o",SCIRP Open Access,28.496541936047404,85.84666624977295
e6d38f3,live-a32958d7,2026-07-23T23:32:59.137210+00:00,Multiple,Reported area,Structural Failure,Aftermath,3.8 magnitude earthquake hits Nepal - BusinessLine,"<a href=""https://news.google.com/rss/articles/CBMipAFBVV95cUxOS2pNaDlFZkdIRlBWc2lmSVJQWWlHWW9rZ0ozUDZjakl5cTYxYS1mSzJ2TVUxb255dlpyUEVxcmZtajR5RkZKSGx4ZWpJeVk4LTdGT0tyOHFTTnZvSDFhbmk5RC1xUWR0czlQaWRzUk",BusinessLine,28.47948015950712,84.34592594281973
e6d38f3,live-7284288f,2026-07-23T23:32:59.137198+00:00,Multiple,Reported area,Structural Failure,Aftermath,"101-Year-Old Pulled From Rubble One Week After Nepal Earthquake - ABC News - Breaking News, Latest N","<a href=""https://news.google.com/rss/articles/CBMinAFBVV95cUxQN0ZnMnd1SzIzbGVEUmJWaGlaZkJjbVpRT0E3eHFJVkdNT1VabWV0bmJoaXI3QzJUYjVlcjZqdGpHaVlKSGY2MjhmeXNNaFdwNndDZnIxalRGLU9LOF9ZTVI1N2JNTTQyXzI4UlBLQW","ABC News - Breaking News, Latest News and Videos",26.899926409841015,84.66517045896039
e6d38f3,live-99fd6a15,2026-07-23T23:32:59.137186+00:00,Multiple,Reported area,Structural Failure,Aftermath,Nepal and Northern India are not overdue for a huge earthquake - New Scientist,"<a href=""https://news.google.com/rss/articles/CBMirAFBVV95cUxOTTIwNHM3ZjM1NHFEek5jVkNQblpUQkJsYTRNcDdINHhDMWJmbU9taGFTNFlDbHRUMVhmRGpVb3dsbkRfRnZKd3lkbVFfRExseXR4SGZvOHNhVzRyX29TMlVxWDF5SUhyLXdTNHctMD",New Scientist,27.944973448917015,86.08955525598189
e6d38f3,live-6fe55276,2026-07-23T23:32:59.137172+00:00,Multiple,Reported area,Landslide,Aftermath,Six-year study reveals ancient quakes along 150-mile fault system in Nepal - Virginia Tech News,"<a href=""https://news.google.com/rss/articles/CBMigAFBVV95cUxPbFc3VGRyWjFhZmpvb0pXMGhfVWVWbFBVQXN4ay1VeDA3bUtoeWVraEpWT2lKMTdTQmVfVjByVk1SaE1kbDQtd1RFVG5XaEN1TzBjWVhwOUtRVk9QZUN6Q0hNbDJuOTM3ZmpaUTVibX",Virginia Tech News,26.966917601801423,85.60965826741459
e6d38f3,live-9aefd252,2026-07-23T23:32:59.137142+00:00,Multiple,Reported area,Structural Failure,Aftermath,The economic damage from the Nepal earthquake is almost half of the country’s GDP - qz.com,"<a href=""https://news.google.com/rss/articles/CBMirAFBVV95cUxPWUJKV2JuVTNqa0ZDNUVwMFlIVk9kNU1JMy0wNVQ5dUg0TEFyS2xRczM4em9qYXRqVVBlXzQwVmlzWm8ydFJUYjNFWVhiTEYtWW41cE9fMXAxd2lZYkFINmlaZnBrSW8yWnBBcURVR1",qz.com,27.503272215010632,84.46460596871842
e6d38f3,live-c033d87f,2026-07-23T23:32:59.137092+00:00,Multiple,Reported area,Structural Failure,Aftermath,"Nepal-Tibet border earthquake: Death toll reaches 126, 188 injured - News On AIR","<a href=""https://news.google.com/rss/articles/CBMiowFBVV95cUxNN044WVU4ejBGbmpleDE0b00wZjhfT3Ixb1Nma2p5aXBWcm9wZUo1QmlrbjZxVFpuQjBCN0hqVUl3TlVsSG81LUF1dG1MZ054U0hKTUxBdkczRG0wbnFvNTBTbllxU25jcUd1TkUza3",News On AIR,27.292063993381834,84.78462593871085
e6d38f3,live-d39a6479,2026-07-23T23:32:59.137056+00:00,Multiple,Reported area,Structural Failure,Aftermath,"Death toll from Venezuela earthquakes increases to 5,398 - Nepalnews.com","<a href=""https://news.google.com/rss/articles/CBMipAFBVV95cUxPdEdDN3NnN3MtR2JldjhlcDVPeHBfRlZ2Y3Z4UG1FZ1ROTWI0TDItLXN1QjJqcDFYVHR2UGVfUGlqNVhxdkY3UzJVdFpBRkw1S1NKczV6OEh5dlpJUUptNjZnenRXc3pBMV9TWUJvV3",Nepalnews.com,27.199461708685643,85.0959284425355
e5c51fd,live-11abbc6a,2026-07-23T20:04:04.503163+00:00,Multiple,Reported area,Structural Failure,Aftermath,"Death toll from Venezuela’s twin earthquakes rises above 5,000 as IMF announces emergency funds - Ne","<a href=""https://news.google.com/rss/articles/CBMi1wFBVV95cUxPZ2Y0UTkyY0hJc3hPYXBzNVlvd2VCZkxLbi1nQXZzRzJFV0xQV2NUY01mcnA4T3pqRGN0V2hKVC1oUnZNWkNoenNuczRaVER0VVplWTdseW1DU2NMNmRkOHZBQS05RlVBa3k0Q0VxOT",Nepalnews.com,26.78959676870587,84.99008216955744
e5c51fd,live-f7a7229d,2026-07-23T20:04:04.503149+00:00,Multiple,Reported area,Structural Failure,Aftermath,"101-Year-Old Pulled From Rubble One Week After Nepal Earthquake - ABC News - Breaking News, Latest N","<a href=""https://news.google.com/rss/articles/CBMinAFBVV95cUxQN0ZnMnd1SzIzbGVEUmJWaGlaZkJjbVpRT0E3eHFJVkdNT1VabWV0bmJoaXI3QzJUYjVlcjZqdGpHaVlKSGY2MjhmeXNNaFdwNndDZnIxalRGLU9LOF9ZTVI1N2JNTTQyXzI4UlBLQW","ABC News - Breaking News, Latest News and Videos",27.901401047613597,84.62437046133113
e5c51fd,live-3b261720,2026-07-23T20:04:04.503135+00:00,Multiple,Reported area,Landslide,Aftermath,"Minor quake shakes Nepal, no immediate damage reported - ThePrint","<a href=""https://news.google.com/rss/articles/CBMikgFBVV95cUxNdy1icEg4SGluR1E1SDdpQ1NrVjNSMEdpLWViaXluZzBoeUN4UFhDY1FWWGFfOFU5M0JGd0hVMjhDUC15M2x5ZHFzZGlfMVp3VlJFYkVha2Juem1lZE9UUnMwRmhzVU1ZNU9PRXR3Zn",ThePrint,26.748966429952688,85.7648402231692
e5c51fd,live-090adab9,2026-07-23T20:04:04.503116+00:00,Multiple,Reported area,Structural Failure,Aftermath,The economic damage from the Nepal earthquake is almost half of the country’s GDP - qz.com,"<a href=""https://news.google.com/rss/articles/CBMirAFBVV95cUxPWUJKV2JuVTNqa0ZDNUVwMFlIVk9kNU1JMy0wNVQ5dUg0TEFyS2xRczM4em9qYXRqVVBlXzQwVmlzWm8ydFJUYjNFWVhiTEYtWW41cE9fMXAxd2lZYkFINmlaZnBrSW8yWnBBcURVR1",qz.com,27.206393195286132,86.28287815429206
e5c51fd,live-ae7e04d4,2026-07-23T20:04:04.503100+00:00,Multiple,Reported area,Structural Failure,Aftermath,3.8 Magnitude Earthquake Hits Nepal - Deccan Chronicle,"<a href=""https://news.google.com/rss/articles/CBMilgFBVV95cUxPd25LeVA1aTREVVVka0xUWGFZNGx0RmZZNFQ4UGpmRmdyclQtRW1vS09lTDQ0NEhyd0lNbEZpZklKVWdFa1MxQzRfUXZLdk04QnM2cVZNSmlTUENVUnVrd1hZTzlrb3dDSlRwdGZTSU",Deccan Chronicle,26.78301477225871,85.06466876596664
e5c51fd,live-c132115a,2026-07-23T20:04:04.503088+00:00,Multiple,Reported area,Structural Failure,Aftermath,3.8 magnitude earthquake hits Nepal - BusinessLine,"<a href=""https://news.google.com/rss/articles/CBMipAFBVV95cUxOS2pNaDlFZkdIRlBWc2lmSVJQWWlHWW9rZ0ozUDZjakl5cTYxYS1mSzJ2TVUxb255dlpyUEVxcmZtajR5RkZKSGx4ZWpJeVk4LTdGT0tyOHFTTnZvSDFhbmk5RC1xUWR0czlQaWRzUk",BusinessLine,27.866724172142092,86.29502115538267
e5c51fd,live-fd9efaa8,2026-07-23T20:04:04.503075+00:00,Multiple,Reported area,Structural Failure,Aftermath,4.2 magnitude earthquake hits western Nepal - Telangana Today,"<a href=""https://news.google.com/rss/articles/CBMiekFVX3lxTE94RDBmWk12Z25helRlSFVQdUNVTmdfVm5uenhDYU5meDc2S2ppNlhZSXNuUHg1ZW9wYmdkeGN0S1pWalNCVnNyMENRNGVSR0M5aGVwOUNkWlozbEdNUWVrck9Gd295d2RMaFJLUXJZc2",Telangana Today,28.19853433214146,84.54315152674015
e5c51fd,live-81edf5c6,2026-07-23T20:04:04.503051+00:00,Multiple,Reported area,Structural Failure,Aftermath,Magnitude 5 earthquake strikes Rukum East - The Kathmandu Post,"<a href=""https://news.google.com/rss/articles/CBMikAFBVV95cUxQRWxmSEVHU0huYy1taWNmOW9QVloyRnBHWHhlci1BNTdkRHMzVFFabWhjTmZrZk1TMVJSVGRxYjVSOGxJUXRTUU1kMUQwVGpLakJXNnQ1NFp5dkxRZnlob1dqUFA2OTZreXhtT1p1ej",The Kathmandu Post,27.664690041593968,84.79177105480215
e5c51fd,live-d29594ca,2026-07-23T20:04:04.503036+00:00,Multiple,Reported area,Structural Failure,Aftermath,"Nepal-Tibet border earthquake: Death toll reaches 126, 188 injured - News On AIR","<a href=""https://news.google.com/rss/articles/CBMiowFBVV95cUxNN044WVU4ejBGbmpleDE0b00wZjhfT3Ixb1Nma2p5aXBWcm9wZUo1QmlrbjZxVFpuQjBCN0hqVUl3TlVsSG81LUF1dG1MZ054U0hKTUxBdkczRG0wbnFvNTBTbllxU25jcUd1TkUza3",News On AIR,28.084781774396554,84.49536949068113
e5c51fd,live-f13ad969,2026-07-23T20:04:04.503003+00:00,Multiple,Reported area,Structural Failure,Aftermath,"Death toll from Venezuela earthquakes increases to 5,398 - Nepalnews.com","<a href=""https://news.google.com/rss/articles/CBMipAFBVV95cUxPdEdDN3NnN3MtR2JldjhlcDVPeHBfRlZ2Y3Z4UG1FZ1ROTWI0TDItLXN1QjJqcDFYVHR2UGVfUGlqNVhxdkY3UzJVdFpBRkw1S1NKczV6OEh5dlpJUUptNjZnenRXc3pBMV9TWUJvV3",Nepalnews.com,28.46691247710116,85.64087224759884
26b178f,live-f73c9226,2026-07-23T15:35:14.428195+00:00,Multiple,Reported area,Structural Failure,Aftermath,Nepal Earthquake: How to Help - Save the Children US,"<a href=""https://news.google.com/rss/articles/CBMikgFBVV95cUxPZWZVZ2l6bGtkb3ZVVUNPdzVfRzVZSURtWlJ3X3g2YlFUVHNZaUlVZ0hmSVllV1pad1Y3eS1rcG91X21EMnAtaUNHSGRNaC1XcEtEeUxkYjk0dnZSSmUwYXF0SjU1N0VnU0RwVmE4Z3",Save the Children US,27.52239412161967,85.57585160548129
26b178f,live-cad366b0,2026-07-23T15:35:14.428182+00:00,Multiple,Reported area,Structural Failure,Aftermath,3.8 Magnitude Earthquake Hits Nepal - Deccan Chronicle,"<a href=""https://news.google.com/rss/articles/CBMilgFBVV95cUxPd25LeVA1aTREVVVka0xUWGFZNGx0RmZZNFQ4UGpmRmdyclQtRW1vS09lTDQ0NEhyd0lNbEZpZklKVWdFa1MxQzRfUXZLdk04QnM2cVZNSmlTUENVUnVrd1hZTzlrb3dDSlRwdGZTSU",Deccan Chronicle,27.233360161608047,85.42807556666186
26b178f,live-b0865ace,2026-07-23T15:35:14.428168+00:00,Multiple,Reported area,Structural Failure,Aftermath,Post-Disaster Housing Reconstruction in Rural Nepal A Case Study in the Aftermath of the 2015 Nepal ,"<a href=""https://news.google.com/rss/articles/CBMibkFVX3lxTE15U3JKZkRRbl9FemdvVllucXVsTmpxS2E5aW1mQ1Y4Q3RRNHhQUjhQd2NrRjZaSXY1alZLLUNTRi1WbFdFN2Fpd2Vta0lLZXNoWDB2RFRDS25rMmo3T3ZvRWt2NGV5NW5uRDJvUVdn?o",SCIRP Open Access,28.451601599044835,84.37783987501678
26b178f,live-e0b0aa4b,2026-07-23T15:35:14.428150+00:00,Multiple,Reported area,Structural Failure,Aftermath,3.8 magnitude earthquake hits Nepal - BusinessLine,"<a href=""https://news.google.com/rss/articles/CBMipAFBVV95cUxOS2pNaDlFZkdIRlBWc2lmSVJQWWlHWW9rZ0ozUDZjakl5cTYxYS1mSzJ2TVUxb255dlpyUEVxcmZtajR5RkZKSGx4ZWpJeVk4LTdGT0tyOHFTTnZvSDFhbmk5RC1xUWR0czlQaWRzUk",BusinessLine,27.44123054769461,85.76169082433123
26b178f,live-7c678f04,2026-07-23T15:35:14.428137+00:00,Multiple,Reported area,Structural Failure,Aftermath,"101-Year-Old Pulled From Rubble One Week After Nepal Earthquake - ABC News - Breaking News, Latest N","<a href=""https://news.google.com/rss/articles/CBMinAFBVV95cUxQN0ZnMnd1SzIzbGVEUmJWaGlaZkJjbVpRT0E3eHFJVkdNT1VabWV0bmJoaXI3QzJUYjVlcjZqdGpHaVlKSGY2MjhmeXNNaFdwNndDZnIxalRGLU9LOF9ZTVI1N2JNTTQyXzI4UlBLQW","ABC News - Breaking News, Latest News and Videos",26.760977166585338,84.5617521547897
26b178f,live-6f5ed2d9,2026-07-23T15:35:14.428123+00:00,Multiple,Reported area,Structural Failure,Aftermath,Nepal and Northern India are not overdue for a huge earthquake - New Scientist,"<a href=""https://news.google.com/rss/articles/CBMirAFBVV95cUxOTTIwNHM3ZjM1NHFEek5jVkNQblpUQkJsYTRNcDdINHhDMWJmbU9taGFTNFlDbHRUMVhmRGpVb3dsbkRfRnZKd3lkbVFfRExseXR4SGZvOHNhVzRyX29TMlVxWDF5SUhyLXdTNHctMD",New Scientist,27.28376634022929,84.85568994430083
26b178f,live-2513888b,2026-07-23T15:35:14.428108+00:00,Multiple,Reported area,Landslide,Aftermath,Six-year study reveals ancient quakes along 150-mile fault system in Nepal - Virginia Tech News,"<a href=""https://news.google.com/rss/articles/CBMigAFBVV95cUxPbFc3VGRyWjFhZmpvb0pXMGhfVWVWbFBVQXN4ay1VeDA3bUtoeWVraEpWT2lKMTdTQmVfVjByVk1SaE1kbDQtd1RFVG5XaEN1TzBjWVhwOUtRVk9QZUN6Q0hNbDJuOTM3ZmpaUTVibX",Virginia Tech News,28.495262443071105,85.73726261021751
26b178f,live-6521f80e,2026-07-23T15:35:14.428084+00:00,Multiple,Reported area,Structural Failure,Aftermath,The economic damage from the Nepal earthquake is almost half of the country’s GDP - qz.com,"<a href=""https://news.google.com/rss/articles/CBMirAFBVV95cUxPWUJKV2JuVTNqa0ZDNUVwMFlIVk9kNU1JMy0wNVQ5dUg0TEFyS2xRczM4em9qYXRqVVBlXzQwVmlzWm8ydFJUYjNFWVhiTEYtWW41cE9fMXAxd2lZYkFINmlaZnBrSW8yWnBBcURVR1",qz.com,28.06815907966278,85.85055531244078
26b178f,live-dd6578c9,2026-07-23T15:35:14.428065+00:00,Multiple,Reported area,Structural Failure,Aftermath,"Nepal-Tibet border earthquake: Death toll reaches 126, 188 injured - News On AIR","<a href=""https://news.google.com/rss/articles/CBMiowFBVV95cUxNN044WVU4ejBGbmpleDE0b00wZjhfT3Ixb1Nma2p5aXBWcm9wZUo1QmlrbjZxVFpuQjBCN0hqVUl3TlVsSG81LUF1dG1MZ054U0hKTUxBdkczRG0wbnFvNTBTbllxU25jcUd1TkUza3",News On AIR,26.941200582043724,85.39318618271513
26b178f,live-c8940ecd,2026-07-23T15:35:14.428030+00:00,Multiple,Reported area,Structural Failure,Aftermath,"Death toll from Venezuela earthquakes increases to 5,398 - Nepalnews.com","<a href=""https://news.google.com/rss/articles/CBMipAFBVV95cUxPdEdDN3NnN3MtR2JldjhlcDVPeHBfRlZ2Y3Z4UG1FZ1ROTWI0TDItLXN1QjJqcDFYVHR2UGVfUGlqNVhxdkY3UzJVdFpBRkw1S1NKczV6OEh5dlpJUUptNjZnenRXc3pBMV9TWUJvV3",Nepalnews.com,26.747935666546756,85.81802339334475
4053fa5,live-afa97b28,2026-07-23T08:04:23.844480+00:00,Multiple,Reported area,Landslide,Aftermath,"Minor quake shakes Nepal, no immediate damage reported - ThePrint","<a href=""https://news.google.com/rss/articles/CBMikgFBVV95cUxNdy1icEg4SGluR1E1SDdpQ1NrVjNSMEdpLWViaXluZzBoeUN4UFhDY1FWWGFfOFU5M0JGd0hVMjhDUC15M2x5ZHFzZGlfMVp3VlJFYkVha2Juem1lZE9UUnMwRmhzVU1ZNU9PRXR3Zn",ThePrint,27.468739775117175,84.80515097202188
4053fa5,live-c3eb8104,2026-07-23T08:04:23.844468+00:00,Multiple,Reported area,Structural Failure,Aftermath,The economic damage from the Nepal earthquake is almost half of the country’s GDP - qz.com,"<a href=""https://news.google.com/rss/articles/CBMirAFBVV95cUxPWUJKV2JuVTNqa0ZDNUVwMFlIVk9kNU1JMy0wNVQ5dUg0TEFyS2xRczM4em9qYXRqVVBlXzQwVmlzWm8ydFJUYjNFWVhiTEYtWW41cE9fMXAxd2lZYkFINmlaZnBrSW8yWnBBcURVR1",qz.com,27.154131140300017,85.52067192768311
4053fa5,live-223128c1,2026-07-23T08:04:23.844453+00:00,Multiple,Reported area,Structural Failure,Aftermath,"Nepal-Tibet border earthquake: Death toll reaches 126, 188 injured - News On AIR","<a href=""https://news.google.com/rss/articles/CBMiowFBVV95cUxNN044WVU4ejBGbmpleDE0b00wZjhfT3Ixb1Nma2p5aXBWcm9wZUo1QmlrbjZxVFpuQjBCN0hqVUl3TlVsSG81LUF1dG1MZ054U0hKTUxBdkczRG0wbnFvNTBTbllxU25jcUd1TkUza3",News On AIR,28.004545651824365,85.73134160285562
4053fa5,live-f95fc75e,2026-07-23T08:04:23.844434+00:00,Multiple,Reported area,Structural Failure,Aftermath,3.8 magnitude earthquake hits Nepal - BusinessLine,"<a href=""https://news.google.com/rss/articles/CBMipAFBVV95cUxOS2pNaDlFZkdIRlBWc2lmSVJQWWlHWW9rZ0ozUDZjakl5cTYxYS1mSzJ2TVUxb255dlpyUEVxcmZtajR5RkZKSGx4ZWpJeVk4LTdGT0tyOHFTTnZvSDFhbmk5RC1xUWR0czlQaWRzUk",BusinessLine,28.605893941266984,84.80871698675804
4053fa5,live-c3c06c2a,2026-07-23T08:04:23.844422+00:00,Multiple,Reported area,Structural Failure,Aftermath,"Death toll from Venezuela’s twin earthquakes rises above 5,000 as IMF announces emergency funds - Ne","<a href=""https://news.google.com/rss/articles/CBMi1wFBVV95cUxPZ2Y0UTkyY0hJc3hPYXBzNVlvd2VCZkxLbi1nQXZzRzJFV0xQV2NUY01mcnA4T3pqRGN0V2hKVC1oUnZNWkNoenNuczRaVER0VVplWTdseW1DU2NMNmRkOHZBQS05RlVBa3k0Q0VxOT",Nepalnews.com,27.7503188960087,86.05158517450693
4053fa5,live-98236561,2026-07-23T08:04:23.844406+00:00,Multiple,Reported area,Structural Failure,Aftermath,4.2 magnitude earthquake hits western Nepal - Daily Excelsior,"<a href=""https://news.google.com/rss/articles/CBMigAFBVV95cUxNaWwxUnNzWlF1SkIyUnRJVnoxT3dCY2hWMmxHSzNWUXN5Y1NjU1oyaUVtRnRpUkF5ZWJ3V2V3UUNoeURVem1fOUJjM1dSV2p3Smg2ZWd0TTkzY2Fnb0ZKZzRuYm5kald2U201SEdtbk",Daily Excelsior,27.740306691550234,85.71932841524563
4053fa5,live-da4531bc,2026-07-23T08:04:23.844390+00:00,Multiple,Reported area,Structural Failure,Aftermath,Magnitude 5 earthquake strikes Rukum East - The Kathmandu Post,"<a href=""https://news.google.com/rss/articles/CBMikAFBVV95cUxQRWxmSEVHU0huYy1taWNmOW9QVloyRnBHWHhlci1BNTdkRHMzVFFabWhjTmZrZk1TMVJSVGRxYjVSOGxJUXRTUU1kMUQwVGpLakJXNnQ1NFp5dkxRZnlob1dqUFA2OTZreXhtT1p1ej",The Kathmandu Post,28.340456114244564,85.36715119922253
4053fa5,live-b6b12d65,2026-07-23T08:04:23.844371+00:00,Multiple,Reported area,Landslide,Aftermath,Nepal's Rukum East Hit By Magnitude 5 Quake - Deccan Chronicle,"<a href=""https://news.google.com/rss/articles/CBMimAFBVV95cUxPaWhjczItM29XQUhwVHU5WVVpYjRDRnBmOHJYMnIxYUJyWGZfQVpVTzJUc3RsMThDWXp1SjBHTkkxbDJuYjVDZEZtdmstQU1feWktRmtSaGZ5d1VkRFZ0S3JRV3ExSmxZdDlqUzNhRW",Deccan Chronicle,28.640745085507135,85.61254508780011
4053fa5,live-755f2255,2026-07-23T08:04:23.844356+00:00,Multiple,Reported area,Structural Failure,Aftermath,Earthquake of 4.2 magnitude hits western Nepal - The Indian Express,"<a href=""https://news.google.com/rss/articles/CBMijAFBVV95cUxPMjVIbVhsMVVYZ3pMdmVsdnVPNG1DVUJzd29wM2JKMDE4LWdUbEVnaW52clZXei1sUFJKLVZJQjNqLUs1RVFmNEVtaC15M2pZMDJwZjd0Ylc5bDJ4S2gtWldIM0RtcHNVWThOdlEzMV",The Indian Express,28.661253620471467,85.31825659120254
4053fa5,live-a81e6e55,2026-07-23T08:04:23.844318+00:00,Multiple,Reported area,Structural Failure,Aftermath,4.2-magnitude earthquake strikes western Nepal; no damage reported - The New Indian Express,"<a href=""https://news.google.com/rss/articles/CBMitgFBVV95cUxNd0ZpbnRBR01HcVQ1R0xsY01ibGNaTmZWYmpHUkI1R3FmVjlTbkd4Mko1a2Y5enZPOWwtWHlycEpRU1RGei0xR2I2NUVCd2JMVTFPMTlOMnpiQ3h1TXA4NHhyZjM3ZlBsWG40OUhBNW",The New Indian Express,27.251223364052485,85.65136820364685
0290ab1,live-d360967f,2026-07-22T23:41:34.055679+00:00,Multiple,Reported area,Structural Failure,Aftermath,The economic damage from the Nepal earthquake is almost half of the country’s GDP - qz.com,"<a href=""https://news.google.com/rss/articles/CBMirAFBVV95cUxPWUJKV2JuVTNqa0ZDNUVwMFlIVk9kNU1JMy0wNVQ5dUg0TEFyS2xRczM4em9qYXRqVVBlXzQwVmlzWm8ydFJUYjNFWVhiTEYtWW41cE9fMXAxd2lZYkFINmlaZnBrSW8yWnBBcURVR1",qz.com,26.999410451234116,86.29047471977559
0290ab1,live-65f0b03d,2026-07-22T23:41:34.055666+00:00,Multiple,Reported area,Landslide,Aftermath,"Minor quake shakes Nepal, no immediate damage reported - ThePrint","<a href=""https://news.google.com/rss/articles/CBMikgFBVV95cUxNdy1icEg4SGluR1E1SDdpQ1NrVjNSMEdpLWViaXluZzBoeUN4UFhDY1FWWGFfOFU5M0JGd0hVMjhDUC15M2x5ZHFzZGlfMVp3VlJFYkVha2Juem1lZE9UUnMwRmhzVU1ZNU9PRXR3Zn",ThePrint,27.84003768914622,86.1280794147716
0290ab1,live-5b062c36,2026-07-22T23:41:34.055654+00:00,Multiple,Reported area,Structural Failure,Aftermath,"Nepal-Tibet border earthquake: Death toll reaches 126, 188 injured - News On AIR","<a href=""https://news.google.com/rss/articles/CBMiowFBVV95cUxNN044WVU4ejBGbmpleDE0b00wZjhfT3Ixb1Nma2p5aXBWcm9wZUo1QmlrbjZxVFpuQjBCN0hqVUl3TlVsSG81LUF1dG1MZ054U0hKTUxBdkczRG0wbnFvNTBTbllxU25jcUd1TkUza3",News On AIR,27.589973086382486,85.10926399839009
0290ab1,live-f916c206,2026-07-22T23:41:34.055637+00:00,Multiple,Reported area,Structural Failure,Aftermath,3.8 magnitude earthquake hits Nepal - BusinessLine,"<a href=""https://news.google.com/rss/articles/CBMipAFBVV95cUxOS2pNaDlFZkdIRlBWc2lmSVJQWWlHWW9rZ0ozUDZjakl5cTYxYS1mSzJ2TVUxb255dlpyUEVxcmZtajR5RkZKSGx4ZWpJeVk4LTdGT0tyOHFTTnZvSDFhbmk5RC1xUWR0czlQaWRzUk",BusinessLine,26.953980938745467,85.6307974429842
0290ab1,live-3550f582,2026-07-22T23:41:34.055626+00:00,Multiple,Reported area,Structural Failure,Aftermath,Magnitude 5 earthquake strikes Rukum East - The Kathmandu Post,"<a href=""https://news.google.com/rss/articles/CBMikAFBVV95cUxQRWxmSEVHU0huYy1taWNmOW9QVloyRnBHWHhlci1BNTdkRHMzVFFabWhjTmZrZk1TMVJSVGRxYjVSOGxJUXRTUU1kMUQwVGpLakJXNnQ1NFp5dkxRZnlob1dqUFA2OTZreXhtT1p1ej",The Kathmandu Post,26.845024103278835,85.1893077122144
0290ab1,live-2fd0d752,2026-07-22T23:41:34.055613+00:00,Multiple,Reported area,Structural Failure,Aftermath,"Death toll from Venezuela’s twin earthquakes rises above 5,000 as IMF announces emergency funds - Ne","<a href=""https://news.google.com/rss/articles/CBMi1wFBVV95cUxPZ2Y0UTkyY0hJc3hPYXBzNVlvd2VCZkxLbi1nQXZzRzJFV0xQV2NUY01mcnA4T3pqRGN0V2hKVC1oUnZNWkNoenNuczRaVER0VVplWTdseW1DU2NMNmRkOHZBQS05RlVBa3k0Q0VxOT",Nepalnews.com,27.077786960132034,86.28042219579959
0290ab1,live-353f5649,2026-07-22T23:41:34.055592+00:00,Multiple,Reported area,Landslide,Aftermath,Nepal's Rukum East Hit By Magnitude 5 Quake - Deccan Chronicle,"<a href=""https://news.google.com/rss/articles/CBMimAFBVV95cUxPaWhjczItM29XQUhwVHU5WVVpYjRDRnBmOHJYMnIxYUJyWGZfQVpVTzJUc3RsMThDWXp1SjBHTkkxbDJuYjVDZEZtdmstQU1feWktRmtSaGZ5d1VkRFZ0S3JRV3ExSmxZdDlqUzNhRW",Deccan Chronicle,26.90597769165739,86.13838300130705
0290ab1,live-a466de8a,2026-07-22T23:41:34.055574+00:00,Multiple,Reported area,Structural Failure,Aftermath,4.2 magnitude earthquake hits western Nepal - Daily Excelsior,"<a href=""https://news.google.com/rss/articles/CBMigAFBVV95cUxNaWwxUnNzWlF1SkIyUnRJVnoxT3dCY2hWMmxHSzNWUXN5Y1NjU1oyaUVtRnRpUkF5ZWJ3V2V3UUNoeURVem1fOUJjM1dSV2p3Smg2ZWd0TTkzY2Fnb0ZKZzRuYm5kald2U201SEdtbk",Daily Excelsior,28.111417236926542,85.36629832867679
0290ab1,live-b64461b7,2026-07-22T23:41:34.055559+00:00,Multiple,Reported area,Structural Failure,Aftermath,Earthquake of 4.2 magnitude hits western Nepal - The Indian Express,"<a href=""https://news.google.com/rss/articles/CBMijAFBVV95cUxPMjVIbVhsMVVYZ3pMdmVsdnVPNG1DVUJzd29wM2JKMDE4LWdUbEVnaW52clZXei1sUFJKLVZJQjNqLUs1RVFmNEVtaC15M2pZMDJwZjd0Ylc5bDJ4S2gtWldIM0RtcHNVWThOdlEzMV",The Indian Express,26.825057105834595,85.49210084555142
0290ab1,live-307fd7d9,2026-07-22T23:41:34.055530+00:00,Multiple,Reported area,Structural Failure,Aftermath,4.2-magnitude earthquake strikes western Nepal; no damage reported - The New Indian Express,"<a href=""https://news.google.com/rss/articles/CBMitgFBVV95cUxNd0ZpbnRBR01HcVQ1R0xsY01ibGNaTmZWYmpHUkI1R3FmVjlTbkd4Mko1a2Y5enZPOWwtWHlycEpRU1RGei0xR2I2NUVCd2JMVTFPMTlOMnpiQ3h1TXA4NHhyZjM3ZlBsWG40OUhBNW",The New Indian Express,27.57193182955306,86.09863241283219
e617501,live-586455e7,2026-07-22T20:03:05.541205+00:00,Multiple,Reported area,Structural Failure,Aftermath,The economic damage from the Nepal earthquake is almost half of the country’s GDP - qz.com,"<a href=""https://news.google.com/rss/articles/CBMirAFBVV95cUxPWUJKV2JuVTNqa0ZDNUVwMFlIVk9kNU1JMy0wNVQ5dUg0TEFyS2xRczM4em9qYXRqVVBlXzQwVmlzWm8ydFJUYjNFWVhiTEYtWW41cE9fMXAxd2lZYkFINmlaZnBrSW8yWnBBcURVR1",qz.com,28.577246127629653,84.94577548676186
e617501,live-25d6bf19,2026-07-22T20:03:05.541191+00:00,Multiple,Reported area,Landslide,Aftermath,"Minor quake shakes Nepal, no immediate damage reported - ThePrint","<a href=""https://news.google.com/rss/articles/CBMikgFBVV95cUxNdy1icEg4SGluR1E1SDdpQ1NrVjNSMEdpLWViaXluZzBoeUN4UFhDY1FWWGFfOFU5M0JGd0hVMjhDUC15M2x5ZHFzZGlfMVp3VlJFYkVha2Juem1lZE9UUnMwRmhzVU1ZNU9PRXR3Zn",ThePrint,27.853103117149725,85.28474849449968
e617501,live-e70b4ce0,2026-07-22T20:03:05.541178+00:00,Multiple,Reported area,Structural Failure,Aftermath,"Nepal-Tibet border earthquake: Death toll reaches 126, 188 injured - News On AIR","<a href=""https://news.google.com/rss/articles/CBMiowFBVV95cUxNN044WVU4ejBGbmpleDE0b00wZjhfT3Ixb1Nma2p5aXBWcm9wZUo1QmlrbjZxVFpuQjBCN0hqVUl3TlVsSG81LUF1dG1MZ054U0hKTUxBdkczRG0wbnFvNTBTbllxU25jcUd1TkUza3",News On AIR,27.431570094950036,84.9012319684274
e617501,live-37cba423,2026-07-22T20:03:05.541160+00:00,Multiple,Reported area,Structural Failure,Aftermath,3.8 magnitude earthquake hits Nepal - BusinessLine,"<a href=""https://news.google.com/rss/articles/CBMipAFBVV95cUxOS2pNaDlFZkdIRlBWc2lmSVJQWWlHWW9rZ0ozUDZjakl5cTYxYS1mSzJ2TVUxb255dlpyUEVxcmZtajR5RkZKSGx4ZWpJeVk4LTdGT0tyOHFTTnZvSDFhbmk5RC1xUWR0czlQaWRzUk",BusinessLine,28.246289533753558,85.45262792414948
e617501,live-9140a209,2026-07-22T20:03:05.541147+00:00,Multiple,Reported area,Structural Failure,Aftermath,Magnitude 5 earthquake strikes Rukum East - The Kathmandu Post,"<a href=""https://news.google.com/rss/articles/CBMikAFBVV95cUxQRWxmSEVHU0huYy1taWNmOW9QVloyRnBHWHhlci1BNTdkRHMzVFFabWhjTmZrZk1TMVJSVGRxYjVSOGxJUXRTUU1kMUQwVGpLakJXNnQ1NFp5dkxRZnlob1dqUFA2OTZreXhtT1p1ej",The Kathmandu Post,26.775713732686864,85.12211505128269
e617501,live-99009936,2026-07-22T20:03:05.541134+00:00,Multiple,Reported area,Structural Failure,Aftermath,"Death toll from Venezuela’s twin earthquakes rises above 5,000 as IMF announces emergency funds - Ne","<a href=""https://news.google.com/rss/articles/CBMi1wFBVV95cUxPZ2Y0UTkyY0hJc3hPYXBzNVlvd2VCZkxLbi1nQXZzRzJFV0xQV2NUY01mcnA4T3pqRGN0V2hKVC1oUnZNWkNoenNuczRaVER0VVplWTdseW1DU2NMNmRkOHZBQS05RlVBa3k0Q0VxOT",Nepalnews.com,27.07696110627057,86.12771239307472
e617501,live-d81fe5c5,2026-07-22T20:03:05.541111+00:00,Multiple,Reported area,Landslide,Aftermath,Nepal's Rukum East Hit By Magnitude 5 Quake - Deccan Chronicle,"<a href=""https://news.google.com/rss/articles/CBMimAFBVV95cUxPaWhjczItM29XQUhwVHU5WVVpYjRDRnBmOHJYMnIxYUJyWGZfQVpVTzJUc3RsMThDWXp1SjBHTkkxbDJuYjVDZEZtdmstQU1feWktRmtSaGZ5d1VkRFZ0S3JRV3ExSmxZdDlqUzNhRW",Deccan Chronicle,28.52703666722828,84.60317469790664
e617501,live-b739a647,2026-07-22T20:03:05.541092+00:00,Multiple,Reported area,Structural Failure,Aftermath,4.2 magnitude earthquake hits western Nepal - Daily Excelsior,"<a href=""https://news.google.com/rss/articles/CBMigAFBVV95cUxNaWwxUnNzWlF1SkIyUnRJVnoxT3dCY2hWMmxHSzNWUXN5Y1NjU1oyaUVtRnRpUkF5ZWJ3V2V3UUNoeURVem1fOUJjM1dSV2p3Smg2ZWd0TTkzY2Fnb0ZKZzRuYm5kald2U201SEdtbk",Daily Excelsior,27.148425858576225,85.18707077866362
e617501,live-0148ddf6,2026-07-22T20:03:05.541076+00:00,Multiple,Reported area,Structural Failure,Aftermath,Earthquake of 4.2 magnitude hits western Nepal - The Indian Express,"<a href=""https://news.google.com/rss/articles/CBMijAFBVV95cUxPMjVIbVhsMVVYZ3pMdmVsdnVPNG1DVUJzd29wM2JKMDE4LWdUbEVnaW52clZXei1sUFJKLVZJQjNqLUs1RVFmNEVtaC15M2pZMDJwZjd0Ylc5bDJ4S2gtWldIM0RtcHNVWThOdlEzMV",The Indian Express,28.44695306075285,85.457899261632
e617501,live-c27442c0,2026-07-22T20:03:05.541042+00:00,Multiple,Reported area,Structural Failure,Aftermath,4.2-magnitude earthquake strikes western Nepal; no damage reported - The New Indian Express,"<a href=""https://news.google.com/rss/articles/CBMitgFBVV95cUxNd0ZpbnRBR01HcVQ1R0xsY01ibGNaTmZWYmpHUkI1R3FmVjlTbkd4Mko1a2Y5enZPOWwtWHlycEpRU1RGei0xR2I2NUVCd2JMVTFPMTlOMnpiQ3h1TXA4NHhyZjM3ZlBsWG40OUhBNW",The New Indian Express,27.59962852574715,84.59100067327566
8d4dd86,live-4ab1fe40,2026-07-22T15:24:01.321758+00:00,Multiple,Reported area,Structural Failure,Aftermath,The economic damage from the Nepal earthquake is almost half of the country’s GDP - qz.com,"<a href=""https://news.google.com/rss/articles/CBMirAFBVV95cUxPWUJKV2JuVTNqa0ZDNUVwMFlIVk9kNU1JMy0wNVQ5dUg0TEFyS2xRczM4em9qYXRqVVBlXzQwVmlzWm8ydFJUYjNFWVhiTEYtWW41cE9fMXAxd2lZYkFINmlaZnBrSW8yWnBBcURVR1",qz.com,28.205129932416114,84.70972916382843
8d4dd86,live-098881a8,2026-07-22T15:24:01.321744+00:00,Multiple,Reported area,Landslide,Aftermath,"Minor quake shakes Nepal, no immediate damage reported - ThePrint","<a href=""https://news.google.com/rss/articles/CBMikgFBVV95cUxNdy1icEg4SGluR1E1SDdpQ1NrVjNSMEdpLWViaXluZzBoeUN4UFhDY1FWWGFfOFU5M0JGd0hVMjhDUC15M2x5ZHFzZGlfMVp3VlJFYkVha2Juem1lZE9UUnMwRmhzVU1ZNU9PRXR3Zn",ThePrint,27.677259242040623,86.08476242234055
8d4dd86,live-b1f36088,2026-07-22T15:24:01.321731+00:00,Multiple,Reported area,Structural Failure,Aftermath,"Nepal-Tibet border earthquake: Death toll reaches 126, 188 injured - News On AIR","<a href=""https://news.google.com/rss/articles/CBMiowFBVV95cUxNN044WVU4ejBGbmpleDE0b00wZjhfT3Ixb1Nma2p5aXBWcm9wZUo1QmlrbjZxVFpuQjBCN0hqVUl3TlVsSG81LUF1dG1MZ054U0hKTUxBdkczRG0wbnFvNTBTbllxU25jcUd1TkUza3",News On AIR,26.989243550415853,84.57605620347206
8d4dd86,live-ce9b53d0,2026-07-22T15:24:01.321713+00:00,Multiple,Reported area,Structural Failure,Aftermath,3.8 magnitude earthquake hits Nepal - BusinessLine,"<a href=""https://news.google.com/rss/articles/CBMipAFBVV95cUxOS2pNaDlFZkdIRlBWc2lmSVJQWWlHWW9rZ0ozUDZjakl5cTYxYS1mSzJ2TVUxb255dlpyUEVxcmZtajR5RkZKSGx4ZWpJeVk4LTdGT0tyOHFTTnZvSDFhbmk5RC1xUWR0czlQaWRzUk",BusinessLine,28.511010300062107,86.14868308774676
8d4dd86,live-16d28701,2026-07-22T15:24:01.321701+00:00,Multiple,Reported area,Structural Failure,Aftermath,Magnitude 5 earthquake strikes Rukum East - The Kathmandu Post,"<a href=""https://news.google.com/rss/articles/CBMikAFBVV95cUxQRWxmSEVHU0huYy1taWNmOW9QVloyRnBHWHhlci1BNTdkRHMzVFFabWhjTmZrZk1TMVJSVGRxYjVSOGxJUXRTUU1kMUQwVGpLakJXNnQ1NFp5dkxRZnlob1dqUFA2OTZreXhtT1p1ej",The Kathmandu Post,26.999753123768706,85.10176930938442
8d4dd86,live-1208a4e4,2026-07-22T15:24:01.321689+00:00,Multiple,Reported area,Structural Failure,Aftermath,"Death toll from Venezuela’s twin earthquakes rises above 5,000 as IMF announces emergency funds - Ne","<a href=""https://news.google.com/rss/articles/CBMi1wFBVV95cUxPZ2Y0UTkyY0hJc3hPYXBzNVlvd2VCZkxLbi1nQXZzRzJFV0xQV2NUY01mcnA4T3pqRGN0V2hKVC1oUnZNWkNoenNuczRaVER0VVplWTdseW1DU2NMNmRkOHZBQS05RlVBa3k0Q0VxOT",Nepalnews.com,27.48097572963485,86.19031257447577
8d4dd86,live-48d0bfa9,2026-07-22T15:24:01.321669+00:00,Multiple,Reported area,Landslide,Aftermath,Nepal's Rukum East Hit By Magnitude 5 Quake - Deccan Chronicle,"<a href=""https://news.google.com/rss/articles/CBMimAFBVV95cUxPaWhjczItM29XQUhwVHU5WVVpYjRDRnBmOHJYMnIxYUJyWGZfQVpVTzJUc3RsMThDWXp1SjBHTkkxbDJuYjVDZEZtdmstQU1feWktRmtSaGZ5d1VkRFZ0S3JRV3ExSmxZdDlqUzNhRW",Deccan Chronicle,28.408748563899117,85.01501112843258
8d4dd86,live-fb8a38b4,2026-07-22T15:24:01.321651+00:00,Multiple,Reported area,Structural Failure,Aftermath,4.2 magnitude earthquake hits western Nepal - Daily Excelsior,"<a href=""https://news.google.com/rss/articles/CBMigAFBVV95cUxNaWwxUnNzWlF1SkIyUnRJVnoxT3dCY2hWMmxHSzNWUXN5Y1NjU1oyaUVtRnRpUkF5ZWJ3V2V3UUNoeURVem1fOUJjM1dSV2p3Smg2ZWd0TTkzY2Fnb0ZKZzRuYm5kald2U201SEdtbk",Daily Excelsior,27.22200264640624,86.17885720762699
8d4dd86,live-397661bd,2026-07-22T15:24:01.321637+00:00,Multiple,Reported area,Structural Failure,Aftermath,Earthquake of 4.2 magnitude hits western Nepal - The Indian Express,"<a href=""https://news.google.com/rss/articles/CBMijAFBVV95cUxPMjVIbVhsMVVYZ3pMdmVsdnVPNG1DVUJzd29wM2JKMDE4LWdUbEVnaW52clZXei1sUFJKLVZJQjNqLUs1RVFmNEVtaC15M2pZMDJwZjd0Ylc5bDJ4S2gtWldIM0RtcHNVWThOdlEzMV",The Indian Express,27.377445807366286,84.87410108464633
8d4dd86,live-b2206e30,2026-07-22T15:24:01.321602+00:00,Multiple,Reported area,Structural Failure,Aftermath,4.2-magnitude earthquake strikes western Nepal; no damage reported - The New Indian Express,"<a href=""https://news.google.com/rss/articles/CBMitgFBVV95cUxNd0ZpbnRBR01HcVQ1R0xsY01ibGNaTmZWYmpHUkI1R3FmVjlTbkd4Mko1a2Y5enZPOWwtWHlycEpRU1RGei0xR2I2NUVCd2JMVTFPMTlOMnpiQ3h1TXA4NHhyZjM3ZlBsWG40OUhBNW",The New Indian Express,27.988156528005522,85.39769370955293
bcbdabb,live-8024a049,2026-07-22T09:37:27.742026+00:00,Multiple,Reported area,Structural Failure,Aftermath,The economic damage from the Nepal earthquake is almost half of the country’s GDP - qz.com,"<a href=""https://news.google.com/rss/articles/CBMirAFBVV95cUxPWUJKV2JuVTNqa0ZDNUVwMFlIVk9kNU1JMy0wNVQ5dUg0TEFyS2xRczM4em9qYXRqVVBlXzQwVmlzWm8ydFJUYjNFWVhiTEYtWW41cE9fMXAxd2lZYkFINmlaZnBrSW8yWnBBcURVR1",qz.com,27.921573933057594,85.84824935073695
bcbdabb,live-c5a9a97e,2026-07-22T09:37:27.742012+00:00,Multiple,Reported area,Landslide,Aftermath,"Minor quake shakes Nepal, no immediate damage reported - ThePrint","<a href=""https://news.google.com/rss/articles/CBMikgFBVV95cUxNdy1icEg4SGluR1E1SDdpQ1NrVjNSMEdpLWViaXluZzBoeUN4UFhDY1FWWGFfOFU5M0JGd0hVMjhDUC15M2x5ZHFzZGlfMVp3VlJFYkVha2Juem1lZE9UUnMwRmhzVU1ZNU9PRXR3Zn",ThePrint,27.59444713446095,86.09025403533805
bcbdabb,live-af141f41,2026-07-22T09:37:27.741998+00:00,Multiple,Reported area,Structural Failure,Aftermath,Earthquake of 4.2-magnitude stikes western Nepal - News On AIR,"<a href=""https://news.google.com/rss/articles/CBMif0FVX3lxTE5VYlZsU2FGSXBVcDQ2MWQ5RHNRX3N0dVZoWmNqNGpqRkRXQ1BhSkE5OWpFSEVjdmtvRzhISzk1RG43d2wwRmxJSHRMeEtQdVdzMW96cUE4OFRsalRqdF8yU3BMdFNab3MxOTZVTUNINz",News On AIR,27.430478422870603,86.18745595327431
bcbdabb,live-9da8e1c3,2026-07-22T09:37:27.741980+00:00,Multiple,Reported area,Structural Failure,Aftermath,3.8 magnitude earthquake hits Nepal - BusinessLine,"<a href=""https://news.google.com/rss/articles/CBMipAFBVV95cUxOS2pNaDlFZkdIRlBWc2lmSVJQWWlHWW9rZ0ozUDZjakl5cTYxYS1mSzJ2TVUxb255dlpyUEVxcmZtajR5RkZKSGx4ZWpJeVk4LTdGT0tyOHFTTnZvSDFhbmk5RC1xUWR0czlQaWRzUk",BusinessLine,27.732795149209633,86.00507714664118
bcbdabb,live-cc83920a,2026-07-22T09:37:27.741967+00:00,Multiple,Reported area,Structural Failure,Aftermath,Magnitude 5 earthquake strikes Rukum East - The Kathmandu Post,"<a href=""https://news.google.com/rss/articles/CBMikAFBVV95cUxQRWxmSEVHU0huYy1taWNmOW9QVloyRnBHWHhlci1BNTdkRHMzVFFabWhjTmZrZk1TMVJSVGRxYjVSOGxJUXRTUU1kMUQwVGpLakJXNnQ1NFp5dkxRZnlob1dqUFA2OTZreXhtT1p1ej",The Kathmandu Post,26.998592271565123,86.05837517816768
bcbdabb,live-8488e1c4,2026-07-22T09:37:27.741953+00:00,Multiple,Reported area,Structural Failure,Aftermath,"Death toll from Venezuela’s twin earthquakes rises above 5,000 as IMF announces emergency funds - Ne","<a href=""https://news.google.com/rss/articles/CBMi1wFBVV95cUxPZ2Y0UTkyY0hJc3hPYXBzNVlvd2VCZkxLbi1nQXZzRzJFV0xQV2NUY01mcnA4T3pqRGN0V2hKVC1oUnZNWkNoenNuczRaVER0VVplWTdseW1DU2NMNmRkOHZBQS05RlVBa3k0Q0VxOT",Nepalnews.com,28.453626217652687,85.70962418055764
bcbdabb,live-425c6bcb,2026-07-22T09:37:27.741927+00:00,Multiple,Reported area,Landslide,Aftermath,Nepal's Rukum East Hit By Magnitude 5 Quake - Deccan Chronicle,"<a href=""https://news.google.com/rss/articles/CBMimAFBVV95cUxPaWhjczItM29XQUhwVHU5WVVpYjRDRnBmOHJYMnIxYUJyWGZfQVpVTzJUc3RsMThDWXp1SjBHTkkxbDJuYjVDZEZtdmstQU1feWktRmtSaGZ5d1VkRFZ0S3JRV3ExSmxZdDlqUzNhRW",Deccan Chronicle,28.2298153921246,86.0376614955982
bcbdabb,live-2c9c1a4a,2026-07-22T09:37:27.741908+00:00,Multiple,Reported area,Structural Failure,Aftermath,4.2 magnitude earthquake hits western Nepal - Daily Excelsior,"<a href=""https://news.google.com/rss/articles/CBMigAFBVV95cUxNaWwxUnNzWlF1SkIyUnRJVnoxT3dCY2hWMmxHSzNWUXN5Y1NjU1oyaUVtRnRpUkF5ZWJ3V2V3UUNoeURVem1fOUJjM1dSV2p3Smg2ZWd0TTkzY2Fnb0ZKZzRuYm5kald2U201SEdtbk",Daily Excelsior,27.172868121772105,84.30917967313822
bcbdabb,live-6db7da53,2026-07-22T09:37:27.741892+00:00,Multiple,Reported area,Structural Failure,Aftermath,Earthquake of 4.2 magnitude hits western Nepal - The Indian Express,"<a href=""https://news.google.com/rss/articles/CBMijAFBVV95cUxPMjVIbVhsMVVYZ3pMdmVsdnVPNG1DVUJzd29wM2JKMDE4LWdUbEVnaW52clZXei1sUFJKLVZJQjNqLUs1RVFmNEVtaC15M2pZMDJwZjd0Ylc5bDJ4S2gtWldIM0RtcHNVWThOdlEzMV",The Indian Express,27.686432617776966,86.07322243385363
bcbdabb,live-0fab50a9,2026-07-22T09:37:27.741856+00:00,Multiple,Reported area,Structural Failure,Aftermath,4.2-magnitude earthquake strikes western Nepal; no damage reported - The New Indian Express,"<a href=""https://news.google.com/rss/articles/CBMitgFBVV95cUxNd0ZpbnRBR01HcVQ1R0xsY01ibGNaTmZWYmpHUkI1R3FmVjlTbkd4Mko1a2Y5enZPOWwtWHlycEpRU1RGei0xR2I2NUVCd2JMVTFPMTlOMnpiQ3h1TXA4NHhyZjM3ZlBsWG40OUhBNW",The New Indian Express,26.918408134340922,85.97080846580528
e5161fb,live-4bb0ba6f,2026-07-22T00:11:56.178406+00:00,Multiple,Reported area,Structural Failure,Aftermath,Nepal and Northern India are not overdue for a huge earthquake - New Scientist,"<a href=""https://news.google.com/rss/articles/CBMirAFBVV95cUxOTTIwNHM3ZjM1NHFEek5jVkNQblpUQkJsYTRNcDdINHhDMWJmbU9taGFTNFlDbHRUMVhmRGpVb3dsbkRfRnZKd3lkbVFfRExseXR4SGZvOHNhVzRyX29TMlVxWDF5SUhyLXdTNHctMD",New Scientist,28.508874527786606,85.20576368542716
e5161fb,live-15d8df27,2026-07-22T00:11:56.178393+00:00,Multiple,Reported area,Structural Failure,Aftermath,Nepal Earthquake Victims Obituary - Legacy.com - Syracuse.com,"<a href=""https://news.google.com/rss/articles/CBMiogFBVV95cUxNdWV1ai1WMjBMZkRMbXJPdEJfX0kyNm5ScHpycGJqRE9zeE1uUE9aSC1Sc2dtQXNfejZKT2tIT3VUcjkyamlZM3ZObEpiV3B1ZHVuS1Yza2FhWTZWUTNrMXp5ajR2d2R1X1FEWVdYeX",Syracuse.com,27.437458105475045,85.14629285090335
e5161fb,live-759762b0,2026-07-22T00:11:56.178380+00:00,Multiple,Reported area,Structural Failure,Aftermath,"101-Year-Old Pulled From Rubble One Week After Nepal Earthquake - ABC News - Breaking News, Latest N","<a href=""https://news.google.com/rss/articles/CBMinAFBVV95cUxQN0ZnMnd1SzIzbGVEUmJWaGlaZkJjbVpRT0E3eHFJVkdNT1VabWV0bmJoaXI3QzJUYjVlcjZqdGpHaVlKSGY2MjhmeXNNaFdwNndDZnIxalRGLU9LOF9ZTVI1N2JNTTQyXzI4UlBLQW","ABC News - Breaking News, Latest News and Videos",28.17164550094985,84.97802919966975
e5161fb,live-732f2686,2026-07-22T00:11:56.178363+00:00,Multiple,Reported area,Structural Failure,Aftermath,The economic damage from the Nepal earthquake is almost half of the country’s GDP - qz.com,"<a href=""https://news.google.com/rss/articles/CBMirAFBVV95cUxPWUJKV2JuVTNqa0ZDNUVwMFlIVk9kNU1JMy0wNVQ5dUg0TEFyS2xRczM4em9qYXRqVVBlXzQwVmlzWm8ydFJUYjNFWVhiTEYtWW41cE9fMXAxd2lZYkFINmlaZnBrSW8yWnBBcURVR1",qz.com,27.029233784427493,85.80708964893158
e5161fb,live-e8742fcf,2026-07-22T00:11:56.178350+00:00,Multiple,Reported area,Landslide,Aftermath,"Minor quake shakes Nepal, no immediate damage reported - ThePrint","<a href=""https://news.google.com/rss/articles/CBMikgFBVV95cUxNdy1icEg4SGluR1E1SDdpQ1NrVjNSMEdpLWViaXluZzBoeUN4UFhDY1FWWGFfOFU5M0JGd0hVMjhDUC15M2x5ZHFzZGlfMVp3VlJFYkVha2Juem1lZE9UUnMwRmhzVU1ZNU9PRXR3Zn",ThePrint,27.514160402313188,84.68998870866035
e5161fb,live-40bea5ce,2026-07-22T00:11:56.178337+00:00,Multiple,Reported area,Structural Failure,Aftermath,"Nepal-Tibet border earthquake: Death toll reaches 126, 188 injured - News On AIR","<a href=""https://news.google.com/rss/articles/CBMiowFBVV95cUxNN044WVU4ejBGbmpleDE0b00wZjhfT3Ixb1Nma2p5aXBWcm9wZUo1QmlrbjZxVFpuQjBCN0hqVUl3TlVsSG81LUF1dG1MZ054U0hKTUxBdkczRG0wbnFvNTBTbllxU25jcUd1TkUza3",News On AIR,27.79031285445409,84.85222642770684
e5161fb,live-98ae5147,2026-07-22T00:11:56.178319+00:00,Multiple,Reported area,Structural Failure,Aftermath,3.8 Magnitude Earthquake Hits Nepal - Deccan Chronicle,"<a href=""https://news.google.com/rss/articles/CBMilgFBVV95cUxPd25LeVA1aTREVVVka0xUWGFZNGx0RmZZNFQ4UGpmRmdyclQtRW1vS09lTDQ0NEhyd0lNbEZpZklKVWdFa1MxQzRfUXZLdk04QnM2cVZNSmlTUENVUnVrd1hZTzlrb3dDSlRwdGZTSU",Deccan Chronicle,28.57452389475944,84.67814603015364
e5161fb,live-ce61d0e6,2026-07-22T00:11:56.178301+00:00,Multiple,Reported area,Structural Failure,Aftermath,3.8 magnitude earthquake hits Nepal - BusinessLine,"<a href=""https://news.google.com/rss/articles/CBMipAFBVV95cUxOS2pNaDlFZkdIRlBWc2lmSVJQWWlHWW9rZ0ozUDZjakl5cTYxYS1mSzJ2TVUxb255dlpyUEVxcmZtajR5RkZKSGx4ZWpJeVk4LTdGT0tyOHFTTnZvSDFhbmk5RC1xUWR0czlQaWRzUk",BusinessLine,26.706575662351717,85.39754638891807
e5161fb,live-bf4f6f6c,2026-07-22T00:11:56.178285+00:00,Multiple,Reported area,Structural Failure,Aftermath,Magnitude 5 earthquake strikes Rukum East - The Kathmandu Post,"<a href=""https://news.google.com/rss/articles/CBMikAFBVV95cUxQRWxmSEVHU0huYy1taWNmOW9QVloyRnBHWHhlci1BNTdkRHMzVFFabWhjTmZrZk1TMVJSVGRxYjVSOGxJUXRTUU1kMUQwVGpLakJXNnQ1NFp5dkxRZnlob1dqUFA2OTZreXhtT1p1ej",The Kathmandu Post,27.75592408414208,86.23627669024202
e5161fb,live-14eaabf5,2026-07-22T00:11:56.178255+00:00,Multiple,Reported area,Structural Failure,Aftermath,"Death toll from Venezuela’s twin earthquakes rises above 5,000 as IMF announces emergency funds - Ne","<a href=""https://news.google.com/rss/articles/CBMi1wFBVV95cUxPZ2Y0UTkyY0hJc3hPYXBzNVlvd2VCZkxLbi1nQXZzRzJFV0xQV2NUY01mcnA4T3pqRGN0V2hKVC1oUnZNWkNoenNuczRaVER0VVplWTdseW1DU2NMNmRkOHZBQS05RlVBa3k0Q0VxOT",Nepalnews.com,27.831091921518258,85.31544625172344
e8d3b54,live-f93ad619,2026-07-21T20:55:28.538534+00:00,Multiple,Reported area,Structural Failure,Aftermath,Nepal and Northern India are not overdue for a huge earthquake - New Scientist,"<a href=""https://news.google.com/rss/articles/CBMirAFBVV95cUxOTTIwNHM3ZjM1NHFEek5jVkNQblpUQkJsYTRNcDdINHhDMWJmbU9taGFTNFlDbHRUMVhmRGpVb3dsbkRfRnZKd3lkbVFfRExseXR4SGZvOHNhVzRyX29TMlVxWDF5SUhyLXdTNHctMD",New Scientist,27.781178836069206,84.89479888241772
e8d3b54,live-6d9a87bd,2026-07-21T20:55:28.538522+00:00,Multiple,Reported area,Structural Failure,Aftermath,Nepal Earthquake Victims Obituary - Legacy.com - Syracuse.com,"<a href=""https://news.google.com/rss/articles/CBMiogFBVV95cUxNdWV1ai1WMjBMZkRMbXJPdEJfX0kyNm5ScHpycGJqRE9zeE1uUE9aSC1Sc2dtQXNfejZKT2tIT3VUcjkyamlZM3ZObEpiV3B1ZHVuS1Yza2FhWTZWUTNrMXp5ajR2d2R1X1FEWVdYeX",Syracuse.com,28.18826800747695,84.93084685787271
e8d3b54,live-5b4a6279,2026-07-21T20:55:28.538510+00:00,Multiple,Reported area,Structural Failure,Aftermath,"101-Year-Old Pulled From Rubble One Week After Nepal Earthquake - ABC News - Breaking News, Latest N","<a href=""https://news.google.com/rss/articles/CBMinAFBVV95cUxQN0ZnMnd1SzIzbGVEUmJWaGlaZkJjbVpRT0E3eHFJVkdNT1VabWV0bmJoaXI3QzJUYjVlcjZqdGpHaVlKSGY2MjhmeXNNaFdwNndDZnIxalRGLU9LOF9ZTVI1N2JNTTQyXzI4UlBLQW","ABC News - Breaking News, Latest News and Videos",28.154903610208642,84.9694408346244
e8d3b54,live-c3651a94,2026-07-21T20:55:28.538492+00:00,Multiple,Reported area,Structural Failure,Aftermath,The economic damage from the Nepal earthquake is almost half of the country’s GDP - qz.com,"<a href=""https://news.google.com/rss/articles/CBMirAFBVV95cUxPWUJKV2JuVTNqa0ZDNUVwMFlIVk9kNU1JMy0wNVQ5dUg0TEFyS2xRczM4em9qYXRqVVBlXzQwVmlzWm8ydFJUYjNFWVhiTEYtWW41cE9fMXAxd2lZYkFINmlaZnBrSW8yWnBBcURVR1",qz.com,27.441068034404278,85.76186021220808
e8d3b54,live-c1da2cc5,2026-07-21T20:55:28.538480+00:00,Multiple,Reported area,Landslide,Aftermath,"Minor quake shakes Nepal, no immediate damage reported - ThePrint","<a href=""https://news.google.com/rss/articles/CBMikgFBVV95cUxNdy1icEg4SGluR1E1SDdpQ1NrVjNSMEdpLWViaXluZzBoeUN4UFhDY1FWWGFfOFU5M0JGd0hVMjhDUC15M2x5ZHFzZGlfMVp3VlJFYkVha2Juem1lZE9UUnMwRmhzVU1ZNU9PRXR3Zn",ThePrint,28.541025314542996,85.64142342359695
e8d3b54,live-44d51bb8,2026-07-21T20:55:28.538468+00:00,Multiple,Reported area,Structural Failure,Aftermath,"Nepal-Tibet border earthquake: Death toll reaches 126, 188 injured - News On AIR","<a href=""https://news.google.com/rss/articles/CBMiowFBVV95cUxNN044WVU4ejBGbmpleDE0b00wZjhfT3Ixb1Nma2p5aXBWcm9wZUo1QmlrbjZxVFpuQjBCN0hqVUl3TlVsSG81LUF1dG1MZ054U0hKTUxBdkczRG0wbnFvNTBTbllxU25jcUd1TkUza3",News On AIR,26.801142290799177,85.56567288266028
e8d3b54,live-c413eb5d,2026-07-21T20:55:28.538451+00:00,Multiple,Reported area,Structural Failure,Aftermath,3.8 Magnitude Earthquake Hits Nepal - Deccan Chronicle,"<a href=""https://news.google.com/rss/articles/CBMilgFBVV95cUxPd25LeVA1aTREVVVka0xUWGFZNGx0RmZZNFQ4UGpmRmdyclQtRW1vS09lTDQ0NEhyd0lNbEZpZklKVWdFa1MxQzRfUXZLdk04QnM2cVZNSmlTUENVUnVrd1hZTzlrb3dDSlRwdGZTSU",Deccan Chronicle,27.751281347119914,86.05995099840732
e8d3b54,live-b682da36,2026-07-21T20:55:28.538432+00:00,Multiple,Reported area,Structural Failure,Aftermath,3.8 magnitude earthquake hits Nepal - BusinessLine,"<a href=""https://news.google.com/rss/articles/CBMipAFBVV95cUxOS2pNaDlFZkdIRlBWc2lmSVJQWWlHWW9rZ0ozUDZjakl5cTYxYS1mSzJ2TVUxb255dlpyUEVxcmZtajR5RkZKSGx4ZWpJeVk4LTdGT0tyOHFTTnZvSDFhbmk5RC1xUWR0czlQaWRzUk",BusinessLine,27.89551307597518,85.06442167763709
e8d3b54,live-6a7751d0,2026-07-21T20:55:28.538417+00:00,Multiple,Reported area,Structural Failure,Aftermath,"Death toll from Venezuela’s twin earthquakes rises above 5,000 as IMF announces emergency funds - Ne","<a href=""https://news.google.com/rss/articles/CBMi1wFBVV95cUxPZ2Y0UTkyY0hJc3hPYXBzNVlvd2VCZkxLbi1nQXZzRzJFV0xQV2NUY01mcnA4T3pqRGN0V2hKVC1oUnZNWkNoenNuczRaVER0VVplWTdseW1DU2NMNmRkOHZBQS05RlVBa3k0Q0VxOT",Nepalnews.com,27.328998560405353,84.56099061904148
e8d3b54,live-6d240cce,2026-07-21T20:55:28.538380+00:00,Multiple,Reported area,Structural Failure,Aftermath,Magnitude 5 earthquake strikes Rukum East - The Kathmandu Post,"<a href=""https://news.google.com/rss/articles/CBMikAFBVV95cUxQRWxmSEVHU0huYy1taWNmOW9QVloyRnBHWHhlci1BNTdkRHMzVFFabWhjTmZrZk1TMVJSVGRxYjVSOGxJUXRTUU1kMUQwVGpLakJXNnQ1NFp5dkxRZnlob1dqUFA2OTZreXhtT1p1ej",The Kathmandu Post,28.467912987608365,86.21542672373785
c16b63c,live-a05ce5ac,2026-07-21T15:57:17.723865+00:00,Multiple,Reported area,Structural Failure,Aftermath,Nepal Earthquake: How to Help - Save the Children US,"<a href=""https://news.google.com/rss/articles/CBMikgFBVV95cUxPZWZVZ2l6bGtkb3ZVVUNPdzVfRzVZSURtWlJ3X3g2YlFUVHNZaUlVZ0hmSVllV1pad1Y3eS1rcG91X21EMnAtaUNHSGRNaC1XcEtEeUxkYjk0dnZSSmUwYXF0SjU1N0VnU0RwVmE4Z3",Save the Children US,27.00937800123818,84.65559487378614
c16b63c,live-31f36fe4,2026-07-21T15:57:17.723853+00:00,Multiple,Reported area,Structural Failure,Aftermath,Post-Disaster Housing Reconstruction in Rural Nepal A Case Study in the Aftermath of the 2015 Nepal ,"<a href=""https://news.google.com/rss/articles/CBMibkFVX3lxTE15U3JKZkRRbl9FemdvVllucXVsTmpxS2E5aW1mQ1Y4Q3RRNHhQUjhQd2NrRjZaSXY1alZLLUNTRi1WbFdFN2Fpd2Vta0lLZXNoWDB2RFRDS25rMmo3T3ZvRWt2NGV5NW5uRDJvUVdn?o",SCIRP Open Access,27.21997453025163,85.30193581582205
c16b63c,live-98dd392b,2026-07-21T15:57:17.723839+00:00,Multiple,Reported area,Structural Failure,Aftermath,"Death toll from Venezuela’s twin earthquakes rises above 5,000 as IMF announces emergency funds - Ne","<a href=""https://news.google.com/rss/articles/CBMi1wFBVV95cUxPZ2Y0UTkyY0hJc3hPYXBzNVlvd2VCZkxLbi1nQXZzRzJFV0xQV2NUY01mcnA4T3pqRGN0V2hKVC1oUnZNWkNoenNuczRaVER0VVplWTdseW1DU2NMNmRkOHZBQS05RlVBa3k0Q0VxOT",Nepalnews.com,27.797506325402818,85.41477365941665
c16b63c,live-01f5ff83,2026-07-21T15:57:17.723820+00:00,Multiple,Reported area,Structural Failure,Aftermath,3.8 Magnitude Earthquake Hits Nepal - Deccan Chronicle,"<a href=""https://news.google.com/rss/articles/CBMilgFBVV95cUxPd25LeVA1aTREVVVka0xUWGFZNGx0RmZZNFQ4UGpmRmdyclQtRW1vS09lTDQ0NEhyd0lNbEZpZklKVWdFa1MxQzRfUXZLdk04QnM2cVZNSmlTUENVUnVrd1hZTzlrb3dDSlRwdGZTSU",Deccan Chronicle,28.19134334546213,85.8070742298141
c16b63c,live-9443a957,2026-07-21T15:57:17.723807+00:00,Multiple,Reported area,Structural Failure,Aftermath,"101-Year-Old Pulled From Rubble One Week After Nepal Earthquake - ABC News - Breaking News, Latest N","<a href=""https://news.google.com/rss/articles/CBMinAFBVV95cUxQN0ZnMnd1SzIzbGVEUmJWaGlaZkJjbVpRT0E3eHFJVkdNT1VabWV0bmJoaXI3QzJUYjVlcjZqdGpHaVlKSGY2MjhmeXNNaFdwNndDZnIxalRGLU9LOF9ZTVI1N2JNTTQyXzI4UlBLQW","ABC News - Breaking News, Latest News and Videos",26.890352316556392,84.60799417783059
c16b63c,live-98334aa4,2026-07-21T15:57:17.723789+00:00,Multiple,Reported area,Structural Failure,Aftermath,Nepal and Northern India are not overdue for a huge earthquake - New Scientist,"<a href=""https://news.google.com/rss/articles/CBMirAFBVV95cUxOTTIwNHM3ZjM1NHFEek5jVkNQblpUQkJsYTRNcDdINHhDMWJmbU9taGFTNFlDbHRUMVhmRGpVb3dsbkRfRnZKd3lkbVFfRExseXR4SGZvOHNhVzRyX29TMlVxWDF5SUhyLXdTNHctMD",New Scientist,27.196335005513806,85.83826092262767
c16b63c,live-27c556d5,2026-07-21T15:57:17.723775+00:00,Multiple,Reported area,Structural Failure,Aftermath,Magnitude 5 earthquake strikes Rukum East - The Kathmandu Post,"<a href=""https://news.google.com/rss/articles/CBMikAFBVV95cUxQRWxmSEVHU0huYy1taWNmOW9QVloyRnBHWHhlci1BNTdkRHMzVFFabWhjTmZrZk1TMVJSVGRxYjVSOGxJUXRTUU1kMUQwVGpLakJXNnQ1NFp5dkxRZnlob1dqUFA2OTZreXhtT1p1ej",The Kathmandu Post,28.344272825863385,85.59555982677337
c16b63c,live-4154d81c,2026-07-21T15:57:17.723758+00:00,Multiple,Reported area,Landslide,Aftermath,Six-year study reveals ancient quakes along 150-mile fault system in Nepal - Virginia Tech News,"<a href=""https://news.google.com/rss/articles/CBMigAFBVV95cUxPbFc3VGRyWjFhZmpvb0pXMGhfVWVWbFBVQXN4ay1VeDA3bUtoeWVraEpWT2lKMTdTQmVfVjByVk1SaE1kbDQtd1RFVG5XaEN1TzBjWVhwOUtRVk9QZUN6Q0hNbDJuOTM3ZmpaUTVibX",Virginia Tech News,27.457236866365545,84.8997695524483
c16b63c,live-64b33b94,2026-07-21T15:57:17.723743+00:00,Multiple,Reported area,Structural Failure,Aftermath,3.8 magnitude earthquake hits Nepal - BusinessLine,"<a href=""https://news.google.com/rss/articles/CBMipAFBVV95cUxOS2pNaDlFZkdIRlBWc2lmSVJQWWlHWW9rZ0ozUDZjakl5cTYxYS1mSzJ2TVUxb255dlpyUEVxcmZtajR5RkZKSGx4ZWpJeVk4LTdGT0tyOHFTTnZvSDFhbmk5RC1xUWR0czlQaWRzUk",BusinessLine,28.473268496468705,85.20771552271371
c16b63c,live-e05f3dce,2026-07-21T15:57:17.723713+00:00,Multiple,Reported area,Structural Failure,Aftermath,The economic damage from the Nepal earthquake is almost half of the country’s GDP - qz.com,"<a href=""https://news.google.com/rss/articles/CBMirAFBVV95cUxPWUJKV2JuVTNqa0ZDNUVwMFlIVk9kNU1JMy0wNVQ5dUg0TEFyS2xRczM4em9qYXRqVVBlXzQwVmlzWm8ydFJUYjNFWVhiTEYtWW41cE9fMXAxd2lZYkFINmlaZnBrSW8yWnBBcURVR1",qz.com,28.34081862453603,85.13796336880085
86885f4,live-acab9dc7,2026-07-21T09:44:10.658698+00:00,Multiple,Reported area,Structural Failure,Aftermath,"A Look Back At The 2015 Nepal Earthquake When 9,000 People Died - NDTV","<a href=""https://news.google.com/rss/articles/CBMiugFBVV95cUxOVHhaRFBXbmw3aFJGbEdCeHdYR050UnlvWFhfc2pZcGEzV3RPaDNxb3V4SHBNaVB0UWEwaHg4VF9sc21CekpfdmhVSEJYLXBFTzh1eUxnOTV6ZE1pUXMtX0RVSVhENnR1NkN4OWpqcl",NDTV,26.924900230788037,85.44043612591088
86885f4,live-7d87f6b1,2026-07-21T09:44:10.658685+00:00,Multiple,Reported area,Structural Failure,Aftermath,Nepal and Northern India are not overdue for a huge earthquake - New Scientist,"<a href=""https://news.google.com/rss/articles/CBMirAFBVV95cUxOTTIwNHM3ZjM1NHFEek5jVkNQblpUQkJsYTRNcDdINHhDMWJmbU9taGFTNFlDbHRUMVhmRGpVb3dsbkRfRnZKd3lkbVFfRExseXR4SGZvOHNhVzRyX29TMlVxWDF5SUhyLXdTNHctMD",New Scientist,27.683859957522728,85.58503450790525
86885f4,live-9443f185,2026-07-21T09:44:10.658671+00:00,Multiple,Reported area,Structural Failure,Aftermath,Nepal Earthquake Victims Obituary - Legacy.com - Syracuse.com,"<a href=""https://news.google.com/rss/articles/CBMiogFBVV95cUxNdWV1ai1WMjBMZkRMbXJPdEJfX0kyNm5ScHpycGJqRE9zeE1uUE9aSC1Sc2dtQXNfejZKT2tIT3VUcjkyamlZM3ZObEpiV3B1ZHVuS1Yza2FhWTZWUTNrMXp5ajR2d2R1X1FEWVdYeX",Syracuse.com,28.001268604723986,85.2884536159607
86885f4,live-9e3b3104,2026-07-21T09:44:10.658653+00:00,Multiple,Reported area,Structural Failure,Aftermath,"101-Year-Old Pulled From Rubble One Week After Nepal Earthquake - ABC News - Breaking News, Latest N","<a href=""https://news.google.com/rss/articles/CBMinAFBVV95cUxQN0ZnMnd1SzIzbGVEUmJWaGlaZkJjbVpRT0E3eHFJVkdNT1VabWV0bmJoaXI3QzJUYjVlcjZqdGpHaVlKSGY2MjhmeXNNaFdwNndDZnIxalRGLU9LOF9ZTVI1N2JNTTQyXzI4UlBLQW","ABC News - Breaking News, Latest News and Videos",27.102688611870654,85.66954053952433
86885f4,live-a7d5d145,2026-07-21T09:44:10.658640+00:00,Multiple,Reported area,Structural Failure,Aftermath,The economic damage from the Nepal earthquake is almost half of the country’s GDP - qz.com,"<a href=""https://news.google.com/rss/articles/CBMirAFBVV95cUxPWUJKV2JuVTNqa0ZDNUVwMFlIVk9kNU1JMy0wNVQ5dUg0TEFyS2xRczM4em9qYXRqVVBlXzQwVmlzWm8ydFJUYjNFWVhiTEYtWW41cE9fMXAxd2lZYkFINmlaZnBrSW8yWnBBcURVR1",qz.com,27.17783649080195,85.36992063893922
86885f4,live-bc696615,2026-07-21T09:44:10.658624+00:00,Multiple,Reported area,Landslide,Aftermath,"Minor quake shakes Nepal, no immediate damage reported - ThePrint","<a href=""https://news.google.com/rss/articles/CBMikgFBVV95cUxNdy1icEg4SGluR1E1SDdpQ1NrVjNSMEdpLWViaXluZzBoeUN4UFhDY1FWWGFfOFU5M0JGd0hVMjhDUC15M2x5ZHFzZGlfMVp3VlJFYkVha2Juem1lZE9UUnMwRmhzVU1ZNU9PRXR3Zn",ThePrint,27.815675586849128,84.98692976585912
86885f4,live-93254e6e,2026-07-21T09:44:10.658603+00:00,Multiple,Reported area,Structural Failure,Aftermath,3.8 Magnitude Earthquake Hits Nepal - Deccan Chronicle,"<a href=""https://news.google.com/rss/articles/CBMilgFBVV95cUxPd25LeVA1aTREVVVka0xUWGFZNGx0RmZZNFQ4UGpmRmdyclQtRW1vS09lTDQ0NEhyd0lNbEZpZklKVWdFa1MxQzRfUXZLdk04QnM2cVZNSmlTUENVUnVrd1hZTzlrb3dDSlRwdGZTSU",Deccan Chronicle,27.489090609476143,86.04744441248631
86885f4,live-ca479951,2026-07-21T09:44:10.658584+00:00,Multiple,Reported area,Structural Failure,Aftermath,3.8 magnitude earthquake hits Nepal - BusinessLine,"<a href=""https://news.google.com/rss/articles/CBMipAFBVV95cUxOS2pNaDlFZkdIRlBWc2lmSVJQWWlHWW9rZ0ozUDZjakl5cTYxYS1mSzJ2TVUxb255dlpyUEVxcmZtajR5RkZKSGx4ZWpJeVk4LTdGT0tyOHFTTnZvSDFhbmk5RC1xUWR0czlQaWRzUk",BusinessLine,28.422541322500333,85.37728893916182
86885f4,live-db1d671d,2026-07-21T09:44:10.658568+00:00,Multiple,Reported area,Structural Failure,Aftermath,"Death toll from Venezuela’s twin earthquakes rises above 5,000 as IMF announces emergency funds - Ne","<a href=""https://news.google.com/rss/articles/CBMi1wFBVV95cUxPZ2Y0UTkyY0hJc3hPYXBzNVlvd2VCZkxLbi1nQXZzRzJFV0xQV2NUY01mcnA4T3pqRGN0V2hKVC1oUnZNWkNoenNuczRaVER0VVplWTdseW1DU2NMNmRkOHZBQS05RlVBa3k0Q0VxOT",Nepalnews.com,26.937379504405943,85.24916529502966
86885f4,live-fe966f79,2026-07-21T09:44:10.658526+00:00,Multiple,Reported area,Structural Failure,Aftermath,"Nepal-Tibet border earthquake: Death toll reaches 126, 188 injured - News On AIR","<a href=""https://news.google.com/rss/articles/CBMiowFBVV95cUxNN044WVU4ejBGbmpleDE0b00wZjhfT3Ixb1Nma2p5aXBWcm9wZUo1QmlrbjZxVFpuQjBCN0hqVUl3TlVsSG81LUF1dG1MZ054U0hKTUxBdkczRG0wbnFvNTBTbllxU25jcUd1TkUza3",News On AIR,28.56610209809218,85.16021586378592
a93d108,live-65b2e04a,2026-07-21T00:15:47.042055+00:00,Multiple,Reported area,Structural Failure,Aftermath,"A Look Back At The 2015 Nepal Earthquake When 9,000 People Died - NDTV","<a href=""https://news.google.com/rss/articles/CBMiugFBVV95cUxOVHhaRFBXbmw3aFJGbEdCeHdYR050UnlvWFhfc2pZcGEzV3RPaDNxb3V4SHBNaVB0UWEwaHg4VF9sc21CekpfdmhVSEJYLXBFTzh1eUxnOTV6ZE1pUXMtX0RVSVhENnR1NkN4OWpqcl",NDTV,27.486133261179024,86.09590338577456
a93d108,live-a1221681,2026-07-21T00:15:47.042042+00:00,Multiple,Reported area,Structural Failure,Aftermath,Nepal Earthquake Victims Obituary - Legacy.com - Syracuse.com,"<a href=""https://news.google.com/rss/articles/CBMiogFBVV95cUxNdWV1ai1WMjBMZkRMbXJPdEJfX0kyNm5ScHpycGJqRE9zeE1uUE9aSC1Sc2dtQXNfejZKT2tIT3VUcjkyamlZM3ZObEpiV3B1ZHVuS1Yza2FhWTZWUTNrMXp5ajR2d2R1X1FEWVdYeX",Syracuse.com,28.361830733135307,84.6325323118253
a93d108,live-33059f23,2026-07-21T00:15:47.042030+00:00,Multiple,Reported area,Structural Failure,Aftermath,3.8 Magnitude Earthquake Hits Nepal - Deccan Chronicle,"<a href=""https://news.google.com/rss/articles/CBMilgFBVV95cUxPd25LeVA1aTREVVVka0xUWGFZNGx0RmZZNFQ4UGpmRmdyclQtRW1vS09lTDQ0NEhyd0lNbEZpZklKVWdFa1MxQzRfUXZLdk04QnM2cVZNSmlTUENVUnVrd1hZTzlrb3dDSlRwdGZTSU",Deccan Chronicle,28.06599797960933,85.08717440014527
a93d108,live-a055713c,2026-07-21T00:15:47.042010+00:00,Multiple,Reported area,Structural Failure,Aftermath,"101-Year-Old Pulled From Rubble One Week After Nepal Earthquake - ABC News - Breaking News, Latest N","<a href=""https://news.google.com/rss/articles/CBMinAFBVV95cUxQN0ZnMnd1SzIzbGVEUmJWaGlaZkJjbVpRT0E3eHFJVkdNT1VabWV0bmJoaXI3QzJUYjVlcjZqdGpHaVlKSGY2MjhmeXNNaFdwNndDZnIxalRGLU9LOF9ZTVI1N2JNTTQyXzI4UlBLQW","ABC News - Breaking News, Latest News and Videos",27.80657265404353,85.34580242662373
a93d108,live-63d2b9cf,2026-07-21T00:15:47.041998+00:00,Multiple,Reported area,Structural Failure,Aftermath,The economic damage from the Nepal earthquake is almost half of the country’s GDP - qz.com,"<a href=""https://news.google.com/rss/articles/CBMirAFBVV95cUxPWUJKV2JuVTNqa0ZDNUVwMFlIVk9kNU1JMy0wNVQ5dUg0TEFyS2xRczM4em9qYXRqVVBlXzQwVmlzWm8ydFJUYjNFWVhiTEYtWW41cE9fMXAxd2lZYkFINmlaZnBrSW8yWnBBcURVR1",qz.com,28.2813061939336,86.08043949412877
a93d108,live-92bc7545,2026-07-21T00:15:47.041980+00:00,Multiple,Reported area,Landslide,Aftermath,"Minor quake shakes Nepal, no immediate damage reported - ThePrint","<a href=""https://news.google.com/rss/articles/CBMikgFBVV95cUxNdy1icEg4SGluR1E1SDdpQ1NrVjNSMEdpLWViaXluZzBoeUN4UFhDY1FWWGFfOFU5M0JGd0hVMjhDUC15M2x5ZHFzZGlfMVp3VlJFYkVha2Juem1lZE9UUnMwRmhzVU1ZNU9PRXR3Zn",ThePrint,27.630608712029478,84.65124697529745
a93d108,live-18dea3ae,2026-07-21T00:15:47.041968+00:00,Multiple,Reported area,Structural Failure,Aftermath,"Nepal-Tibet border earthquake: Death toll reaches 126, 188 injured - News On AIR","<a href=""https://news.google.com/rss/articles/CBMiowFBVV95cUxNN044WVU4ejBGbmpleDE0b00wZjhfT3Ixb1Nma2p5aXBWcm9wZUo1QmlrbjZxVFpuQjBCN0hqVUl3TlVsSG81LUF1dG1MZ054U0hKTUxBdkczRG0wbnFvNTBTbllxU25jcUd1TkUza3",News On AIR,26.90898905591716,84.7373813038373
a93d108,live-71efea03,2026-07-21T00:15:47.041950+00:00,Multiple,Reported area,Structural Failure,Aftermath,3.8 magnitude earthquake hits Nepal - BusinessLine,"<a href=""https://news.google.com/rss/articles/CBMipAFBVV95cUxOS2pNaDlFZkdIRlBWc2lmSVJQWWlHWW9rZ0ozUDZjakl5cTYxYS1mSzJ2TVUxb255dlpyUEVxcmZtajR5RkZKSGx4ZWpJeVk4LTdGT0tyOHFTTnZvSDFhbmk5RC1xUWR0czlQaWRzUk",BusinessLine,28.363299352408866,84.89290909241444
a93d108,live-c34816b0,2026-07-21T00:15:47.041934+00:00,Multiple,Reported area,Structural Failure,Aftermath,"Death toll from Venezuela’s twin earthquakes rises above 5,000 as IMF announces emergency funds - Ne","<a href=""https://news.google.com/rss/articles/CBMi1wFBVV95cUxPZ2Y0UTkyY0hJc3hPYXBzNVlvd2VCZkxLbi1nQXZzRzJFV0xQV2NUY01mcnA4T3pqRGN0V2hKVC1oUnZNWkNoenNuczRaVER0VVplWTdseW1DU2NMNmRkOHZBQS05RlVBa3k0Q0VxOT",Nepalnews.com,27.027877646316053,85.6813381791496
a93d108,live-7ddafd64,2026-07-21T00:15:47.041874+00:00,Multiple,Reported area,Landslide,Aftermath,Nepal's Rukum East Hit By Magnitude 5 Quake - Deccan Chronicle,"<a href=""https://news.google.com/rss/articles/CBMimAFBVV95cUxPaWhjczItM29XQUhwVHU5WVVpYjRDRnBmOHJYMnIxYUJyWGZfQVpVTzJUc3RsMThDWXp1SjBHTkkxbDJuYjVDZEZtdmstQU1feWktRmtSaGZ5d1VkRFZ0S3JRV3ExSmxZdDlqUzNhRW",Deccan Chronicle,26.846720633797847,84.59672760843763
ad3e429,live-76c00a10,2026-07-20T16:49:29.224664+00:00,Multiple,Reported area,Structural Failure,Aftermath,Nepal and Northern India are not overdue for a huge earthquake - New Scientist,"<a href=""https://news.google.com/rss/articles/CBMirAFBVV95cUxOTTIwNHM3ZjM1NHFEek5jVkNQblpUQkJsYTRNcDdINHhDMWJmbU9taGFTNFlDbHRUMVhmRGpVb3dsbkRfRnZKd3lkbVFfRExseXR4SGZvOHNhVzRyX29TMlVxWDF5SUhyLXdTNHctMD",New Scientist,27.296886582076684,84.73562180027423
ad3e429,live-6caaca2b,2026-07-20T16:49:29.224651+00:00,Multiple,Reported area,Structural Failure,Aftermath,Nepal Earthquake Victims Obituary - Legacy.com - Syracuse.com,"<a href=""https://news.google.com/rss/articles/CBMiogFBVV95cUxNdWV1ai1WMjBMZkRMbXJPdEJfX0kyNm5ScHpycGJqRE9zeE1uUE9aSC1Sc2dtQXNfejZKT2tIT3VUcjkyamlZM3ZObEpiV3B1ZHVuS1Yza2FhWTZWUTNrMXp5ajR2d2R1X1FEWVdYeX",Syracuse.com,27.893824256294938,85.042306893854
ad3e429,live-7197216e,2026-07-20T16:49:29.224638+00:00,Multiple,Reported area,Structural Failure,Aftermath,"101-Year-Old Pulled From Rubble One Week After Nepal Earthquake - ABC News - Breaking News, Latest N","<a href=""https://news.google.com/rss/articles/CBMinAFBVV95cUxQN0ZnMnd1SzIzbGVEUmJWaGlaZkJjbVpRT0E3eHFJVkdNT1VabWV0bmJoaXI3QzJUYjVlcjZqdGpHaVlKSGY2MjhmeXNNaFdwNndDZnIxalRGLU9LOF9ZTVI1N2JNTTQyXzI4UlBLQW","ABC News - Breaking News, Latest News and Videos",27.108446931445027,85.56867711564581
ad3e429,live-d195c33c,2026-07-20T16:49:29.224621+00:00,Multiple,Reported area,Structural Failure,Aftermath,3.8 Magnitude Earthquake Hits Nepal - Deccan Chronicle,"<a href=""https://news.google.com/rss/articles/CBMilgFBVV95cUxPd25LeVA1aTREVVVka0xUWGFZNGx0RmZZNFQ4UGpmRmdyclQtRW1vS09lTDQ0NEhyd0lNbEZpZklKVWdFa1MxQzRfUXZLdk04QnM2cVZNSmlTUENVUnVrd1hZTzlrb3dDSlRwdGZTSU",Deccan Chronicle,28.185872681227053,85.63932104609519
ad3e429,live-4cbe2341,2026-07-20T16:49:29.224610+00:00,Multiple,Reported area,Structural Failure,Aftermath,The economic damage from the Nepal earthquake is almost half of the country’s GDP - qz.com,"<a href=""https://news.google.com/rss/articles/CBMirAFBVV95cUxPWUJKV2JuVTNqa0ZDNUVwMFlIVk9kNU1JMy0wNVQ5dUg0TEFyS2xRczM4em9qYXRqVVBlXzQwVmlzWm8ydFJUYjNFWVhiTEYtWW41cE9fMXAxd2lZYkFINmlaZnBrSW8yWnBBcURVR1",qz.com,28.622879631545825,85.99927112166178
ad3e429,live-b8d8df79,2026-07-20T16:49:29.224592+00:00,Multiple,Reported area,Landslide,Aftermath,"Minor quake shakes Nepal, no immediate damage reported - ThePrint","<a href=""https://news.google.com/rss/articles/CBMikgFBVV95cUxNdy1icEg4SGluR1E1SDdpQ1NrVjNSMEdpLWViaXluZzBoeUN4UFhDY1FWWGFfOFU5M0JGd0hVMjhDUC15M2x5ZHFzZGlfMVp3VlJFYkVha2Juem1lZE9UUnMwRmhzVU1ZNU9PRXR3Zn",ThePrint,26.973499855476472,84.97821968837593
ad3e429,live-5f51fac5,2026-07-20T16:49:29.224579+00:00,Multiple,Reported area,Structural Failure,Aftermath,3.8 magnitude earthquake hits Nepal - BusinessLine,"<a href=""https://news.google.com/rss/articles/CBMipAFBVV95cUxOS2pNaDlFZkdIRlBWc2lmSVJQWWlHWW9rZ0ozUDZjakl5cTYxYS1mSzJ2TVUxb255dlpyUEVxcmZtajR5RkZKSGx4ZWpJeVk4LTdGT0tyOHFTTnZvSDFhbmk5RC1xUWR0czlQaWRzUk",BusinessLine,28.544259938860094,84.89191475400528
ad3e429,live-e2225b56,2026-07-20T16:49:29.224561+00:00,Multiple,Reported area,Structural Failure,Aftermath,"Death toll from Venezuela’s twin earthquakes rises above 5,000 as IMF announces emergency funds - Ne","<a href=""https://news.google.com/rss/articles/CBMi1wFBVV95cUxPZ2Y0UTkyY0hJc3hPYXBzNVlvd2VCZkxLbi1nQXZzRzJFV0xQV2NUY01mcnA4T3pqRGN0V2hKVC1oUnZNWkNoenNuczRaVER0VVplWTdseW1DU2NMNmRkOHZBQS05RlVBa3k0Q0VxOT",Nepalnews.com,28.40454010469838,84.8875824234145
ad3e429,live-99541183,2026-07-20T16:49:29.224542+00:00,Multiple,Reported area,Structural Failure,Aftermath,"Nepal-Tibet border earthquake: Death toll reaches 126, 188 injured - News On AIR","<a href=""https://news.google.com/rss/articles/CBMiowFBVV95cUxNN044WVU4ejBGbmpleDE0b00wZjhfT3Ixb1Nma2p5aXBWcm9wZUo1QmlrbjZxVFpuQjBCN0hqVUl3TlVsSG81LUF1dG1MZ054U0hKTUxBdkczRG0wbnFvNTBTbllxU25jcUd1TkUza3",News On AIR,27.734112396354693,85.23548153150647
ad3e429,live-158d551e,2026-07-20T16:49:29.224511+00:00,Multiple,Reported area,Landslide,Aftermath,Nepal's Rukum East Hit By Magnitude 5 Quake - Deccan Chronicle,"<a href=""https://news.google.com/rss/articles/CBMimAFBVV95cUxPaWhjczItM29XQUhwVHU5WVVpYjRDRnBmOHJYMnIxYUJyWGZfQVpVTzJUc3RsMThDWXp1SjBHTkkxbDJuYjVDZEZtdmstQU1feWktRmtSaGZ5d1VkRFZ0S3JRV3ExSmxZdDlqUzNhRW",Deccan Chronicle,27.09514335941551,86.12108528588284
073d89b,live-f7f7e5d4,2026-07-20T00:16:54.096867+00:00,Multiple,Reported area,Structural Failure,Aftermath,"A Look Back At The 2015 Nepal Earthquake When 9,000 People Died - NDTV","<a href=""https://news.google.com/rss/articles/CBMiugFBVV95cUxOVHhaRFBXbmw3aFJGbEdCeHdYR050UnlvWFhfc2pZcGEzV3RPaDNxb3V4SHBNaVB0UWEwaHg4VF9sc21CekpfdmhVSEJYLXBFTzh1eUxnOTV6ZE1pUXMtX0RVSVhENnR1NkN4OWpqcl",NDTV,27.53624700180796,84.89394411159856
073d89b,live-853af660,2026-07-20T00:16:54.096855+00:00,Multiple,Reported area,Structural Failure,Aftermath,Nepal Earthquake Victims Obituary - Legacy.com - Syracuse.com,"<a href=""https://news.google.com/rss/articles/CBMiogFBVV95cUxNdWV1ai1WMjBMZkRMbXJPdEJfX0kyNm5ScHpycGJqRE9zeE1uUE9aSC1Sc2dtQXNfejZKT2tIT3VUcjkyamlZM3ZObEpiV3B1ZHVuS1Yza2FhWTZWUTNrMXp5ajR2d2R1X1FEWVdYeX",Syracuse.com,26.787219992408957,85.66869449297211
073d89b,live-d172e681,2026-07-20T00:16:54.096841+00:00,Multiple,Reported area,Structural Failure,Aftermath,Nepal Earthquake: How to Help - Save the Children US,"<a href=""https://news.google.com/rss/articles/CBMikgFBVV95cUxPZWZVZ2l6bGtkb3ZVVUNPdzVfRzVZSURtWlJ3X3g2YlFUVHNZaUlVZ0hmSVllV1pad1Y3eS1rcG91X21EMnAtaUNHSGRNaC1XcEtEeUxkYjk0dnZSSmUwYXF0SjU1N0VnU0RwVmE4Z3",Save the Children US,27.48046823891441,84.41994007400486
073d89b,live-42b55b13,2026-07-20T00:16:54.096823+00:00,Multiple,Reported area,Structural Failure,Aftermath,Post-Disaster Housing Reconstruction in Rural Nepal A Case Study in the Aftermath of the 2015 Nepal ,"<a href=""https://news.google.com/rss/articles/CBMibkFVX3lxTE15U3JKZkRRbl9FemdvVllucXVsTmpxS2E5aW1mQ1Y4Q3RRNHhQUjhQd2NrRjZaSXY1alZLLUNTRi1WbFdFN2Fpd2Vta0lLZXNoWDB2RFRDS25rMmo3T3ZvRWt2NGV5NW5uRDJvUVdn?o",SCIRP Open Access,26.756487130475165,86.23954276806136
073d89b,live-8ca71782,2026-07-20T00:16:54.096810+00:00,Multiple,Reported area,Structural Failure,Aftermath,Nepal and Northern India are not overdue for a huge earthquake - New Scientist,"<a href=""https://news.google.com/rss/articles/CBMirAFBVV95cUxOTTIwNHM3ZjM1NHFEek5jVkNQblpUQkJsYTRNcDdINHhDMWJmbU9taGFTNFlDbHRUMVhmRGpVb3dsbkRfRnZKd3lkbVFfRExseXR4SGZvOHNhVzRyX29TMlVxWDF5SUhyLXdTNHctMD",New Scientist,27.23123585039935,84.34262333344242
073d89b,live-45232754,2026-07-20T00:16:54.096792+00:00,Multiple,Reported area,Structural Failure,Aftermath,"101-Year-Old Pulled From Rubble One Week After Nepal Earthquake - ABC News - Breaking News, Latest N","<a href=""https://news.google.com/rss/articles/CBMinAFBVV95cUxQN0ZnMnd1SzIzbGVEUmJWaGlaZkJjbVpRT0E3eHFJVkdNT1VabWV0bmJoaXI3QzJUYjVlcjZqdGpHaVlKSGY2MjhmeXNNaFdwNndDZnIxalRGLU9LOF9ZTVI1N2JNTTQyXzI4UlBLQW","ABC News - Breaking News, Latest News and Videos",27.671467309418375,85.64021297652894
073d89b,live-64d154fe,2026-07-20T00:16:54.096778+00:00,Multiple,Reported area,Structural Failure,Aftermath,The economic damage from the Nepal earthquake is almost half of the country’s GDP - qz.com,"<a href=""https://news.google.com/rss/articles/CBMirAFBVV95cUxPWUJKV2JuVTNqa0ZDNUVwMFlIVk9kNU1JMy0wNVQ5dUg0TEFyS2xRczM4em9qYXRqVVBlXzQwVmlzWm8ydFJUYjNFWVhiTEYtWW41cE9fMXAxd2lZYkFINmlaZnBrSW8yWnBBcURVR1",qz.com,27.442331673211417,84.83024341152043
073d89b,live-347366f5,2026-07-20T00:16:54.096758+00:00,Multiple,Reported area,Structural Failure,Aftermath,3.8 magnitude earthquake hits Nepal - BusinessLine,"<a href=""https://news.google.com/rss/articles/CBMipAFBVV95cUxOS2pNaDlFZkdIRlBWc2lmSVJQWWlHWW9rZ0ozUDZjakl5cTYxYS1mSzJ2TVUxb255dlpyUEVxcmZtajR5RkZKSGx4ZWpJeVk4LTdGT0tyOHFTTnZvSDFhbmk5RC1xUWR0czlQaWRzUk",BusinessLine,28.021858969965958,84.70532192930983
073d89b,live-5acdfb09,2026-07-20T00:16:54.096742+00:00,Multiple,Reported area,Structural Failure,Aftermath,"Death toll from Venezuela’s twin earthquakes rises above 5,000 as IMF announces emergency funds - Ne","<a href=""https://news.google.com/rss/articles/CBMi1wFBVV95cUxPZ2Y0UTkyY0hJc3hPYXBzNVlvd2VCZkxLbi1nQXZzRzJFV0xQV2NUY01mcnA4T3pqRGN0V2hKVC1oUnZNWkNoenNuczRaVER0VVplWTdseW1DU2NMNmRkOHZBQS05RlVBa3k0Q0VxOT",Nepalnews.com,27.568592180765496,86.12672151487712
073d89b,live-9ce4fec6,2026-07-20T00:16:54.096702+00:00,Multiple,Reported area,Landslide,Aftermath,Nepal's Rukum East Hit By Magnitude 5 Quake - Deccan Chronicle,"<a href=""https://news.google.com/rss/articles/CBMimAFBVV95cUxPaWhjczItM29XQUhwVHU5WVVpYjRDRnBmOHJYMnIxYUJyWGZfQVpVTzJUc3RsMThDWXp1SjBHTkkxbDJuYjVDZEZtdmstQU1feWktRmtSaGZ5d1VkRFZ0S3JRV3ExSmxZdDlqUzNhRW",Deccan Chronicle,28.075636308860783,85.72543635957683
773ab3c,live-a1b1ec6e,2026-07-19T20:32:15.456791+00:00,Multiple,Reported area,Structural Failure,Aftermath,"A Look Back At The 2015 Nepal Earthquake When 9,000 People Died - NDTV","<a href=""https://news.google.com/rss/articles/CBMiugFBVV95cUxOVHhaRFBXbmw3aFJGbEdCeHdYR050UnlvWFhfc2pZcGEzV3RPaDNxb3V4SHBNaVB0UWEwaHg4VF9sc21CekpfdmhVSEJYLXBFTzh1eUxnOTV6ZE1pUXMtX0RVSVhENnR1NkN4OWpqcl",NDTV,26.78068390377436,86.23010282364267
773ab3c,live-d7f86f85,2026-07-19T20:32:15.456779+00:00,Multiple,Reported area,Structural Failure,Aftermath,Nepal Earthquake Victims Obituary - Legacy.com - Syracuse.com,"<a href=""https://news.google.com/rss/articles/CBMiogFBVV95cUxNdWV1ai1WMjBMZkRMbXJPdEJfX0kyNm5ScHpycGJqRE9zeE1uUE9aSC1Sc2dtQXNfejZKT2tIT3VUcjkyamlZM3ZObEpiV3B1ZHVuS1Yza2FhWTZWUTNrMXp5ajR2d2R1X1FEWVdYeX",Syracuse.com,27.551289277000173,85.86252171291225
773ab3c,live-77c64398,2026-07-19T20:32:15.456765+00:00,Multiple,Reported area,Structural Failure,Aftermath,Nepal Earthquake: How to Help - Save the Children US,"<a href=""https://news.google.com/rss/articles/CBMikgFBVV95cUxPZWZVZ2l6bGtkb3ZVVUNPdzVfRzVZSURtWlJ3X3g2YlFUVHNZaUlVZ0hmSVllV1pad1Y3eS1rcG91X21EMnAtaUNHSGRNaC1XcEtEeUxkYjk0dnZSSmUwYXF0SjU1N0VnU0RwVmE4Z3",Save the Children US,27.89231289657058,85.05162812282616
773ab3c,live-61feeb34,2026-07-19T20:32:15.456746+00:00,Multiple,Reported area,Structural Failure,Aftermath,Post-Disaster Housing Reconstruction in Rural Nepal A Case Study in the Aftermath of the 2015 Nepal ,"<a href=""https://news.google.com/rss/articles/CBMibkFVX3lxTE15U3JKZkRRbl9FemdvVllucXVsTmpxS2E5aW1mQ1Y4Q3RRNHhQUjhQd2NrRjZaSXY1alZLLUNTRi1WbFdFN2Fpd2Vta0lLZXNoWDB2RFRDS25rMmo3T3ZvRWt2NGV5NW5uRDJvUVdn?o",SCIRP Open Access,28.40065700720045,86.1168213343566
773ab3c,live-a3e94842,2026-07-19T20:32:15.456733+00:00,Multiple,Reported area,Structural Failure,Aftermath,Nepal and Northern India are not overdue for a huge earthquake - New Scientist,"<a href=""https://news.google.com/rss/articles/CBMirAFBVV95cUxOTTIwNHM3ZjM1NHFEek5jVkNQblpUQkJsYTRNcDdINHhDMWJmbU9taGFTNFlDbHRUMVhmRGpVb3dsbkRfRnZKd3lkbVFfRExseXR4SGZvOHNhVzRyX29TMlVxWDF5SUhyLXdTNHctMD",New Scientist,27.22849883633573,85.13483615549558
773ab3c,live-8d72b0a7,2026-07-19T20:32:15.456713+00:00,Multiple,Reported area,Structural Failure,Aftermath,"101-Year-Old Pulled From Rubble One Week After Nepal Earthquake - ABC News - Breaking News, Latest N","<a href=""https://news.google.com/rss/articles/CBMinAFBVV95cUxQN0ZnMnd1SzIzbGVEUmJWaGlaZkJjbVpRT0E3eHFJVkdNT1VabWV0bmJoaXI3QzJUYjVlcjZqdGpHaVlKSGY2MjhmeXNNaFdwNndDZnIxalRGLU9LOF9ZTVI1N2JNTTQyXzI4UlBLQW","ABC News - Breaking News, Latest News and Videos",27.247991202110654,85.89111952091001
773ab3c,live-88a8487f,2026-07-19T20:32:15.456698+00:00,Multiple,Reported area,Structural Failure,Aftermath,The economic damage from the Nepal earthquake is almost half of the country’s GDP - qz.com,"<a href=""https://news.google.com/rss/articles/CBMirAFBVV95cUxPWUJKV2JuVTNqa0ZDNUVwMFlIVk9kNU1JMy0wNVQ5dUg0TEFyS2xRczM4em9qYXRqVVBlXzQwVmlzWm8ydFJUYjNFWVhiTEYtWW41cE9fMXAxd2lZYkFINmlaZnBrSW8yWnBBcURVR1",qz.com,28.376949279111376,84.69001669354621
773ab3c,live-883f1d41,2026-07-19T20:32:15.456675+00:00,Multiple,Reported area,Structural Failure,Aftermath,3.8 magnitude earthquake hits Nepal - BusinessLine,"<a href=""https://news.google.com/rss/articles/CBMipAFBVV95cUxOS2pNaDlFZkdIRlBWc2lmSVJQWWlHWW9rZ0ozUDZjakl5cTYxYS1mSzJ2TVUxb255dlpyUEVxcmZtajR5RkZKSGx4ZWpJeVk4LTdGT0tyOHFTTnZvSDFhbmk5RC1xUWR0czlQaWRzUk",BusinessLine,27.67475992947282,85.36689679711917
773ab3c,live-76c0ee5c,2026-07-19T20:32:15.456644+00:00,Multiple,Reported area,Structural Failure,Aftermath,"Death toll from Venezuela’s twin earthquakes rises above 5,000 as IMF announces emergency funds - Ne","<a href=""https://news.google.com/rss/articles/CBMi1wFBVV95cUxPZ2Y0UTkyY0hJc3hPYXBzNVlvd2VCZkxLbi1nQXZzRzJFV0xQV2NUY01mcnA4T3pqRGN0V2hKVC1oUnZNWkNoenNuczRaVER0VVplWTdseW1DU2NMNmRkOHZBQS05RlVBa3k0Q0VxOT",Nepalnews.com,28.018006345050033,85.37947895180837
773ab3c,live-c3ed48f9,2026-07-19T20:32:15.456575+00:00,Multiple,Reported area,Landslide,Aftermath,Nepal's Rukum East Hit By Magnitude 5 Quake - Deccan Chronicle,"<a href=""https://news.google.com/rss/articles/CBMimAFBVV95cUxPaWhjczItM29XQUhwVHU5WVVpYjRDRnBmOHJYMnIxYUJyWGZfQVpVTzJUc3RsMThDWXp1SjBHTkkxbDJuYjVDZEZtdmstQU1feWktRmtSaGZ5d1VkRFZ0S3JRV3ExSmxZdDlqUzNhRW",Deccan Chronicle,28.440554836514462,84.30279372919894
1a44ade,live-bipad-1,2026-07-19T10:45:00Z,Dang,Tulsipur,Structural Failure,Aftermath,Damage reported following M4.5 earthquake in Tulsipur,Local officials confirmed structural cracks in a public school.,BIPAD Portal,28.46,82.6
1a44ade,live-news-1,2026-07-19T10:50:00Z,Kathmandu,KTM,Structural Failure,Aftermath,Minor tremors felt in capital,Residents reported minor shaking.,Kathmandu Post,27.7,85.3
