Timestamp,Commit,Category,Name,Name_Ne,Status,Detail,LastUpdated
2026-08-06 20:39 NPT,e8c6567,road,NH01 – Mahendra Rajmarg,महेन्द्र राजमार्ग,open,,2026-08-06 20:39 NPT
2026-08-06 20:39 NPT,e8c6567,road,NH02 – Mechi Rajmarg,मेची राजमार्ग,open,,2026-08-06 20:39 NPT
2026-08-06 20:39 NPT,e8c6567,road,NH03 – Puspalal Hwy (Mid-Hill),पुष्पलाल राजमार्ग,open,,2026-08-06 20:39 NPT
2026-08-06 20:39 NPT,e8c6567,road,NH04 – Birtamod-Chandragadhi,विर्तामोड–चन्द्रगढी,open,,2026-08-06 20:39 NPT
2026-08-06 20:39 NPT,e8c6567,road,NH05 – Postal Hwy,हुलाकी राजमार्ग,open,,2026-08-06 20:39 NPT
2026-08-06 20:39 NPT,e8c6567,road,NH06 – Koshi Rajmarg,कोशी राजमार्ग,open,,2026-08-06 20:39 NPT
2026-08-06 20:39 NPT,e8c6567,road,NH08 – Sagarmatha Rajmarg,सगरमाथा राजमार्ग,open,,2026-08-06 20:39 NPT
2026-08-06 20:39 NPT,e8c6567,road,NH09 – Madan Bhandari Hwy,मदन भण्डारी राजमार्ग,open,,2026-08-06 20:39 NPT
2026-08-06 20:39 NPT,e8c6567,road,NH10 – Siddhartha Hwy,सिद्धार्थ राजमार्ग,open,,2026-08-06 20:39 NPT
2026-08-06 20:39 NPT,e8c6567,road,NH11 – Rapti Rajmarg,राप्ती राजमार्ग,open,,2026-08-06 20:39 NPT
2026-08-06 20:39 NPT,e8c6567,road,NH12 – Ratna Rajmarg,रत्न राजमार्ग,open,,2026-08-06 20:39 NPT
2026-08-06 20:39 NPT,e8c6567,road,NH13 – Karnali Rajmarg,कर्णाली राजमार्ग,open,,2026-08-06 20:39 NPT
2026-08-06 20:39 NPT,e8c6567,road,NH14 – Mahakali Rajmarg,महाकाली राजमार्ग,open,,2026-08-06 20:39 NPT
2026-08-06 20:39 NPT,e8c6567,road,NH15 – Seti Rajmarg,सेती राजमार्ग,open,,2026-08-06 20:39 NPT
2026-08-06 20:39 NPT,e8c6567,road,NH16 – Rapti-Lumbini Hwy,राप्ती-लुम्बिनी,open,,2026-08-06 20:39 NPT
2026-08-06 20:39 NPT,e8c6567,road,NH34 – Araniko Hwy,अरनिको राजमार्ग,closed,"Landslide at Bhotekoshi-2, Sindhupalchok",2026-08-06 20:39 NPT
2026-08-06 20:39 NPT,e8c6567,road,NH38 – BP Hwy,बीपी राजमार्ग,open,,2026-08-06 20:39 NPT
2026-08-06 20:39 NPT,e8c6567,road,NH41 – Tribhuvan Hwy,त्रिभुवन राजमार्ग,partial,"Landslide at Bhimphedi-9, Makwanpur",2026-08-06 20:39 NPT
2026-08-06 20:39 NPT,e8c6567,road,NH42 – Prithvi Hwy,पृथ्वी राजमार्ग,partial,"Landslide at Aanbookhaireni-2, Tanahu",2026-08-06 20:39 NPT
2026-08-06 20:39 NPT,e8c6567,road,NH43 – Narayanghat-Mugling,नारायणगढ–मुग्लिन,open,,2026-08-06 20:39 NPT
2026-08-06 20:39 NPT,e8c6567,airport,Tribhuvan Intl (KTM),त्रिभुवन अन्तर्राष्ट्रिय,open,Normal operations,2026-08-06 20:39 NPT
2026-08-06 20:39 NPT,e8c6567,airport,Gautam Buddha Intl (BWA),गौतम बुद्ध विमानस्थल,open,,2026-08-06 20:39 NPT
2026-08-06 20:39 NPT,e8c6567,airport,Pokhara Regional (PKR),पोखरा विमानस्थल,open,,2026-08-06 20:39 NPT
2026-08-06 20:39 NPT,e8c6567,airport,Bharatpur (BHR),भरतपुर विमानस्थल,open,,2026-08-06 20:39 NPT
2026-08-06 20:39 NPT,e8c6567,airport,Dhangadhi (DHI),धनगढी विमानस्थल,open,,2026-08-06 20:39 NPT
2026-08-06 20:39 NPT,e8c6567,airport,Biratnagar (BIR),विराटनगर विमानस्थल,open,,2026-08-06 20:39 NPT
2026-08-06 20:39 NPT,e8c6567,airport,Nepalgunj (KEP),नेपालगञ्ज विमानस्थल,open,,2026-08-06 20:39 NPT
2026-08-06 20:39 NPT,e8c6567,airport,Chandragadhi (BDP),चन्द्रगढी विमानस्थल,open,,2026-08-06 20:39 NPT
2026-08-06 20:39 NPT,e8c6567,airport,Janakpur (JKR),जनकपुर विमानस्थल,open,,2026-08-06 20:39 NPT
2026-08-06 20:39 NPT,e8c6567,airport,Simara (SIF),सिमरा विमानस्थल,open,,2026-08-06 20:39 NPT
2026-08-06 20:39 NPT,e8c6567,hospital,"Bir Hospital, Kathmandu",बीर अस्पताल,open,120 beds,2026-08-06 20:39 NPT
2026-08-06 20:39 NPT,e8c6567,hospital,"TU Teaching Hospital, KTM",त्रिवि शिक्षण अस्पताल,open,95 beds,2026-08-06 20:39 NPT
2026-08-06 20:39 NPT,e8c6567,hospital,"Patan Hospital, Lalitpur",पाटन अस्पताल,open,60 beds,2026-08-06 20:39 NPT
2026-08-06 20:39 NPT,e8c6567,hospital,"Manipal College Hospital, PKR",मणिपाल अस्पताल,open,45 beds,2026-08-06 20:39 NPT
2026-08-06 20:39 NPT,e8c6567,hospital,"Gandaki Medical College, PKR",गण्डकी अस्पताल,open,38 beds,2026-08-06 20:39 NPT
2026-08-06 20:39 NPT,e8c6567,hospital,"BPKIHS, Dharan",बीपी कोइराला स्वास्थ्य,open,150 beds,2026-08-06 20:39 NPT
2026-08-06 20:39 NPT,e8c6567,hospital,"Koshi Hospital, Biratnagar",कोशी अस्पताल,open,80 beds,2026-08-06 20:39 NPT
2026-08-06 20:39 NPT,e8c6567,hospital,"Bheri Hospital, Nepalgunj",भेरी अस्पताल,open,70 beds,2026-08-06 20:39 NPT
2026-08-06 20:39 NPT,e8c6567,hospital,Chitwan Medical College,चितवन मेडिकल कलेज,open,100 beds,2026-08-06 20:39 NPT
2026-08-06 20:39 NPT,e8c6567,hospital,Lumbini Provincial Hospital,लुम्बिनी प्रादेशिक,open,110 beds,2026-08-06 20:39 NPT
2026-08-06 17:48 NPT,fd267ee,road,NH01 – Mahendra Rajmarg,महेन्द्र राजमार्ग,open,,2026-08-06 17:48 NPT
2026-08-06 17:48 NPT,fd267ee,road,NH02 – Mechi Rajmarg,मेची राजमार्ग,open,,2026-08-06 17:48 NPT
2026-08-06 17:48 NPT,fd267ee,road,NH03 – Puspalal Hwy (Mid-Hill),पुष्पलाल राजमार्ग,open,,2026-08-06 17:48 NPT
2026-08-06 17:48 NPT,fd267ee,road,NH04 – Birtamod-Chandragadhi,विर्तामोड–चन्द्रगढी,open,,2026-08-06 17:48 NPT
2026-08-06 17:48 NPT,fd267ee,road,NH05 – Postal Hwy,हुलाकी राजमार्ग,open,,2026-08-06 17:48 NPT
2026-08-06 17:48 NPT,fd267ee,road,NH06 – Koshi Rajmarg,कोशी राजमार्ग,open,,2026-08-06 17:48 NPT
2026-08-06 17:48 NPT,fd267ee,road,NH08 – Sagarmatha Rajmarg,सगरमाथा राजमार्ग,open,,2026-08-06 17:48 NPT
2026-08-06 17:48 NPT,fd267ee,road,NH09 – Madan Bhandari Hwy,मदन भण्डारी राजमार्ग,open,,2026-08-06 17:48 NPT
2026-08-06 17:48 NPT,fd267ee,road,NH10 – Siddhartha Hwy,सिद्धार्थ राजमार्ग,open,,2026-08-06 17:48 NPT
2026-08-06 17:48 NPT,fd267ee,road,NH11 – Rapti Rajmarg,राप्ती राजमार्ग,open,,2026-08-06 17:48 NPT
2026-08-06 17:48 NPT,fd267ee,road,NH12 – Ratna Rajmarg,रत्न राजमार्ग,open,,2026-08-06 17:48 NPT
2026-08-06 17:48 NPT,fd267ee,road,NH13 – Karnali Rajmarg,कर्णाली राजमार्ग,open,,2026-08-06 17:48 NPT
2026-08-06 17:48 NPT,fd267ee,road,NH14 – Mahakali Rajmarg,महाकाली राजमार्ग,open,,2026-08-06 17:48 NPT
2026-08-06 17:48 NPT,fd267ee,road,NH15 – Seti Rajmarg,सेती राजमार्ग,open,,2026-08-06 17:48 NPT
2026-08-06 17:48 NPT,fd267ee,road,NH16 – Rapti-Lumbini Hwy,राप्ती-लुम्बिनी,open,,2026-08-06 17:48 NPT
2026-08-06 17:48 NPT,fd267ee,road,NH34 – Araniko Hwy,अरनिको राजमार्ग,closed,"Landslide at Bhotekoshi-2, Sindhupalchok",2026-08-06 17:48 NPT
2026-08-06 17:48 NPT,fd267ee,road,NH38 – BP Hwy,बीपी राजमार्ग,open,,2026-08-06 17:48 NPT
2026-08-06 17:48 NPT,fd267ee,road,NH41 – Tribhuvan Hwy,त्रिभुवन राजमार्ग,partial,"Landslide at Bhimphedi-9, Makwanpur",2026-08-06 17:48 NPT
2026-08-06 17:48 NPT,fd267ee,road,NH42 – Prithvi Hwy,पृथ्वी राजमार्ग,partial,"Landslide at Aanbookhaireni-2, Tanahu",2026-08-06 17:48 NPT
2026-08-06 17:48 NPT,fd267ee,road,NH43 – Narayanghat-Mugling,नारायणगढ–मुग्लिन,open,,2026-08-06 17:48 NPT
2026-08-06 17:48 NPT,fd267ee,airport,Tribhuvan Intl (KTM),त्रिभुवन अन्तर्राष्ट्रिय,open,Normal operations,2026-08-06 17:48 NPT
2026-08-06 17:48 NPT,fd267ee,airport,Gautam Buddha Intl (BWA),गौतम बुद्ध विमानस्थल,open,,2026-08-06 17:48 NPT
2026-08-06 17:48 NPT,fd267ee,airport,Pokhara Regional (PKR),पोखरा विमानस्थल,open,,2026-08-06 17:48 NPT
2026-08-06 17:48 NPT,fd267ee,airport,Bharatpur (BHR),भरतपुर विमानस्थल,open,,2026-08-06 17:48 NPT
2026-08-06 17:48 NPT,fd267ee,airport,Dhangadhi (DHI),धनगढी विमानस्थल,open,,2026-08-06 17:48 NPT
2026-08-06 17:48 NPT,fd267ee,airport,Biratnagar (BIR),विराटनगर विमानस्थल,open,,2026-08-06 17:48 NPT
2026-08-06 17:48 NPT,fd267ee,airport,Nepalgunj (KEP),नेपालगञ्ज विमानस्थल,open,,2026-08-06 17:48 NPT
2026-08-06 17:48 NPT,fd267ee,airport,Chandragadhi (BDP),चन्द्रगढी विमानस्थल,open,,2026-08-06 17:48 NPT
2026-08-06 17:48 NPT,fd267ee,airport,Janakpur (JKR),जनकपुर विमानस्थल,open,,2026-08-06 17:48 NPT
2026-08-06 17:48 NPT,fd267ee,airport,Simara (SIF),सिमरा विमानस्थल,open,,2026-08-06 17:48 NPT
2026-08-06 17:48 NPT,fd267ee,hospital,"Bir Hospital, Kathmandu",बीर अस्पताल,open,120 beds,2026-08-06 17:48 NPT
2026-08-06 17:48 NPT,fd267ee,hospital,"TU Teaching Hospital, KTM",त्रिवि शिक्षण अस्पताल,open,95 beds,2026-08-06 17:48 NPT
2026-08-06 17:48 NPT,fd267ee,hospital,"Patan Hospital, Lalitpur",पाटन अस्पताल,open,60 beds,2026-08-06 17:48 NPT
2026-08-06 17:48 NPT,fd267ee,hospital,"Manipal College Hospital, PKR",मणिपाल अस्पताल,open,45 beds,2026-08-06 17:48 NPT
2026-08-06 17:48 NPT,fd267ee,hospital,"Gandaki Medical College, PKR",गण्डकी अस्पताल,open,38 beds,2026-08-06 17:48 NPT
2026-08-06 17:48 NPT,fd267ee,hospital,"BPKIHS, Dharan",बीपी कोइराला स्वास्थ्य,open,150 beds,2026-08-06 17:48 NPT
2026-08-06 17:48 NPT,fd267ee,hospital,"Koshi Hospital, Biratnagar",कोशी अस्पताल,open,80 beds,2026-08-06 17:48 NPT
2026-08-06 17:48 NPT,fd267ee,hospital,"Bheri Hospital, Nepalgunj",भेरी अस्पताल,open,70 beds,2026-08-06 17:48 NPT
2026-08-06 17:48 NPT,fd267ee,hospital,Chitwan Medical College,चितवन मेडिकल कलेज,open,100 beds,2026-08-06 17:48 NPT
2026-08-06 17:48 NPT,fd267ee,hospital,Lumbini Provincial Hospital,लुम्बिनी प्रादेशिक,open,110 beds,2026-08-06 17:48 NPT
2026-08-06 15:26 NPT,5795ba4,road,NH01 – Mahendra Rajmarg,महेन्द्र राजमार्ग,open,,2026-08-06 15:26 NPT
2026-08-06 15:26 NPT,5795ba4,road,NH02 – Mechi Rajmarg,मेची राजमार्ग,open,,2026-08-06 15:26 NPT
2026-08-06 15:26 NPT,5795ba4,road,NH03 – Puspalal Hwy (Mid-Hill),पुष्पलाल राजमार्ग,open,,2026-08-06 15:26 NPT
2026-08-06 15:26 NPT,5795ba4,road,NH04 – Birtamod-Chandragadhi,विर्तामोड–चन्द्रगढी,open,,2026-08-06 15:26 NPT
2026-08-06 15:26 NPT,5795ba4,road,NH05 – Postal Hwy,हुलाकी राजमार्ग,open,,2026-08-06 15:26 NPT
2026-08-06 15:26 NPT,5795ba4,road,NH06 – Koshi Rajmarg,कोशी राजमार्ग,open,,2026-08-06 15:26 NPT
2026-08-06 15:26 NPT,5795ba4,road,NH08 – Sagarmatha Rajmarg,सगरमाथा राजमार्ग,open,,2026-08-06 15:26 NPT
2026-08-06 15:26 NPT,5795ba4,road,NH09 – Madan Bhandari Hwy,मदन भण्डारी राजमार्ग,open,,2026-08-06 15:26 NPT
2026-08-06 15:26 NPT,5795ba4,road,NH10 – Siddhartha Hwy,सिद्धार्थ राजमार्ग,open,,2026-08-06 15:26 NPT
2026-08-06 15:26 NPT,5795ba4,road,NH11 – Rapti Rajmarg,राप्ती राजमार्ग,open,,2026-08-06 15:26 NPT
2026-08-06 15:26 NPT,5795ba4,road,NH12 – Ratna Rajmarg,रत्न राजमार्ग,open,,2026-08-06 15:26 NPT
2026-08-06 15:26 NPT,5795ba4,road,NH13 – Karnali Rajmarg,कर्णाली राजमार्ग,open,,2026-08-06 15:26 NPT
2026-08-06 15:26 NPT,5795ba4,road,NH14 – Mahakali Rajmarg,महाकाली राजमार्ग,open,,2026-08-06 15:26 NPT
2026-08-06 15:26 NPT,5795ba4,road,NH15 – Seti Rajmarg,सेती राजमार्ग,open,,2026-08-06 15:26 NPT
2026-08-06 15:26 NPT,5795ba4,road,NH16 – Rapti-Lumbini Hwy,राप्ती-लुम्बिनी,open,,2026-08-06 15:26 NPT
2026-08-06 15:26 NPT,5795ba4,road,NH34 – Araniko Hwy,अरनिको राजमार्ग,closed,"Landslide at Bhotekoshi-2, Sindhupalchok",2026-08-06 15:26 NPT
2026-08-06 15:26 NPT,5795ba4,road,NH38 – BP Hwy,बीपी राजमार्ग,open,,2026-08-06 15:26 NPT
2026-08-06 15:26 NPT,5795ba4,road,NH41 – Tribhuvan Hwy,त्रिभुवन राजमार्ग,partial,"Landslide at Bhimphedi-9, Makwanpur",2026-08-06 15:26 NPT
2026-08-06 15:26 NPT,5795ba4,road,NH42 – Prithvi Hwy,पृथ्वी राजमार्ग,partial,"Landslide at Aanbookhaireni-2, Tanahu",2026-08-06 15:26 NPT
2026-08-06 15:26 NPT,5795ba4,road,NH43 – Narayanghat-Mugling,नारायणगढ–मुग्लिन,open,,2026-08-06 15:26 NPT
2026-08-06 15:26 NPT,5795ba4,airport,Tribhuvan Intl (KTM),त्रिभुवन अन्तर्राष्ट्रिय,open,Normal operations,2026-08-06 15:26 NPT
2026-08-06 15:26 NPT,5795ba4,airport,Gautam Buddha Intl (BWA),गौतम बुद्ध विमानस्थल,open,,2026-08-06 15:26 NPT
2026-08-06 15:26 NPT,5795ba4,airport,Pokhara Regional (PKR),पोखरा विमानस्थल,open,,2026-08-06 15:26 NPT
2026-08-06 15:26 NPT,5795ba4,airport,Bharatpur (BHR),भरतपुर विमानस्थल,open,,2026-08-06 15:26 NPT
2026-08-06 15:26 NPT,5795ba4,airport,Dhangadhi (DHI),धनगढी विमानस्थल,open,,2026-08-06 15:26 NPT
2026-08-06 15:26 NPT,5795ba4,airport,Biratnagar (BIR),विराटनगर विमानस्थल,open,,2026-08-06 15:26 NPT
2026-08-06 15:26 NPT,5795ba4,airport,Nepalgunj (KEP),नेपालगञ्ज विमानस्थल,open,,2026-08-06 15:26 NPT
2026-08-06 15:26 NPT,5795ba4,airport,Chandragadhi (BDP),चन्द्रगढी विमानस्थल,open,,2026-08-06 15:26 NPT
2026-08-06 15:26 NPT,5795ba4,airport,Janakpur (JKR),जनकपुर विमानस्थल,open,,2026-08-06 15:26 NPT
2026-08-06 15:26 NPT,5795ba4,airport,Simara (SIF),सिमरा विमानस्थल,open,,2026-08-06 15:26 NPT
2026-08-06 15:26 NPT,5795ba4,hospital,"Bir Hospital, Kathmandu",बीर अस्पताल,open,120 beds,2026-08-06 15:26 NPT
2026-08-06 15:26 NPT,5795ba4,hospital,"TU Teaching Hospital, KTM",त्रिवि शिक्षण अस्पताल,open,95 beds,2026-08-06 15:26 NPT
2026-08-06 15:26 NPT,5795ba4,hospital,"Patan Hospital, Lalitpur",पाटन अस्पताल,open,60 beds,2026-08-06 15:26 NPT
2026-08-06 15:26 NPT,5795ba4,hospital,"Manipal College Hospital, PKR",मणिपाल अस्पताल,open,45 beds,2026-08-06 15:26 NPT
2026-08-06 15:26 NPT,5795ba4,hospital,"Gandaki Medical College, PKR",गण्डकी अस्पताल,open,38 beds,2026-08-06 15:26 NPT
2026-08-06 15:26 NPT,5795ba4,hospital,"BPKIHS, Dharan",बीपी कोइराला स्वास्थ्य,open,150 beds,2026-08-06 15:26 NPT
2026-08-06 15:26 NPT,5795ba4,hospital,"Koshi Hospital, Biratnagar",कोशी अस्पताल,open,80 beds,2026-08-06 15:26 NPT
2026-08-06 15:26 NPT,5795ba4,hospital,"Bheri Hospital, Nepalgunj",भेरी अस्पताल,open,70 beds,2026-08-06 15:26 NPT
2026-08-06 15:26 NPT,5795ba4,hospital,Chitwan Medical College,चितवन मेडिकल कलेज,open,100 beds,2026-08-06 15:26 NPT
2026-08-06 15:26 NPT,5795ba4,hospital,Lumbini Provincial Hospital,लुम्बिनी प्रादेशिक,open,110 beds,2026-08-06 15:26 NPT
2026-08-06 12:18 NPT,5dd4407,road,NH01 – Mahendra Rajmarg,महेन्द्र राजमार्ग,open,,2026-08-06 12:18 NPT
2026-08-06 12:18 NPT,5dd4407,road,NH02 – Mechi Rajmarg,मेची राजमार्ग,open,,2026-08-06 12:18 NPT
2026-08-06 12:18 NPT,5dd4407,road,NH03 – Puspalal Hwy (Mid-Hill),पुष्पलाल राजमार्ग,open,,2026-08-06 12:18 NPT
2026-08-06 12:18 NPT,5dd4407,road,NH04 – Birtamod-Chandragadhi,विर्तामोड–चन्द्रगढी,open,,2026-08-06 12:18 NPT
2026-08-06 12:18 NPT,5dd4407,road,NH05 – Postal Hwy,हुलाकी राजमार्ग,open,,2026-08-06 12:18 NPT
2026-08-06 12:18 NPT,5dd4407,road,NH06 – Koshi Rajmarg,कोशी राजमार्ग,open,,2026-08-06 12:18 NPT
2026-08-06 12:18 NPT,5dd4407,road,NH08 – Sagarmatha Rajmarg,सगरमाथा राजमार्ग,open,,2026-08-06 12:18 NPT
2026-08-06 12:18 NPT,5dd4407,road,NH09 – Madan Bhandari Hwy,मदन भण्डारी राजमार्ग,open,,2026-08-06 12:18 NPT
2026-08-06 12:18 NPT,5dd4407,road,NH10 – Siddhartha Hwy,सिद्धार्थ राजमार्ग,open,,2026-08-06 12:18 NPT
2026-08-06 12:18 NPT,5dd4407,road,NH11 – Rapti Rajmarg,राप्ती राजमार्ग,open,,2026-08-06 12:18 NPT
2026-08-06 12:18 NPT,5dd4407,road,NH12 – Ratna Rajmarg,रत्न राजमार्ग,open,,2026-08-06 12:18 NPT
2026-08-06 12:18 NPT,5dd4407,road,NH13 – Karnali Rajmarg,कर्णाली राजमार्ग,open,,2026-08-06 12:18 NPT
2026-08-06 12:18 NPT,5dd4407,road,NH14 – Mahakali Rajmarg,महाकाली राजमार्ग,open,,2026-08-06 12:18 NPT
2026-08-06 12:18 NPT,5dd4407,road,NH15 – Seti Rajmarg,सेती राजमार्ग,open,,2026-08-06 12:18 NPT
2026-08-06 12:18 NPT,5dd4407,road,NH16 – Rapti-Lumbini Hwy,राप्ती-लुम्बिनी,open,,2026-08-06 12:18 NPT
2026-08-06 12:18 NPT,5dd4407,road,NH34 – Araniko Hwy,अरनिको राजमार्ग,closed,"Landslide at Bhotekoshi-2, Sindhupalchok",2026-08-06 12:18 NPT
2026-08-06 12:18 NPT,5dd4407,road,NH38 – BP Hwy,बीपी राजमार्ग,open,,2026-08-06 12:18 NPT
2026-08-06 12:18 NPT,5dd4407,road,NH41 – Tribhuvan Hwy,त्रिभुवन राजमार्ग,partial,"Landslide at Bhimphedi-9, Makwanpur",2026-08-06 12:18 NPT
2026-08-06 12:18 NPT,5dd4407,road,NH42 – Prithvi Hwy,पृथ्वी राजमार्ग,partial,"Landslide at Aanbookhaireni-2, Tanahu",2026-08-06 12:18 NPT
2026-08-06 12:18 NPT,5dd4407,road,NH43 – Narayanghat-Mugling,नारायणगढ–मुग्लिन,open,,2026-08-06 12:18 NPT
2026-08-06 12:18 NPT,5dd4407,airport,Tribhuvan Intl (KTM),त्रिभुवन अन्तर्राष्ट्रिय,open,Normal operations,2026-08-06 12:18 NPT
2026-08-06 12:18 NPT,5dd4407,airport,Gautam Buddha Intl (BWA),गौतम बुद्ध विमानस्थल,open,,2026-08-06 12:18 NPT
2026-08-06 12:18 NPT,5dd4407,airport,Pokhara Regional (PKR),पोखरा विमानस्थल,open,,2026-08-06 12:18 NPT
2026-08-06 12:18 NPT,5dd4407,airport,Bharatpur (BHR),भरतपुर विमानस्थल,open,,2026-08-06 12:18 NPT
2026-08-06 12:18 NPT,5dd4407,airport,Dhangadhi (DHI),धनगढी विमानस्थल,open,,2026-08-06 12:18 NPT
2026-08-06 12:18 NPT,5dd4407,airport,Biratnagar (BIR),विराटनगर विमानस्थल,open,,2026-08-06 12:18 NPT
2026-08-06 12:18 NPT,5dd4407,airport,Nepalgunj (KEP),नेपालगञ्ज विमानस्थल,open,,2026-08-06 12:18 NPT
2026-08-06 12:18 NPT,5dd4407,airport,Chandragadhi (BDP),चन्द्रगढी विमानस्थल,open,,2026-08-06 12:18 NPT
2026-08-06 12:18 NPT,5dd4407,airport,Janakpur (JKR),जनकपुर विमानस्थल,open,,2026-08-06 12:18 NPT
2026-08-06 12:18 NPT,5dd4407,airport,Simara (SIF),सिमरा विमानस्थल,open,,2026-08-06 12:18 NPT
2026-08-06 12:18 NPT,5dd4407,hospital,"Bir Hospital, Kathmandu",बीर अस्पताल,open,120 beds,2026-08-06 12:18 NPT
2026-08-06 12:18 NPT,5dd4407,hospital,"TU Teaching Hospital, KTM",त्रिवि शिक्षण अस्पताल,open,95 beds,2026-08-06 12:18 NPT
2026-08-06 12:18 NPT,5dd4407,hospital,"Patan Hospital, Lalitpur",पाटन अस्पताल,open,60 beds,2026-08-06 12:18 NPT
2026-08-06 12:18 NPT,5dd4407,hospital,"Manipal College Hospital, PKR",मणिपाल अस्पताल,open,45 beds,2026-08-06 12:18 NPT
2026-08-06 12:18 NPT,5dd4407,hospital,"Gandaki Medical College, PKR",गण्डकी अस्पताल,open,38 beds,2026-08-06 12:18 NPT
2026-08-06 12:18 NPT,5dd4407,hospital,"BPKIHS, Dharan",बीपी कोइराला स्वास्थ्य,open,150 beds,2026-08-06 12:18 NPT
2026-08-06 12:18 NPT,5dd4407,hospital,"Koshi Hospital, Biratnagar",कोशी अस्पताल,open,80 beds,2026-08-06 12:18 NPT
2026-08-06 12:18 NPT,5dd4407,hospital,"Bheri Hospital, Nepalgunj",भेरी अस्पताल,open,70 beds,2026-08-06 12:18 NPT
2026-08-06 12:18 NPT,5dd4407,hospital,Chitwan Medical College,चितवन मेडिकल कलेज,open,100 beds,2026-08-06 12:18 NPT
2026-08-06 12:18 NPT,5dd4407,hospital,Lumbini Provincial Hospital,लुम्बिनी प्रादेशिक,open,110 beds,2026-08-06 12:18 NPT
2026-08-06 09:34 NPT,c5757e2,road,NH01 – Mahendra Rajmarg,महेन्द्र राजमार्ग,open,,2026-08-06 09:34 NPT
2026-08-06 09:34 NPT,c5757e2,road,NH02 – Mechi Rajmarg,मेची राजमार्ग,open,,2026-08-06 09:34 NPT
2026-08-06 09:34 NPT,c5757e2,road,NH03 – Puspalal Hwy (Mid-Hill),पुष्पलाल राजमार्ग,open,,2026-08-06 09:34 NPT
2026-08-06 09:34 NPT,c5757e2,road,NH04 – Birtamod-Chandragadhi,विर्तामोड–चन्द्रगढी,open,,2026-08-06 09:34 NPT
2026-08-06 09:34 NPT,c5757e2,road,NH05 – Postal Hwy,हुलाकी राजमार्ग,open,,2026-08-06 09:34 NPT
2026-08-06 09:34 NPT,c5757e2,road,NH06 – Koshi Rajmarg,कोशी राजमार्ग,open,,2026-08-06 09:34 NPT
2026-08-06 09:34 NPT,c5757e2,road,NH08 – Sagarmatha Rajmarg,सगरमाथा राजमार्ग,open,,2026-08-06 09:34 NPT
2026-08-06 09:34 NPT,c5757e2,road,NH09 – Madan Bhandari Hwy,मदन भण्डारी राजमार्ग,open,,2026-08-06 09:34 NPT
2026-08-06 09:34 NPT,c5757e2,road,NH10 – Siddhartha Hwy,सिद्धार्थ राजमार्ग,open,,2026-08-06 09:34 NPT
2026-08-06 09:34 NPT,c5757e2,road,NH11 – Rapti Rajmarg,राप्ती राजमार्ग,open,,2026-08-06 09:34 NPT
2026-08-06 09:34 NPT,c5757e2,road,NH12 – Ratna Rajmarg,रत्न राजमार्ग,open,,2026-08-06 09:34 NPT
2026-08-06 09:34 NPT,c5757e2,road,NH13 – Karnali Rajmarg,कर्णाली राजमार्ग,open,,2026-08-06 09:34 NPT
2026-08-06 09:34 NPT,c5757e2,road,NH14 – Mahakali Rajmarg,महाकाली राजमार्ग,open,,2026-08-06 09:34 NPT
2026-08-06 09:34 NPT,c5757e2,road,NH15 – Seti Rajmarg,सेती राजमार्ग,open,,2026-08-06 09:34 NPT
2026-08-06 09:34 NPT,c5757e2,road,NH16 – Rapti-Lumbini Hwy,राप्ती-लुम्बिनी,open,,2026-08-06 09:34 NPT
2026-08-06 09:34 NPT,c5757e2,road,NH34 – Araniko Hwy,अरनिको राजमार्ग,closed,"Landslide at Bhotekoshi-2, Sindhupalchok",2026-08-06 09:34 NPT
2026-08-06 09:34 NPT,c5757e2,road,NH38 – BP Hwy,बीपी राजमार्ग,open,,2026-08-06 09:34 NPT
2026-08-06 09:34 NPT,c5757e2,road,NH41 – Tribhuvan Hwy,त्रिभुवन राजमार्ग,partial,"Landslide at Bhimphedi-9, Makwanpur",2026-08-06 09:34 NPT
2026-08-06 09:34 NPT,c5757e2,road,NH42 – Prithvi Hwy,पृथ्वी राजमार्ग,partial,"Landslide at Aanbookhaireni-2, Tanahu",2026-08-06 09:34 NPT
2026-08-06 09:34 NPT,c5757e2,road,NH43 – Narayanghat-Mugling,नारायणगढ–मुग्लिन,open,,2026-08-06 09:34 NPT
2026-08-06 09:34 NPT,c5757e2,airport,Tribhuvan Intl (KTM),त्रिभुवन अन्तर्राष्ट्रिय,open,Normal operations,2026-08-06 09:34 NPT
2026-08-06 09:34 NPT,c5757e2,airport,Gautam Buddha Intl (BWA),गौतम बुद्ध विमानस्थल,open,,2026-08-06 09:34 NPT
2026-08-06 09:34 NPT,c5757e2,airport,Pokhara Regional (PKR),पोखरा विमानस्थल,open,,2026-08-06 09:34 NPT
2026-08-06 09:34 NPT,c5757e2,airport,Bharatpur (BHR),भरतपुर विमानस्थल,open,,2026-08-06 09:34 NPT
2026-08-06 09:34 NPT,c5757e2,airport,Dhangadhi (DHI),धनगढी विमानस्थल,open,,2026-08-06 09:34 NPT
2026-08-06 09:34 NPT,c5757e2,airport,Biratnagar (BIR),विराटनगर विमानस्थल,open,,2026-08-06 09:34 NPT
2026-08-06 09:34 NPT,c5757e2,airport,Nepalgunj (KEP),नेपालगञ्ज विमानस्थल,open,,2026-08-06 09:34 NPT
2026-08-06 09:34 NPT,c5757e2,airport,Chandragadhi (BDP),चन्द्रगढी विमानस्थल,open,,2026-08-06 09:34 NPT
2026-08-06 09:34 NPT,c5757e2,airport,Janakpur (JKR),जनकपुर विमानस्थल,open,,2026-08-06 09:34 NPT
2026-08-06 09:34 NPT,c5757e2,airport,Simara (SIF),सिमरा विमानस्थल,open,,2026-08-06 09:34 NPT
2026-08-06 09:34 NPT,c5757e2,hospital,"Bir Hospital, Kathmandu",बीर अस्पताल,open,120 beds,2026-08-06 09:34 NPT
2026-08-06 09:34 NPT,c5757e2,hospital,"TU Teaching Hospital, KTM",त्रिवि शिक्षण अस्पताल,open,95 beds,2026-08-06 09:34 NPT
2026-08-06 09:34 NPT,c5757e2,hospital,"Patan Hospital, Lalitpur",पाटन अस्पताल,open,60 beds,2026-08-06 09:34 NPT
2026-08-06 09:34 NPT,c5757e2,hospital,"Manipal College Hospital, PKR",मणिपाल अस्पताल,open,45 beds,2026-08-06 09:34 NPT
2026-08-06 09:34 NPT,c5757e2,hospital,"Gandaki Medical College, PKR",गण्डकी अस्पताल,open,38 beds,2026-08-06 09:34 NPT
2026-08-06 09:34 NPT,c5757e2,hospital,"BPKIHS, Dharan",बीपी कोइराला स्वास्थ्य,open,150 beds,2026-08-06 09:34 NPT
2026-08-06 09:34 NPT,c5757e2,hospital,"Koshi Hospital, Biratnagar",कोशी अस्पताल,open,80 beds,2026-08-06 09:34 NPT
2026-08-06 09:34 NPT,c5757e2,hospital,"Bheri Hospital, Nepalgunj",भेरी अस्पताल,open,70 beds,2026-08-06 09:34 NPT
2026-08-06 09:34 NPT,c5757e2,hospital,Chitwan Medical College,चितवन मेडिकल कलेज,open,100 beds,2026-08-06 09:34 NPT
2026-08-06 09:34 NPT,c5757e2,hospital,Lumbini Provincial Hospital,लुम्बिनी प्रादेशिक,open,110 beds,2026-08-06 09:34 NPT
2026-08-06 05:46 NPT,7c62ad2,road,NH01 – Mahendra Rajmarg,महेन्द्र राजमार्ग,open,,2026-08-06 05:46 NPT
2026-08-06 05:46 NPT,7c62ad2,road,NH02 – Mechi Rajmarg,मेची राजमार्ग,open,,2026-08-06 05:46 NPT
2026-08-06 05:46 NPT,7c62ad2,road,NH03 – Puspalal Hwy (Mid-Hill),पुष्पलाल राजमार्ग,open,,2026-08-06 05:46 NPT
2026-08-06 05:46 NPT,7c62ad2,road,NH04 – Birtamod-Chandragadhi,विर्तामोड–चन्द्रगढी,open,,2026-08-06 05:46 NPT
2026-08-06 05:46 NPT,7c62ad2,road,NH05 – Postal Hwy,हुलाकी राजमार्ग,open,,2026-08-06 05:46 NPT
2026-08-06 05:46 NPT,7c62ad2,road,NH06 – Koshi Rajmarg,कोशी राजमार्ग,open,,2026-08-06 05:46 NPT
2026-08-06 05:46 NPT,7c62ad2,road,NH08 – Sagarmatha Rajmarg,सगरमाथा राजमार्ग,open,,2026-08-06 05:46 NPT
2026-08-06 05:46 NPT,7c62ad2,road,NH09 – Madan Bhandari Hwy,मदन भण्डारी राजमार्ग,open,,2026-08-06 05:46 NPT
2026-08-06 05:46 NPT,7c62ad2,road,NH10 – Siddhartha Hwy,सिद्धार्थ राजमार्ग,open,,2026-08-06 05:46 NPT
2026-08-06 05:46 NPT,7c62ad2,road,NH11 – Rapti Rajmarg,राप्ती राजमार्ग,open,,2026-08-06 05:46 NPT
2026-08-06 05:46 NPT,7c62ad2,road,NH12 – Ratna Rajmarg,रत्न राजमार्ग,open,,2026-08-06 05:46 NPT
2026-08-06 05:46 NPT,7c62ad2,road,NH13 – Karnali Rajmarg,कर्णाली राजमार्ग,open,,2026-08-06 05:46 NPT
2026-08-06 05:46 NPT,7c62ad2,road,NH14 – Mahakali Rajmarg,महाकाली राजमार्ग,open,,2026-08-06 05:46 NPT
2026-08-06 05:46 NPT,7c62ad2,road,NH15 – Seti Rajmarg,सेती राजमार्ग,open,,2026-08-06 05:46 NPT
2026-08-06 05:46 NPT,7c62ad2,road,NH16 – Rapti-Lumbini Hwy,राप्ती-लुम्बिनी,open,,2026-08-06 05:46 NPT
2026-08-06 05:46 NPT,7c62ad2,road,NH34 – Araniko Hwy,अरनिको राजमार्ग,closed,"Landslide at Bhotekoshi-2, Sindhupalchok",2026-08-06 05:46 NPT
2026-08-06 05:46 NPT,7c62ad2,road,NH38 – BP Hwy,बीपी राजमार्ग,open,,2026-08-06 05:46 NPT
2026-08-06 05:46 NPT,7c62ad2,road,NH41 – Tribhuvan Hwy,त्रिभुवन राजमार्ग,partial,"Landslide at Bhimphedi-9, Makwanpur",2026-08-06 05:46 NPT
2026-08-06 05:46 NPT,7c62ad2,road,NH42 – Prithvi Hwy,पृथ्वी राजमार्ग,partial,"Landslide at Aanbookhaireni-2, Tanahu",2026-08-06 05:46 NPT
2026-08-06 05:46 NPT,7c62ad2,road,NH43 – Narayanghat-Mugling,नारायणगढ–मुग्लिन,open,,2026-08-06 05:46 NPT
2026-08-06 05:46 NPT,7c62ad2,airport,Tribhuvan Intl (KTM),त्रिभुवन अन्तर्राष्ट्रिय,open,Normal operations,2026-08-06 05:46 NPT
2026-08-06 05:46 NPT,7c62ad2,airport,Gautam Buddha Intl (BWA),गौतम बुद्ध विमानस्थल,open,,2026-08-06 05:46 NPT
2026-08-06 05:46 NPT,7c62ad2,airport,Pokhara Regional (PKR),पोखरा विमानस्थल,open,,2026-08-06 05:46 NPT
2026-08-06 05:46 NPT,7c62ad2,airport,Bharatpur (BHR),भरतपुर विमानस्थल,open,,2026-08-06 05:46 NPT
2026-08-06 05:46 NPT,7c62ad2,airport,Dhangadhi (DHI),धनगढी विमानस्थल,open,,2026-08-06 05:46 NPT
2026-08-06 05:46 NPT,7c62ad2,airport,Biratnagar (BIR),विराटनगर विमानस्थल,open,,2026-08-06 05:46 NPT
2026-08-06 05:46 NPT,7c62ad2,airport,Nepalgunj (KEP),नेपालगञ्ज विमानस्थल,open,,2026-08-06 05:46 NPT
2026-08-06 05:46 NPT,7c62ad2,airport,Chandragadhi (BDP),चन्द्रगढी विमानस्थल,open,,2026-08-06 05:46 NPT
2026-08-06 05:46 NPT,7c62ad2,airport,Janakpur (JKR),जनकपुर विमानस्थल,open,,2026-08-06 05:46 NPT
2026-08-06 05:46 NPT,7c62ad2,airport,Simara (SIF),सिमरा विमानस्थल,open,,2026-08-06 05:46 NPT
2026-08-06 05:46 NPT,7c62ad2,hospital,"Bir Hospital, Kathmandu",बीर अस्पताल,open,120 beds,2026-08-06 05:46 NPT
2026-08-06 05:46 NPT,7c62ad2,hospital,"TU Teaching Hospital, KTM",त्रिवि शिक्षण अस्पताल,open,95 beds,2026-08-06 05:46 NPT
2026-08-06 05:46 NPT,7c62ad2,hospital,"Patan Hospital, Lalitpur",पाटन अस्पताल,open,60 beds,2026-08-06 05:46 NPT
2026-08-06 05:46 NPT,7c62ad2,hospital,"Manipal College Hospital, PKR",मणिपाल अस्पताल,open,45 beds,2026-08-06 05:46 NPT
2026-08-06 05:46 NPT,7c62ad2,hospital,"Gandaki Medical College, PKR",गण्डकी अस्पताल,open,38 beds,2026-08-06 05:46 NPT
2026-08-06 05:46 NPT,7c62ad2,hospital,"BPKIHS, Dharan",बीपी कोइराला स्वास्थ्य,open,150 beds,2026-08-06 05:46 NPT
2026-08-06 05:46 NPT,7c62ad2,hospital,"Koshi Hospital, Biratnagar",कोशी अस्पताल,open,80 beds,2026-08-06 05:46 NPT
2026-08-06 05:46 NPT,7c62ad2,hospital,"Bheri Hospital, Nepalgunj",भेरी अस्पताल,open,70 beds,2026-08-06 05:46 NPT
2026-08-06 05:46 NPT,7c62ad2,hospital,Chitwan Medical College,चितवन मेडिकल कलेज,open,100 beds,2026-08-06 05:46 NPT
2026-08-06 05:46 NPT,7c62ad2,hospital,Lumbini Provincial Hospital,लुम्बिनी प्रादेशिक,open,110 beds,2026-08-06 05:46 NPT
2026-08-06 04:20 NPT,53380cf,road,NH01 – Mahendra Rajmarg,महेन्द्र राजमार्ग,open,,2026-08-06 04:20 NPT
2026-08-06 04:20 NPT,53380cf,road,NH02 – Mechi Rajmarg,मेची राजमार्ग,open,,2026-08-06 04:20 NPT
2026-08-06 04:20 NPT,53380cf,road,NH03 – Puspalal Hwy (Mid-Hill),पुष्पलाल राजमार्ग,open,,2026-08-06 04:20 NPT
2026-08-06 04:20 NPT,53380cf,road,NH04 – Birtamod-Chandragadhi,विर्तामोड–चन्द्रगढी,open,,2026-08-06 04:20 NPT
2026-08-06 04:20 NPT,53380cf,road,NH05 – Postal Hwy,हुलाकी राजमार्ग,open,,2026-08-06 04:20 NPT
2026-08-06 04:20 NPT,53380cf,road,NH06 – Koshi Rajmarg,कोशी राजमार्ग,open,,2026-08-06 04:20 NPT
2026-08-06 04:20 NPT,53380cf,road,NH08 – Sagarmatha Rajmarg,सगरमाथा राजमार्ग,open,,2026-08-06 04:20 NPT
2026-08-06 04:20 NPT,53380cf,road,NH09 – Madan Bhandari Hwy,मदन भण्डारी राजमार्ग,open,,2026-08-06 04:20 NPT
2026-08-06 04:20 NPT,53380cf,road,NH10 – Siddhartha Hwy,सिद्धार्थ राजमार्ग,open,,2026-08-06 04:20 NPT
2026-08-06 04:20 NPT,53380cf,road,NH11 – Rapti Rajmarg,राप्ती राजमार्ग,open,,2026-08-06 04:20 NPT
2026-08-06 04:20 NPT,53380cf,road,NH12 – Ratna Rajmarg,रत्न राजमार्ग,open,,2026-08-06 04:20 NPT
2026-08-06 04:20 NPT,53380cf,road,NH13 – Karnali Rajmarg,कर्णाली राजमार्ग,open,,2026-08-06 04:20 NPT
2026-08-06 04:20 NPT,53380cf,road,NH14 – Mahakali Rajmarg,महाकाली राजमार्ग,open,,2026-08-06 04:20 NPT
2026-08-06 04:20 NPT,53380cf,road,NH15 – Seti Rajmarg,सेती राजमार्ग,open,,2026-08-06 04:20 NPT
2026-08-06 04:20 NPT,53380cf,road,NH16 – Rapti-Lumbini Hwy,राप्ती-लुम्बिनी,open,,2026-08-06 04:20 NPT
2026-08-06 04:20 NPT,53380cf,road,NH34 – Araniko Hwy,अरनिको राजमार्ग,closed,"Landslide at Bhotekoshi-2, Sindhupalchok",2026-08-06 04:20 NPT
2026-08-06 04:20 NPT,53380cf,road,NH38 – BP Hwy,बीपी राजमार्ग,open,,2026-08-06 04:20 NPT
2026-08-06 04:20 NPT,53380cf,road,NH41 – Tribhuvan Hwy,त्रिभुवन राजमार्ग,partial,"Landslide at Bhimphedi-9, Makwanpur",2026-08-06 04:20 NPT
2026-08-06 04:20 NPT,53380cf,road,NH42 – Prithvi Hwy,पृथ्वी राजमार्ग,partial,"Landslide at Aanbookhaireni-2, Tanahu",2026-08-06 04:20 NPT
2026-08-06 04:20 NPT,53380cf,road,NH43 – Narayanghat-Mugling,नारायणगढ–मुग्लिन,open,,2026-08-06 04:20 NPT
2026-08-06 04:20 NPT,53380cf,airport,Tribhuvan Intl (KTM),त्रिभुवन अन्तर्राष्ट्रिय,open,Normal operations,2026-08-06 04:20 NPT
2026-08-06 04:20 NPT,53380cf,airport,Gautam Buddha Intl (BWA),गौतम बुद्ध विमानस्थल,open,,2026-08-06 04:20 NPT
2026-08-06 04:20 NPT,53380cf,airport,Pokhara Regional (PKR),पोखरा विमानस्थल,open,,2026-08-06 04:20 NPT
2026-08-06 04:20 NPT,53380cf,airport,Bharatpur (BHR),भरतपुर विमानस्थल,open,,2026-08-06 04:20 NPT
2026-08-06 04:20 NPT,53380cf,airport,Dhangadhi (DHI),धनगढी विमानस्थल,open,,2026-08-06 04:20 NPT
2026-08-06 04:20 NPT,53380cf,airport,Biratnagar (BIR),विराटनगर विमानस्थल,open,,2026-08-06 04:20 NPT
2026-08-06 04:20 NPT,53380cf,airport,Nepalgunj (KEP),नेपालगञ्ज विमानस्थल,open,,2026-08-06 04:20 NPT
2026-08-06 04:20 NPT,53380cf,airport,Chandragadhi (BDP),चन्द्रगढी विमानस्थल,open,,2026-08-06 04:20 NPT
2026-08-06 04:20 NPT,53380cf,airport,Janakpur (JKR),जनकपुर विमानस्थल,open,,2026-08-06 04:20 NPT
2026-08-06 04:20 NPT,53380cf,airport,Simara (SIF),सिमरा विमानस्थल,open,,2026-08-06 04:20 NPT
2026-08-06 04:20 NPT,53380cf,hospital,"Bir Hospital, Kathmandu",बीर अस्पताल,open,120 beds,2026-08-06 04:20 NPT
2026-08-06 04:20 NPT,53380cf,hospital,"TU Teaching Hospital, KTM",त्रिवि शिक्षण अस्पताल,open,95 beds,2026-08-06 04:20 NPT
2026-08-06 04:20 NPT,53380cf,hospital,"Patan Hospital, Lalitpur",पाटन अस्पताल,open,60 beds,2026-08-06 04:20 NPT
2026-08-06 04:20 NPT,53380cf,hospital,"Manipal College Hospital, PKR",मणिपाल अस्पताल,open,45 beds,2026-08-06 04:20 NPT
2026-08-06 04:20 NPT,53380cf,hospital,"Gandaki Medical College, PKR",गण्डकी अस्पताल,open,38 beds,2026-08-06 04:20 NPT
2026-08-06 04:20 NPT,53380cf,hospital,"BPKIHS, Dharan",बीपी कोइराला स्वास्थ्य,open,150 beds,2026-08-06 04:20 NPT
2026-08-06 04:20 NPT,53380cf,hospital,"Koshi Hospital, Biratnagar",कोशी अस्पताल,open,80 beds,2026-08-06 04:20 NPT
2026-08-06 04:20 NPT,53380cf,hospital,"Bheri Hospital, Nepalgunj",भेरी अस्पताल,open,70 beds,2026-08-06 04:20 NPT
2026-08-06 04:20 NPT,53380cf,hospital,Chitwan Medical College,चितवन मेडिकल कलेज,open,100 beds,2026-08-06 04:20 NPT
2026-08-06 04:20 NPT,53380cf,hospital,Lumbini Provincial Hospital,लुम्बिनी प्रादेशिक,open,110 beds,2026-08-06 04:20 NPT
2026-08-06 02:57 NPT,1375bef,road,NH01 – Mahendra Rajmarg,महेन्द्र राजमार्ग,open,,2026-08-06 02:57 NPT
2026-08-06 02:57 NPT,1375bef,road,NH02 – Mechi Rajmarg,मेची राजमार्ग,open,,2026-08-06 02:57 NPT
2026-08-06 02:57 NPT,1375bef,road,NH03 – Puspalal Hwy (Mid-Hill),पुष्पलाल राजमार्ग,open,,2026-08-06 02:57 NPT
2026-08-06 02:57 NPT,1375bef,road,NH04 – Birtamod-Chandragadhi,विर्तामोड–चन्द्रगढी,open,,2026-08-06 02:57 NPT
2026-08-06 02:57 NPT,1375bef,road,NH05 – Postal Hwy,हुलाकी राजमार्ग,open,,2026-08-06 02:57 NPT
2026-08-06 02:57 NPT,1375bef,road,NH06 – Koshi Rajmarg,कोशी राजमार्ग,open,,2026-08-06 02:57 NPT
2026-08-06 02:57 NPT,1375bef,road,NH08 – Sagarmatha Rajmarg,सगरमाथा राजमार्ग,open,,2026-08-06 02:57 NPT
2026-08-06 02:57 NPT,1375bef,road,NH09 – Madan Bhandari Hwy,मदन भण्डारी राजमार्ग,open,,2026-08-06 02:57 NPT
2026-08-06 02:57 NPT,1375bef,road,NH10 – Siddhartha Hwy,सिद्धार्थ राजमार्ग,open,,2026-08-06 02:57 NPT
2026-08-06 02:57 NPT,1375bef,road,NH11 – Rapti Rajmarg,राप्ती राजमार्ग,open,,2026-08-06 02:57 NPT
2026-08-06 02:57 NPT,1375bef,road,NH12 – Ratna Rajmarg,रत्न राजमार्ग,open,,2026-08-06 02:57 NPT
2026-08-06 02:57 NPT,1375bef,road,NH13 – Karnali Rajmarg,कर्णाली राजमार्ग,open,,2026-08-06 02:57 NPT
2026-08-06 02:57 NPT,1375bef,road,NH14 – Mahakali Rajmarg,महाकाली राजमार्ग,open,,2026-08-06 02:57 NPT
2026-08-06 02:57 NPT,1375bef,road,NH15 – Seti Rajmarg,सेती राजमार्ग,open,,2026-08-06 02:57 NPT
2026-08-06 02:57 NPT,1375bef,road,NH16 – Rapti-Lumbini Hwy,राप्ती-लुम्बिनी,open,,2026-08-06 02:57 NPT
2026-08-06 02:57 NPT,1375bef,road,NH34 – Araniko Hwy,अरनिको राजमार्ग,closed,"Landslide at Bhotekoshi-2, Sindhupalchok",2026-08-06 02:57 NPT
2026-08-06 02:57 NPT,1375bef,road,NH38 – BP Hwy,बीपी राजमार्ग,open,,2026-08-06 02:57 NPT
2026-08-06 02:57 NPT,1375bef,road,NH41 – Tribhuvan Hwy,त्रिभुवन राजमार्ग,partial,"Landslide at Bhimphedi-9, Makwanpur",2026-08-06 02:57 NPT
2026-08-06 02:57 NPT,1375bef,road,NH42 – Prithvi Hwy,पृथ्वी राजमार्ग,partial,"Landslide at Aanbookhaireni-2, Tanahu",2026-08-06 02:57 NPT
2026-08-06 02:57 NPT,1375bef,road,NH43 – Narayanghat-Mugling,नारायणगढ–मुग्लिन,open,,2026-08-06 02:57 NPT
2026-08-06 02:57 NPT,1375bef,airport,Tribhuvan Intl (KTM),त्रिभुवन अन्तर्राष्ट्रिय,open,Normal operations,2026-08-06 02:57 NPT
2026-08-06 02:57 NPT,1375bef,airport,Gautam Buddha Intl (BWA),गौतम बुद्ध विमानस्थल,open,,2026-08-06 02:57 NPT
2026-08-06 02:57 NPT,1375bef,airport,Pokhara Regional (PKR),पोखरा विमानस्थल,open,,2026-08-06 02:57 NPT
2026-08-06 02:57 NPT,1375bef,airport,Bharatpur (BHR),भरतपुर विमानस्थल,open,,2026-08-06 02:57 NPT
2026-08-06 02:57 NPT,1375bef,airport,Dhangadhi (DHI),धनगढी विमानस्थल,open,,2026-08-06 02:57 NPT
2026-08-06 02:57 NPT,1375bef,airport,Biratnagar (BIR),विराटनगर विमानस्थल,open,,2026-08-06 02:57 NPT
2026-08-06 02:57 NPT,1375bef,airport,Nepalgunj (KEP),नेपालगञ्ज विमानस्थल,open,,2026-08-06 02:57 NPT
2026-08-06 02:57 NPT,1375bef,airport,Chandragadhi (BDP),चन्द्रगढी विमानस्थल,open,,2026-08-06 02:57 NPT
2026-08-06 02:57 NPT,1375bef,airport,Janakpur (JKR),जनकपुर विमानस्थल,open,,2026-08-06 02:57 NPT
2026-08-06 02:57 NPT,1375bef,airport,Simara (SIF),सिमरा विमानस्थल,open,,2026-08-06 02:57 NPT
2026-08-06 02:57 NPT,1375bef,hospital,"Bir Hospital, Kathmandu",बीर अस्पताल,open,120 beds,2026-08-06 02:57 NPT
2026-08-06 02:57 NPT,1375bef,hospital,"TU Teaching Hospital, KTM",त्रिवि शिक्षण अस्पताल,open,95 beds,2026-08-06 02:57 NPT
2026-08-06 02:57 NPT,1375bef,hospital,"Patan Hospital, Lalitpur",पाटन अस्पताल,open,60 beds,2026-08-06 02:57 NPT
2026-08-06 02:57 NPT,1375bef,hospital,"Manipal College Hospital, PKR",मणिपाल अस्पताल,open,45 beds,2026-08-06 02:57 NPT
2026-08-06 02:57 NPT,1375bef,hospital,"Gandaki Medical College, PKR",गण्डकी अस्पताल,open,38 beds,2026-08-06 02:57 NPT
2026-08-06 02:57 NPT,1375bef,hospital,"BPKIHS, Dharan",बीपी कोइराला स्वास्थ्य,open,150 beds,2026-08-06 02:57 NPT
2026-08-06 02:57 NPT,1375bef,hospital,"Koshi Hospital, Biratnagar",कोशी अस्पताल,open,80 beds,2026-08-06 02:57 NPT
2026-08-06 02:57 NPT,1375bef,hospital,"Bheri Hospital, Nepalgunj",भेरी अस्पताल,open,70 beds,2026-08-06 02:57 NPT
2026-08-06 02:57 NPT,1375bef,hospital,Chitwan Medical College,चितवन मेडिकल कलेज,open,100 beds,2026-08-06 02:57 NPT
2026-08-06 02:57 NPT,1375bef,hospital,Lumbini Provincial Hospital,लुम्बिनी प्रादेशिक,open,110 beds,2026-08-06 02:57 NPT
2026-08-06 01:23 NPT,9995f90,road,NH01 – Mahendra Rajmarg,महेन्द्र राजमार्ग,open,,2026-08-06 01:23 NPT
2026-08-06 01:23 NPT,9995f90,road,NH02 – Mechi Rajmarg,मेची राजमार्ग,open,,2026-08-06 01:23 NPT
2026-08-06 01:23 NPT,9995f90,road,NH03 – Puspalal Hwy (Mid-Hill),पुष्पलाल राजमार्ग,open,,2026-08-06 01:23 NPT
2026-08-06 01:23 NPT,9995f90,road,NH04 – Birtamod-Chandragadhi,विर्तामोड–चन्द्रगढी,open,,2026-08-06 01:23 NPT
2026-08-06 01:23 NPT,9995f90,road,NH05 – Postal Hwy,हुलाकी राजमार्ग,open,,2026-08-06 01:23 NPT
2026-08-06 01:23 NPT,9995f90,road,NH06 – Koshi Rajmarg,कोशी राजमार्ग,open,,2026-08-06 01:23 NPT
2026-08-06 01:23 NPT,9995f90,road,NH08 – Sagarmatha Rajmarg,सगरमाथा राजमार्ग,open,,2026-08-06 01:23 NPT
2026-08-06 01:23 NPT,9995f90,road,NH09 – Madan Bhandari Hwy,मदन भण्डारी राजमार्ग,open,,2026-08-06 01:23 NPT
2026-08-06 01:23 NPT,9995f90,road,NH10 – Siddhartha Hwy,सिद्धार्थ राजमार्ग,open,,2026-08-06 01:23 NPT
2026-08-06 01:23 NPT,9995f90,road,NH11 – Rapti Rajmarg,राप्ती राजमार्ग,open,,2026-08-06 01:23 NPT
2026-08-06 01:23 NPT,9995f90,road,NH12 – Ratna Rajmarg,रत्न राजमार्ग,open,,2026-08-06 01:23 NPT
2026-08-06 01:23 NPT,9995f90,road,NH13 – Karnali Rajmarg,कर्णाली राजमार्ग,open,,2026-08-06 01:23 NPT
2026-08-06 01:23 NPT,9995f90,road,NH14 – Mahakali Rajmarg,महाकाली राजमार्ग,open,,2026-08-06 01:23 NPT
2026-08-06 01:23 NPT,9995f90,road,NH15 – Seti Rajmarg,सेती राजमार्ग,open,,2026-08-06 01:23 NPT
2026-08-06 01:23 NPT,9995f90,road,NH16 – Rapti-Lumbini Hwy,राप्ती-लुम्बिनी,open,,2026-08-06 01:23 NPT
2026-08-06 01:23 NPT,9995f90,road,NH34 – Araniko Hwy,अरनिको राजमार्ग,closed,"Landslide at Bhotekoshi-2, Sindhupalchok",2026-08-06 01:23 NPT
2026-08-06 01:23 NPT,9995f90,road,NH38 – BP Hwy,बीपी राजमार्ग,open,,2026-08-06 01:23 NPT
2026-08-06 01:23 NPT,9995f90,road,NH41 – Tribhuvan Hwy,त्रिभुवन राजमार्ग,partial,"Landslide at Bhimphedi-9, Makwanpur",2026-08-06 01:23 NPT
2026-08-06 01:23 NPT,9995f90,road,NH42 – Prithvi Hwy,पृथ्वी राजमार्ग,partial,"Landslide at Aanbookhaireni-2, Tanahu",2026-08-06 01:23 NPT
2026-08-06 01:23 NPT,9995f90,road,NH43 – Narayanghat-Mugling,नारायणगढ–मुग्लिन,open,,2026-08-06 01:23 NPT
2026-08-06 01:23 NPT,9995f90,airport,Tribhuvan Intl (KTM),त्रिभुवन अन्तर्राष्ट्रिय,open,Normal operations,2026-08-06 01:23 NPT
2026-08-06 01:23 NPT,9995f90,airport,Gautam Buddha Intl (BWA),गौतम बुद्ध विमानस्थल,open,,2026-08-06 01:23 NPT
2026-08-06 01:23 NPT,9995f90,airport,Pokhara Regional (PKR),पोखरा विमानस्थल,open,,2026-08-06 01:23 NPT
2026-08-06 01:23 NPT,9995f90,airport,Bharatpur (BHR),भरतपुर विमानस्थल,open,,2026-08-06 01:23 NPT
2026-08-06 01:23 NPT,9995f90,airport,Dhangadhi (DHI),धनगढी विमानस्थल,open,,2026-08-06 01:23 NPT
2026-08-06 01:23 NPT,9995f90,airport,Biratnagar (BIR),विराटनगर विमानस्थल,open,,2026-08-06 01:23 NPT
2026-08-06 01:23 NPT,9995f90,airport,Nepalgunj (KEP),नेपालगञ्ज विमानस्थल,open,,2026-08-06 01:23 NPT
2026-08-06 01:23 NPT,9995f90,airport,Chandragadhi (BDP),चन्द्रगढी विमानस्थल,open,,2026-08-06 01:23 NPT
2026-08-06 01:23 NPT,9995f90,airport,Janakpur (JKR),जनकपुर विमानस्थल,open,,2026-08-06 01:23 NPT
2026-08-06 01:23 NPT,9995f90,airport,Simara (SIF),सिमरा विमानस्थल,open,,2026-08-06 01:23 NPT
2026-08-06 01:23 NPT,9995f90,hospital,"Bir Hospital, Kathmandu",बीर अस्पताल,open,120 beds,2026-08-06 01:23 NPT
2026-08-06 01:23 NPT,9995f90,hospital,"TU Teaching Hospital, KTM",त्रिवि शिक्षण अस्पताल,open,95 beds,2026-08-06 01:23 NPT
2026-08-06 01:23 NPT,9995f90,hospital,"Patan Hospital, Lalitpur",पाटन अस्पताल,open,60 beds,2026-08-06 01:23 NPT
2026-08-06 01:23 NPT,9995f90,hospital,"Manipal College Hospital, PKR",मणिपाल अस्पताल,open,45 beds,2026-08-06 01:23 NPT
2026-08-06 01:23 NPT,9995f90,hospital,"Gandaki Medical College, PKR",गण्डकी अस्पताल,open,38 beds,2026-08-06 01:23 NPT
2026-08-06 01:23 NPT,9995f90,hospital,"BPKIHS, Dharan",बीपी कोइराला स्वास्थ्य,open,150 beds,2026-08-06 01:23 NPT
2026-08-06 01:23 NPT,9995f90,hospital,"Koshi Hospital, Biratnagar",कोशी अस्पताल,open,80 beds,2026-08-06 01:23 NPT
2026-08-06 01:23 NPT,9995f90,hospital,"Bheri Hospital, Nepalgunj",भेरी अस्पताल,open,70 beds,2026-08-06 01:23 NPT
2026-08-06 01:23 NPT,9995f90,hospital,Chitwan Medical College,चितवन मेडिकल कलेज,open,100 beds,2026-08-06 01:23 NPT
2026-08-06 01:23 NPT,9995f90,hospital,Lumbini Provincial Hospital,लुम्बिनी प्रादेशिक,open,110 beds,2026-08-06 01:23 NPT
2026-08-05 23:26 NPT,9b1c9ee,road,NH01 – Mahendra Rajmarg,महेन्द्र राजमार्ग,open,,2026-08-05 23:26 NPT
2026-08-05 23:26 NPT,9b1c9ee,road,NH02 – Mechi Rajmarg,मेची राजमार्ग,open,,2026-08-05 23:26 NPT
2026-08-05 23:26 NPT,9b1c9ee,road,NH03 – Puspalal Hwy (Mid-Hill),पुष्पलाल राजमार्ग,open,,2026-08-05 23:26 NPT
2026-08-05 23:26 NPT,9b1c9ee,road,NH04 – Birtamod-Chandragadhi,विर्तामोड–चन्द्रगढी,open,,2026-08-05 23:26 NPT
2026-08-05 23:26 NPT,9b1c9ee,road,NH05 – Postal Hwy,हुलाकी राजमार्ग,open,,2026-08-05 23:26 NPT
2026-08-05 23:26 NPT,9b1c9ee,road,NH06 – Koshi Rajmarg,कोशी राजमार्ग,open,,2026-08-05 23:26 NPT
2026-08-05 23:26 NPT,9b1c9ee,road,NH08 – Sagarmatha Rajmarg,सगरमाथा राजमार्ग,open,,2026-08-05 23:26 NPT
2026-08-05 23:26 NPT,9b1c9ee,road,NH09 – Madan Bhandari Hwy,मदन भण्डारी राजमार्ग,open,,2026-08-05 23:26 NPT
2026-08-05 23:26 NPT,9b1c9ee,road,NH10 – Siddhartha Hwy,सिद्धार्थ राजमार्ग,open,,2026-08-05 23:26 NPT
2026-08-05 23:26 NPT,9b1c9ee,road,NH11 – Rapti Rajmarg,राप्ती राजमार्ग,open,,2026-08-05 23:26 NPT
2026-08-05 23:26 NPT,9b1c9ee,road,NH12 – Ratna Rajmarg,रत्न राजमार्ग,open,,2026-08-05 23:26 NPT
2026-08-05 23:26 NPT,9b1c9ee,road,NH13 – Karnali Rajmarg,कर्णाली राजमार्ग,open,,2026-08-05 23:26 NPT
2026-08-05 23:26 NPT,9b1c9ee,road,NH14 – Mahakali Rajmarg,महाकाली राजमार्ग,open,,2026-08-05 23:26 NPT
2026-08-05 23:26 NPT,9b1c9ee,road,NH15 – Seti Rajmarg,सेती राजमार्ग,open,,2026-08-05 23:26 NPT
2026-08-05 23:26 NPT,9b1c9ee,road,NH16 – Rapti-Lumbini Hwy,राप्ती-लुम्बिनी,open,,2026-08-05 23:26 NPT
2026-08-05 23:26 NPT,9b1c9ee,road,NH34 – Araniko Hwy,अरनिको राजमार्ग,closed,"Landslide at Bhotekoshi-2, Sindhupalchok",2026-08-05 23:26 NPT
2026-08-05 23:26 NPT,9b1c9ee,road,NH38 – BP Hwy,बीपी राजमार्ग,open,,2026-08-05 23:26 NPT
2026-08-05 23:26 NPT,9b1c9ee,road,NH41 – Tribhuvan Hwy,त्रिभुवन राजमार्ग,partial,"Landslide at Bhimphedi-9, Makwanpur",2026-08-05 23:26 NPT
2026-08-05 23:26 NPT,9b1c9ee,road,NH42 – Prithvi Hwy,पृथ्वी राजमार्ग,partial,"Landslide at Aanbookhaireni-2, Tanahu",2026-08-05 23:26 NPT
2026-08-05 23:26 NPT,9b1c9ee,road,NH43 – Narayanghat-Mugling,नारायणगढ–मुग्लिन,open,,2026-08-05 23:26 NPT
2026-08-05 23:26 NPT,9b1c9ee,airport,Tribhuvan Intl (KTM),त्रिभुवन अन्तर्राष्ट्रिय,open,Normal operations,2026-08-05 23:26 NPT
2026-08-05 23:26 NPT,9b1c9ee,airport,Gautam Buddha Intl (BWA),गौतम बुद्ध विमानस्थल,open,,2026-08-05 23:26 NPT
2026-08-05 23:26 NPT,9b1c9ee,airport,Pokhara Regional (PKR),पोखरा विमानस्थल,open,,2026-08-05 23:26 NPT
2026-08-05 23:26 NPT,9b1c9ee,airport,Bharatpur (BHR),भरतपुर विमानस्थल,open,,2026-08-05 23:26 NPT
2026-08-05 23:26 NPT,9b1c9ee,airport,Dhangadhi (DHI),धनगढी विमानस्थल,open,,2026-08-05 23:26 NPT
2026-08-05 23:26 NPT,9b1c9ee,airport,Biratnagar (BIR),विराटनगर विमानस्थल,open,,2026-08-05 23:26 NPT
2026-08-05 23:26 NPT,9b1c9ee,airport,Nepalgunj (KEP),नेपालगञ्ज विमानस्थल,open,,2026-08-05 23:26 NPT
2026-08-05 23:26 NPT,9b1c9ee,airport,Chandragadhi (BDP),चन्द्रगढी विमानस्थल,open,,2026-08-05 23:26 NPT
2026-08-05 23:26 NPT,9b1c9ee,airport,Janakpur (JKR),जनकपुर विमानस्थल,open,,2026-08-05 23:26 NPT
2026-08-05 23:26 NPT,9b1c9ee,airport,Simara (SIF),सिमरा विमानस्थल,open,,2026-08-05 23:26 NPT
2026-08-05 23:26 NPT,9b1c9ee,hospital,"Bir Hospital, Kathmandu",बीर अस्पताल,open,120 beds,2026-08-05 23:26 NPT
2026-08-05 23:26 NPT,9b1c9ee,hospital,"TU Teaching Hospital, KTM",त्रिवि शिक्षण अस्पताल,open,95 beds,2026-08-05 23:26 NPT
2026-08-05 23:26 NPT,9b1c9ee,hospital,"Patan Hospital, Lalitpur",पाटन अस्पताल,open,60 beds,2026-08-05 23:26 NPT
2026-08-05 23:26 NPT,9b1c9ee,hospital,"Manipal College Hospital, PKR",मणिपाल अस्पताल,open,45 beds,2026-08-05 23:26 NPT
2026-08-05 23:26 NPT,9b1c9ee,hospital,"Gandaki Medical College, PKR",गण्डकी अस्पताल,open,38 beds,2026-08-05 23:26 NPT
2026-08-05 23:26 NPT,9b1c9ee,hospital,"BPKIHS, Dharan",बीपी कोइराला स्वास्थ्य,open,150 beds,2026-08-05 23:26 NPT
2026-08-05 23:26 NPT,9b1c9ee,hospital,"Koshi Hospital, Biratnagar",कोशी अस्पताल,open,80 beds,2026-08-05 23:26 NPT
2026-08-05 23:26 NPT,9b1c9ee,hospital,"Bheri Hospital, Nepalgunj",भेरी अस्पताल,open,70 beds,2026-08-05 23:26 NPT
2026-08-05 23:26 NPT,9b1c9ee,hospital,Chitwan Medical College,चितवन मेडिकल कलेज,open,100 beds,2026-08-05 23:26 NPT
2026-08-05 23:26 NPT,9b1c9ee,hospital,Lumbini Provincial Hospital,लुम्बिनी प्रादेशिक,open,110 beds,2026-08-05 23:26 NPT
2026-08-05 21:23 NPT,4c57a3d,road,NH01 – Mahendra Rajmarg,महेन्द्र राजमार्ग,open,,2026-08-05 21:23 NPT
2026-08-05 21:23 NPT,4c57a3d,road,NH02 – Mechi Rajmarg,मेची राजमार्ग,open,,2026-08-05 21:23 NPT
2026-08-05 21:23 NPT,4c57a3d,road,NH03 – Puspalal Hwy (Mid-Hill),पुष्पलाल राजमार्ग,open,,2026-08-05 21:23 NPT
2026-08-05 21:23 NPT,4c57a3d,road,NH04 – Birtamod-Chandragadhi,विर्तामोड–चन्द्रगढी,open,,2026-08-05 21:23 NPT
2026-08-05 21:23 NPT,4c57a3d,road,NH05 – Postal Hwy,हुलाकी राजमार्ग,open,,2026-08-05 21:23 NPT
2026-08-05 21:23 NPT,4c57a3d,road,NH06 – Koshi Rajmarg,कोशी राजमार्ग,open,,2026-08-05 21:23 NPT
2026-08-05 21:23 NPT,4c57a3d,road,NH08 – Sagarmatha Rajmarg,सगरमाथा राजमार्ग,open,,2026-08-05 21:23 NPT
2026-08-05 21:23 NPT,4c57a3d,road,NH09 – Madan Bhandari Hwy,मदन भण्डारी राजमार्ग,open,,2026-08-05 21:23 NPT
2026-08-05 21:23 NPT,4c57a3d,road,NH10 – Siddhartha Hwy,सिद्धार्थ राजमार्ग,open,,2026-08-05 21:23 NPT
2026-08-05 21:23 NPT,4c57a3d,road,NH11 – Rapti Rajmarg,राप्ती राजमार्ग,open,,2026-08-05 21:23 NPT
2026-08-05 21:23 NPT,4c57a3d,road,NH12 – Ratna Rajmarg,रत्न राजमार्ग,open,,2026-08-05 21:23 NPT
2026-08-05 21:23 NPT,4c57a3d,road,NH13 – Karnali Rajmarg,कर्णाली राजमार्ग,open,,2026-08-05 21:23 NPT
2026-08-05 21:23 NPT,4c57a3d,road,NH14 – Mahakali Rajmarg,महाकाली राजमार्ग,open,,2026-08-05 21:23 NPT
2026-08-05 21:23 NPT,4c57a3d,road,NH15 – Seti Rajmarg,सेती राजमार्ग,open,,2026-08-05 21:23 NPT
2026-08-05 21:23 NPT,4c57a3d,road,NH16 – Rapti-Lumbini Hwy,राप्ती-लुम्बिनी,open,,2026-08-05 21:23 NPT
2026-08-05 21:23 NPT,4c57a3d,road,NH34 – Araniko Hwy,अरनिको राजमार्ग,closed,"Landslide at Bhotekoshi-2, Sindhupalchok",2026-08-05 21:23 NPT
2026-08-05 21:23 NPT,4c57a3d,road,NH38 – BP Hwy,बीपी राजमार्ग,open,,2026-08-05 21:23 NPT
2026-08-05 21:23 NPT,4c57a3d,road,NH41 – Tribhuvan Hwy,त्रिभुवन राजमार्ग,partial,"Landslide at Bhimphedi-9, Makwanpur",2026-08-05 21:23 NPT
2026-08-05 21:23 NPT,4c57a3d,road,NH42 – Prithvi Hwy,पृथ्वी राजमार्ग,partial,"Landslide at Aanbookhaireni-2, Tanahu",2026-08-05 21:23 NPT
2026-08-05 21:23 NPT,4c57a3d,road,NH43 – Narayanghat-Mugling,नारायणगढ–मुग्लिन,open,,2026-08-05 21:23 NPT
2026-08-05 21:23 NPT,4c57a3d,airport,Tribhuvan Intl (KTM),त्रिभुवन अन्तर्राष्ट्रिय,open,Normal operations,2026-08-05 21:23 NPT
2026-08-05 21:23 NPT,4c57a3d,airport,Gautam Buddha Intl (BWA),गौतम बुद्ध विमानस्थल,open,,2026-08-05 21:23 NPT
2026-08-05 21:23 NPT,4c57a3d,airport,Pokhara Regional (PKR),पोखरा विमानस्थल,open,,2026-08-05 21:23 NPT
2026-08-05 21:23 NPT,4c57a3d,airport,Bharatpur (BHR),भरतपुर विमानस्थल,open,,2026-08-05 21:23 NPT
2026-08-05 21:23 NPT,4c57a3d,airport,Dhangadhi (DHI),धनगढी विमानस्थल,open,,2026-08-05 21:23 NPT
2026-08-05 21:23 NPT,4c57a3d,airport,Biratnagar (BIR),विराटनगर विमानस्थल,open,,2026-08-05 21:23 NPT
2026-08-05 21:23 NPT,4c57a3d,airport,Nepalgunj (KEP),नेपालगञ्ज विमानस्थल,open,,2026-08-05 21:23 NPT
2026-08-05 21:23 NPT,4c57a3d,airport,Chandragadhi (BDP),चन्द्रगढी विमानस्थल,open,,2026-08-05 21:23 NPT
2026-08-05 21:23 NPT,4c57a3d,airport,Janakpur (JKR),जनकपुर विमानस्थल,open,,2026-08-05 21:23 NPT
2026-08-05 21:23 NPT,4c57a3d,airport,Simara (SIF),सिमरा विमानस्थल,open,,2026-08-05 21:23 NPT
2026-08-05 21:23 NPT,4c57a3d,hospital,"Bir Hospital, Kathmandu",बीर अस्पताल,open,120 beds,2026-08-05 21:23 NPT
2026-08-05 21:23 NPT,4c57a3d,hospital,"TU Teaching Hospital, KTM",त्रिवि शिक्षण अस्पताल,open,95 beds,2026-08-05 21:23 NPT
2026-08-05 21:23 NPT,4c57a3d,hospital,"Patan Hospital, Lalitpur",पाटन अस्पताल,open,60 beds,2026-08-05 21:23 NPT
2026-08-05 21:23 NPT,4c57a3d,hospital,"Manipal College Hospital, PKR",मणिपाल अस्पताल,open,45 beds,2026-08-05 21:23 NPT
2026-08-05 21:23 NPT,4c57a3d,hospital,"Gandaki Medical College, PKR",गण्डकी अस्पताल,open,38 beds,2026-08-05 21:23 NPT
2026-08-05 21:23 NPT,4c57a3d,hospital,"BPKIHS, Dharan",बीपी कोइराला स्वास्थ्य,open,150 beds,2026-08-05 21:23 NPT
2026-08-05 21:23 NPT,4c57a3d,hospital,"Koshi Hospital, Biratnagar",कोशी अस्पताल,open,80 beds,2026-08-05 21:23 NPT
2026-08-05 21:23 NPT,4c57a3d,hospital,"Bheri Hospital, Nepalgunj",भेरी अस्पताल,open,70 beds,2026-08-05 21:23 NPT
2026-08-05 21:23 NPT,4c57a3d,hospital,Chitwan Medical College,चितवन मेडिकल कलेज,open,100 beds,2026-08-05 21:23 NPT
2026-08-05 21:23 NPT,4c57a3d,hospital,Lumbini Provincial Hospital,लुम्बिनी प्रादेशिक,open,110 beds,2026-08-05 21:23 NPT
2026-08-05 18:56 NPT,a75db65,road,NH01 – Mahendra Rajmarg,महेन्द्र राजमार्ग,open,,2026-08-05 18:56 NPT
2026-08-05 18:56 NPT,a75db65,road,NH02 – Mechi Rajmarg,मेची राजमार्ग,open,,2026-08-05 18:56 NPT
2026-08-05 18:56 NPT,a75db65,road,NH03 – Puspalal Hwy (Mid-Hill),पुष्पलाल राजमार्ग,closed,"Landslide at Chaurjahari-8, Rukum West",2026-08-05 18:56 NPT
2026-08-05 18:56 NPT,a75db65,road,NH04 – Birtamod-Chandragadhi,विर्तामोड–चन्द्रगढी,open,,2026-08-05 18:56 NPT
2026-08-05 18:56 NPT,a75db65,road,NH05 – Postal Hwy,हुलाकी राजमार्ग,open,,2026-08-05 18:56 NPT
2026-08-05 18:56 NPT,a75db65,road,NH06 – Koshi Rajmarg,कोशी राजमार्ग,open,,2026-08-05 18:56 NPT
2026-08-05 18:56 NPT,a75db65,road,NH08 – Sagarmatha Rajmarg,सगरमाथा राजमार्ग,open,,2026-08-05 18:56 NPT
2026-08-05 18:56 NPT,a75db65,road,NH09 – Madan Bhandari Hwy,मदन भण्डारी राजमार्ग,open,,2026-08-05 18:56 NPT
2026-08-05 18:56 NPT,a75db65,road,NH10 – Siddhartha Hwy,सिद्धार्थ राजमार्ग,open,,2026-08-05 18:56 NPT
2026-08-05 18:56 NPT,a75db65,road,NH11 – Rapti Rajmarg,राप्ती राजमार्ग,open,,2026-08-05 18:56 NPT
2026-08-05 18:56 NPT,a75db65,road,NH12 – Ratna Rajmarg,रत्न राजमार्ग,open,,2026-08-05 18:56 NPT
2026-08-05 18:56 NPT,a75db65,road,NH13 – Karnali Rajmarg,कर्णाली राजमार्ग,open,,2026-08-05 18:56 NPT
2026-08-05 18:56 NPT,a75db65,road,NH14 – Mahakali Rajmarg,महाकाली राजमार्ग,open,,2026-08-05 18:56 NPT
2026-08-05 18:56 NPT,a75db65,road,NH15 – Seti Rajmarg,सेती राजमार्ग,open,,2026-08-05 18:56 NPT
2026-08-05 18:56 NPT,a75db65,road,NH16 – Rapti-Lumbini Hwy,राप्ती-लुम्बिनी,open,,2026-08-05 18:56 NPT
2026-08-05 18:56 NPT,a75db65,road,NH34 – Araniko Hwy,अरनिको राजमार्ग,closed,"Landslide at Bhotekoshi-2, Sindhupalchok",2026-08-05 18:56 NPT
2026-08-05 18:56 NPT,a75db65,road,NH38 – BP Hwy,बीपी राजमार्ग,open,,2026-08-05 18:56 NPT
2026-08-05 18:56 NPT,a75db65,road,NH41 – Tribhuvan Hwy,त्रिभुवन राजमार्ग,partial,"Landslide at Bhimphedi-9, Makwanpur",2026-08-05 18:56 NPT
2026-08-05 18:56 NPT,a75db65,road,NH42 – Prithvi Hwy,पृथ्वी राजमार्ग,partial,"Landslide at Aanbookhaireni-2, Tanahu",2026-08-05 18:56 NPT
2026-08-05 18:56 NPT,a75db65,road,NH43 – Narayanghat-Mugling,नारायणगढ–मुग्लिन,open,,2026-08-05 18:56 NPT
2026-08-05 18:56 NPT,a75db65,airport,Tribhuvan Intl (KTM),त्रिभुवन अन्तर्राष्ट्रिय,open,Normal operations,2026-08-05 18:56 NPT
2026-08-05 18:56 NPT,a75db65,airport,Gautam Buddha Intl (BWA),गौतम बुद्ध विमानस्थल,open,,2026-08-05 18:56 NPT
2026-08-05 18:56 NPT,a75db65,airport,Pokhara Regional (PKR),पोखरा विमानस्थल,open,,2026-08-05 18:56 NPT
2026-08-05 18:56 NPT,a75db65,airport,Bharatpur (BHR),भरतपुर विमानस्थल,open,,2026-08-05 18:56 NPT
2026-08-05 18:56 NPT,a75db65,airport,Dhangadhi (DHI),धनगढी विमानस्थल,open,,2026-08-05 18:56 NPT
2026-08-05 18:56 NPT,a75db65,airport,Biratnagar (BIR),विराटनगर विमानस्थल,open,,2026-08-05 18:56 NPT
2026-08-05 18:56 NPT,a75db65,airport,Nepalgunj (KEP),नेपालगञ्ज विमानस्थल,open,,2026-08-05 18:56 NPT
2026-08-05 18:56 NPT,a75db65,airport,Chandragadhi (BDP),चन्द्रगढी विमानस्थल,open,,2026-08-05 18:56 NPT
2026-08-05 18:56 NPT,a75db65,airport,Janakpur (JKR),जनकपुर विमानस्थल,open,,2026-08-05 18:56 NPT
2026-08-05 18:56 NPT,a75db65,airport,Simara (SIF),सिमरा विमानस्थल,open,,2026-08-05 18:56 NPT
2026-08-05 18:56 NPT,a75db65,hospital,"Bir Hospital, Kathmandu",बीर अस्पताल,open,120 beds,2026-08-05 18:56 NPT
2026-08-05 18:56 NPT,a75db65,hospital,"TU Teaching Hospital, KTM",त्रिवि शिक्षण अस्पताल,open,95 beds,2026-08-05 18:56 NPT
2026-08-05 18:56 NPT,a75db65,hospital,"Patan Hospital, Lalitpur",पाटन अस्पताल,open,60 beds,2026-08-05 18:56 NPT
2026-08-05 18:56 NPT,a75db65,hospital,"Manipal College Hospital, PKR",मणिपाल अस्पताल,open,45 beds,2026-08-05 18:56 NPT
2026-08-05 18:56 NPT,a75db65,hospital,"Gandaki Medical College, PKR",गण्डकी अस्पताल,open,38 beds,2026-08-05 18:56 NPT
2026-08-05 18:56 NPT,a75db65,hospital,"BPKIHS, Dharan",बीपी कोइराला स्वास्थ्य,open,150 beds,2026-08-05 18:56 NPT
2026-08-05 18:56 NPT,a75db65,hospital,"Koshi Hospital, Biratnagar",कोशी अस्पताल,open,80 beds,2026-08-05 18:56 NPT
2026-08-05 18:56 NPT,a75db65,hospital,"Bheri Hospital, Nepalgunj",भेरी अस्पताल,open,70 beds,2026-08-05 18:56 NPT
2026-08-05 18:56 NPT,a75db65,hospital,Chitwan Medical College,चितवन मेडिकल कलेज,open,100 beds,2026-08-05 18:56 NPT
2026-08-05 18:56 NPT,a75db65,hospital,Lumbini Provincial Hospital,लुम्बिनी प्रादेशिक,open,110 beds,2026-08-05 18:56 NPT
2026-08-05 17:07 NPT,7131a37,road,NH01 – Mahendra Rajmarg,महेन्द्र राजमार्ग,open,,2026-08-05 17:07 NPT
2026-08-05 17:07 NPT,7131a37,road,NH02 – Mechi Rajmarg,मेची राजमार्ग,open,,2026-08-05 17:07 NPT
2026-08-05 17:07 NPT,7131a37,road,NH03 – Puspalal Hwy (Mid-Hill),पुष्पलाल राजमार्ग,open,,2026-08-05 17:07 NPT
2026-08-05 17:07 NPT,7131a37,road,NH04 – Birtamod-Chandragadhi,विर्तामोड–चन्द्रगढी,open,,2026-08-05 17:07 NPT
2026-08-05 17:07 NPT,7131a37,road,NH05 – Postal Hwy,हुलाकी राजमार्ग,open,,2026-08-05 17:07 NPT
2026-08-05 17:07 NPT,7131a37,road,NH06 – Koshi Rajmarg,कोशी राजमार्ग,open,,2026-08-05 17:07 NPT
2026-08-05 17:07 NPT,7131a37,road,NH08 – Sagarmatha Rajmarg,सगरमाथा राजमार्ग,open,,2026-08-05 17:07 NPT
2026-08-05 17:07 NPT,7131a37,road,NH09 – Madan Bhandari Hwy,मदन भण्डारी राजमार्ग,open,,2026-08-05 17:07 NPT
2026-08-05 17:07 NPT,7131a37,road,NH10 – Siddhartha Hwy,सिद्धार्थ राजमार्ग,open,,2026-08-05 17:07 NPT
2026-08-05 17:07 NPT,7131a37,road,NH11 – Rapti Rajmarg,राप्ती राजमार्ग,open,,2026-08-05 17:07 NPT
2026-08-05 17:07 NPT,7131a37,road,NH12 – Ratna Rajmarg,रत्न राजमार्ग,open,,2026-08-05 17:07 NPT
2026-08-05 17:07 NPT,7131a37,road,NH13 – Karnali Rajmarg,कर्णाली राजमार्ग,open,,2026-08-05 17:07 NPT
2026-08-05 17:07 NPT,7131a37,road,NH14 – Mahakali Rajmarg,महाकाली राजमार्ग,open,,2026-08-05 17:07 NPT
2026-08-05 17:07 NPT,7131a37,road,NH15 – Seti Rajmarg,सेती राजमार्ग,open,,2026-08-05 17:07 NPT
2026-08-05 17:07 NPT,7131a37,road,NH16 – Rapti-Lumbini Hwy,राप्ती-लुम्बिनी,open,,2026-08-05 17:07 NPT
2026-08-05 17:07 NPT,7131a37,road,NH34 – Araniko Hwy,अरनिको राजमार्ग,closed,"Landslide at Bhotekoshi-2, Sindhupalchok",2026-08-05 17:07 NPT
2026-08-05 17:07 NPT,7131a37,road,NH38 – BP Hwy,बीपी राजमार्ग,open,,2026-08-05 17:07 NPT
2026-08-05 17:07 NPT,7131a37,road,NH41 – Tribhuvan Hwy,त्रिभुवन राजमार्ग,partial,"Landslide at Bhimphedi-9, Makwanpur",2026-08-05 17:07 NPT
2026-08-05 17:07 NPT,7131a37,road,NH42 – Prithvi Hwy,पृथ्वी राजमार्ग,partial,"Landslide at Aanbookhaireni-2, Tanahu",2026-08-05 17:07 NPT
2026-08-05 17:07 NPT,7131a37,road,NH43 – Narayanghat-Mugling,नारायणगढ–मुग्लिन,open,,2026-08-05 17:07 NPT
2026-08-05 17:07 NPT,7131a37,airport,Tribhuvan Intl (KTM),त्रिभुवन अन्तर्राष्ट्रिय,open,Normal operations,2026-08-05 17:07 NPT
2026-08-05 17:07 NPT,7131a37,airport,Gautam Buddha Intl (BWA),गौतम बुद्ध विमानस्थल,open,,2026-08-05 17:07 NPT
2026-08-05 17:07 NPT,7131a37,airport,Pokhara Regional (PKR),पोखरा विमानस्थल,open,,2026-08-05 17:07 NPT
2026-08-05 17:07 NPT,7131a37,airport,Bharatpur (BHR),भरतपुर विमानस्थल,open,,2026-08-05 17:07 NPT
2026-08-05 17:07 NPT,7131a37,airport,Dhangadhi (DHI),धनगढी विमानस्थल,open,,2026-08-05 17:07 NPT
2026-08-05 17:07 NPT,7131a37,airport,Biratnagar (BIR),विराटनगर विमानस्थल,open,,2026-08-05 17:07 NPT
2026-08-05 17:07 NPT,7131a37,airport,Nepalgunj (KEP),नेपालगञ्ज विमानस्थल,open,,2026-08-05 17:07 NPT
2026-08-05 17:07 NPT,7131a37,airport,Chandragadhi (BDP),चन्द्रगढी विमानस्थल,open,,2026-08-05 17:07 NPT
2026-08-05 17:07 NPT,7131a37,airport,Janakpur (JKR),जनकपुर विमानस्थल,open,,2026-08-05 17:07 NPT
2026-08-05 17:07 NPT,7131a37,airport,Simara (SIF),सिमरा विमानस्थल,open,,2026-08-05 17:07 NPT
2026-08-05 17:07 NPT,7131a37,hospital,"Bir Hospital, Kathmandu",बीर अस्पताल,open,120 beds,2026-08-05 17:07 NPT
2026-08-05 17:07 NPT,7131a37,hospital,"TU Teaching Hospital, KTM",त्रिवि शिक्षण अस्पताल,open,95 beds,2026-08-05 17:07 NPT
2026-08-05 17:07 NPT,7131a37,hospital,"Patan Hospital, Lalitpur",पाटन अस्पताल,open,60 beds,2026-08-05 17:07 NPT
2026-08-05 17:07 NPT,7131a37,hospital,"Manipal College Hospital, PKR",मणिपाल अस्पताल,open,45 beds,2026-08-05 17:07 NPT
2026-08-05 17:07 NPT,7131a37,hospital,"Gandaki Medical College, PKR",गण्डकी अस्पताल,open,38 beds,2026-08-05 17:07 NPT
2026-08-05 17:07 NPT,7131a37,hospital,"BPKIHS, Dharan",बीपी कोइराला स्वास्थ्य,open,150 beds,2026-08-05 17:07 NPT
2026-08-05 17:07 NPT,7131a37,hospital,"Koshi Hospital, Biratnagar",कोशी अस्पताल,open,80 beds,2026-08-05 17:07 NPT
2026-08-05 17:07 NPT,7131a37,hospital,"Bheri Hospital, Nepalgunj",भेरी अस्पताल,open,70 beds,2026-08-05 17:07 NPT
2026-08-05 17:07 NPT,7131a37,hospital,Chitwan Medical College,चितवन मेडिकल कलेज,open,100 beds,2026-08-05 17:07 NPT
2026-08-05 17:07 NPT,7131a37,hospital,Lumbini Provincial Hospital,लुम्बिनी प्रादेशिक,open,110 beds,2026-08-05 17:07 NPT
2026-08-05 14:24 NPT,f67a096,road,NH01 – Mahendra Rajmarg,महेन्द्र राजमार्ग,open,,2026-08-05 14:24 NPT
2026-08-05 14:24 NPT,f67a096,road,NH02 – Mechi Rajmarg,मेची राजमार्ग,open,,2026-08-05 14:24 NPT
2026-08-05 14:24 NPT,f67a096,road,NH03 – Puspalal Hwy (Mid-Hill),पुष्पलाल राजमार्ग,open,,2026-08-05 14:24 NPT
2026-08-05 14:24 NPT,f67a096,road,NH04 – Birtamod-Chandragadhi,विर्तामोड–चन्द्रगढी,open,,2026-08-05 14:24 NPT
2026-08-05 14:24 NPT,f67a096,road,NH05 – Postal Hwy,हुलाकी राजमार्ग,open,,2026-08-05 14:24 NPT
2026-08-05 14:24 NPT,f67a096,road,NH06 – Koshi Rajmarg,कोशी राजमार्ग,open,,2026-08-05 14:24 NPT
2026-08-05 14:24 NPT,f67a096,road,NH08 – Sagarmatha Rajmarg,सगरमाथा राजमार्ग,open,,2026-08-05 14:24 NPT
2026-08-05 14:24 NPT,f67a096,road,NH09 – Madan Bhandari Hwy,मदन भण्डारी राजमार्ग,open,,2026-08-05 14:24 NPT
2026-08-05 14:24 NPT,f67a096,road,NH10 – Siddhartha Hwy,सिद्धार्थ राजमार्ग,open,,2026-08-05 14:24 NPT
2026-08-05 14:24 NPT,f67a096,road,NH11 – Rapti Rajmarg,राप्ती राजमार्ग,open,,2026-08-05 14:24 NPT
2026-08-05 14:24 NPT,f67a096,road,NH12 – Ratna Rajmarg,रत्न राजमार्ग,open,,2026-08-05 14:24 NPT
2026-08-05 14:24 NPT,f67a096,road,NH13 – Karnali Rajmarg,कर्णाली राजमार्ग,open,,2026-08-05 14:24 NPT
2026-08-05 14:24 NPT,f67a096,road,NH14 – Mahakali Rajmarg,महाकाली राजमार्ग,open,,2026-08-05 14:24 NPT
2026-08-05 14:24 NPT,f67a096,road,NH15 – Seti Rajmarg,सेती राजमार्ग,open,,2026-08-05 14:24 NPT
2026-08-05 14:24 NPT,f67a096,road,NH16 – Rapti-Lumbini Hwy,राप्ती-लुम्बिनी,open,,2026-08-05 14:24 NPT
2026-08-05 14:24 NPT,f67a096,road,NH34 – Araniko Hwy,अरनिको राजमार्ग,closed,"Landslide at Bhotekoshi-2, Sindhupalchok",2026-08-05 14:24 NPT
2026-08-05 14:24 NPT,f67a096,road,NH38 – BP Hwy,बीपी राजमार्ग,open,,2026-08-05 14:24 NPT
2026-08-05 14:24 NPT,f67a096,road,NH41 – Tribhuvan Hwy,त्रिभुवन राजमार्ग,partial,"Landslide at Bhimphedi-9, Makwanpur",2026-08-05 14:24 NPT
2026-08-05 14:24 NPT,f67a096,road,NH42 – Prithvi Hwy,पृथ्वी राजमार्ग,partial,"Landslide at Aanbookhaireni-2, Tanahu",2026-08-05 14:24 NPT
2026-08-05 14:24 NPT,f67a096,road,NH43 – Narayanghat-Mugling,नारायणगढ–मुग्लिन,open,,2026-08-05 14:24 NPT
2026-08-05 14:24 NPT,f67a096,airport,Tribhuvan Intl (KTM),त्रिभुवन अन्तर्राष्ट्रिय,open,Normal operations,2026-08-05 14:24 NPT
2026-08-05 14:24 NPT,f67a096,airport,Gautam Buddha Intl (BWA),गौतम बुद्ध विमानस्थल,open,,2026-08-05 14:24 NPT
2026-08-05 14:24 NPT,f67a096,airport,Pokhara Regional (PKR),पोखरा विमानस्थल,open,,2026-08-05 14:24 NPT
2026-08-05 14:24 NPT,f67a096,airport,Bharatpur (BHR),भरतपुर विमानस्थल,open,,2026-08-05 14:24 NPT
2026-08-05 14:24 NPT,f67a096,airport,Dhangadhi (DHI),धनगढी विमानस्थल,open,,2026-08-05 14:24 NPT
2026-08-05 14:24 NPT,f67a096,airport,Biratnagar (BIR),विराटनगर विमानस्थल,open,,2026-08-05 14:24 NPT
2026-08-05 14:24 NPT,f67a096,airport,Nepalgunj (KEP),नेपालगञ्ज विमानस्थल,open,,2026-08-05 14:24 NPT
2026-08-05 14:24 NPT,f67a096,airport,Chandragadhi (BDP),चन्द्रगढी विमानस्थल,open,,2026-08-05 14:24 NPT
2026-08-05 14:24 NPT,f67a096,airport,Janakpur (JKR),जनकपुर विमानस्थल,open,,2026-08-05 14:24 NPT
2026-08-05 14:24 NPT,f67a096,airport,Simara (SIF),सिमरा विमानस्थल,open,,2026-08-05 14:24 NPT
2026-08-05 14:24 NPT,f67a096,hospital,"Bir Hospital, Kathmandu",बीर अस्पताल,open,120 beds,2026-08-05 14:24 NPT
2026-08-05 14:24 NPT,f67a096,hospital,"TU Teaching Hospital, KTM",त्रिवि शिक्षण अस्पताल,open,95 beds,2026-08-05 14:24 NPT
2026-08-05 14:24 NPT,f67a096,hospital,"Patan Hospital, Lalitpur",पाटन अस्पताल,open,60 beds,2026-08-05 14:24 NPT
2026-08-05 14:24 NPT,f67a096,hospital,"Manipal College Hospital, PKR",मणिपाल अस्पताल,open,45 beds,2026-08-05 14:24 NPT
2026-08-05 14:24 NPT,f67a096,hospital,"Gandaki Medical College, PKR",गण्डकी अस्पताल,open,38 beds,2026-08-05 14:24 NPT
2026-08-05 14:24 NPT,f67a096,hospital,"BPKIHS, Dharan",बीपी कोइराला स्वास्थ्य,open,150 beds,2026-08-05 14:24 NPT
2026-08-05 14:24 NPT,f67a096,hospital,"Koshi Hospital, Biratnagar",कोशी अस्पताल,open,80 beds,2026-08-05 14:24 NPT
2026-08-05 14:24 NPT,f67a096,hospital,"Bheri Hospital, Nepalgunj",भेरी अस्पताल,open,70 beds,2026-08-05 14:24 NPT
2026-08-05 14:24 NPT,f67a096,hospital,Chitwan Medical College,चितवन मेडिकल कलेज,open,100 beds,2026-08-05 14:24 NPT
2026-08-05 14:24 NPT,f67a096,hospital,Lumbini Provincial Hospital,लुम्बिनी प्रादेशिक,open,110 beds,2026-08-05 14:24 NPT
2026-08-05 11:32 NPT,2ceb6aa,road,NH01 – Mahendra Rajmarg,महेन्द्र राजमार्ग,open,,2026-08-05 11:32 NPT
2026-08-05 11:32 NPT,2ceb6aa,road,NH02 – Mechi Rajmarg,मेची राजमार्ग,partial,"Landslide at Ilam-9, Ilam",2026-08-05 11:32 NPT
2026-08-05 11:32 NPT,2ceb6aa,road,NH03 – Puspalal Hwy (Mid-Hill),पुष्पलाल राजमार्ग,open,,2026-08-05 11:32 NPT
2026-08-05 11:32 NPT,2ceb6aa,road,NH04 – Birtamod-Chandragadhi,विर्तामोड–चन्द्रगढी,open,,2026-08-05 11:32 NPT
2026-08-05 11:32 NPT,2ceb6aa,road,NH05 – Postal Hwy,हुलाकी राजमार्ग,open,,2026-08-05 11:32 NPT
2026-08-05 11:32 NPT,2ceb6aa,road,NH06 – Koshi Rajmarg,कोशी राजमार्ग,open,,2026-08-05 11:32 NPT
2026-08-05 11:32 NPT,2ceb6aa,road,NH08 – Sagarmatha Rajmarg,सगरमाथा राजमार्ग,open,,2026-08-05 11:32 NPT
2026-08-05 11:32 NPT,2ceb6aa,road,NH09 – Madan Bhandari Hwy,मदन भण्डारी राजमार्ग,open,,2026-08-05 11:32 NPT
2026-08-05 11:32 NPT,2ceb6aa,road,NH10 – Siddhartha Hwy,सिद्धार्थ राजमार्ग,open,,2026-08-05 11:32 NPT
2026-08-05 11:32 NPT,2ceb6aa,road,NH11 – Rapti Rajmarg,राप्ती राजमार्ग,open,,2026-08-05 11:32 NPT
2026-08-05 11:32 NPT,2ceb6aa,road,NH12 – Ratna Rajmarg,रत्न राजमार्ग,open,,2026-08-05 11:32 NPT
2026-08-05 11:32 NPT,2ceb6aa,road,NH13 – Karnali Rajmarg,कर्णाली राजमार्ग,open,,2026-08-05 11:32 NPT
2026-08-05 11:32 NPT,2ceb6aa,road,NH14 – Mahakali Rajmarg,महाकाली राजमार्ग,open,,2026-08-05 11:32 NPT
2026-08-05 11:32 NPT,2ceb6aa,road,NH15 – Seti Rajmarg,सेती राजमार्ग,open,,2026-08-05 11:32 NPT
2026-08-05 11:32 NPT,2ceb6aa,road,NH16 – Rapti-Lumbini Hwy,राप्ती-लुम्बिनी,open,,2026-08-05 11:32 NPT
2026-08-05 11:32 NPT,2ceb6aa,road,NH34 – Araniko Hwy,अरनिको राजमार्ग,closed,"Landslide at Bhotekoshi-2, Sindhupalchok",2026-08-05 11:32 NPT
2026-08-05 11:32 NPT,2ceb6aa,road,NH38 – BP Hwy,बीपी राजमार्ग,open,,2026-08-05 11:32 NPT
2026-08-05 11:32 NPT,2ceb6aa,road,NH41 – Tribhuvan Hwy,त्रिभुवन राजमार्ग,partial,"Landslide at Bhimphedi-9, Makwanpur",2026-08-05 11:32 NPT
2026-08-05 11:32 NPT,2ceb6aa,road,NH42 – Prithvi Hwy,पृथ्वी राजमार्ग,partial,"Landslide at Aanbookhaireni-2, Tanahu",2026-08-05 11:32 NPT
2026-08-05 11:32 NPT,2ceb6aa,road,NH43 – Narayanghat-Mugling,नारायणगढ–मुग्लिन,open,,2026-08-05 11:32 NPT
2026-08-05 11:32 NPT,2ceb6aa,airport,Tribhuvan Intl (KTM),त्रिभुवन अन्तर्राष्ट्रिय,open,Normal operations,2026-08-05 11:32 NPT
2026-08-05 11:32 NPT,2ceb6aa,airport,Gautam Buddha Intl (BWA),गौतम बुद्ध विमानस्थल,open,,2026-08-05 11:32 NPT
2026-08-05 11:32 NPT,2ceb6aa,airport,Pokhara Regional (PKR),पोखरा विमानस्थल,open,,2026-08-05 11:32 NPT
2026-08-05 11:32 NPT,2ceb6aa,airport,Bharatpur (BHR),भरतपुर विमानस्थल,open,,2026-08-05 11:32 NPT
2026-08-05 11:32 NPT,2ceb6aa,airport,Dhangadhi (DHI),धनगढी विमानस्थल,open,,2026-08-05 11:32 NPT
2026-08-05 11:32 NPT,2ceb6aa,airport,Biratnagar (BIR),विराटनगर विमानस्थल,open,,2026-08-05 11:32 NPT
2026-08-05 11:32 NPT,2ceb6aa,airport,Nepalgunj (KEP),नेपालगञ्ज विमानस्थल,open,,2026-08-05 11:32 NPT
2026-08-05 11:32 NPT,2ceb6aa,airport,Chandragadhi (BDP),चन्द्रगढी विमानस्थल,open,,2026-08-05 11:32 NPT
2026-08-05 11:32 NPT,2ceb6aa,airport,Janakpur (JKR),जनकपुर विमानस्थल,open,,2026-08-05 11:32 NPT
2026-08-05 11:32 NPT,2ceb6aa,airport,Simara (SIF),सिमरा विमानस्थल,open,,2026-08-05 11:32 NPT
2026-08-05 11:32 NPT,2ceb6aa,hospital,"Bir Hospital, Kathmandu",बीर अस्पताल,open,120 beds,2026-08-05 11:32 NPT
2026-08-05 11:32 NPT,2ceb6aa,hospital,"TU Teaching Hospital, KTM",त्रिवि शिक्षण अस्पताल,open,95 beds,2026-08-05 11:32 NPT
2026-08-05 11:32 NPT,2ceb6aa,hospital,"Patan Hospital, Lalitpur",पाटन अस्पताल,open,60 beds,2026-08-05 11:32 NPT
2026-08-05 11:32 NPT,2ceb6aa,hospital,"Manipal College Hospital, PKR",मणिपाल अस्पताल,open,45 beds,2026-08-05 11:32 NPT
2026-08-05 11:32 NPT,2ceb6aa,hospital,"Gandaki Medical College, PKR",गण्डकी अस्पताल,open,38 beds,2026-08-05 11:32 NPT
2026-08-05 11:32 NPT,2ceb6aa,hospital,"BPKIHS, Dharan",बीपी कोइराला स्वास्थ्य,open,150 beds,2026-08-05 11:32 NPT
2026-08-05 11:32 NPT,2ceb6aa,hospital,"Koshi Hospital, Biratnagar",कोशी अस्पताल,open,80 beds,2026-08-05 11:32 NPT
2026-08-05 11:32 NPT,2ceb6aa,hospital,"Bheri Hospital, Nepalgunj",भेरी अस्पताल,open,70 beds,2026-08-05 11:32 NPT
2026-08-05 11:32 NPT,2ceb6aa,hospital,Chitwan Medical College,चितवन मेडिकल कलेज,open,100 beds,2026-08-05 11:32 NPT
2026-08-05 11:32 NPT,2ceb6aa,hospital,Lumbini Provincial Hospital,लुम्बिनी प्रादेशिक,open,110 beds,2026-08-05 11:32 NPT
2026-08-05 08:27 NPT,3530d7f,road,NH01 – Mahendra Rajmarg,महेन्द्र राजमार्ग,open,,2026-08-05 08:27 NPT
2026-08-05 08:27 NPT,3530d7f,road,NH02 – Mechi Rajmarg,मेची राजमार्ग,partial,"Landslide at Ilam-9, Ilam",2026-08-05 08:27 NPT
2026-08-05 08:27 NPT,3530d7f,road,NH03 – Puspalal Hwy (Mid-Hill),पुष्पलाल राजमार्ग,open,,2026-08-05 08:27 NPT
2026-08-05 08:27 NPT,3530d7f,road,NH04 – Birtamod-Chandragadhi,विर्तामोड–चन्द्रगढी,open,,2026-08-05 08:27 NPT
2026-08-05 08:27 NPT,3530d7f,road,NH05 – Postal Hwy,हुलाकी राजमार्ग,open,,2026-08-05 08:27 NPT
2026-08-05 08:27 NPT,3530d7f,road,NH06 – Koshi Rajmarg,कोशी राजमार्ग,open,,2026-08-05 08:27 NPT
2026-08-05 08:27 NPT,3530d7f,road,NH08 – Sagarmatha Rajmarg,सगरमाथा राजमार्ग,open,,2026-08-05 08:27 NPT
2026-08-05 08:27 NPT,3530d7f,road,NH09 – Madan Bhandari Hwy,मदन भण्डारी राजमार्ग,open,,2026-08-05 08:27 NPT
2026-08-05 08:27 NPT,3530d7f,road,NH10 – Siddhartha Hwy,सिद्धार्थ राजमार्ग,open,,2026-08-05 08:27 NPT
2026-08-05 08:27 NPT,3530d7f,road,NH11 – Rapti Rajmarg,राप्ती राजमार्ग,open,,2026-08-05 08:27 NPT
2026-08-05 08:27 NPT,3530d7f,road,NH12 – Ratna Rajmarg,रत्न राजमार्ग,open,,2026-08-05 08:27 NPT
2026-08-05 08:27 NPT,3530d7f,road,NH13 – Karnali Rajmarg,कर्णाली राजमार्ग,open,,2026-08-05 08:27 NPT
2026-08-05 08:27 NPT,3530d7f,road,NH14 – Mahakali Rajmarg,महाकाली राजमार्ग,open,,2026-08-05 08:27 NPT
2026-08-05 08:27 NPT,3530d7f,road,NH15 – Seti Rajmarg,सेती राजमार्ग,open,,2026-08-05 08:27 NPT
2026-08-05 08:27 NPT,3530d7f,road,NH16 – Rapti-Lumbini Hwy,राप्ती-लुम्बिनी,open,,2026-08-05 08:27 NPT
2026-08-05 08:27 NPT,3530d7f,road,NH34 – Araniko Hwy,अरनिको राजमार्ग,closed,"Landslide at Bhotekoshi-4, Sindhupalchok",2026-08-05 08:27 NPT
2026-08-05 08:27 NPT,3530d7f,road,NH38 – BP Hwy,बीपी राजमार्ग,open,,2026-08-05 08:27 NPT
2026-08-05 08:27 NPT,3530d7f,road,NH41 – Tribhuvan Hwy,त्रिभुवन राजमार्ग,partial,"Landslide at Bhimphedi-9, Makwanpur",2026-08-05 08:27 NPT
2026-08-05 08:27 NPT,3530d7f,road,NH42 – Prithvi Hwy,पृथ्वी राजमार्ग,open,,2026-08-05 08:27 NPT
2026-08-05 08:27 NPT,3530d7f,road,NH43 – Narayanghat-Mugling,नारायणगढ–मुग्लिन,open,,2026-08-05 08:27 NPT
2026-08-05 08:27 NPT,3530d7f,airport,Tribhuvan Intl (KTM),त्रिभुवन अन्तर्राष्ट्रिय,open,Normal operations,2026-08-05 08:27 NPT
2026-08-05 08:27 NPT,3530d7f,airport,Gautam Buddha Intl (BWA),गौतम बुद्ध विमानस्थल,open,,2026-08-05 08:27 NPT
2026-08-05 08:27 NPT,3530d7f,airport,Pokhara Regional (PKR),पोखरा विमानस्थल,open,,2026-08-05 08:27 NPT
2026-08-05 08:27 NPT,3530d7f,airport,Bharatpur (BHR),भरतपुर विमानस्थल,open,,2026-08-05 08:27 NPT
2026-08-05 08:27 NPT,3530d7f,airport,Dhangadhi (DHI),धनगढी विमानस्थल,open,,2026-08-05 08:27 NPT
2026-08-05 08:27 NPT,3530d7f,airport,Biratnagar (BIR),विराटनगर विमानस्थल,open,,2026-08-05 08:27 NPT
2026-08-05 08:27 NPT,3530d7f,airport,Nepalgunj (KEP),नेपालगञ्ज विमानस्थल,open,,2026-08-05 08:27 NPT
2026-08-05 08:27 NPT,3530d7f,airport,Chandragadhi (BDP),चन्द्रगढी विमानस्थल,open,,2026-08-05 08:27 NPT
2026-08-05 08:27 NPT,3530d7f,airport,Janakpur (JKR),जनकपुर विमानस्थल,open,,2026-08-05 08:27 NPT
2026-08-05 08:27 NPT,3530d7f,airport,Simara (SIF),सिमरा विमानस्थल,open,,2026-08-05 08:27 NPT
2026-08-05 08:27 NPT,3530d7f,hospital,"Bir Hospital, Kathmandu",बीर अस्पताल,open,120 beds,2026-08-05 08:27 NPT
2026-08-05 08:27 NPT,3530d7f,hospital,"TU Teaching Hospital, KTM",त्रिवि शिक्षण अस्पताल,open,95 beds,2026-08-05 08:27 NPT
2026-08-05 08:27 NPT,3530d7f,hospital,"Patan Hospital, Lalitpur",पाटन अस्पताल,open,60 beds,2026-08-05 08:27 NPT
2026-08-05 08:27 NPT,3530d7f,hospital,"Manipal College Hospital, PKR",मणिपाल अस्पताल,open,45 beds,2026-08-05 08:27 NPT
2026-08-05 08:27 NPT,3530d7f,hospital,"Gandaki Medical College, PKR",गण्डकी अस्पताल,open,38 beds,2026-08-05 08:27 NPT
2026-08-05 08:27 NPT,3530d7f,hospital,"BPKIHS, Dharan",बीपी कोइराला स्वास्थ्य,open,150 beds,2026-08-05 08:27 NPT
2026-08-05 08:27 NPT,3530d7f,hospital,"Koshi Hospital, Biratnagar",कोशी अस्पताल,open,80 beds,2026-08-05 08:27 NPT
2026-08-05 08:27 NPT,3530d7f,hospital,"Bheri Hospital, Nepalgunj",भेरी अस्पताल,open,70 beds,2026-08-05 08:27 NPT
2026-08-05 08:27 NPT,3530d7f,hospital,Chitwan Medical College,चितवन मेडिकल कलेज,open,100 beds,2026-08-05 08:27 NPT
2026-08-05 08:27 NPT,3530d7f,hospital,Lumbini Provincial Hospital,लुम्बिनी प्रादेशिक,open,110 beds,2026-08-05 08:27 NPT
2026-08-05 05:18 NPT,d8e7301,road,NH01 – Mahendra Rajmarg,महेन्द्र राजमार्ग,open,,2026-08-05 05:18 NPT
2026-08-05 05:18 NPT,d8e7301,road,NH02 – Mechi Rajmarg,मेची राजमार्ग,partial,"Landslide at Ilam-9, Ilam",2026-08-05 05:18 NPT
2026-08-05 05:18 NPT,d8e7301,road,NH03 – Puspalal Hwy (Mid-Hill),पुष्पलाल राजमार्ग,open,,2026-08-05 05:18 NPT
2026-08-05 05:18 NPT,d8e7301,road,NH04 – Birtamod-Chandragadhi,विर्तामोड–चन्द्रगढी,open,,2026-08-05 05:18 NPT
2026-08-05 05:18 NPT,d8e7301,road,NH05 – Postal Hwy,हुलाकी राजमार्ग,open,,2026-08-05 05:18 NPT
2026-08-05 05:18 NPT,d8e7301,road,NH06 – Koshi Rajmarg,कोशी राजमार्ग,open,,2026-08-05 05:18 NPT
2026-08-05 05:18 NPT,d8e7301,road,NH08 – Sagarmatha Rajmarg,सगरमाथा राजमार्ग,open,,2026-08-05 05:18 NPT
2026-08-05 05:18 NPT,d8e7301,road,NH09 – Madan Bhandari Hwy,मदन भण्डारी राजमार्ग,open,,2026-08-05 05:18 NPT
2026-08-05 05:18 NPT,d8e7301,road,NH10 – Siddhartha Hwy,सिद्धार्थ राजमार्ग,open,,2026-08-05 05:18 NPT
2026-08-05 05:18 NPT,d8e7301,road,NH11 – Rapti Rajmarg,राप्ती राजमार्ग,open,,2026-08-05 05:18 NPT
2026-08-05 05:18 NPT,d8e7301,road,NH12 – Ratna Rajmarg,रत्न राजमार्ग,open,,2026-08-05 05:18 NPT
2026-08-05 05:18 NPT,d8e7301,road,NH13 – Karnali Rajmarg,कर्णाली राजमार्ग,open,,2026-08-05 05:18 NPT
2026-08-05 05:18 NPT,d8e7301,road,NH14 – Mahakali Rajmarg,महाकाली राजमार्ग,open,,2026-08-05 05:18 NPT
2026-08-05 05:18 NPT,d8e7301,road,NH15 – Seti Rajmarg,सेती राजमार्ग,open,,2026-08-05 05:18 NPT
2026-08-05 05:18 NPT,d8e7301,road,NH16 – Rapti-Lumbini Hwy,राप्ती-लुम्बिनी,open,,2026-08-05 05:18 NPT
2026-08-05 05:18 NPT,d8e7301,road,NH34 – Araniko Hwy,अरनिको राजमार्ग,closed,"Landslide at Bhotekoshi-4, Sindhupalchok",2026-08-05 05:18 NPT
2026-08-05 05:18 NPT,d8e7301,road,NH38 – BP Hwy,बीपी राजमार्ग,open,,2026-08-05 05:18 NPT
2026-08-05 05:18 NPT,d8e7301,road,NH41 – Tribhuvan Hwy,त्रिभुवन राजमार्ग,partial,"Landslide at Bhimphedi-9, Makwanpur",2026-08-05 05:18 NPT
2026-08-05 05:18 NPT,d8e7301,road,NH42 – Prithvi Hwy,पृथ्वी राजमार्ग,open,,2026-08-05 05:18 NPT
2026-08-05 05:18 NPT,d8e7301,road,NH43 – Narayanghat-Mugling,नारायणगढ–मुग्लिन,open,,2026-08-05 05:18 NPT
2026-08-05 05:18 NPT,d8e7301,airport,Tribhuvan Intl (KTM),त्रिभुवन अन्तर्राष्ट्रिय,open,Normal operations,2026-08-05 05:18 NPT
2026-08-05 05:18 NPT,d8e7301,airport,Gautam Buddha Intl (BWA),गौतम बुद्ध विमानस्थल,open,,2026-08-05 05:18 NPT
2026-08-05 05:18 NPT,d8e7301,airport,Pokhara Regional (PKR),पोखरा विमानस्थल,open,,2026-08-05 05:18 NPT
2026-08-05 05:18 NPT,d8e7301,airport,Bharatpur (BHR),भरतपुर विमानस्थल,open,,2026-08-05 05:18 NPT
2026-08-05 05:18 NPT,d8e7301,airport,Dhangadhi (DHI),धनगढी विमानस्थल,open,,2026-08-05 05:18 NPT
2026-08-05 05:18 NPT,d8e7301,airport,Biratnagar (BIR),विराटनगर विमानस्थल,open,,2026-08-05 05:18 NPT
2026-08-05 05:18 NPT,d8e7301,airport,Nepalgunj (KEP),नेपालगञ्ज विमानस्थल,open,,2026-08-05 05:18 NPT
2026-08-05 05:18 NPT,d8e7301,airport,Chandragadhi (BDP),चन्द्रगढी विमानस्थल,open,,2026-08-05 05:18 NPT
2026-08-05 05:18 NPT,d8e7301,airport,Janakpur (JKR),जनकपुर विमानस्थल,open,,2026-08-05 05:18 NPT
2026-08-05 05:18 NPT,d8e7301,airport,Simara (SIF),सिमरा विमानस्थल,open,,2026-08-05 05:18 NPT
2026-08-05 05:18 NPT,d8e7301,hospital,"Bir Hospital, Kathmandu",बीर अस्पताल,open,120 beds,2026-08-05 05:18 NPT
2026-08-05 05:18 NPT,d8e7301,hospital,"TU Teaching Hospital, KTM",त्रिवि शिक्षण अस्पताल,open,95 beds,2026-08-05 05:18 NPT
2026-08-05 05:18 NPT,d8e7301,hospital,"Patan Hospital, Lalitpur",पाटन अस्पताल,open,60 beds,2026-08-05 05:18 NPT
2026-08-05 05:18 NPT,d8e7301,hospital,"Manipal College Hospital, PKR",मणिपाल अस्पताल,open,45 beds,2026-08-05 05:18 NPT
2026-08-05 05:18 NPT,d8e7301,hospital,"Gandaki Medical College, PKR",गण्डकी अस्पताल,open,38 beds,2026-08-05 05:18 NPT
2026-08-05 05:18 NPT,d8e7301,hospital,"BPKIHS, Dharan",बीपी कोइराला स्वास्थ्य,open,150 beds,2026-08-05 05:18 NPT
2026-08-05 05:18 NPT,d8e7301,hospital,"Koshi Hospital, Biratnagar",कोशी अस्पताल,open,80 beds,2026-08-05 05:18 NPT
2026-08-05 05:18 NPT,d8e7301,hospital,"Bheri Hospital, Nepalgunj",भेरी अस्पताल,open,70 beds,2026-08-05 05:18 NPT
2026-08-05 05:18 NPT,d8e7301,hospital,Chitwan Medical College,चितवन मेडिकल कलेज,open,100 beds,2026-08-05 05:18 NPT
2026-08-05 05:18 NPT,d8e7301,hospital,Lumbini Provincial Hospital,लुम्बिनी प्रादेशिक,open,110 beds,2026-08-05 05:18 NPT
2026-08-05 03:59 NPT,d529c61,road,NH01 – Mahendra Rajmarg,महेन्द्र राजमार्ग,open,,2026-08-05 03:59 NPT
2026-08-05 03:59 NPT,d529c61,road,NH02 – Mechi Rajmarg,मेची राजमार्ग,partial,"Landslide at Ilam-9, Ilam",2026-08-05 03:59 NPT
2026-08-05 03:59 NPT,d529c61,road,NH03 – Puspalal Hwy (Mid-Hill),पुष्पलाल राजमार्ग,open,,2026-08-05 03:59 NPT
2026-08-05 03:59 NPT,d529c61,road,NH04 – Birtamod-Chandragadhi,विर्तामोड–चन्द्रगढी,open,,2026-08-05 03:59 NPT
2026-08-05 03:59 NPT,d529c61,road,NH05 – Postal Hwy,हुलाकी राजमार्ग,open,,2026-08-05 03:59 NPT
2026-08-05 03:59 NPT,d529c61,road,NH06 – Koshi Rajmarg,कोशी राजमार्ग,open,,2026-08-05 03:59 NPT
2026-08-05 03:59 NPT,d529c61,road,NH08 – Sagarmatha Rajmarg,सगरमाथा राजमार्ग,open,,2026-08-05 03:59 NPT
2026-08-05 03:59 NPT,d529c61,road,NH09 – Madan Bhandari Hwy,मदन भण्डारी राजमार्ग,open,,2026-08-05 03:59 NPT
2026-08-05 03:59 NPT,d529c61,road,NH10 – Siddhartha Hwy,सिद्धार्थ राजमार्ग,open,,2026-08-05 03:59 NPT
2026-08-05 03:59 NPT,d529c61,road,NH11 – Rapti Rajmarg,राप्ती राजमार्ग,open,,2026-08-05 03:59 NPT
2026-08-05 03:59 NPT,d529c61,road,NH12 – Ratna Rajmarg,रत्न राजमार्ग,open,,2026-08-05 03:59 NPT
2026-08-05 03:59 NPT,d529c61,road,NH13 – Karnali Rajmarg,कर्णाली राजमार्ग,open,,2026-08-05 03:59 NPT
2026-08-05 03:59 NPT,d529c61,road,NH14 – Mahakali Rajmarg,महाकाली राजमार्ग,open,,2026-08-05 03:59 NPT
2026-08-05 03:59 NPT,d529c61,road,NH15 – Seti Rajmarg,सेती राजमार्ग,open,,2026-08-05 03:59 NPT
2026-08-05 03:59 NPT,d529c61,road,NH16 – Rapti-Lumbini Hwy,राप्ती-लुम्बिनी,open,,2026-08-05 03:59 NPT
2026-08-05 03:59 NPT,d529c61,road,NH34 – Araniko Hwy,अरनिको राजमार्ग,closed,"Landslide at Bhotekoshi-4, Sindhupalchok",2026-08-05 03:59 NPT
2026-08-05 03:59 NPT,d529c61,road,NH38 – BP Hwy,बीपी राजमार्ग,open,,2026-08-05 03:59 NPT
2026-08-05 03:59 NPT,d529c61,road,NH41 – Tribhuvan Hwy,त्रिभुवन राजमार्ग,partial,"Landslide at Bhimphedi-9, Makwanpur",2026-08-05 03:59 NPT
2026-08-05 03:59 NPT,d529c61,road,NH42 – Prithvi Hwy,पृथ्वी राजमार्ग,open,,2026-08-05 03:59 NPT
2026-08-05 03:59 NPT,d529c61,road,NH43 – Narayanghat-Mugling,नारायणगढ–मुग्लिन,open,,2026-08-05 03:59 NPT
2026-08-05 03:59 NPT,d529c61,airport,Tribhuvan Intl (KTM),त्रिभुवन अन्तर्राष्ट्रिय,open,Normal operations,2026-08-05 03:59 NPT
2026-08-05 03:59 NPT,d529c61,airport,Gautam Buddha Intl (BWA),गौतम बुद्ध विमानस्थल,open,,2026-08-05 03:59 NPT
2026-08-05 03:59 NPT,d529c61,airport,Pokhara Regional (PKR),पोखरा विमानस्थल,open,,2026-08-05 03:59 NPT
2026-08-05 03:59 NPT,d529c61,airport,Bharatpur (BHR),भरतपुर विमानस्थल,open,,2026-08-05 03:59 NPT
2026-08-05 03:59 NPT,d529c61,airport,Dhangadhi (DHI),धनगढी विमानस्थल,open,,2026-08-05 03:59 NPT
2026-08-05 03:59 NPT,d529c61,airport,Biratnagar (BIR),विराटनगर विमानस्थल,open,,2026-08-05 03:59 NPT
2026-08-05 03:59 NPT,d529c61,airport,Nepalgunj (KEP),नेपालगञ्ज विमानस्थल,open,,2026-08-05 03:59 NPT
2026-08-05 03:59 NPT,d529c61,airport,Chandragadhi (BDP),चन्द्रगढी विमानस्थल,open,,2026-08-05 03:59 NPT
2026-08-05 03:59 NPT,d529c61,airport,Janakpur (JKR),जनकपुर विमानस्थल,open,,2026-08-05 03:59 NPT
2026-08-05 03:59 NPT,d529c61,airport,Simara (SIF),सिमरा विमानस्थल,open,,2026-08-05 03:59 NPT
2026-08-05 03:59 NPT,d529c61,hospital,"Bir Hospital, Kathmandu",बीर अस्पताल,open,120 beds,2026-08-05 03:59 NPT
2026-08-05 03:59 NPT,d529c61,hospital,"TU Teaching Hospital, KTM",त्रिवि शिक्षण अस्पताल,open,95 beds,2026-08-05 03:59 NPT
2026-08-05 03:59 NPT,d529c61,hospital,"Patan Hospital, Lalitpur",पाटन अस्पताल,open,60 beds,2026-08-05 03:59 NPT
2026-08-05 03:59 NPT,d529c61,hospital,"Manipal College Hospital, PKR",मणिपाल अस्पताल,open,45 beds,2026-08-05 03:59 NPT
2026-08-05 03:59 NPT,d529c61,hospital,"Gandaki Medical College, PKR",गण्डकी अस्पताल,open,38 beds,2026-08-05 03:59 NPT
2026-08-05 03:59 NPT,d529c61,hospital,"BPKIHS, Dharan",बीपी कोइराला स्वास्थ्य,open,150 beds,2026-08-05 03:59 NPT
2026-08-05 03:59 NPT,d529c61,hospital,"Koshi Hospital, Biratnagar",कोशी अस्पताल,open,80 beds,2026-08-05 03:59 NPT
2026-08-05 03:59 NPT,d529c61,hospital,"Bheri Hospital, Nepalgunj",भेरी अस्पताल,open,70 beds,2026-08-05 03:59 NPT
2026-08-05 03:59 NPT,d529c61,hospital,Chitwan Medical College,चितवन मेडिकल कलेज,open,100 beds,2026-08-05 03:59 NPT
2026-08-05 03:59 NPT,d529c61,hospital,Lumbini Provincial Hospital,लुम्बिनी प्रादेशिक,open,110 beds,2026-08-05 03:59 NPT
2026-08-05 02:36 NPT,a2084c9,road,NH01 – Mahendra Rajmarg,महेन्द्र राजमार्ग,open,,2026-08-05 02:36 NPT
2026-08-05 02:36 NPT,a2084c9,road,NH02 – Mechi Rajmarg,मेची राजमार्ग,partial,"Landslide at Ilam-9, Ilam",2026-08-05 02:36 NPT
2026-08-05 02:36 NPT,a2084c9,road,NH03 – Puspalal Hwy (Mid-Hill),पुष्पलाल राजमार्ग,open,,2026-08-05 02:36 NPT
2026-08-05 02:36 NPT,a2084c9,road,NH04 – Birtamod-Chandragadhi,विर्तामोड–चन्द्रगढी,open,,2026-08-05 02:36 NPT
2026-08-05 02:36 NPT,a2084c9,road,NH05 – Postal Hwy,हुलाकी राजमार्ग,open,,2026-08-05 02:36 NPT
2026-08-05 02:36 NPT,a2084c9,road,NH06 – Koshi Rajmarg,कोशी राजमार्ग,open,,2026-08-05 02:36 NPT
2026-08-05 02:36 NPT,a2084c9,road,NH08 – Sagarmatha Rajmarg,सगरमाथा राजमार्ग,open,,2026-08-05 02:36 NPT
2026-08-05 02:36 NPT,a2084c9,road,NH09 – Madan Bhandari Hwy,मदन भण्डारी राजमार्ग,open,,2026-08-05 02:36 NPT
2026-08-05 02:36 NPT,a2084c9,road,NH10 – Siddhartha Hwy,सिद्धार्थ राजमार्ग,open,,2026-08-05 02:36 NPT
2026-08-05 02:36 NPT,a2084c9,road,NH11 – Rapti Rajmarg,राप्ती राजमार्ग,open,,2026-08-05 02:36 NPT
2026-08-05 02:36 NPT,a2084c9,road,NH12 – Ratna Rajmarg,रत्न राजमार्ग,open,,2026-08-05 02:36 NPT
2026-08-05 02:36 NPT,a2084c9,road,NH13 – Karnali Rajmarg,कर्णाली राजमार्ग,open,,2026-08-05 02:36 NPT
2026-08-05 02:36 NPT,a2084c9,road,NH14 – Mahakali Rajmarg,महाकाली राजमार्ग,open,,2026-08-05 02:36 NPT
2026-08-05 02:36 NPT,a2084c9,road,NH15 – Seti Rajmarg,सेती राजमार्ग,open,,2026-08-05 02:36 NPT
2026-08-05 02:36 NPT,a2084c9,road,NH16 – Rapti-Lumbini Hwy,राप्ती-लुम्बिनी,open,,2026-08-05 02:36 NPT
2026-08-05 02:36 NPT,a2084c9,road,NH34 – Araniko Hwy,अरनिको राजमार्ग,closed,"Landslide at Bhotekoshi-4, Sindhupalchok",2026-08-05 02:36 NPT
2026-08-05 02:36 NPT,a2084c9,road,NH38 – BP Hwy,बीपी राजमार्ग,open,,2026-08-05 02:36 NPT
2026-08-05 02:36 NPT,a2084c9,road,NH41 – Tribhuvan Hwy,त्रिभुवन राजमार्ग,partial,"Landslide at Bhimphedi-9, Makwanpur",2026-08-05 02:36 NPT
2026-08-05 02:36 NPT,a2084c9,road,NH42 – Prithvi Hwy,पृथ्वी राजमार्ग,open,,2026-08-05 02:36 NPT
2026-08-05 02:36 NPT,a2084c9,road,NH43 – Narayanghat-Mugling,नारायणगढ–मुग्लिन,open,,2026-08-05 02:36 NPT
2026-08-05 02:36 NPT,a2084c9,airport,Tribhuvan Intl (KTM),त्रिभुवन अन्तर्राष्ट्रिय,open,Normal operations,2026-08-05 02:36 NPT
2026-08-05 02:36 NPT,a2084c9,airport,Gautam Buddha Intl (BWA),गौतम बुद्ध विमानस्थल,open,,2026-08-05 02:36 NPT
2026-08-05 02:36 NPT,a2084c9,airport,Pokhara Regional (PKR),पोखरा विमानस्थल,open,,2026-08-05 02:36 NPT
2026-08-05 02:36 NPT,a2084c9,airport,Bharatpur (BHR),भरतपुर विमानस्थल,open,,2026-08-05 02:36 NPT
2026-08-05 02:36 NPT,a2084c9,airport,Dhangadhi (DHI),धनगढी विमानस्थल,open,,2026-08-05 02:36 NPT
2026-08-05 02:36 NPT,a2084c9,airport,Biratnagar (BIR),विराटनगर विमानस्थल,open,,2026-08-05 02:36 NPT
2026-08-05 02:36 NPT,a2084c9,airport,Nepalgunj (KEP),नेपालगञ्ज विमानस्थल,open,,2026-08-05 02:36 NPT
2026-08-05 02:36 NPT,a2084c9,airport,Chandragadhi (BDP),चन्द्रगढी विमानस्थल,open,,2026-08-05 02:36 NPT
2026-08-05 02:36 NPT,a2084c9,airport,Janakpur (JKR),जनकपुर विमानस्थल,open,,2026-08-05 02:36 NPT
2026-08-05 02:36 NPT,a2084c9,airport,Simara (SIF),सिमरा विमानस्थल,open,,2026-08-05 02:36 NPT
2026-08-05 02:36 NPT,a2084c9,hospital,"Bir Hospital, Kathmandu",बीर अस्पताल,open,120 beds,2026-08-05 02:36 NPT
2026-08-05 02:36 NPT,a2084c9,hospital,"TU Teaching Hospital, KTM",त्रिवि शिक्षण अस्पताल,open,95 beds,2026-08-05 02:36 NPT
2026-08-05 02:36 NPT,a2084c9,hospital,"Patan Hospital, Lalitpur",पाटन अस्पताल,open,60 beds,2026-08-05 02:36 NPT
2026-08-05 02:36 NPT,a2084c9,hospital,"Manipal College Hospital, PKR",मणिपाल अस्पताल,open,45 beds,2026-08-05 02:36 NPT
2026-08-05 02:36 NPT,a2084c9,hospital,"Gandaki Medical College, PKR",गण्डकी अस्पताल,open,38 beds,2026-08-05 02:36 NPT
2026-08-05 02:36 NPT,a2084c9,hospital,"BPKIHS, Dharan",बीपी कोइराला स्वास्थ्य,open,150 beds,2026-08-05 02:36 NPT
2026-08-05 02:36 NPT,a2084c9,hospital,"Koshi Hospital, Biratnagar",कोशी अस्पताल,open,80 beds,2026-08-05 02:36 NPT
2026-08-05 02:36 NPT,a2084c9,hospital,"Bheri Hospital, Nepalgunj",भेरी अस्पताल,open,70 beds,2026-08-05 02:36 NPT
2026-08-05 02:36 NPT,a2084c9,hospital,Chitwan Medical College,चितवन मेडिकल कलेज,open,100 beds,2026-08-05 02:36 NPT
2026-08-05 02:36 NPT,a2084c9,hospital,Lumbini Provincial Hospital,लुम्बिनी प्रादेशिक,open,110 beds,2026-08-05 02:36 NPT
2026-08-05 00:53 NPT,a264a7b,road,NH01 – Mahendra Rajmarg,महेन्द्र राजमार्ग,open,,2026-08-05 00:53 NPT
2026-08-05 00:53 NPT,a264a7b,road,NH02 – Mechi Rajmarg,मेची राजमार्ग,partial,"Landslide at Ilam-9, Ilam",2026-08-05 00:53 NPT
2026-08-05 00:53 NPT,a264a7b,road,NH03 – Puspalal Hwy (Mid-Hill),पुष्पलाल राजमार्ग,open,,2026-08-05 00:53 NPT
2026-08-05 00:53 NPT,a264a7b,road,NH04 – Birtamod-Chandragadhi,विर्तामोड–चन्द्रगढी,open,,2026-08-05 00:53 NPT
2026-08-05 00:53 NPT,a264a7b,road,NH05 – Postal Hwy,हुलाकी राजमार्ग,open,,2026-08-05 00:53 NPT
2026-08-05 00:53 NPT,a264a7b,road,NH06 – Koshi Rajmarg,कोशी राजमार्ग,open,,2026-08-05 00:53 NPT
2026-08-05 00:53 NPT,a264a7b,road,NH08 – Sagarmatha Rajmarg,सगरमाथा राजमार्ग,open,,2026-08-05 00:53 NPT
2026-08-05 00:53 NPT,a264a7b,road,NH09 – Madan Bhandari Hwy,मदन भण्डारी राजमार्ग,open,,2026-08-05 00:53 NPT
2026-08-05 00:53 NPT,a264a7b,road,NH10 – Siddhartha Hwy,सिद्धार्थ राजमार्ग,open,,2026-08-05 00:53 NPT
2026-08-05 00:53 NPT,a264a7b,road,NH11 – Rapti Rajmarg,राप्ती राजमार्ग,open,,2026-08-05 00:53 NPT
2026-08-05 00:53 NPT,a264a7b,road,NH12 – Ratna Rajmarg,रत्न राजमार्ग,open,,2026-08-05 00:53 NPT
2026-08-05 00:53 NPT,a264a7b,road,NH13 – Karnali Rajmarg,कर्णाली राजमार्ग,open,,2026-08-05 00:53 NPT
2026-08-05 00:53 NPT,a264a7b,road,NH14 – Mahakali Rajmarg,महाकाली राजमार्ग,open,,2026-08-05 00:53 NPT
2026-08-05 00:53 NPT,a264a7b,road,NH15 – Seti Rajmarg,सेती राजमार्ग,open,,2026-08-05 00:53 NPT
2026-08-05 00:53 NPT,a264a7b,road,NH16 – Rapti-Lumbini Hwy,राप्ती-लुम्बिनी,open,,2026-08-05 00:53 NPT
2026-08-05 00:53 NPT,a264a7b,road,NH34 – Araniko Hwy,अरनिको राजमार्ग,closed,"Landslide at Bhotekoshi-4, Sindhupalchok",2026-08-05 00:53 NPT
2026-08-05 00:53 NPT,a264a7b,road,NH38 – BP Hwy,बीपी राजमार्ग,open,,2026-08-05 00:53 NPT
2026-08-05 00:53 NPT,a264a7b,road,NH41 – Tribhuvan Hwy,त्रिभुवन राजमार्ग,partial,"Landslide at Bhimphedi-9, Makwanpur",2026-08-05 00:53 NPT
2026-08-05 00:53 NPT,a264a7b,road,NH42 – Prithvi Hwy,पृथ्वी राजमार्ग,open,,2026-08-05 00:53 NPT
2026-08-05 00:53 NPT,a264a7b,road,NH43 – Narayanghat-Mugling,नारायणगढ–मुग्लिन,open,,2026-08-05 00:53 NPT
2026-08-05 00:53 NPT,a264a7b,airport,Tribhuvan Intl (KTM),त्रिभुवन अन्तर्राष्ट्रिय,open,Normal operations,2026-08-05 00:53 NPT
2026-08-05 00:53 NPT,a264a7b,airport,Gautam Buddha Intl (BWA),गौतम बुद्ध विमानस्थल,open,,2026-08-05 00:53 NPT
2026-08-05 00:53 NPT,a264a7b,airport,Pokhara Regional (PKR),पोखरा विमानस्थल,open,,2026-08-05 00:53 NPT
2026-08-05 00:53 NPT,a264a7b,airport,Bharatpur (BHR),भरतपुर विमानस्थल,open,,2026-08-05 00:53 NPT
2026-08-05 00:53 NPT,a264a7b,airport,Dhangadhi (DHI),धनगढी विमानस्थल,open,,2026-08-05 00:53 NPT
2026-08-05 00:53 NPT,a264a7b,airport,Biratnagar (BIR),विराटनगर विमानस्थल,open,,2026-08-05 00:53 NPT
2026-08-05 00:53 NPT,a264a7b,airport,Nepalgunj (KEP),नेपालगञ्ज विमानस्थल,open,,2026-08-05 00:53 NPT
2026-08-05 00:53 NPT,a264a7b,airport,Chandragadhi (BDP),चन्द्रगढी विमानस्थल,open,,2026-08-05 00:53 NPT
2026-08-05 00:53 NPT,a264a7b,airport,Janakpur (JKR),जनकपुर विमानस्थल,open,,2026-08-05 00:53 NPT
2026-08-05 00:53 NPT,a264a7b,airport,Simara (SIF),सिमरा विमानस्थल,open,,2026-08-05 00:53 NPT
2026-08-05 00:53 NPT,a264a7b,hospital,"Bir Hospital, Kathmandu",बीर अस्पताल,open,120 beds,2026-08-05 00:53 NPT
2026-08-05 00:53 NPT,a264a7b,hospital,"TU Teaching Hospital, KTM",त्रिवि शिक्षण अस्पताल,open,95 beds,2026-08-05 00:53 NPT
2026-08-05 00:53 NPT,a264a7b,hospital,"Patan Hospital, Lalitpur",पाटन अस्पताल,open,60 beds,2026-08-05 00:53 NPT
2026-08-05 00:53 NPT,a264a7b,hospital,"Manipal College Hospital, PKR",मणिपाल अस्पताल,open,45 beds,2026-08-05 00:53 NPT
2026-08-05 00:53 NPT,a264a7b,hospital,"Gandaki Medical College, PKR",गण्डकी अस्पताल,open,38 beds,2026-08-05 00:53 NPT
2026-08-05 00:53 NPT,a264a7b,hospital,"BPKIHS, Dharan",बीपी कोइराला स्वास्थ्य,open,150 beds,2026-08-05 00:53 NPT
2026-08-05 00:53 NPT,a264a7b,hospital,"Koshi Hospital, Biratnagar",कोशी अस्पताल,open,80 beds,2026-08-05 00:53 NPT
2026-08-05 00:53 NPT,a264a7b,hospital,"Bheri Hospital, Nepalgunj",भेरी अस्पताल,open,70 beds,2026-08-05 00:53 NPT
2026-08-05 00:53 NPT,a264a7b,hospital,Chitwan Medical College,चितवन मेडिकल कलेज,open,100 beds,2026-08-05 00:53 NPT
2026-08-05 00:53 NPT,a264a7b,hospital,Lumbini Provincial Hospital,लुम्बिनी प्रादेशिक,open,110 beds,2026-08-05 00:53 NPT
2026-08-04 22:58 NPT,5d8dfd3,road,NH01 – Mahendra Rajmarg,महेन्द्र राजमार्ग,open,,2026-08-04 22:58 NPT
2026-08-04 22:58 NPT,5d8dfd3,road,NH02 – Mechi Rajmarg,मेची राजमार्ग,partial,"Landslide at Ilam-9, Ilam",2026-08-04 22:58 NPT
2026-08-04 22:58 NPT,5d8dfd3,road,NH03 – Puspalal Hwy (Mid-Hill),पुष्पलाल राजमार्ग,open,,2026-08-04 22:58 NPT
2026-08-04 22:58 NPT,5d8dfd3,road,NH04 – Birtamod-Chandragadhi,विर्तामोड–चन्द्रगढी,open,,2026-08-04 22:58 NPT
2026-08-04 22:58 NPT,5d8dfd3,road,NH05 – Postal Hwy,हुलाकी राजमार्ग,open,,2026-08-04 22:58 NPT
2026-08-04 22:58 NPT,5d8dfd3,road,NH06 – Koshi Rajmarg,कोशी राजमार्ग,open,,2026-08-04 22:58 NPT
2026-08-04 22:58 NPT,5d8dfd3,road,NH08 – Sagarmatha Rajmarg,सगरमाथा राजमार्ग,open,,2026-08-04 22:58 NPT
2026-08-04 22:58 NPT,5d8dfd3,road,NH09 – Madan Bhandari Hwy,मदन भण्डारी राजमार्ग,open,,2026-08-04 22:58 NPT
2026-08-04 22:58 NPT,5d8dfd3,road,NH10 – Siddhartha Hwy,सिद्धार्थ राजमार्ग,open,,2026-08-04 22:58 NPT
2026-08-04 22:58 NPT,5d8dfd3,road,NH11 – Rapti Rajmarg,राप्ती राजमार्ग,open,,2026-08-04 22:58 NPT
2026-08-04 22:58 NPT,5d8dfd3,road,NH12 – Ratna Rajmarg,रत्न राजमार्ग,open,,2026-08-04 22:58 NPT
2026-08-04 22:58 NPT,5d8dfd3,road,NH13 – Karnali Rajmarg,कर्णाली राजमार्ग,open,,2026-08-04 22:58 NPT
2026-08-04 22:58 NPT,5d8dfd3,road,NH14 – Mahakali Rajmarg,महाकाली राजमार्ग,open,,2026-08-04 22:58 NPT
2026-08-04 22:58 NPT,5d8dfd3,road,NH15 – Seti Rajmarg,सेती राजमार्ग,open,,2026-08-04 22:58 NPT
2026-08-04 22:58 NPT,5d8dfd3,road,NH16 – Rapti-Lumbini Hwy,राप्ती-लुम्बिनी,open,,2026-08-04 22:58 NPT
2026-08-04 22:58 NPT,5d8dfd3,road,NH34 – Araniko Hwy,अरनिको राजमार्ग,closed,"Landslide at Bhotekoshi-4, Sindhupalchok",2026-08-04 22:58 NPT
2026-08-04 22:58 NPT,5d8dfd3,road,NH38 – BP Hwy,बीपी राजमार्ग,open,,2026-08-04 22:58 NPT
2026-08-04 22:58 NPT,5d8dfd3,road,NH41 – Tribhuvan Hwy,त्रिभुवन राजमार्ग,partial,"Landslide at Bhimphedi-9, Makwanpur",2026-08-04 22:58 NPT
2026-08-04 22:58 NPT,5d8dfd3,road,NH42 – Prithvi Hwy,पृथ्वी राजमार्ग,open,,2026-08-04 22:58 NPT
2026-08-04 22:58 NPT,5d8dfd3,road,NH43 – Narayanghat-Mugling,नारायणगढ–मुग्लिन,open,,2026-08-04 22:58 NPT
2026-08-04 22:58 NPT,5d8dfd3,airport,Tribhuvan Intl (KTM),त्रिभुवन अन्तर्राष्ट्रिय,open,Normal operations,2026-08-04 22:58 NPT
2026-08-04 22:58 NPT,5d8dfd3,airport,Gautam Buddha Intl (BWA),गौतम बुद्ध विमानस्थल,open,,2026-08-04 22:58 NPT
2026-08-04 22:58 NPT,5d8dfd3,airport,Pokhara Regional (PKR),पोखरा विमानस्थल,open,,2026-08-04 22:58 NPT
2026-08-04 22:58 NPT,5d8dfd3,airport,Bharatpur (BHR),भरतपुर विमानस्थल,open,,2026-08-04 22:58 NPT
2026-08-04 22:58 NPT,5d8dfd3,airport,Dhangadhi (DHI),धनगढी विमानस्थल,open,,2026-08-04 22:58 NPT
2026-08-04 22:58 NPT,5d8dfd3,airport,Biratnagar (BIR),विराटनगर विमानस्थल,open,,2026-08-04 22:58 NPT
2026-08-04 22:58 NPT,5d8dfd3,airport,Nepalgunj (KEP),नेपालगञ्ज विमानस्थल,open,,2026-08-04 22:58 NPT
2026-08-04 22:58 NPT,5d8dfd3,airport,Chandragadhi (BDP),चन्द्रगढी विमानस्थल,open,,2026-08-04 22:58 NPT
2026-08-04 22:58 NPT,5d8dfd3,airport,Janakpur (JKR),जनकपुर विमानस्थल,open,,2026-08-04 22:58 NPT
2026-08-04 22:58 NPT,5d8dfd3,airport,Simara (SIF),सिमरा विमानस्थल,open,,2026-08-04 22:58 NPT
2026-08-04 22:58 NPT,5d8dfd3,hospital,"Bir Hospital, Kathmandu",बीर अस्पताल,open,120 beds,2026-08-04 22:58 NPT
2026-08-04 22:58 NPT,5d8dfd3,hospital,"TU Teaching Hospital, KTM",त्रिवि शिक्षण अस्पताल,open,95 beds,2026-08-04 22:58 NPT
2026-08-04 22:58 NPT,5d8dfd3,hospital,"Patan Hospital, Lalitpur",पाटन अस्पताल,open,60 beds,2026-08-04 22:58 NPT
2026-08-04 22:58 NPT,5d8dfd3,hospital,"Manipal College Hospital, PKR",मणिपाल अस्पताल,open,45 beds,2026-08-04 22:58 NPT
2026-08-04 22:58 NPT,5d8dfd3,hospital,"Gandaki Medical College, PKR",गण्डकी अस्पताल,open,38 beds,2026-08-04 22:58 NPT
2026-08-04 22:58 NPT,5d8dfd3,hospital,"BPKIHS, Dharan",बीपी कोइराला स्वास्थ्य,open,150 beds,2026-08-04 22:58 NPT
2026-08-04 22:58 NPT,5d8dfd3,hospital,"Koshi Hospital, Biratnagar",कोशी अस्पताल,open,80 beds,2026-08-04 22:58 NPT
2026-08-04 22:58 NPT,5d8dfd3,hospital,"Bheri Hospital, Nepalgunj",भेरी अस्पताल,open,70 beds,2026-08-04 22:58 NPT
2026-08-04 22:58 NPT,5d8dfd3,hospital,Chitwan Medical College,चितवन मेडिकल कलेज,open,100 beds,2026-08-04 22:58 NPT
2026-08-04 22:58 NPT,5d8dfd3,hospital,Lumbini Provincial Hospital,लुम्बिनी प्रादेशिक,open,110 beds,2026-08-04 22:58 NPT
2026-08-04 20:49 NPT,714490a,road,NH01 – Mahendra Rajmarg,महेन्द्र राजमार्ग,open,,2026-08-04 20:49 NPT
2026-08-04 20:49 NPT,714490a,road,NH02 – Mechi Rajmarg,मेची राजमार्ग,partial,"Landslide at Ilam-9, Ilam",2026-08-04 20:49 NPT
2026-08-04 20:49 NPT,714490a,road,NH03 – Puspalal Hwy (Mid-Hill),पुष्पलाल राजमार्ग,open,,2026-08-04 20:49 NPT
2026-08-04 20:49 NPT,714490a,road,NH04 – Birtamod-Chandragadhi,विर्तामोड–चन्द्रगढी,open,,2026-08-04 20:49 NPT
2026-08-04 20:49 NPT,714490a,road,NH05 – Postal Hwy,हुलाकी राजमार्ग,open,,2026-08-04 20:49 NPT
2026-08-04 20:49 NPT,714490a,road,NH06 – Koshi Rajmarg,कोशी राजमार्ग,open,,2026-08-04 20:49 NPT
2026-08-04 20:49 NPT,714490a,road,NH08 – Sagarmatha Rajmarg,सगरमाथा राजमार्ग,open,,2026-08-04 20:49 NPT
2026-08-04 20:49 NPT,714490a,road,NH09 – Madan Bhandari Hwy,मदन भण्डारी राजमार्ग,open,,2026-08-04 20:49 NPT
2026-08-04 20:49 NPT,714490a,road,NH10 – Siddhartha Hwy,सिद्धार्थ राजमार्ग,open,,2026-08-04 20:49 NPT
2026-08-04 20:49 NPT,714490a,road,NH11 – Rapti Rajmarg,राप्ती राजमार्ग,open,,2026-08-04 20:49 NPT
2026-08-04 20:49 NPT,714490a,road,NH12 – Ratna Rajmarg,रत्न राजमार्ग,open,,2026-08-04 20:49 NPT
2026-08-04 20:49 NPT,714490a,road,NH13 – Karnali Rajmarg,कर्णाली राजमार्ग,open,,2026-08-04 20:49 NPT
2026-08-04 20:49 NPT,714490a,road,NH14 – Mahakali Rajmarg,महाकाली राजमार्ग,open,,2026-08-04 20:49 NPT
2026-08-04 20:49 NPT,714490a,road,NH15 – Seti Rajmarg,सेती राजमार्ग,open,,2026-08-04 20:49 NPT
2026-08-04 20:49 NPT,714490a,road,NH16 – Rapti-Lumbini Hwy,राप्ती-लुम्बिनी,open,,2026-08-04 20:49 NPT
2026-08-04 20:49 NPT,714490a,road,NH34 – Araniko Hwy,अरनिको राजमार्ग,closed,"Landslide at Bhotekoshi-4, Sindhupalchok",2026-08-04 20:49 NPT
2026-08-04 20:49 NPT,714490a,road,NH38 – BP Hwy,बीपी राजमार्ग,open,,2026-08-04 20:49 NPT
2026-08-04 20:49 NPT,714490a,road,NH41 – Tribhuvan Hwy,त्रिभुवन राजमार्ग,partial,"Landslide at Bhimphedi-9, Makwanpur",2026-08-04 20:49 NPT
2026-08-04 20:49 NPT,714490a,road,NH42 – Prithvi Hwy,पृथ्वी राजमार्ग,closed,"Landslide at Benighat Rorang-10, Dhading",2026-08-04 20:49 NPT
2026-08-04 20:49 NPT,714490a,road,NH43 – Narayanghat-Mugling,नारायणगढ–मुग्लिन,open,,2026-08-04 20:49 NPT
2026-08-04 20:49 NPT,714490a,airport,Tribhuvan Intl (KTM),त्रिभुवन अन्तर्राष्ट्रिय,open,Normal operations,2026-08-04 20:49 NPT
2026-08-04 20:49 NPT,714490a,airport,Gautam Buddha Intl (BWA),गौतम बुद्ध विमानस्थल,open,,2026-08-04 20:49 NPT
2026-08-04 20:49 NPT,714490a,airport,Pokhara Regional (PKR),पोखरा विमानस्थल,open,,2026-08-04 20:49 NPT
2026-08-04 20:49 NPT,714490a,airport,Bharatpur (BHR),भरतपुर विमानस्थल,open,,2026-08-04 20:49 NPT
2026-08-04 20:49 NPT,714490a,airport,Dhangadhi (DHI),धनगढी विमानस्थल,open,,2026-08-04 20:49 NPT
2026-08-04 20:49 NPT,714490a,airport,Biratnagar (BIR),विराटनगर विमानस्थल,open,,2026-08-04 20:49 NPT
2026-08-04 20:49 NPT,714490a,airport,Nepalgunj (KEP),नेपालगञ्ज विमानस्थल,open,,2026-08-04 20:49 NPT
2026-08-04 20:49 NPT,714490a,airport,Chandragadhi (BDP),चन्द्रगढी विमानस्थल,open,,2026-08-04 20:49 NPT
2026-08-04 20:49 NPT,714490a,airport,Janakpur (JKR),जनकपुर विमानस्थल,open,,2026-08-04 20:49 NPT
2026-08-04 20:49 NPT,714490a,airport,Simara (SIF),सिमरा विमानस्थल,open,,2026-08-04 20:49 NPT
2026-08-04 20:49 NPT,714490a,hospital,"Bir Hospital, Kathmandu",बीर अस्पताल,open,120 beds,2026-08-04 20:49 NPT
2026-08-04 20:49 NPT,714490a,hospital,"TU Teaching Hospital, KTM",त्रिवि शिक्षण अस्पताल,open,95 beds,2026-08-04 20:49 NPT
2026-08-04 20:49 NPT,714490a,hospital,"Patan Hospital, Lalitpur",पाटन अस्पताल,open,60 beds,2026-08-04 20:49 NPT
2026-08-04 20:49 NPT,714490a,hospital,"Manipal College Hospital, PKR",मणिपाल अस्पताल,open,45 beds,2026-08-04 20:49 NPT
2026-08-04 20:49 NPT,714490a,hospital,"Gandaki Medical College, PKR",गण्डकी अस्पताल,open,38 beds,2026-08-04 20:49 NPT
2026-08-04 20:49 NPT,714490a,hospital,"BPKIHS, Dharan",बीपी कोइराला स्वास्थ्य,open,150 beds,2026-08-04 20:49 NPT
2026-08-04 20:49 NPT,714490a,hospital,"Koshi Hospital, Biratnagar",कोशी अस्पताल,open,80 beds,2026-08-04 20:49 NPT
2026-08-04 20:49 NPT,714490a,hospital,"Bheri Hospital, Nepalgunj",भेरी अस्पताल,open,70 beds,2026-08-04 20:49 NPT
2026-08-04 20:49 NPT,714490a,hospital,Chitwan Medical College,चितवन मेडिकल कलेज,open,100 beds,2026-08-04 20:49 NPT
2026-08-04 20:49 NPT,714490a,hospital,Lumbini Provincial Hospital,लुम्बिनी प्रादेशिक,open,110 beds,2026-08-04 20:49 NPT
2026-08-04 18:11 NPT,94cb653,road,NH01 – Mahendra Rajmarg,महेन्द्र राजमार्ग,open,,2026-08-04 18:11 NPT
2026-08-04 18:11 NPT,94cb653,road,NH02 – Mechi Rajmarg,मेची राजमार्ग,partial,"Landslide at Ilam-9, Ilam",2026-08-04 18:11 NPT
2026-08-04 18:11 NPT,94cb653,road,NH03 – Puspalal Hwy (Mid-Hill),पुष्पलाल राजमार्ग,open,,2026-08-04 18:11 NPT
2026-08-04 18:11 NPT,94cb653,road,NH04 – Birtamod-Chandragadhi,विर्तामोड–चन्द्रगढी,open,,2026-08-04 18:11 NPT
2026-08-04 18:11 NPT,94cb653,road,NH05 – Postal Hwy,हुलाकी राजमार्ग,open,,2026-08-04 18:11 NPT
2026-08-04 18:11 NPT,94cb653,road,NH06 – Koshi Rajmarg,कोशी राजमार्ग,open,,2026-08-04 18:11 NPT
2026-08-04 18:11 NPT,94cb653,road,NH08 – Sagarmatha Rajmarg,सगरमाथा राजमार्ग,open,,2026-08-04 18:11 NPT
2026-08-04 18:11 NPT,94cb653,road,NH09 – Madan Bhandari Hwy,मदन भण्डारी राजमार्ग,open,,2026-08-04 18:11 NPT
2026-08-04 18:11 NPT,94cb653,road,NH10 – Siddhartha Hwy,सिद्धार्थ राजमार्ग,open,,2026-08-04 18:11 NPT
2026-08-04 18:11 NPT,94cb653,road,NH11 – Rapti Rajmarg,राप्ती राजमार्ग,open,,2026-08-04 18:11 NPT
2026-08-04 18:11 NPT,94cb653,road,NH12 – Ratna Rajmarg,रत्न राजमार्ग,open,,2026-08-04 18:11 NPT
2026-08-04 18:11 NPT,94cb653,road,NH13 – Karnali Rajmarg,कर्णाली राजमार्ग,open,,2026-08-04 18:11 NPT
2026-08-04 18:11 NPT,94cb653,road,NH14 – Mahakali Rajmarg,महाकाली राजमार्ग,open,,2026-08-04 18:11 NPT
2026-08-04 18:11 NPT,94cb653,road,NH15 – Seti Rajmarg,सेती राजमार्ग,open,,2026-08-04 18:11 NPT
2026-08-04 18:11 NPT,94cb653,road,NH16 – Rapti-Lumbini Hwy,राप्ती-लुम्बिनी,open,,2026-08-04 18:11 NPT
2026-08-04 18:11 NPT,94cb653,road,NH34 – Araniko Hwy,अरनिको राजमार्ग,closed,"Landslide at Bhotekoshi-4, Sindhupalchok",2026-08-04 18:11 NPT
2026-08-04 18:11 NPT,94cb653,road,NH38 – BP Hwy,बीपी राजमार्ग,open,,2026-08-04 18:11 NPT
2026-08-04 18:11 NPT,94cb653,road,NH41 – Tribhuvan Hwy,त्रिभुवन राजमार्ग,partial,"Landslide at Bhimphedi-9, Makwanpur",2026-08-04 18:11 NPT
2026-08-04 18:11 NPT,94cb653,road,NH42 – Prithvi Hwy,पृथ्वी राजमार्ग,closed,"Landslide at Benighat Rorang-10, Dhading",2026-08-04 18:11 NPT
2026-08-04 18:11 NPT,94cb653,road,NH43 – Narayanghat-Mugling,नारायणगढ–मुग्लिन,open,,2026-08-04 18:11 NPT
2026-08-04 18:11 NPT,94cb653,airport,Tribhuvan Intl (KTM),त्रिभुवन अन्तर्राष्ट्रिय,open,Normal operations,2026-08-04 18:11 NPT
2026-08-04 18:11 NPT,94cb653,airport,Gautam Buddha Intl (BWA),गौतम बुद्ध विमानस्थल,open,,2026-08-04 18:11 NPT
2026-08-04 18:11 NPT,94cb653,airport,Pokhara Regional (PKR),पोखरा विमानस्थल,open,,2026-08-04 18:11 NPT
2026-08-04 18:11 NPT,94cb653,airport,Bharatpur (BHR),भरतपुर विमानस्थल,open,,2026-08-04 18:11 NPT
2026-08-04 18:11 NPT,94cb653,airport,Dhangadhi (DHI),धनगढी विमानस्थल,open,,2026-08-04 18:11 NPT
2026-08-04 18:11 NPT,94cb653,airport,Biratnagar (BIR),विराटनगर विमानस्थल,open,,2026-08-04 18:11 NPT
2026-08-04 18:11 NPT,94cb653,airport,Nepalgunj (KEP),नेपालगञ्ज विमानस्थल,open,,2026-08-04 18:11 NPT
2026-08-04 18:11 NPT,94cb653,airport,Chandragadhi (BDP),चन्द्रगढी विमानस्थल,open,,2026-08-04 18:11 NPT
2026-08-04 18:11 NPT,94cb653,airport,Janakpur (JKR),जनकपुर विमानस्थल,open,,2026-08-04 18:11 NPT
2026-08-04 18:11 NPT,94cb653,airport,Simara (SIF),सिमरा विमानस्थल,open,,2026-08-04 18:11 NPT
2026-08-04 18:11 NPT,94cb653,hospital,"Bir Hospital, Kathmandu",बीर अस्पताल,open,120 beds,2026-08-04 18:11 NPT
2026-08-04 18:11 NPT,94cb653,hospital,"TU Teaching Hospital, KTM",त्रिवि शिक्षण अस्पताल,open,95 beds,2026-08-04 18:11 NPT
2026-08-04 18:11 NPT,94cb653,hospital,"Patan Hospital, Lalitpur",पाटन अस्पताल,open,60 beds,2026-08-04 18:11 NPT
2026-08-04 18:11 NPT,94cb653,hospital,"Manipal College Hospital, PKR",मणिपाल अस्पताल,open,45 beds,2026-08-04 18:11 NPT
2026-08-04 18:11 NPT,94cb653,hospital,"Gandaki Medical College, PKR",गण्डकी अस्पताल,open,38 beds,2026-08-04 18:11 NPT
2026-08-04 18:11 NPT,94cb653,hospital,"BPKIHS, Dharan",बीपी कोइराला स्वास्थ्य,open,150 beds,2026-08-04 18:11 NPT
2026-08-04 18:11 NPT,94cb653,hospital,"Koshi Hospital, Biratnagar",कोशी अस्पताल,open,80 beds,2026-08-04 18:11 NPT
2026-08-04 18:11 NPT,94cb653,hospital,"Bheri Hospital, Nepalgunj",भेरी अस्पताल,open,70 beds,2026-08-04 18:11 NPT
2026-08-04 18:11 NPT,94cb653,hospital,Chitwan Medical College,चितवन मेडिकल कलेज,open,100 beds,2026-08-04 18:11 NPT
2026-08-04 18:11 NPT,94cb653,hospital,Lumbini Provincial Hospital,लुम्बिनी प्रादेशिक,open,110 beds,2026-08-04 18:11 NPT
2026-08-04 15:56 NPT,490d776,road,NH01 – Mahendra Rajmarg,महेन्द्र राजमार्ग,open,,2026-08-04 15:56 NPT
2026-08-04 15:56 NPT,490d776,road,NH02 – Mechi Rajmarg,मेची राजमार्ग,partial,"Landslide at Ilam-9, Ilam",2026-08-04 15:56 NPT
2026-08-04 15:56 NPT,490d776,road,NH03 – Puspalal Hwy (Mid-Hill),पुष्पलाल राजमार्ग,open,,2026-08-04 15:56 NPT
2026-08-04 15:56 NPT,490d776,road,NH04 – Birtamod-Chandragadhi,विर्तामोड–चन्द्रगढी,open,,2026-08-04 15:56 NPT
2026-08-04 15:56 NPT,490d776,road,NH05 – Postal Hwy,हुलाकी राजमार्ग,open,,2026-08-04 15:56 NPT
2026-08-04 15:56 NPT,490d776,road,NH06 – Koshi Rajmarg,कोशी राजमार्ग,open,,2026-08-04 15:56 NPT
2026-08-04 15:56 NPT,490d776,road,NH08 – Sagarmatha Rajmarg,सगरमाथा राजमार्ग,open,,2026-08-04 15:56 NPT
2026-08-04 15:56 NPT,490d776,road,NH09 – Madan Bhandari Hwy,मदन भण्डारी राजमार्ग,open,,2026-08-04 15:56 NPT
2026-08-04 15:56 NPT,490d776,road,NH10 – Siddhartha Hwy,सिद्धार्थ राजमार्ग,open,,2026-08-04 15:56 NPT
2026-08-04 15:56 NPT,490d776,road,NH11 – Rapti Rajmarg,राप्ती राजमार्ग,open,,2026-08-04 15:56 NPT
2026-08-04 15:56 NPT,490d776,road,NH12 – Ratna Rajmarg,रत्न राजमार्ग,open,,2026-08-04 15:56 NPT
2026-08-04 15:56 NPT,490d776,road,NH13 – Karnali Rajmarg,कर्णाली राजमार्ग,open,,2026-08-04 15:56 NPT
2026-08-04 15:56 NPT,490d776,road,NH14 – Mahakali Rajmarg,महाकाली राजमार्ग,open,,2026-08-04 15:56 NPT
2026-08-04 15:56 NPT,490d776,road,NH15 – Seti Rajmarg,सेती राजमार्ग,open,,2026-08-04 15:56 NPT
2026-08-04 15:56 NPT,490d776,road,NH16 – Rapti-Lumbini Hwy,राप्ती-लुम्बिनी,open,,2026-08-04 15:56 NPT
2026-08-04 15:56 NPT,490d776,road,NH34 – Araniko Hwy,अरनिको राजमार्ग,closed,"Landslide at Bhotekoshi-4, Sindhupalchok",2026-08-04 15:56 NPT
2026-08-04 15:56 NPT,490d776,road,NH38 – BP Hwy,बीपी राजमार्ग,open,,2026-08-04 15:56 NPT
2026-08-04 15:56 NPT,490d776,road,NH41 – Tribhuvan Hwy,त्रिभुवन राजमार्ग,partial,"Landslide at Bhimphedi-9, Makwanpur",2026-08-04 15:56 NPT
2026-08-04 15:56 NPT,490d776,road,NH42 – Prithvi Hwy,पृथ्वी राजमार्ग,open,,2026-08-04 15:56 NPT
2026-08-04 15:56 NPT,490d776,road,NH43 – Narayanghat-Mugling,नारायणगढ–मुग्लिन,open,,2026-08-04 15:56 NPT
2026-08-04 15:56 NPT,490d776,airport,Tribhuvan Intl (KTM),त्रिभुवन अन्तर्राष्ट्रिय,open,Normal operations,2026-08-04 15:56 NPT
2026-08-04 15:56 NPT,490d776,airport,Gautam Buddha Intl (BWA),गौतम बुद्ध विमानस्थल,open,,2026-08-04 15:56 NPT
2026-08-04 15:56 NPT,490d776,airport,Pokhara Regional (PKR),पोखरा विमानस्थल,open,,2026-08-04 15:56 NPT
2026-08-04 15:56 NPT,490d776,airport,Bharatpur (BHR),भरतपुर विमानस्थल,open,,2026-08-04 15:56 NPT
2026-08-04 15:56 NPT,490d776,airport,Dhangadhi (DHI),धनगढी विमानस्थल,open,,2026-08-04 15:56 NPT
2026-08-04 15:56 NPT,490d776,airport,Biratnagar (BIR),विराटनगर विमानस्थल,open,,2026-08-04 15:56 NPT
2026-08-04 15:56 NPT,490d776,airport,Nepalgunj (KEP),नेपालगञ्ज विमानस्थल,open,,2026-08-04 15:56 NPT
2026-08-04 15:56 NPT,490d776,airport,Chandragadhi (BDP),चन्द्रगढी विमानस्थल,open,,2026-08-04 15:56 NPT
2026-08-04 15:56 NPT,490d776,airport,Janakpur (JKR),जनकपुर विमानस्थल,open,,2026-08-04 15:56 NPT
2026-08-04 15:56 NPT,490d776,airport,Simara (SIF),सिमरा विमानस्थल,open,,2026-08-04 15:56 NPT
2026-08-04 15:56 NPT,490d776,hospital,"Bir Hospital, Kathmandu",बीर अस्पताल,open,120 beds,2026-08-04 15:56 NPT
2026-08-04 15:56 NPT,490d776,hospital,"TU Teaching Hospital, KTM",त्रिवि शिक्षण अस्पताल,open,95 beds,2026-08-04 15:56 NPT
2026-08-04 15:56 NPT,490d776,hospital,"Patan Hospital, Lalitpur",पाटन अस्पताल,open,60 beds,2026-08-04 15:56 NPT
2026-08-04 15:56 NPT,490d776,hospital,"Manipal College Hospital, PKR",मणिपाल अस्पताल,open,45 beds,2026-08-04 15:56 NPT
2026-08-04 15:56 NPT,490d776,hospital,"Gandaki Medical College, PKR",गण्डकी अस्पताल,open,38 beds,2026-08-04 15:56 NPT
2026-08-04 15:56 NPT,490d776,hospital,"BPKIHS, Dharan",बीपी कोइराला स्वास्थ्य,open,150 beds,2026-08-04 15:56 NPT
2026-08-04 15:56 NPT,490d776,hospital,"Koshi Hospital, Biratnagar",कोशी अस्पताल,open,80 beds,2026-08-04 15:56 NPT
2026-08-04 15:56 NPT,490d776,hospital,"Bheri Hospital, Nepalgunj",भेरी अस्पताल,open,70 beds,2026-08-04 15:56 NPT
2026-08-04 15:56 NPT,490d776,hospital,Chitwan Medical College,चितवन मेडिकल कलेज,open,100 beds,2026-08-04 15:56 NPT
2026-08-04 15:56 NPT,490d776,hospital,Lumbini Provincial Hospital,लुम्बिनी प्रादेशिक,open,110 beds,2026-08-04 15:56 NPT
2026-08-04 12:59 NPT,8c51f6e,road,NH01 – Mahendra Rajmarg,महेन्द्र राजमार्ग,open,,2026-08-04 12:59 NPT
2026-08-04 12:59 NPT,8c51f6e,road,NH02 – Mechi Rajmarg,मेची राजमार्ग,partial,"Landslide at Ilam-9, Ilam",2026-08-04 12:59 NPT
2026-08-04 12:59 NPT,8c51f6e,road,NH03 – Puspalal Hwy (Mid-Hill),पुष्पलाल राजमार्ग,open,,2026-08-04 12:59 NPT
2026-08-04 12:59 NPT,8c51f6e,road,NH04 – Birtamod-Chandragadhi,विर्तामोड–चन्द्रगढी,open,,2026-08-04 12:59 NPT
2026-08-04 12:59 NPT,8c51f6e,road,NH05 – Postal Hwy,हुलाकी राजमार्ग,open,,2026-08-04 12:59 NPT
2026-08-04 12:59 NPT,8c51f6e,road,NH06 – Koshi Rajmarg,कोशी राजमार्ग,open,,2026-08-04 12:59 NPT
2026-08-04 12:59 NPT,8c51f6e,road,NH08 – Sagarmatha Rajmarg,सगरमाथा राजमार्ग,open,,2026-08-04 12:59 NPT
2026-08-04 12:59 NPT,8c51f6e,road,NH09 – Madan Bhandari Hwy,मदन भण्डारी राजमार्ग,open,,2026-08-04 12:59 NPT
2026-08-04 12:59 NPT,8c51f6e,road,NH10 – Siddhartha Hwy,सिद्धार्थ राजमार्ग,open,,2026-08-04 12:59 NPT
2026-08-04 12:59 NPT,8c51f6e,road,NH11 – Rapti Rajmarg,राप्ती राजमार्ग,open,,2026-08-04 12:59 NPT
2026-08-04 12:59 NPT,8c51f6e,road,NH12 – Ratna Rajmarg,रत्न राजमार्ग,open,,2026-08-04 12:59 NPT
2026-08-04 12:59 NPT,8c51f6e,road,NH13 – Karnali Rajmarg,कर्णाली राजमार्ग,open,,2026-08-04 12:59 NPT
2026-08-04 12:59 NPT,8c51f6e,road,NH14 – Mahakali Rajmarg,महाकाली राजमार्ग,open,,2026-08-04 12:59 NPT
2026-08-04 12:59 NPT,8c51f6e,road,NH15 – Seti Rajmarg,सेती राजमार्ग,open,,2026-08-04 12:59 NPT
2026-08-04 12:59 NPT,8c51f6e,road,NH16 – Rapti-Lumbini Hwy,राप्ती-लुम्बिनी,open,,2026-08-04 12:59 NPT
2026-08-04 12:59 NPT,8c51f6e,road,NH34 – Araniko Hwy,अरनिको राजमार्ग,closed,"Landslide at Bhotekoshi-4, Sindhupalchok",2026-08-04 12:59 NPT
2026-08-04 12:59 NPT,8c51f6e,road,NH38 – BP Hwy,बीपी राजमार्ग,open,,2026-08-04 12:59 NPT
2026-08-04 12:59 NPT,8c51f6e,road,NH41 – Tribhuvan Hwy,त्रिभुवन राजमार्ग,partial,"Landslide at Bhimphedi-9, Makwanpur",2026-08-04 12:59 NPT
2026-08-04 12:59 NPT,8c51f6e,road,NH42 – Prithvi Hwy,पृथ्वी राजमार्ग,partial,"Landslide at Uttargaya-5, Rasuwa",2026-08-04 12:59 NPT
2026-08-04 12:59 NPT,8c51f6e,road,NH43 – Narayanghat-Mugling,नारायणगढ–मुग्लिन,open,,2026-08-04 12:59 NPT
2026-08-04 12:59 NPT,8c51f6e,airport,Tribhuvan Intl (KTM),त्रिभुवन अन्तर्राष्ट्रिय,open,Normal operations,2026-08-04 12:59 NPT
2026-08-04 12:59 NPT,8c51f6e,airport,Gautam Buddha Intl (BWA),गौतम बुद्ध विमानस्थल,open,,2026-08-04 12:59 NPT
2026-08-04 12:59 NPT,8c51f6e,airport,Pokhara Regional (PKR),पोखरा विमानस्थल,open,,2026-08-04 12:59 NPT
2026-08-04 12:59 NPT,8c51f6e,airport,Bharatpur (BHR),भरतपुर विमानस्थल,open,,2026-08-04 12:59 NPT
2026-08-04 12:59 NPT,8c51f6e,airport,Dhangadhi (DHI),धनगढी विमानस्थल,open,,2026-08-04 12:59 NPT
2026-08-04 12:59 NPT,8c51f6e,airport,Biratnagar (BIR),विराटनगर विमानस्थल,open,,2026-08-04 12:59 NPT
2026-08-04 12:59 NPT,8c51f6e,airport,Nepalgunj (KEP),नेपालगञ्ज विमानस्थल,open,,2026-08-04 12:59 NPT
2026-08-04 12:59 NPT,8c51f6e,airport,Chandragadhi (BDP),चन्द्रगढी विमानस्थल,open,,2026-08-04 12:59 NPT
2026-08-04 12:59 NPT,8c51f6e,airport,Janakpur (JKR),जनकपुर विमानस्थल,open,,2026-08-04 12:59 NPT
2026-08-04 12:59 NPT,8c51f6e,airport,Simara (SIF),सिमरा विमानस्थल,open,,2026-08-04 12:59 NPT
2026-08-04 12:59 NPT,8c51f6e,hospital,"Bir Hospital, Kathmandu",बीर अस्पताल,open,120 beds,2026-08-04 12:59 NPT
2026-08-04 12:59 NPT,8c51f6e,hospital,"TU Teaching Hospital, KTM",त्रिवि शिक्षण अस्पताल,open,95 beds,2026-08-04 12:59 NPT
2026-08-04 12:59 NPT,8c51f6e,hospital,"Patan Hospital, Lalitpur",पाटन अस्पताल,open,60 beds,2026-08-04 12:59 NPT
2026-08-04 12:59 NPT,8c51f6e,hospital,"Manipal College Hospital, PKR",मणिपाल अस्पताल,open,45 beds,2026-08-04 12:59 NPT
2026-08-04 12:59 NPT,8c51f6e,hospital,"Gandaki Medical College, PKR",गण्डकी अस्पताल,open,38 beds,2026-08-04 12:59 NPT
2026-08-04 12:59 NPT,8c51f6e,hospital,"BPKIHS, Dharan",बीपी कोइराला स्वास्थ्य,open,150 beds,2026-08-04 12:59 NPT
2026-08-04 12:59 NPT,8c51f6e,hospital,"Koshi Hospital, Biratnagar",कोशी अस्पताल,open,80 beds,2026-08-04 12:59 NPT
2026-08-04 12:59 NPT,8c51f6e,hospital,"Bheri Hospital, Nepalgunj",भेरी अस्पताल,open,70 beds,2026-08-04 12:59 NPT
2026-08-04 12:59 NPT,8c51f6e,hospital,Chitwan Medical College,चितवन मेडिकल कलेज,open,100 beds,2026-08-04 12:59 NPT
2026-08-04 12:59 NPT,8c51f6e,hospital,Lumbini Provincial Hospital,लुम्बिनी प्रादेशिक,open,110 beds,2026-08-04 12:59 NPT
2026-08-04 10:06 NPT,c0ace70,road,NH01 – Mahendra Rajmarg,महेन्द्र राजमार्ग,open,,2026-08-04 10:06 NPT
2026-08-04 10:06 NPT,c0ace70,road,NH02 – Mechi Rajmarg,मेची राजमार्ग,partial,"Landslide at Ilam-9, Ilam",2026-08-04 10:06 NPT
2026-08-04 10:06 NPT,c0ace70,road,NH03 – Puspalal Hwy (Mid-Hill),पुष्पलाल राजमार्ग,partial,"Landslide at Kanthekhola-5, Baglung",2026-08-04 10:06 NPT
2026-08-04 10:06 NPT,c0ace70,road,NH04 – Birtamod-Chandragadhi,विर्तामोड–चन्द्रगढी,open,,2026-08-04 10:06 NPT
2026-08-04 10:06 NPT,c0ace70,road,NH05 – Postal Hwy,हुलाकी राजमार्ग,open,,2026-08-04 10:06 NPT
2026-08-04 10:06 NPT,c0ace70,road,NH06 – Koshi Rajmarg,कोशी राजमार्ग,open,,2026-08-04 10:06 NPT
2026-08-04 10:06 NPT,c0ace70,road,NH08 – Sagarmatha Rajmarg,सगरमाथा राजमार्ग,open,,2026-08-04 10:06 NPT
2026-08-04 10:06 NPT,c0ace70,road,NH09 – Madan Bhandari Hwy,मदन भण्डारी राजमार्ग,open,,2026-08-04 10:06 NPT
2026-08-04 10:06 NPT,c0ace70,road,NH10 – Siddhartha Hwy,सिद्धार्थ राजमार्ग,open,,2026-08-04 10:06 NPT
2026-08-04 10:06 NPT,c0ace70,road,NH11 – Rapti Rajmarg,राप्ती राजमार्ग,open,,2026-08-04 10:06 NPT
2026-08-04 10:06 NPT,c0ace70,road,NH12 – Ratna Rajmarg,रत्न राजमार्ग,open,,2026-08-04 10:06 NPT
2026-08-04 10:06 NPT,c0ace70,road,NH13 – Karnali Rajmarg,कर्णाली राजमार्ग,open,,2026-08-04 10:06 NPT
2026-08-04 10:06 NPT,c0ace70,road,NH14 – Mahakali Rajmarg,महाकाली राजमार्ग,open,,2026-08-04 10:06 NPT
2026-08-04 10:06 NPT,c0ace70,road,NH15 – Seti Rajmarg,सेती राजमार्ग,open,,2026-08-04 10:06 NPT
2026-08-04 10:06 NPT,c0ace70,road,NH16 – Rapti-Lumbini Hwy,राप्ती-लुम्बिनी,open,,2026-08-04 10:06 NPT
2026-08-04 10:06 NPT,c0ace70,road,NH34 – Araniko Hwy,अरनिको राजमार्ग,closed,"Landslide at Bhotekoshi-4, Sindhupalchok",2026-08-04 10:06 NPT
2026-08-04 10:06 NPT,c0ace70,road,NH38 – BP Hwy,बीपी राजमार्ग,open,,2026-08-04 10:06 NPT
2026-08-04 10:06 NPT,c0ace70,road,NH41 – Tribhuvan Hwy,त्रिभुवन राजमार्ग,partial,"Landslide at Bhimphedi-9, Makwanpur",2026-08-04 10:06 NPT
2026-08-04 10:06 NPT,c0ace70,road,NH42 – Prithvi Hwy,पृथ्वी राजमार्ग,closed,"Landslide at Benighat Rorang-10, Dhading",2026-08-04 10:06 NPT
2026-08-04 10:06 NPT,c0ace70,road,NH43 – Narayanghat-Mugling,नारायणगढ–मुग्लिन,open,,2026-08-04 10:06 NPT
2026-08-04 10:06 NPT,c0ace70,airport,Tribhuvan Intl (KTM),त्रिभुवन अन्तर्राष्ट्रिय,open,Normal operations,2026-08-04 10:06 NPT
2026-08-04 10:06 NPT,c0ace70,airport,Gautam Buddha Intl (BWA),गौतम बुद्ध विमानस्थल,open,,2026-08-04 10:06 NPT
2026-08-04 10:06 NPT,c0ace70,airport,Pokhara Regional (PKR),पोखरा विमानस्थल,open,,2026-08-04 10:06 NPT
2026-08-04 10:06 NPT,c0ace70,airport,Bharatpur (BHR),भरतपुर विमानस्थल,open,,2026-08-04 10:06 NPT
2026-08-04 10:06 NPT,c0ace70,airport,Dhangadhi (DHI),धनगढी विमानस्थल,open,,2026-08-04 10:06 NPT
2026-08-04 10:06 NPT,c0ace70,airport,Biratnagar (BIR),विराटनगर विमानस्थल,open,,2026-08-04 10:06 NPT
2026-08-04 10:06 NPT,c0ace70,airport,Nepalgunj (KEP),नेपालगञ्ज विमानस्थल,open,,2026-08-04 10:06 NPT
2026-08-04 10:06 NPT,c0ace70,airport,Chandragadhi (BDP),चन्द्रगढी विमानस्थल,open,,2026-08-04 10:06 NPT
2026-08-04 10:06 NPT,c0ace70,airport,Janakpur (JKR),जनकपुर विमानस्थल,open,,2026-08-04 10:06 NPT
2026-08-04 10:06 NPT,c0ace70,airport,Simara (SIF),सिमरा विमानस्थल,open,,2026-08-04 10:06 NPT
2026-08-04 10:06 NPT,c0ace70,hospital,"Bir Hospital, Kathmandu",बीर अस्पताल,open,120 beds,2026-08-04 10:06 NPT
2026-08-04 10:06 NPT,c0ace70,hospital,"TU Teaching Hospital, KTM",त्रिवि शिक्षण अस्पताल,open,95 beds,2026-08-04 10:06 NPT
2026-08-04 10:06 NPT,c0ace70,hospital,"Patan Hospital, Lalitpur",पाटन अस्पताल,open,60 beds,2026-08-04 10:06 NPT
2026-08-04 10:06 NPT,c0ace70,hospital,"Manipal College Hospital, PKR",मणिपाल अस्पताल,open,45 beds,2026-08-04 10:06 NPT
2026-08-04 10:06 NPT,c0ace70,hospital,"Gandaki Medical College, PKR",गण्डकी अस्पताल,open,38 beds,2026-08-04 10:06 NPT
2026-08-04 10:06 NPT,c0ace70,hospital,"BPKIHS, Dharan",बीपी कोइराला स्वास्थ्य,open,150 beds,2026-08-04 10:06 NPT
2026-08-04 10:06 NPT,c0ace70,hospital,"Koshi Hospital, Biratnagar",कोशी अस्पताल,open,80 beds,2026-08-04 10:06 NPT
2026-08-04 10:06 NPT,c0ace70,hospital,"Bheri Hospital, Nepalgunj",भेरी अस्पताल,open,70 beds,2026-08-04 10:06 NPT
2026-08-04 10:06 NPT,c0ace70,hospital,Chitwan Medical College,चितवन मेडिकल कलेज,open,100 beds,2026-08-04 10:06 NPT
2026-08-04 10:06 NPT,c0ace70,hospital,Lumbini Provincial Hospital,लुम्बिनी प्रादेशिक,open,110 beds,2026-08-04 10:06 NPT
2026-08-04 06:44 NPT,ac3d6bc,road,NH01 – Mahendra Rajmarg,महेन्द्र राजमार्ग,open,,2026-08-04 06:44 NPT
2026-08-04 06:44 NPT,ac3d6bc,road,NH02 – Mechi Rajmarg,मेची राजमार्ग,partial,"Landslide at Ilam-9, Ilam",2026-08-04 06:44 NPT
2026-08-04 06:44 NPT,ac3d6bc,road,NH03 – Puspalal Hwy (Mid-Hill),पुष्पलाल राजमार्ग,partial,"Landslide at Kanthekhola-5, Baglung",2026-08-04 06:44 NPT
2026-08-04 06:44 NPT,ac3d6bc,road,NH04 – Birtamod-Chandragadhi,विर्तामोड–चन्द्रगढी,open,,2026-08-04 06:44 NPT
2026-08-04 06:44 NPT,ac3d6bc,road,NH05 – Postal Hwy,हुलाकी राजमार्ग,open,,2026-08-04 06:44 NPT
2026-08-04 06:44 NPT,ac3d6bc,road,NH06 – Koshi Rajmarg,कोशी राजमार्ग,open,,2026-08-04 06:44 NPT
2026-08-04 06:44 NPT,ac3d6bc,road,NH08 – Sagarmatha Rajmarg,सगरमाथा राजमार्ग,open,,2026-08-04 06:44 NPT
2026-08-04 06:44 NPT,ac3d6bc,road,NH09 – Madan Bhandari Hwy,मदन भण्डारी राजमार्ग,open,,2026-08-04 06:44 NPT
2026-08-04 06:44 NPT,ac3d6bc,road,NH10 – Siddhartha Hwy,सिद्धार्थ राजमार्ग,open,,2026-08-04 06:44 NPT
2026-08-04 06:44 NPT,ac3d6bc,road,NH11 – Rapti Rajmarg,राप्ती राजमार्ग,open,,2026-08-04 06:44 NPT
2026-08-04 06:44 NPT,ac3d6bc,road,NH12 – Ratna Rajmarg,रत्न राजमार्ग,open,,2026-08-04 06:44 NPT
2026-08-04 06:44 NPT,ac3d6bc,road,NH13 – Karnali Rajmarg,कर्णाली राजमार्ग,open,,2026-08-04 06:44 NPT
2026-08-04 06:44 NPT,ac3d6bc,road,NH14 – Mahakali Rajmarg,महाकाली राजमार्ग,open,,2026-08-04 06:44 NPT
2026-08-04 06:44 NPT,ac3d6bc,road,NH15 – Seti Rajmarg,सेती राजमार्ग,open,,2026-08-04 06:44 NPT
2026-08-04 06:44 NPT,ac3d6bc,road,NH16 – Rapti-Lumbini Hwy,राप्ती-लुम्बिनी,open,,2026-08-04 06:44 NPT
2026-08-04 06:44 NPT,ac3d6bc,road,NH34 – Araniko Hwy,अरनिको राजमार्ग,closed,"Landslide at Bhotekoshi-4, Sindhupalchok",2026-08-04 06:44 NPT
2026-08-04 06:44 NPT,ac3d6bc,road,NH38 – BP Hwy,बीपी राजमार्ग,open,,2026-08-04 06:44 NPT
2026-08-04 06:44 NPT,ac3d6bc,road,NH41 – Tribhuvan Hwy,त्रिभुवन राजमार्ग,partial,"Landslide at Bhimphedi-9, Makwanpur",2026-08-04 06:44 NPT
2026-08-04 06:44 NPT,ac3d6bc,road,NH42 – Prithvi Hwy,पृथ्वी राजमार्ग,closed,"Landslide at Benighat Rorang-10, Dhading",2026-08-04 06:44 NPT
2026-08-04 06:44 NPT,ac3d6bc,road,NH43 – Narayanghat-Mugling,नारायणगढ–मुग्लिन,open,,2026-08-04 06:44 NPT
2026-08-04 06:44 NPT,ac3d6bc,airport,Tribhuvan Intl (KTM),त्रिभुवन अन्तर्राष्ट्रिय,open,Normal operations,2026-08-04 06:44 NPT
2026-08-04 06:44 NPT,ac3d6bc,airport,Gautam Buddha Intl (BWA),गौतम बुद्ध विमानस्थल,open,,2026-08-04 06:44 NPT
2026-08-04 06:44 NPT,ac3d6bc,airport,Pokhara Regional (PKR),पोखरा विमानस्थल,open,,2026-08-04 06:44 NPT
2026-08-04 06:44 NPT,ac3d6bc,airport,Bharatpur (BHR),भरतपुर विमानस्थल,open,,2026-08-04 06:44 NPT
2026-08-04 06:44 NPT,ac3d6bc,airport,Dhangadhi (DHI),धनगढी विमानस्थल,open,,2026-08-04 06:44 NPT
2026-08-04 06:44 NPT,ac3d6bc,airport,Biratnagar (BIR),विराटनगर विमानस्थल,open,,2026-08-04 06:44 NPT
2026-08-04 06:44 NPT,ac3d6bc,airport,Nepalgunj (KEP),नेपालगञ्ज विमानस्थल,open,,2026-08-04 06:44 NPT
2026-08-04 06:44 NPT,ac3d6bc,airport,Chandragadhi (BDP),चन्द्रगढी विमानस्थल,open,,2026-08-04 06:44 NPT
2026-08-04 06:44 NPT,ac3d6bc,airport,Janakpur (JKR),जनकपुर विमानस्थल,open,,2026-08-04 06:44 NPT
2026-08-04 06:44 NPT,ac3d6bc,airport,Simara (SIF),सिमरा विमानस्थल,open,,2026-08-04 06:44 NPT
2026-08-04 06:44 NPT,ac3d6bc,hospital,"Bir Hospital, Kathmandu",बीर अस्पताल,open,120 beds,2026-08-04 06:44 NPT
2026-08-04 06:44 NPT,ac3d6bc,hospital,"TU Teaching Hospital, KTM",त्रिवि शिक्षण अस्पताल,open,95 beds,2026-08-04 06:44 NPT
2026-08-04 06:44 NPT,ac3d6bc,hospital,"Patan Hospital, Lalitpur",पाटन अस्पताल,open,60 beds,2026-08-04 06:44 NPT
2026-08-04 06:44 NPT,ac3d6bc,hospital,"Manipal College Hospital, PKR",मणिपाल अस्पताल,open,45 beds,2026-08-04 06:44 NPT
2026-08-04 06:44 NPT,ac3d6bc,hospital,"Gandaki Medical College, PKR",गण्डकी अस्पताल,open,38 beds,2026-08-04 06:44 NPT
2026-08-04 06:44 NPT,ac3d6bc,hospital,"BPKIHS, Dharan",बीपी कोइराला स्वास्थ्य,open,150 beds,2026-08-04 06:44 NPT
2026-08-04 06:44 NPT,ac3d6bc,hospital,"Koshi Hospital, Biratnagar",कोशी अस्पताल,open,80 beds,2026-08-04 06:44 NPT
2026-08-04 06:44 NPT,ac3d6bc,hospital,"Bheri Hospital, Nepalgunj",भेरी अस्पताल,open,70 beds,2026-08-04 06:44 NPT
2026-08-04 06:44 NPT,ac3d6bc,hospital,Chitwan Medical College,चितवन मेडिकल कलेज,open,100 beds,2026-08-04 06:44 NPT
2026-08-04 06:44 NPT,ac3d6bc,hospital,Lumbini Provincial Hospital,लुम्बिनी प्रादेशिक,open,110 beds,2026-08-04 06:44 NPT
2026-08-04 04:48 NPT,d441565,road,NH01 – Mahendra Rajmarg,महेन्द्र राजमार्ग,open,,2026-08-04 04:48 NPT
2026-08-04 04:48 NPT,d441565,road,NH02 – Mechi Rajmarg,मेची राजमार्ग,partial,"Landslide at Ilam-9, Ilam",2026-08-04 04:48 NPT
2026-08-04 04:48 NPT,d441565,road,NH03 – Puspalal Hwy (Mid-Hill),पुष्पलाल राजमार्ग,partial,"Landslide at Kanthekhola-5, Baglung",2026-08-04 04:48 NPT
2026-08-04 04:48 NPT,d441565,road,NH04 – Birtamod-Chandragadhi,विर्तामोड–चन्द्रगढी,open,,2026-08-04 04:48 NPT
2026-08-04 04:48 NPT,d441565,road,NH05 – Postal Hwy,हुलाकी राजमार्ग,open,,2026-08-04 04:48 NPT
2026-08-04 04:48 NPT,d441565,road,NH06 – Koshi Rajmarg,कोशी राजमार्ग,open,,2026-08-04 04:48 NPT
2026-08-04 04:48 NPT,d441565,road,NH08 – Sagarmatha Rajmarg,सगरमाथा राजमार्ग,open,,2026-08-04 04:48 NPT
2026-08-04 04:48 NPT,d441565,road,NH09 – Madan Bhandari Hwy,मदन भण्डारी राजमार्ग,open,,2026-08-04 04:48 NPT
2026-08-04 04:48 NPT,d441565,road,NH10 – Siddhartha Hwy,सिद्धार्थ राजमार्ग,open,,2026-08-04 04:48 NPT
2026-08-04 04:48 NPT,d441565,road,NH11 – Rapti Rajmarg,राप्ती राजमार्ग,open,,2026-08-04 04:48 NPT
2026-08-04 04:48 NPT,d441565,road,NH12 – Ratna Rajmarg,रत्न राजमार्ग,open,,2026-08-04 04:48 NPT
2026-08-04 04:48 NPT,d441565,road,NH13 – Karnali Rajmarg,कर्णाली राजमार्ग,open,,2026-08-04 04:48 NPT
2026-08-04 04:48 NPT,d441565,road,NH14 – Mahakali Rajmarg,महाकाली राजमार्ग,open,,2026-08-04 04:48 NPT
2026-08-04 04:48 NPT,d441565,road,NH15 – Seti Rajmarg,सेती राजमार्ग,open,,2026-08-04 04:48 NPT
2026-08-04 04:48 NPT,d441565,road,NH16 – Rapti-Lumbini Hwy,राप्ती-लुम्बिनी,open,,2026-08-04 04:48 NPT
2026-08-04 04:48 NPT,d441565,road,NH34 – Araniko Hwy,अरनिको राजमार्ग,closed,"Landslide at Bhotekoshi-4, Sindhupalchok",2026-08-04 04:48 NPT
2026-08-04 04:48 NPT,d441565,road,NH38 – BP Hwy,बीपी राजमार्ग,open,,2026-08-04 04:48 NPT
2026-08-04 04:48 NPT,d441565,road,NH41 – Tribhuvan Hwy,त्रिभुवन राजमार्ग,partial,"Landslide at Bhimphedi-9, Makwanpur",2026-08-04 04:48 NPT
2026-08-04 04:48 NPT,d441565,road,NH42 – Prithvi Hwy,पृथ्वी राजमार्ग,closed,"Landslide at Benighat Rorang-10, Dhading",2026-08-04 04:48 NPT
2026-08-04 04:48 NPT,d441565,road,NH43 – Narayanghat-Mugling,नारायणगढ–मुग्लिन,open,,2026-08-04 04:48 NPT
2026-08-04 04:48 NPT,d441565,airport,Tribhuvan Intl (KTM),त्रिभुवन अन्तर्राष्ट्रिय,open,Normal operations,2026-08-04 04:48 NPT
2026-08-04 04:48 NPT,d441565,airport,Gautam Buddha Intl (BWA),गौतम बुद्ध विमानस्थल,open,,2026-08-04 04:48 NPT
2026-08-04 04:48 NPT,d441565,airport,Pokhara Regional (PKR),पोखरा विमानस्थल,open,,2026-08-04 04:48 NPT
2026-08-04 04:48 NPT,d441565,airport,Bharatpur (BHR),भरतपुर विमानस्थल,open,,2026-08-04 04:48 NPT
2026-08-04 04:48 NPT,d441565,airport,Dhangadhi (DHI),धनगढी विमानस्थल,open,,2026-08-04 04:48 NPT
2026-08-04 04:48 NPT,d441565,airport,Biratnagar (BIR),विराटनगर विमानस्थल,open,,2026-08-04 04:48 NPT
2026-08-04 04:48 NPT,d441565,airport,Nepalgunj (KEP),नेपालगञ्ज विमानस्थल,open,,2026-08-04 04:48 NPT
2026-08-04 04:48 NPT,d441565,airport,Chandragadhi (BDP),चन्द्रगढी विमानस्थल,open,,2026-08-04 04:48 NPT
2026-08-04 04:48 NPT,d441565,airport,Janakpur (JKR),जनकपुर विमानस्थल,open,,2026-08-04 04:48 NPT
2026-08-04 04:48 NPT,d441565,airport,Simara (SIF),सिमरा विमानस्थल,open,,2026-08-04 04:48 NPT
2026-08-04 04:48 NPT,d441565,hospital,"Bir Hospital, Kathmandu",बीर अस्पताल,open,120 beds,2026-08-04 04:48 NPT
2026-08-04 04:48 NPT,d441565,hospital,"TU Teaching Hospital, KTM",त्रिवि शिक्षण अस्पताल,open,95 beds,2026-08-04 04:48 NPT
2026-08-04 04:48 NPT,d441565,hospital,"Patan Hospital, Lalitpur",पाटन अस्पताल,open,60 beds,2026-08-04 04:48 NPT
2026-08-04 04:48 NPT,d441565,hospital,"Manipal College Hospital, PKR",मणिपाल अस्पताल,open,45 beds,2026-08-04 04:48 NPT
2026-08-04 04:48 NPT,d441565,hospital,"Gandaki Medical College, PKR",गण्डकी अस्पताल,open,38 beds,2026-08-04 04:48 NPT
2026-08-04 04:48 NPT,d441565,hospital,"BPKIHS, Dharan",बीपी कोइराला स्वास्थ्य,open,150 beds,2026-08-04 04:48 NPT
2026-08-04 04:48 NPT,d441565,hospital,"Koshi Hospital, Biratnagar",कोशी अस्पताल,open,80 beds,2026-08-04 04:48 NPT
2026-08-04 04:48 NPT,d441565,hospital,"Bheri Hospital, Nepalgunj",भेरी अस्पताल,open,70 beds,2026-08-04 04:48 NPT
2026-08-04 04:48 NPT,d441565,hospital,Chitwan Medical College,चितवन मेडिकल कलेज,open,100 beds,2026-08-04 04:48 NPT
2026-08-04 04:48 NPT,d441565,hospital,Lumbini Provincial Hospital,लुम्बिनी प्रादेशिक,open,110 beds,2026-08-04 04:48 NPT
2026-08-04 03:26 NPT,7427880,road,NH01 – Mahendra Rajmarg,महेन्द्र राजमार्ग,open,,2026-08-04 03:26 NPT
2026-08-04 03:26 NPT,7427880,road,NH02 – Mechi Rajmarg,मेची राजमार्ग,partial,"Landslide at Ilam-9, Ilam",2026-08-04 03:26 NPT
2026-08-04 03:26 NPT,7427880,road,NH03 – Puspalal Hwy (Mid-Hill),पुष्पलाल राजमार्ग,partial,"Landslide at Kanthekhola-5, Baglung",2026-08-04 03:26 NPT
2026-08-04 03:26 NPT,7427880,road,NH04 – Birtamod-Chandragadhi,विर्तामोड–चन्द्रगढी,open,,2026-08-04 03:26 NPT
2026-08-04 03:26 NPT,7427880,road,NH05 – Postal Hwy,हुलाकी राजमार्ग,open,,2026-08-04 03:26 NPT
2026-08-04 03:26 NPT,7427880,road,NH06 – Koshi Rajmarg,कोशी राजमार्ग,open,,2026-08-04 03:26 NPT
2026-08-04 03:26 NPT,7427880,road,NH08 – Sagarmatha Rajmarg,सगरमाथा राजमार्ग,open,,2026-08-04 03:26 NPT
2026-08-04 03:26 NPT,7427880,road,NH09 – Madan Bhandari Hwy,मदन भण्डारी राजमार्ग,open,,2026-08-04 03:26 NPT
2026-08-04 03:26 NPT,7427880,road,NH10 – Siddhartha Hwy,सिद्धार्थ राजमार्ग,open,,2026-08-04 03:26 NPT
2026-08-04 03:26 NPT,7427880,road,NH11 – Rapti Rajmarg,राप्ती राजमार्ग,open,,2026-08-04 03:26 NPT
2026-08-04 03:26 NPT,7427880,road,NH12 – Ratna Rajmarg,रत्न राजमार्ग,open,,2026-08-04 03:26 NPT
2026-08-04 03:26 NPT,7427880,road,NH13 – Karnali Rajmarg,कर्णाली राजमार्ग,open,,2026-08-04 03:26 NPT
2026-08-04 03:26 NPT,7427880,road,NH14 – Mahakali Rajmarg,महाकाली राजमार्ग,open,,2026-08-04 03:26 NPT
2026-08-04 03:26 NPT,7427880,road,NH15 – Seti Rajmarg,सेती राजमार्ग,open,,2026-08-04 03:26 NPT
2026-08-04 03:26 NPT,7427880,road,NH16 – Rapti-Lumbini Hwy,राप्ती-लुम्बिनी,open,,2026-08-04 03:26 NPT
2026-08-04 03:26 NPT,7427880,road,NH34 – Araniko Hwy,अरनिको राजमार्ग,closed,"Landslide at Bhotekoshi-4, Sindhupalchok",2026-08-04 03:26 NPT
2026-08-04 03:26 NPT,7427880,road,NH38 – BP Hwy,बीपी राजमार्ग,open,,2026-08-04 03:26 NPT
2026-08-04 03:26 NPT,7427880,road,NH41 – Tribhuvan Hwy,त्रिभुवन राजमार्ग,partial,"Landslide at Bhimphedi-9, Makwanpur",2026-08-04 03:26 NPT
2026-08-04 03:26 NPT,7427880,road,NH42 – Prithvi Hwy,पृथ्वी राजमार्ग,closed,"Landslide at Benighat Rorang-10, Dhading",2026-08-04 03:26 NPT
2026-08-04 03:26 NPT,7427880,road,NH43 – Narayanghat-Mugling,नारायणगढ–मुग्लिन,open,,2026-08-04 03:26 NPT
2026-08-04 03:26 NPT,7427880,airport,Tribhuvan Intl (KTM),त्रिभुवन अन्तर्राष्ट्रिय,open,Normal operations,2026-08-04 03:26 NPT
2026-08-04 03:26 NPT,7427880,airport,Gautam Buddha Intl (BWA),गौतम बुद्ध विमानस्थल,open,,2026-08-04 03:26 NPT
2026-08-04 03:26 NPT,7427880,airport,Pokhara Regional (PKR),पोखरा विमानस्थल,open,,2026-08-04 03:26 NPT
2026-08-04 03:26 NPT,7427880,airport,Bharatpur (BHR),भरतपुर विमानस्थल,open,,2026-08-04 03:26 NPT
2026-08-04 03:26 NPT,7427880,airport,Dhangadhi (DHI),धनगढी विमानस्थल,open,,2026-08-04 03:26 NPT
2026-08-04 03:26 NPT,7427880,airport,Biratnagar (BIR),विराटनगर विमानस्थल,open,,2026-08-04 03:26 NPT
2026-08-04 03:26 NPT,7427880,airport,Nepalgunj (KEP),नेपालगञ्ज विमानस्थल,open,,2026-08-04 03:26 NPT
2026-08-04 03:26 NPT,7427880,airport,Chandragadhi (BDP),चन्द्रगढी विमानस्थल,open,,2026-08-04 03:26 NPT
2026-08-04 03:26 NPT,7427880,airport,Janakpur (JKR),जनकपुर विमानस्थल,open,,2026-08-04 03:26 NPT
2026-08-04 03:26 NPT,7427880,airport,Simara (SIF),सिमरा विमानस्थल,open,,2026-08-04 03:26 NPT
2026-08-04 03:26 NPT,7427880,hospital,"Bir Hospital, Kathmandu",बीर अस्पताल,open,120 beds,2026-08-04 03:26 NPT
2026-08-04 03:26 NPT,7427880,hospital,"TU Teaching Hospital, KTM",त्रिवि शिक्षण अस्पताल,open,95 beds,2026-08-04 03:26 NPT
2026-08-04 03:26 NPT,7427880,hospital,"Patan Hospital, Lalitpur",पाटन अस्पताल,open,60 beds,2026-08-04 03:26 NPT
2026-08-04 03:26 NPT,7427880,hospital,"Manipal College Hospital, PKR",मणिपाल अस्पताल,open,45 beds,2026-08-04 03:26 NPT
2026-08-04 03:26 NPT,7427880,hospital,"Gandaki Medical College, PKR",गण्डकी अस्पताल,open,38 beds,2026-08-04 03:26 NPT
2026-08-04 03:26 NPT,7427880,hospital,"BPKIHS, Dharan",बीपी कोइराला स्वास्थ्य,open,150 beds,2026-08-04 03:26 NPT
2026-08-04 03:26 NPT,7427880,hospital,"Koshi Hospital, Biratnagar",कोशी अस्पताल,open,80 beds,2026-08-04 03:26 NPT
2026-08-04 03:26 NPT,7427880,hospital,"Bheri Hospital, Nepalgunj",भेरी अस्पताल,open,70 beds,2026-08-04 03:26 NPT
2026-08-04 03:26 NPT,7427880,hospital,Chitwan Medical College,चितवन मेडिकल कलेज,open,100 beds,2026-08-04 03:26 NPT
2026-08-04 03:26 NPT,7427880,hospital,Lumbini Provincial Hospital,लुम्बिनी प्रादेशिक,open,110 beds,2026-08-04 03:26 NPT
2026-08-04 01:57 NPT,432030d,road,NH01 – Mahendra Rajmarg,महेन्द्र राजमार्ग,open,,2026-08-04 01:57 NPT
2026-08-04 01:57 NPT,432030d,road,NH02 – Mechi Rajmarg,मेची राजमार्ग,partial,"Landslide at Ilam-9, Ilam",2026-08-04 01:57 NPT
2026-08-04 01:57 NPT,432030d,road,NH03 – Puspalal Hwy (Mid-Hill),पुष्पलाल राजमार्ग,partial,"Landslide at Kanthekhola-5, Baglung",2026-08-04 01:57 NPT
2026-08-04 01:57 NPT,432030d,road,NH04 – Birtamod-Chandragadhi,विर्तामोड–चन्द्रगढी,open,,2026-08-04 01:57 NPT
2026-08-04 01:57 NPT,432030d,road,NH05 – Postal Hwy,हुलाकी राजमार्ग,open,,2026-08-04 01:57 NPT
2026-08-04 01:57 NPT,432030d,road,NH06 – Koshi Rajmarg,कोशी राजमार्ग,open,,2026-08-04 01:57 NPT
2026-08-04 01:57 NPT,432030d,road,NH08 – Sagarmatha Rajmarg,सगरमाथा राजमार्ग,open,,2026-08-04 01:57 NPT
2026-08-04 01:57 NPT,432030d,road,NH09 – Madan Bhandari Hwy,मदन भण्डारी राजमार्ग,open,,2026-08-04 01:57 NPT
2026-08-04 01:57 NPT,432030d,road,NH10 – Siddhartha Hwy,सिद्धार्थ राजमार्ग,open,,2026-08-04 01:57 NPT
2026-08-04 01:57 NPT,432030d,road,NH11 – Rapti Rajmarg,राप्ती राजमार्ग,open,,2026-08-04 01:57 NPT
2026-08-04 01:57 NPT,432030d,road,NH12 – Ratna Rajmarg,रत्न राजमार्ग,open,,2026-08-04 01:57 NPT
2026-08-04 01:57 NPT,432030d,road,NH13 – Karnali Rajmarg,कर्णाली राजमार्ग,open,,2026-08-04 01:57 NPT
2026-08-04 01:57 NPT,432030d,road,NH14 – Mahakali Rajmarg,महाकाली राजमार्ग,open,,2026-08-04 01:57 NPT
2026-08-04 01:57 NPT,432030d,road,NH15 – Seti Rajmarg,सेती राजमार्ग,open,,2026-08-04 01:57 NPT
2026-08-04 01:57 NPT,432030d,road,NH16 – Rapti-Lumbini Hwy,राप्ती-लुम्बिनी,open,,2026-08-04 01:57 NPT
2026-08-04 01:57 NPT,432030d,road,NH34 – Araniko Hwy,अरनिको राजमार्ग,closed,"Landslide at Bhotekoshi-4, Sindhupalchok",2026-08-04 01:57 NPT
2026-08-04 01:57 NPT,432030d,road,NH38 – BP Hwy,बीपी राजमार्ग,open,,2026-08-04 01:57 NPT
2026-08-04 01:57 NPT,432030d,road,NH41 – Tribhuvan Hwy,त्रिभुवन राजमार्ग,partial,"Landslide at Bhimphedi-9, Makwanpur",2026-08-04 01:57 NPT
2026-08-04 01:57 NPT,432030d,road,NH42 – Prithvi Hwy,पृथ्वी राजमार्ग,closed,"Landslide at Benighat Rorang-10, Dhading",2026-08-04 01:57 NPT
2026-08-04 01:57 NPT,432030d,road,NH43 – Narayanghat-Mugling,नारायणगढ–मुग्लिन,open,,2026-08-04 01:57 NPT
2026-08-04 01:57 NPT,432030d,airport,Tribhuvan Intl (KTM),त्रिभुवन अन्तर्राष्ट्रिय,open,Normal operations,2026-08-04 01:57 NPT
2026-08-04 01:57 NPT,432030d,airport,Gautam Buddha Intl (BWA),गौतम बुद्ध विमानस्थल,open,,2026-08-04 01:57 NPT
2026-08-04 01:57 NPT,432030d,airport,Pokhara Regional (PKR),पोखरा विमानस्थल,open,,2026-08-04 01:57 NPT
2026-08-04 01:57 NPT,432030d,airport,Bharatpur (BHR),भरतपुर विमानस्थल,open,,2026-08-04 01:57 NPT
2026-08-04 01:57 NPT,432030d,airport,Dhangadhi (DHI),धनगढी विमानस्थल,open,,2026-08-04 01:57 NPT
2026-08-04 01:57 NPT,432030d,airport,Biratnagar (BIR),विराटनगर विमानस्थल,open,,2026-08-04 01:57 NPT
2026-08-04 01:57 NPT,432030d,airport,Nepalgunj (KEP),नेपालगञ्ज विमानस्थल,open,,2026-08-04 01:57 NPT
2026-08-04 01:57 NPT,432030d,airport,Chandragadhi (BDP),चन्द्रगढी विमानस्थल,open,,2026-08-04 01:57 NPT
2026-08-04 01:57 NPT,432030d,airport,Janakpur (JKR),जनकपुर विमानस्थल,open,,2026-08-04 01:57 NPT
2026-08-04 01:57 NPT,432030d,airport,Simara (SIF),सिमरा विमानस्थल,open,,2026-08-04 01:57 NPT
2026-08-04 01:57 NPT,432030d,hospital,"Bir Hospital, Kathmandu",बीर अस्पताल,open,120 beds,2026-08-04 01:57 NPT
2026-08-04 01:57 NPT,432030d,hospital,"TU Teaching Hospital, KTM",त्रिवि शिक्षण अस्पताल,open,95 beds,2026-08-04 01:57 NPT
2026-08-04 01:57 NPT,432030d,hospital,"Patan Hospital, Lalitpur",पाटन अस्पताल,open,60 beds,2026-08-04 01:57 NPT
2026-08-04 01:57 NPT,432030d,hospital,"Manipal College Hospital, PKR",मणिपाल अस्पताल,open,45 beds,2026-08-04 01:57 NPT
2026-08-04 01:57 NPT,432030d,hospital,"Gandaki Medical College, PKR",गण्डकी अस्पताल,open,38 beds,2026-08-04 01:57 NPT
2026-08-04 01:57 NPT,432030d,hospital,"BPKIHS, Dharan",बीपी कोइराला स्वास्थ्य,open,150 beds,2026-08-04 01:57 NPT
2026-08-04 01:57 NPT,432030d,hospital,"Koshi Hospital, Biratnagar",कोशी अस्पताल,open,80 beds,2026-08-04 01:57 NPT
2026-08-04 01:57 NPT,432030d,hospital,"Bheri Hospital, Nepalgunj",भेरी अस्पताल,open,70 beds,2026-08-04 01:57 NPT
2026-08-04 01:57 NPT,432030d,hospital,Chitwan Medical College,चितवन मेडिकल कलेज,open,100 beds,2026-08-04 01:57 NPT
2026-08-04 01:57 NPT,432030d,hospital,Lumbini Provincial Hospital,लुम्बिनी प्रादेशिक,open,110 beds,2026-08-04 01:57 NPT
2026-08-04 00:04 NPT,5ae730f,road,NH01 – Mahendra Rajmarg,महेन्द्र राजमार्ग,open,,2026-08-04 00:04 NPT
2026-08-04 00:04 NPT,5ae730f,road,NH02 – Mechi Rajmarg,मेची राजमार्ग,partial,"Landslide at Ilam-9, Ilam",2026-08-04 00:04 NPT
2026-08-04 00:04 NPT,5ae730f,road,NH03 – Puspalal Hwy (Mid-Hill),पुष्पलाल राजमार्ग,partial,"Landslide at Kanthekhola-5, Baglung",2026-08-04 00:04 NPT
2026-08-04 00:04 NPT,5ae730f,road,NH04 – Birtamod-Chandragadhi,विर्तामोड–चन्द्रगढी,open,,2026-08-04 00:04 NPT
2026-08-04 00:04 NPT,5ae730f,road,NH05 – Postal Hwy,हुलाकी राजमार्ग,open,,2026-08-04 00:04 NPT
2026-08-04 00:04 NPT,5ae730f,road,NH06 – Koshi Rajmarg,कोशी राजमार्ग,open,,2026-08-04 00:04 NPT
2026-08-04 00:04 NPT,5ae730f,road,NH08 – Sagarmatha Rajmarg,सगरमाथा राजमार्ग,open,,2026-08-04 00:04 NPT
2026-08-04 00:04 NPT,5ae730f,road,NH09 – Madan Bhandari Hwy,मदन भण्डारी राजमार्ग,open,,2026-08-04 00:04 NPT
2026-08-04 00:04 NPT,5ae730f,road,NH10 – Siddhartha Hwy,सिद्धार्थ राजमार्ग,open,,2026-08-04 00:04 NPT
2026-08-04 00:04 NPT,5ae730f,road,NH11 – Rapti Rajmarg,राप्ती राजमार्ग,open,,2026-08-04 00:04 NPT
2026-08-04 00:04 NPT,5ae730f,road,NH12 – Ratna Rajmarg,रत्न राजमार्ग,open,,2026-08-04 00:04 NPT
2026-08-04 00:04 NPT,5ae730f,road,NH13 – Karnali Rajmarg,कर्णाली राजमार्ग,open,,2026-08-04 00:04 NPT
2026-08-04 00:04 NPT,5ae730f,road,NH14 – Mahakali Rajmarg,महाकाली राजमार्ग,open,,2026-08-04 00:04 NPT
2026-08-04 00:04 NPT,5ae730f,road,NH15 – Seti Rajmarg,सेती राजमार्ग,open,,2026-08-04 00:04 NPT
2026-08-04 00:04 NPT,5ae730f,road,NH16 – Rapti-Lumbini Hwy,राप्ती-लुम्बिनी,open,,2026-08-04 00:04 NPT
2026-08-04 00:04 NPT,5ae730f,road,NH34 – Araniko Hwy,अरनिको राजमार्ग,closed,"Landslide at Bhotekoshi-4, Sindhupalchok",2026-08-04 00:04 NPT
2026-08-04 00:04 NPT,5ae730f,road,NH38 – BP Hwy,बीपी राजमार्ग,open,,2026-08-04 00:04 NPT
2026-08-04 00:04 NPT,5ae730f,road,NH41 – Tribhuvan Hwy,त्रिभुवन राजमार्ग,partial,"Landslide at Bhimphedi-9, Makwanpur",2026-08-04 00:04 NPT
2026-08-04 00:04 NPT,5ae730f,road,NH42 – Prithvi Hwy,पृथ्वी राजमार्ग,closed,"Landslide at Benighat Rorang-10, Dhading",2026-08-04 00:04 NPT
2026-08-04 00:04 NPT,5ae730f,road,NH43 – Narayanghat-Mugling,नारायणगढ–मुग्लिन,open,,2026-08-04 00:04 NPT
2026-08-04 00:04 NPT,5ae730f,airport,Tribhuvan Intl (KTM),त्रिभुवन अन्तर्राष्ट्रिय,open,Normal operations,2026-08-04 00:04 NPT
2026-08-04 00:04 NPT,5ae730f,airport,Gautam Buddha Intl (BWA),गौतम बुद्ध विमानस्थल,open,,2026-08-04 00:04 NPT
2026-08-04 00:04 NPT,5ae730f,airport,Pokhara Regional (PKR),पोखरा विमानस्थल,open,,2026-08-04 00:04 NPT
2026-08-04 00:04 NPT,5ae730f,airport,Bharatpur (BHR),भरतपुर विमानस्थल,open,,2026-08-04 00:04 NPT
2026-08-04 00:04 NPT,5ae730f,airport,Dhangadhi (DHI),धनगढी विमानस्थल,open,,2026-08-04 00:04 NPT
2026-08-04 00:04 NPT,5ae730f,airport,Biratnagar (BIR),विराटनगर विमानस्थल,open,,2026-08-04 00:04 NPT
2026-08-04 00:04 NPT,5ae730f,airport,Nepalgunj (KEP),नेपालगञ्ज विमानस्थल,open,,2026-08-04 00:04 NPT
2026-08-04 00:04 NPT,5ae730f,airport,Chandragadhi (BDP),चन्द्रगढी विमानस्थल,open,,2026-08-04 00:04 NPT
2026-08-04 00:04 NPT,5ae730f,airport,Janakpur (JKR),जनकपुर विमानस्थल,open,,2026-08-04 00:04 NPT
2026-08-04 00:04 NPT,5ae730f,airport,Simara (SIF),सिमरा विमानस्थल,open,,2026-08-04 00:04 NPT
2026-08-04 00:04 NPT,5ae730f,hospital,"Bir Hospital, Kathmandu",बीर अस्पताल,open,120 beds,2026-08-04 00:04 NPT
2026-08-04 00:04 NPT,5ae730f,hospital,"TU Teaching Hospital, KTM",त्रिवि शिक्षण अस्पताल,open,95 beds,2026-08-04 00:04 NPT
2026-08-04 00:04 NPT,5ae730f,hospital,"Patan Hospital, Lalitpur",पाटन अस्पताल,open,60 beds,2026-08-04 00:04 NPT
2026-08-04 00:04 NPT,5ae730f,hospital,"Manipal College Hospital, PKR",मणिपाल अस्पताल,open,45 beds,2026-08-04 00:04 NPT
2026-08-04 00:04 NPT,5ae730f,hospital,"Gandaki Medical College, PKR",गण्डकी अस्पताल,open,38 beds,2026-08-04 00:04 NPT
2026-08-04 00:04 NPT,5ae730f,hospital,"BPKIHS, Dharan",बीपी कोइराला स्वास्थ्य,open,150 beds,2026-08-04 00:04 NPT
2026-08-04 00:04 NPT,5ae730f,hospital,"Koshi Hospital, Biratnagar",कोशी अस्पताल,open,80 beds,2026-08-04 00:04 NPT
2026-08-04 00:04 NPT,5ae730f,hospital,"Bheri Hospital, Nepalgunj",भेरी अस्पताल,open,70 beds,2026-08-04 00:04 NPT
2026-08-04 00:04 NPT,5ae730f,hospital,Chitwan Medical College,चितवन मेडिकल कलेज,open,100 beds,2026-08-04 00:04 NPT
2026-08-04 00:04 NPT,5ae730f,hospital,Lumbini Provincial Hospital,लुम्बिनी प्रादेशिक,open,110 beds,2026-08-04 00:04 NPT
2026-08-03 22:12 NPT,c5f171f,road,NH01 – Mahendra Rajmarg,महेन्द्र राजमार्ग,open,,2026-08-03 22:12 NPT
2026-08-03 22:12 NPT,c5f171f,road,NH02 – Mechi Rajmarg,मेची राजमार्ग,partial,"Landslide at Ilam-9, Ilam",2026-08-03 22:12 NPT
2026-08-03 22:12 NPT,c5f171f,road,NH03 – Puspalal Hwy (Mid-Hill),पुष्पलाल राजमार्ग,partial,"Landslide at Kanthekhola-5, Baglung",2026-08-03 22:12 NPT
2026-08-03 22:12 NPT,c5f171f,road,NH04 – Birtamod-Chandragadhi,विर्तामोड–चन्द्रगढी,open,,2026-08-03 22:12 NPT
2026-08-03 22:12 NPT,c5f171f,road,NH05 – Postal Hwy,हुलाकी राजमार्ग,open,,2026-08-03 22:12 NPT
2026-08-03 22:12 NPT,c5f171f,road,NH06 – Koshi Rajmarg,कोशी राजमार्ग,open,,2026-08-03 22:12 NPT
2026-08-03 22:12 NPT,c5f171f,road,NH08 – Sagarmatha Rajmarg,सगरमाथा राजमार्ग,open,,2026-08-03 22:12 NPT
2026-08-03 22:12 NPT,c5f171f,road,NH09 – Madan Bhandari Hwy,मदन भण्डारी राजमार्ग,open,,2026-08-03 22:12 NPT
2026-08-03 22:12 NPT,c5f171f,road,NH10 – Siddhartha Hwy,सिद्धार्थ राजमार्ग,open,,2026-08-03 22:12 NPT
2026-08-03 22:12 NPT,c5f171f,road,NH11 – Rapti Rajmarg,राप्ती राजमार्ग,open,,2026-08-03 22:12 NPT
2026-08-03 22:12 NPT,c5f171f,road,NH12 – Ratna Rajmarg,रत्न राजमार्ग,open,,2026-08-03 22:12 NPT
2026-08-03 22:12 NPT,c5f171f,road,NH13 – Karnali Rajmarg,कर्णाली राजमार्ग,open,,2026-08-03 22:12 NPT
2026-08-03 22:12 NPT,c5f171f,road,NH14 – Mahakali Rajmarg,महाकाली राजमार्ग,open,,2026-08-03 22:12 NPT
2026-08-03 22:12 NPT,c5f171f,road,NH15 – Seti Rajmarg,सेती राजमार्ग,open,,2026-08-03 22:12 NPT
2026-08-03 22:12 NPT,c5f171f,road,NH16 – Rapti-Lumbini Hwy,राप्ती-लुम्बिनी,open,,2026-08-03 22:12 NPT
2026-08-03 22:12 NPT,c5f171f,road,NH34 – Araniko Hwy,अरनिको राजमार्ग,closed,"Landslide at Bhotekoshi-4, Sindhupalchok",2026-08-03 22:12 NPT
2026-08-03 22:12 NPT,c5f171f,road,NH38 – BP Hwy,बीपी राजमार्ग,open,,2026-08-03 22:12 NPT
2026-08-03 22:12 NPT,c5f171f,road,NH41 – Tribhuvan Hwy,त्रिभुवन राजमार्ग,partial,"Landslide at Bhimphedi-9, Makwanpur",2026-08-03 22:12 NPT
2026-08-03 22:12 NPT,c5f171f,road,NH42 – Prithvi Hwy,पृथ्वी राजमार्ग,closed,"Landslide at Benighat Rorang-10, Dhading",2026-08-03 22:12 NPT
2026-08-03 22:12 NPT,c5f171f,road,NH43 – Narayanghat-Mugling,नारायणगढ–मुग्लिन,open,,2026-08-03 22:12 NPT
2026-08-03 22:12 NPT,c5f171f,airport,Tribhuvan Intl (KTM),त्रिभुवन अन्तर्राष्ट्रिय,open,Normal operations,2026-08-03 22:12 NPT
2026-08-03 22:12 NPT,c5f171f,airport,Gautam Buddha Intl (BWA),गौतम बुद्ध विमानस्थल,open,,2026-08-03 22:12 NPT
2026-08-03 22:12 NPT,c5f171f,airport,Pokhara Regional (PKR),पोखरा विमानस्थल,open,,2026-08-03 22:12 NPT
2026-08-03 22:12 NPT,c5f171f,airport,Bharatpur (BHR),भरतपुर विमानस्थल,open,,2026-08-03 22:12 NPT
2026-08-03 22:12 NPT,c5f171f,airport,Dhangadhi (DHI),धनगढी विमानस्थल,open,,2026-08-03 22:12 NPT
2026-08-03 22:12 NPT,c5f171f,airport,Biratnagar (BIR),विराटनगर विमानस्थल,open,,2026-08-03 22:12 NPT
2026-08-03 22:12 NPT,c5f171f,airport,Nepalgunj (KEP),नेपालगञ्ज विमानस्थल,open,,2026-08-03 22:12 NPT
2026-08-03 22:12 NPT,c5f171f,airport,Chandragadhi (BDP),चन्द्रगढी विमानस्थल,open,,2026-08-03 22:12 NPT
2026-08-03 22:12 NPT,c5f171f,airport,Janakpur (JKR),जनकपुर विमानस्थल,open,,2026-08-03 22:12 NPT
2026-08-03 22:12 NPT,c5f171f,airport,Simara (SIF),सिमरा विमानस्थल,open,,2026-08-03 22:12 NPT
2026-08-03 22:12 NPT,c5f171f,hospital,"Bir Hospital, Kathmandu",बीर अस्पताल,open,120 beds,2026-08-03 22:12 NPT
2026-08-03 22:12 NPT,c5f171f,hospital,"TU Teaching Hospital, KTM",त्रिवि शिक्षण अस्पताल,open,95 beds,2026-08-03 22:12 NPT
2026-08-03 22:12 NPT,c5f171f,hospital,"Patan Hospital, Lalitpur",पाटन अस्पताल,open,60 beds,2026-08-03 22:12 NPT
2026-08-03 22:12 NPT,c5f171f,hospital,"Manipal College Hospital, PKR",मणिपाल अस्पताल,open,45 beds,2026-08-03 22:12 NPT
2026-08-03 22:12 NPT,c5f171f,hospital,"Gandaki Medical College, PKR",गण्डकी अस्पताल,open,38 beds,2026-08-03 22:12 NPT
2026-08-03 22:12 NPT,c5f171f,hospital,"BPKIHS, Dharan",बीपी कोइराला स्वास्थ्य,open,150 beds,2026-08-03 22:12 NPT
2026-08-03 22:12 NPT,c5f171f,hospital,"Koshi Hospital, Biratnagar",कोशी अस्पताल,open,80 beds,2026-08-03 22:12 NPT
2026-08-03 22:12 NPT,c5f171f,hospital,"Bheri Hospital, Nepalgunj",भेरी अस्पताल,open,70 beds,2026-08-03 22:12 NPT
2026-08-03 22:12 NPT,c5f171f,hospital,Chitwan Medical College,चितवन मेडिकल कलेज,open,100 beds,2026-08-03 22:12 NPT
2026-08-03 22:12 NPT,c5f171f,hospital,Lumbini Provincial Hospital,लुम्बिनी प्रादेशिक,open,110 beds,2026-08-03 22:12 NPT
2026-08-03 19:28 NPT,bdf2c34,road,NH01 – Mahendra Rajmarg,महेन्द्र राजमार्ग,open,,2026-08-03 19:28 NPT
2026-08-03 19:28 NPT,bdf2c34,road,NH02 – Mechi Rajmarg,मेची राजमार्ग,partial,"Landslide at Ilam-9, Ilam",2026-08-03 19:28 NPT
2026-08-03 19:28 NPT,bdf2c34,road,NH03 – Puspalal Hwy (Mid-Hill),पुष्पलाल राजमार्ग,partial,"Landslide at Kanthekhola-5, Baglung",2026-08-03 19:28 NPT
2026-08-03 19:28 NPT,bdf2c34,road,NH04 – Birtamod-Chandragadhi,विर्तामोड–चन्द्रगढी,open,,2026-08-03 19:28 NPT
2026-08-03 19:28 NPT,bdf2c34,road,NH05 – Postal Hwy,हुलाकी राजमार्ग,open,,2026-08-03 19:28 NPT
2026-08-03 19:28 NPT,bdf2c34,road,NH06 – Koshi Rajmarg,कोशी राजमार्ग,open,,2026-08-03 19:28 NPT
2026-08-03 19:28 NPT,bdf2c34,road,NH08 – Sagarmatha Rajmarg,सगरमाथा राजमार्ग,open,,2026-08-03 19:28 NPT
2026-08-03 19:28 NPT,bdf2c34,road,NH09 – Madan Bhandari Hwy,मदन भण्डारी राजमार्ग,open,,2026-08-03 19:28 NPT
2026-08-03 19:28 NPT,bdf2c34,road,NH10 – Siddhartha Hwy,सिद्धार्थ राजमार्ग,open,,2026-08-03 19:28 NPT
2026-08-03 19:28 NPT,bdf2c34,road,NH11 – Rapti Rajmarg,राप्ती राजमार्ग,open,,2026-08-03 19:28 NPT
2026-08-03 19:28 NPT,bdf2c34,road,NH12 – Ratna Rajmarg,रत्न राजमार्ग,open,,2026-08-03 19:28 NPT
2026-08-03 19:28 NPT,bdf2c34,road,NH13 – Karnali Rajmarg,कर्णाली राजमार्ग,open,,2026-08-03 19:28 NPT
2026-08-03 19:28 NPT,bdf2c34,road,NH14 – Mahakali Rajmarg,महाकाली राजमार्ग,open,,2026-08-03 19:28 NPT
2026-08-03 19:28 NPT,bdf2c34,road,NH15 – Seti Rajmarg,सेती राजमार्ग,open,,2026-08-03 19:28 NPT
2026-08-03 19:28 NPT,bdf2c34,road,NH16 – Rapti-Lumbini Hwy,राप्ती-लुम्बिनी,open,,2026-08-03 19:28 NPT
2026-08-03 19:28 NPT,bdf2c34,road,NH34 – Araniko Hwy,अरनिको राजमार्ग,closed,"Landslide at Bhotekoshi-4, Sindhupalchok",2026-08-03 19:28 NPT
2026-08-03 19:28 NPT,bdf2c34,road,NH38 – BP Hwy,बीपी राजमार्ग,open,,2026-08-03 19:28 NPT
2026-08-03 19:28 NPT,bdf2c34,road,NH41 – Tribhuvan Hwy,त्रिभुवन राजमार्ग,partial,"Landslide at Bhimphedi-9, Makwanpur",2026-08-03 19:28 NPT
2026-08-03 19:28 NPT,bdf2c34,road,NH42 – Prithvi Hwy,पृथ्वी राजमार्ग,closed,"Landslide at Benighat Rorang-10, Dhading",2026-08-03 19:28 NPT
2026-08-03 19:28 NPT,bdf2c34,road,NH43 – Narayanghat-Mugling,नारायणगढ–मुग्लिन,open,,2026-08-03 19:28 NPT
2026-08-03 19:28 NPT,bdf2c34,airport,Tribhuvan Intl (KTM),त्रिभुवन अन्तर्राष्ट्रिय,open,Normal operations,2026-08-03 19:28 NPT
2026-08-03 19:28 NPT,bdf2c34,airport,Gautam Buddha Intl (BWA),गौतम बुद्ध विमानस्थल,open,,2026-08-03 19:28 NPT
2026-08-03 19:28 NPT,bdf2c34,airport,Pokhara Regional (PKR),पोखरा विमानस्थल,open,,2026-08-03 19:28 NPT
2026-08-03 19:28 NPT,bdf2c34,airport,Bharatpur (BHR),भरतपुर विमानस्थल,open,,2026-08-03 19:28 NPT
2026-08-03 19:28 NPT,bdf2c34,airport,Dhangadhi (DHI),धनगढी विमानस्थल,open,,2026-08-03 19:28 NPT
2026-08-03 19:28 NPT,bdf2c34,airport,Biratnagar (BIR),विराटनगर विमानस्थल,open,,2026-08-03 19:28 NPT
2026-08-03 19:28 NPT,bdf2c34,airport,Nepalgunj (KEP),नेपालगञ्ज विमानस्थल,open,,2026-08-03 19:28 NPT
2026-08-03 19:28 NPT,bdf2c34,airport,Chandragadhi (BDP),चन्द्रगढी विमानस्थल,open,,2026-08-03 19:28 NPT
2026-08-03 19:28 NPT,bdf2c34,airport,Janakpur (JKR),जनकपुर विमानस्थल,open,,2026-08-03 19:28 NPT
2026-08-03 19:28 NPT,bdf2c34,airport,Simara (SIF),सिमरा विमानस्थल,open,,2026-08-03 19:28 NPT
2026-08-03 19:28 NPT,bdf2c34,hospital,"Bir Hospital, Kathmandu",बीर अस्पताल,open,120 beds,2026-08-03 19:28 NPT
2026-08-03 19:28 NPT,bdf2c34,hospital,"TU Teaching Hospital, KTM",त्रिवि शिक्षण अस्पताल,open,95 beds,2026-08-03 19:28 NPT
2026-08-03 19:28 NPT,bdf2c34,hospital,"Patan Hospital, Lalitpur",पाटन अस्पताल,open,60 beds,2026-08-03 19:28 NPT
2026-08-03 19:28 NPT,bdf2c34,hospital,"Manipal College Hospital, PKR",मणिपाल अस्पताल,open,45 beds,2026-08-03 19:28 NPT
2026-08-03 19:28 NPT,bdf2c34,hospital,"Gandaki Medical College, PKR",गण्डकी अस्पताल,open,38 beds,2026-08-03 19:28 NPT
2026-08-03 19:28 NPT,bdf2c34,hospital,"BPKIHS, Dharan",बीपी कोइराला स्वास्थ्य,open,150 beds,2026-08-03 19:28 NPT
2026-08-03 19:28 NPT,bdf2c34,hospital,"Koshi Hospital, Biratnagar",कोशी अस्पताल,open,80 beds,2026-08-03 19:28 NPT
2026-08-03 19:28 NPT,bdf2c34,hospital,"Bheri Hospital, Nepalgunj",भेरी अस्पताल,open,70 beds,2026-08-03 19:28 NPT
2026-08-03 19:28 NPT,bdf2c34,hospital,Chitwan Medical College,चितवन मेडिकल कलेज,open,100 beds,2026-08-03 19:28 NPT
2026-08-03 19:28 NPT,bdf2c34,hospital,Lumbini Provincial Hospital,लुम्बिनी प्रादेशिक,open,110 beds,2026-08-03 19:28 NPT
2026-08-03 16:41 NPT,890b408,road,NH01 – Mahendra Rajmarg,महेन्द्र राजमार्ग,open,,2026-08-03 16:41 NPT
2026-08-03 16:41 NPT,890b408,road,NH02 – Mechi Rajmarg,मेची राजमार्ग,partial,"Landslide at Ilam-9, Ilam",2026-08-03 16:41 NPT
2026-08-03 16:41 NPT,890b408,road,NH03 – Puspalal Hwy (Mid-Hill),पुष्पलाल राजमार्ग,partial,"Landslide at Kanthekhola-5, Baglung",2026-08-03 16:41 NPT
2026-08-03 16:41 NPT,890b408,road,NH04 – Birtamod-Chandragadhi,विर्तामोड–चन्द्रगढी,open,,2026-08-03 16:41 NPT
2026-08-03 16:41 NPT,890b408,road,NH05 – Postal Hwy,हुलाकी राजमार्ग,open,,2026-08-03 16:41 NPT
2026-08-03 16:41 NPT,890b408,road,NH06 – Koshi Rajmarg,कोशी राजमार्ग,open,,2026-08-03 16:41 NPT
2026-08-03 16:41 NPT,890b408,road,NH08 – Sagarmatha Rajmarg,सगरमाथा राजमार्ग,open,,2026-08-03 16:41 NPT
2026-08-03 16:41 NPT,890b408,road,NH09 – Madan Bhandari Hwy,मदन भण्डारी राजमार्ग,open,,2026-08-03 16:41 NPT
2026-08-03 16:41 NPT,890b408,road,NH10 – Siddhartha Hwy,सिद्धार्थ राजमार्ग,open,,2026-08-03 16:41 NPT
2026-08-03 16:41 NPT,890b408,road,NH11 – Rapti Rajmarg,राप्ती राजमार्ग,open,,2026-08-03 16:41 NPT
2026-08-03 16:41 NPT,890b408,road,NH12 – Ratna Rajmarg,रत्न राजमार्ग,open,,2026-08-03 16:41 NPT
2026-08-03 16:41 NPT,890b408,road,NH13 – Karnali Rajmarg,कर्णाली राजमार्ग,open,,2026-08-03 16:41 NPT
2026-08-03 16:41 NPT,890b408,road,NH14 – Mahakali Rajmarg,महाकाली राजमार्ग,open,,2026-08-03 16:41 NPT
2026-08-03 16:41 NPT,890b408,road,NH15 – Seti Rajmarg,सेती राजमार्ग,open,,2026-08-03 16:41 NPT
2026-08-03 16:41 NPT,890b408,road,NH16 – Rapti-Lumbini Hwy,राप्ती-लुम्बिनी,open,,2026-08-03 16:41 NPT
2026-08-03 16:41 NPT,890b408,road,NH34 – Araniko Hwy,अरनिको राजमार्ग,closed,"Landslide at Bhotekoshi-4, Sindhupalchok",2026-08-03 16:41 NPT
2026-08-03 16:41 NPT,890b408,road,NH38 – BP Hwy,बीपी राजमार्ग,open,,2026-08-03 16:41 NPT
2026-08-03 16:41 NPT,890b408,road,NH41 – Tribhuvan Hwy,त्रिभुवन राजमार्ग,partial,"Landslide at Bhimphedi-9, Makwanpur",2026-08-03 16:41 NPT
2026-08-03 16:41 NPT,890b408,road,NH42 – Prithvi Hwy,पृथ्वी राजमार्ग,closed,"Landslide at Benighat Rorang-10, Dhading",2026-08-03 16:41 NPT
2026-08-03 16:41 NPT,890b408,road,NH43 – Narayanghat-Mugling,नारायणगढ–मुग्लिन,open,,2026-08-03 16:41 NPT
2026-08-03 16:41 NPT,890b408,airport,Tribhuvan Intl (KTM),त्रिभुवन अन्तर्राष्ट्रिय,open,Normal operations,2026-08-03 16:41 NPT
2026-08-03 16:41 NPT,890b408,airport,Gautam Buddha Intl (BWA),गौतम बुद्ध विमानस्थल,open,,2026-08-03 16:41 NPT
2026-08-03 16:41 NPT,890b408,airport,Pokhara Regional (PKR),पोखरा विमानस्थल,open,,2026-08-03 16:41 NPT
2026-08-03 16:41 NPT,890b408,airport,Bharatpur (BHR),भरतपुर विमानस्थल,open,,2026-08-03 16:41 NPT
2026-08-03 16:41 NPT,890b408,airport,Dhangadhi (DHI),धनगढी विमानस्थल,open,,2026-08-03 16:41 NPT
2026-08-03 16:41 NPT,890b408,airport,Biratnagar (BIR),विराटनगर विमानस्थल,open,,2026-08-03 16:41 NPT
2026-08-03 16:41 NPT,890b408,airport,Nepalgunj (KEP),नेपालगञ्ज विमानस्थल,open,,2026-08-03 16:41 NPT
2026-08-03 16:41 NPT,890b408,airport,Chandragadhi (BDP),चन्द्रगढी विमानस्थल,open,,2026-08-03 16:41 NPT
2026-08-03 16:41 NPT,890b408,airport,Janakpur (JKR),जनकपुर विमानस्थल,open,,2026-08-03 16:41 NPT
2026-08-03 16:41 NPT,890b408,airport,Simara (SIF),सिमरा विमानस्थल,open,,2026-08-03 16:41 NPT
2026-08-03 16:41 NPT,890b408,hospital,"Bir Hospital, Kathmandu",बीर अस्पताल,open,120 beds,2026-08-03 16:41 NPT
2026-08-03 16:41 NPT,890b408,hospital,"TU Teaching Hospital, KTM",त्रिवि शिक्षण अस्पताल,open,95 beds,2026-08-03 16:41 NPT
2026-08-03 16:41 NPT,890b408,hospital,"Patan Hospital, Lalitpur",पाटन अस्पताल,open,60 beds,2026-08-03 16:41 NPT
2026-08-03 16:41 NPT,890b408,hospital,"Manipal College Hospital, PKR",मणिपाल अस्पताल,open,45 beds,2026-08-03 16:41 NPT
2026-08-03 16:41 NPT,890b408,hospital,"Gandaki Medical College, PKR",गण्डकी अस्पताल,open,38 beds,2026-08-03 16:41 NPT
2026-08-03 16:41 NPT,890b408,hospital,"BPKIHS, Dharan",बीपी कोइराला स्वास्थ्य,open,150 beds,2026-08-03 16:41 NPT
2026-08-03 16:41 NPT,890b408,hospital,"Koshi Hospital, Biratnagar",कोशी अस्पताल,open,80 beds,2026-08-03 16:41 NPT
2026-08-03 16:41 NPT,890b408,hospital,"Bheri Hospital, Nepalgunj",भेरी अस्पताल,open,70 beds,2026-08-03 16:41 NPT
2026-08-03 16:41 NPT,890b408,hospital,Chitwan Medical College,चितवन मेडिकल कलेज,open,100 beds,2026-08-03 16:41 NPT
2026-08-03 16:41 NPT,890b408,hospital,Lumbini Provincial Hospital,लुम्बिनी प्रादेशिक,open,110 beds,2026-08-03 16:41 NPT
2026-08-03 13:15 NPT,96579f9,road,NH01 – Mahendra Rajmarg,महेन्द्र राजमार्ग,open,,2026-08-03 13:15 NPT
2026-08-03 13:15 NPT,96579f9,road,NH02 – Mechi Rajmarg,मेची राजमार्ग,partial,"Landslide at Ilam-9, Ilam",2026-08-03 13:15 NPT
2026-08-03 13:15 NPT,96579f9,road,NH03 – Puspalal Hwy (Mid-Hill),पुष्पलाल राजमार्ग,partial,"Landslide at Kanthekhola-5, Baglung",2026-08-03 13:15 NPT
2026-08-03 13:15 NPT,96579f9,road,NH04 – Birtamod-Chandragadhi,विर्तामोड–चन्द्रगढी,open,,2026-08-03 13:15 NPT
2026-08-03 13:15 NPT,96579f9,road,NH05 – Postal Hwy,हुलाकी राजमार्ग,open,,2026-08-03 13:15 NPT
2026-08-03 13:15 NPT,96579f9,road,NH06 – Koshi Rajmarg,कोशी राजमार्ग,open,,2026-08-03 13:15 NPT
2026-08-03 13:15 NPT,96579f9,road,NH08 – Sagarmatha Rajmarg,सगरमाथा राजमार्ग,open,,2026-08-03 13:15 NPT
2026-08-03 13:15 NPT,96579f9,road,NH09 – Madan Bhandari Hwy,मदन भण्डारी राजमार्ग,open,,2026-08-03 13:15 NPT
2026-08-03 13:15 NPT,96579f9,road,NH10 – Siddhartha Hwy,सिद्धार्थ राजमार्ग,open,,2026-08-03 13:15 NPT
2026-08-03 13:15 NPT,96579f9,road,NH11 – Rapti Rajmarg,राप्ती राजमार्ग,open,,2026-08-03 13:15 NPT
2026-08-03 13:15 NPT,96579f9,road,NH12 – Ratna Rajmarg,रत्न राजमार्ग,open,,2026-08-03 13:15 NPT
2026-08-03 13:15 NPT,96579f9,road,NH13 – Karnali Rajmarg,कर्णाली राजमार्ग,open,,2026-08-03 13:15 NPT
2026-08-03 13:15 NPT,96579f9,road,NH14 – Mahakali Rajmarg,महाकाली राजमार्ग,open,,2026-08-03 13:15 NPT
2026-08-03 13:15 NPT,96579f9,road,NH15 – Seti Rajmarg,सेती राजमार्ग,open,,2026-08-03 13:15 NPT
2026-08-03 13:15 NPT,96579f9,road,NH16 – Rapti-Lumbini Hwy,राप्ती-लुम्बिनी,open,,2026-08-03 13:15 NPT
2026-08-03 13:15 NPT,96579f9,road,NH34 – Araniko Hwy,अरनिको राजमार्ग,closed,"Landslide at Bhotekoshi-4, Sindhupalchok",2026-08-03 13:15 NPT
2026-08-03 13:15 NPT,96579f9,road,NH38 – BP Hwy,बीपी राजमार्ग,open,,2026-08-03 13:15 NPT
2026-08-03 13:15 NPT,96579f9,road,NH41 – Tribhuvan Hwy,त्रिभुवन राजमार्ग,partial,"Landslide at Bhimphedi-9, Makwanpur",2026-08-03 13:15 NPT
2026-08-03 13:15 NPT,96579f9,road,NH42 – Prithvi Hwy,पृथ्वी राजमार्ग,closed,"Landslide at Benighat Rorang-10, Dhading",2026-08-03 13:15 NPT
2026-08-03 13:15 NPT,96579f9,road,NH43 – Narayanghat-Mugling,नारायणगढ–मुग्लिन,open,,2026-08-03 13:15 NPT
2026-08-03 13:15 NPT,96579f9,airport,Tribhuvan Intl (KTM),त्रिभुवन अन्तर्राष्ट्रिय,open,Normal operations,2026-08-03 13:15 NPT
2026-08-03 13:15 NPT,96579f9,airport,Gautam Buddha Intl (BWA),गौतम बुद्ध विमानस्थल,open,,2026-08-03 13:15 NPT
2026-08-03 13:15 NPT,96579f9,airport,Pokhara Regional (PKR),पोखरा विमानस्थल,open,,2026-08-03 13:15 NPT
2026-08-03 13:15 NPT,96579f9,airport,Bharatpur (BHR),भरतपुर विमानस्थल,open,,2026-08-03 13:15 NPT
2026-08-03 13:15 NPT,96579f9,airport,Dhangadhi (DHI),धनगढी विमानस्थल,open,,2026-08-03 13:15 NPT
2026-08-03 13:15 NPT,96579f9,airport,Biratnagar (BIR),विराटनगर विमानस्थल,open,,2026-08-03 13:15 NPT
2026-08-03 13:15 NPT,96579f9,airport,Nepalgunj (KEP),नेपालगञ्ज विमानस्थल,open,,2026-08-03 13:15 NPT
2026-08-03 13:15 NPT,96579f9,airport,Chandragadhi (BDP),चन्द्रगढी विमानस्थल,open,,2026-08-03 13:15 NPT
2026-08-03 13:15 NPT,96579f9,airport,Janakpur (JKR),जनकपुर विमानस्थल,open,,2026-08-03 13:15 NPT
2026-08-03 13:15 NPT,96579f9,airport,Simara (SIF),सिमरा विमानस्थल,open,,2026-08-03 13:15 NPT
2026-08-03 13:15 NPT,96579f9,hospital,"Bir Hospital, Kathmandu",बीर अस्पताल,open,120 beds,2026-08-03 13:15 NPT
2026-08-03 13:15 NPT,96579f9,hospital,"TU Teaching Hospital, KTM",त्रिवि शिक्षण अस्पताल,open,95 beds,2026-08-03 13:15 NPT
2026-08-03 13:15 NPT,96579f9,hospital,"Patan Hospital, Lalitpur",पाटन अस्पताल,open,60 beds,2026-08-03 13:15 NPT
2026-08-03 13:15 NPT,96579f9,hospital,"Manipal College Hospital, PKR",मणिपाल अस्पताल,open,45 beds,2026-08-03 13:15 NPT
2026-08-03 13:15 NPT,96579f9,hospital,"Gandaki Medical College, PKR",गण्डकी अस्पताल,open,38 beds,2026-08-03 13:15 NPT
2026-08-03 13:15 NPT,96579f9,hospital,"BPKIHS, Dharan",बीपी कोइराला स्वास्थ्य,open,150 beds,2026-08-03 13:15 NPT
2026-08-03 13:15 NPT,96579f9,hospital,"Koshi Hospital, Biratnagar",कोशी अस्पताल,open,80 beds,2026-08-03 13:15 NPT
2026-08-03 13:15 NPT,96579f9,hospital,"Bheri Hospital, Nepalgunj",भेरी अस्पताल,open,70 beds,2026-08-03 13:15 NPT
2026-08-03 13:15 NPT,96579f9,hospital,Chitwan Medical College,चितवन मेडिकल कलेज,open,100 beds,2026-08-03 13:15 NPT
2026-08-03 13:15 NPT,96579f9,hospital,Lumbini Provincial Hospital,लुम्बिनी प्रादेशिक,open,110 beds,2026-08-03 13:15 NPT
2026-08-03 09:32 NPT,8745de7,road,NH01 – Mahendra Rajmarg,महेन्द्र राजमार्ग,open,,2026-08-03 09:32 NPT
2026-08-03 09:32 NPT,8745de7,road,NH02 – Mechi Rajmarg,मेची राजमार्ग,partial,"Landslide at Ilam-9, Ilam",2026-08-03 09:32 NPT
2026-08-03 09:32 NPT,8745de7,road,NH03 – Puspalal Hwy (Mid-Hill),पुष्पलाल राजमार्ग,partial,"Landslide at Kanthekhola-5, Baglung",2026-08-03 09:32 NPT
2026-08-03 09:32 NPT,8745de7,road,NH04 – Birtamod-Chandragadhi,विर्तामोड–चन्द्रगढी,open,,2026-08-03 09:32 NPT
2026-08-03 09:32 NPT,8745de7,road,NH05 – Postal Hwy,हुलाकी राजमार्ग,open,,2026-08-03 09:32 NPT
2026-08-03 09:32 NPT,8745de7,road,NH06 – Koshi Rajmarg,कोशी राजमार्ग,open,,2026-08-03 09:32 NPT
2026-08-03 09:32 NPT,8745de7,road,NH08 – Sagarmatha Rajmarg,सगरमाथा राजमार्ग,open,,2026-08-03 09:32 NPT
2026-08-03 09:32 NPT,8745de7,road,NH09 – Madan Bhandari Hwy,मदन भण्डारी राजमार्ग,open,,2026-08-03 09:32 NPT
2026-08-03 09:32 NPT,8745de7,road,NH10 – Siddhartha Hwy,सिद्धार्थ राजमार्ग,open,,2026-08-03 09:32 NPT
2026-08-03 09:32 NPT,8745de7,road,NH11 – Rapti Rajmarg,राप्ती राजमार्ग,open,,2026-08-03 09:32 NPT
2026-08-03 09:32 NPT,8745de7,road,NH12 – Ratna Rajmarg,रत्न राजमार्ग,open,,2026-08-03 09:32 NPT
2026-08-03 09:32 NPT,8745de7,road,NH13 – Karnali Rajmarg,कर्णाली राजमार्ग,open,,2026-08-03 09:32 NPT
2026-08-03 09:32 NPT,8745de7,road,NH14 – Mahakali Rajmarg,महाकाली राजमार्ग,open,,2026-08-03 09:32 NPT
2026-08-03 09:32 NPT,8745de7,road,NH15 – Seti Rajmarg,सेती राजमार्ग,open,,2026-08-03 09:32 NPT
2026-08-03 09:32 NPT,8745de7,road,NH16 – Rapti-Lumbini Hwy,राप्ती-लुम्बिनी,open,,2026-08-03 09:32 NPT
2026-08-03 09:32 NPT,8745de7,road,NH34 – Araniko Hwy,अरनिको राजमार्ग,closed,"Landslide at Bhotekoshi-4, Sindhupalchok",2026-08-03 09:32 NPT
2026-08-03 09:32 NPT,8745de7,road,NH38 – BP Hwy,बीपी राजमार्ग,open,,2026-08-03 09:32 NPT
2026-08-03 09:32 NPT,8745de7,road,NH41 – Tribhuvan Hwy,त्रिभुवन राजमार्ग,partial,"Landslide at Bhimphedi-9, Makwanpur",2026-08-03 09:32 NPT
2026-08-03 09:32 NPT,8745de7,road,NH42 – Prithvi Hwy,पृथ्वी राजमार्ग,closed,"Landslide at Benighat Rorang-10, Dhading",2026-08-03 09:32 NPT
2026-08-03 09:32 NPT,8745de7,road,NH43 – Narayanghat-Mugling,नारायणगढ–मुग्लिन,open,,2026-08-03 09:32 NPT
2026-08-03 09:32 NPT,8745de7,airport,Tribhuvan Intl (KTM),त्रिभुवन अन्तर्राष्ट्रिय,open,Normal operations,2026-08-03 09:32 NPT
2026-08-03 09:32 NPT,8745de7,airport,Gautam Buddha Intl (BWA),गौतम बुद्ध विमानस्थल,open,,2026-08-03 09:32 NPT
2026-08-03 09:32 NPT,8745de7,airport,Pokhara Regional (PKR),पोखरा विमानस्थल,open,,2026-08-03 09:32 NPT
2026-08-03 09:32 NPT,8745de7,airport,Bharatpur (BHR),भरतपुर विमानस्थल,open,,2026-08-03 09:32 NPT
2026-08-03 09:32 NPT,8745de7,airport,Dhangadhi (DHI),धनगढी विमानस्थल,open,,2026-08-03 09:32 NPT
2026-08-03 09:32 NPT,8745de7,airport,Biratnagar (BIR),विराटनगर विमानस्थल,open,,2026-08-03 09:32 NPT
2026-08-03 09:32 NPT,8745de7,airport,Nepalgunj (KEP),नेपालगञ्ज विमानस्थल,open,,2026-08-03 09:32 NPT
2026-08-03 09:32 NPT,8745de7,airport,Chandragadhi (BDP),चन्द्रगढी विमानस्थल,open,,2026-08-03 09:32 NPT
2026-08-03 09:32 NPT,8745de7,airport,Janakpur (JKR),जनकपुर विमानस्थल,open,,2026-08-03 09:32 NPT
2026-08-03 09:32 NPT,8745de7,airport,Simara (SIF),सिमरा विमानस्थल,open,,2026-08-03 09:32 NPT
2026-08-03 09:32 NPT,8745de7,hospital,"Bir Hospital, Kathmandu",बीर अस्पताल,open,120 beds,2026-08-03 09:32 NPT
2026-08-03 09:32 NPT,8745de7,hospital,"TU Teaching Hospital, KTM",त्रिवि शिक्षण अस्पताल,open,95 beds,2026-08-03 09:32 NPT
2026-08-03 09:32 NPT,8745de7,hospital,"Patan Hospital, Lalitpur",पाटन अस्पताल,open,60 beds,2026-08-03 09:32 NPT
2026-08-03 09:32 NPT,8745de7,hospital,"Manipal College Hospital, PKR",मणिपाल अस्पताल,open,45 beds,2026-08-03 09:32 NPT
2026-08-03 09:32 NPT,8745de7,hospital,"Gandaki Medical College, PKR",गण्डकी अस्पताल,open,38 beds,2026-08-03 09:32 NPT
2026-08-03 09:32 NPT,8745de7,hospital,"BPKIHS, Dharan",बीपी कोइराला स्वास्थ्य,open,150 beds,2026-08-03 09:32 NPT
2026-08-03 09:32 NPT,8745de7,hospital,"Koshi Hospital, Biratnagar",कोशी अस्पताल,open,80 beds,2026-08-03 09:32 NPT
2026-08-03 09:32 NPT,8745de7,hospital,"Bheri Hospital, Nepalgunj",भेरी अस्पताल,open,70 beds,2026-08-03 09:32 NPT
2026-08-03 09:32 NPT,8745de7,hospital,Chitwan Medical College,चितवन मेडिकल कलेज,open,100 beds,2026-08-03 09:32 NPT
2026-08-03 09:32 NPT,8745de7,hospital,Lumbini Provincial Hospital,लुम्बिनी प्रादेशिक,open,110 beds,2026-08-03 09:32 NPT
2026-08-03 05:45 NPT,61c743d,road,NH01 – Mahendra Rajmarg,महेन्द्र राजमार्ग,open,,2026-08-03 05:45 NPT
2026-08-03 05:45 NPT,61c743d,road,NH02 – Mechi Rajmarg,मेची राजमार्ग,partial,"Landslide at Ilam-9, Ilam",2026-08-03 05:45 NPT
2026-08-03 05:45 NPT,61c743d,road,NH03 – Puspalal Hwy (Mid-Hill),पुष्पलाल राजमार्ग,partial,"Landslide at Kanthekhola-5, Baglung",2026-08-03 05:45 NPT
2026-08-03 05:45 NPT,61c743d,road,NH04 – Birtamod-Chandragadhi,विर्तामोड–चन्द्रगढी,open,,2026-08-03 05:45 NPT
2026-08-03 05:45 NPT,61c743d,road,NH05 – Postal Hwy,हुलाकी राजमार्ग,open,,2026-08-03 05:45 NPT
2026-08-03 05:45 NPT,61c743d,road,NH06 – Koshi Rajmarg,कोशी राजमार्ग,open,,2026-08-03 05:45 NPT
2026-08-03 05:45 NPT,61c743d,road,NH08 – Sagarmatha Rajmarg,सगरमाथा राजमार्ग,open,,2026-08-03 05:45 NPT
2026-08-03 05:45 NPT,61c743d,road,NH09 – Madan Bhandari Hwy,मदन भण्डारी राजमार्ग,open,,2026-08-03 05:45 NPT
2026-08-03 05:45 NPT,61c743d,road,NH10 – Siddhartha Hwy,सिद्धार्थ राजमार्ग,open,,2026-08-03 05:45 NPT
2026-08-03 05:45 NPT,61c743d,road,NH11 – Rapti Rajmarg,राप्ती राजमार्ग,open,,2026-08-03 05:45 NPT
2026-08-03 05:45 NPT,61c743d,road,NH12 – Ratna Rajmarg,रत्न राजमार्ग,open,,2026-08-03 05:45 NPT
2026-08-03 05:45 NPT,61c743d,road,NH13 – Karnali Rajmarg,कर्णाली राजमार्ग,open,,2026-08-03 05:45 NPT
2026-08-03 05:45 NPT,61c743d,road,NH14 – Mahakali Rajmarg,महाकाली राजमार्ग,open,,2026-08-03 05:45 NPT
2026-08-03 05:45 NPT,61c743d,road,NH15 – Seti Rajmarg,सेती राजमार्ग,open,,2026-08-03 05:45 NPT
2026-08-03 05:45 NPT,61c743d,road,NH16 – Rapti-Lumbini Hwy,राप्ती-लुम्बिनी,open,,2026-08-03 05:45 NPT
2026-08-03 05:45 NPT,61c743d,road,NH34 – Araniko Hwy,अरनिको राजमार्ग,closed,"Landslide at Bhotekoshi-4, Sindhupalchok",2026-08-03 05:45 NPT
2026-08-03 05:45 NPT,61c743d,road,NH38 – BP Hwy,बीपी राजमार्ग,open,,2026-08-03 05:45 NPT
2026-08-03 05:45 NPT,61c743d,road,NH41 – Tribhuvan Hwy,त्रिभुवन राजमार्ग,partial,"Landslide at Bhimphedi-9, Makwanpur",2026-08-03 05:45 NPT
2026-08-03 05:45 NPT,61c743d,road,NH42 – Prithvi Hwy,पृथ्वी राजमार्ग,closed,"Landslide at Benighat Rorang-10, Dhading",2026-08-03 05:45 NPT
2026-08-03 05:45 NPT,61c743d,road,NH43 – Narayanghat-Mugling,नारायणगढ–मुग्लिन,open,,2026-08-03 05:45 NPT
2026-08-03 05:45 NPT,61c743d,airport,Tribhuvan Intl (KTM),त्रिभुवन अन्तर्राष्ट्रिय,open,Normal operations,2026-08-03 05:45 NPT
2026-08-03 05:45 NPT,61c743d,airport,Gautam Buddha Intl (BWA),गौतम बुद्ध विमानस्थल,open,,2026-08-03 05:45 NPT
2026-08-03 05:45 NPT,61c743d,airport,Pokhara Regional (PKR),पोखरा विमानस्थल,open,,2026-08-03 05:45 NPT
2026-08-03 05:45 NPT,61c743d,airport,Bharatpur (BHR),भरतपुर विमानस्थल,open,,2026-08-03 05:45 NPT
2026-08-03 05:45 NPT,61c743d,airport,Dhangadhi (DHI),धनगढी विमानस्थल,open,,2026-08-03 05:45 NPT
2026-08-03 05:45 NPT,61c743d,airport,Biratnagar (BIR),विराटनगर विमानस्थल,open,,2026-08-03 05:45 NPT
2026-08-03 05:45 NPT,61c743d,airport,Nepalgunj (KEP),नेपालगञ्ज विमानस्थल,open,,2026-08-03 05:45 NPT
2026-08-03 05:45 NPT,61c743d,airport,Chandragadhi (BDP),चन्द्रगढी विमानस्थल,open,,2026-08-03 05:45 NPT
2026-08-03 05:45 NPT,61c743d,airport,Janakpur (JKR),जनकपुर विमानस्थल,open,,2026-08-03 05:45 NPT
2026-08-03 05:45 NPT,61c743d,airport,Simara (SIF),सिमरा विमानस्थल,open,,2026-08-03 05:45 NPT
2026-08-03 05:45 NPT,61c743d,hospital,"Bir Hospital, Kathmandu",बीर अस्पताल,open,120 beds,2026-08-03 05:45 NPT
2026-08-03 05:45 NPT,61c743d,hospital,"TU Teaching Hospital, KTM",त्रिवि शिक्षण अस्पताल,open,95 beds,2026-08-03 05:45 NPT
2026-08-03 05:45 NPT,61c743d,hospital,"Patan Hospital, Lalitpur",पाटन अस्पताल,open,60 beds,2026-08-03 05:45 NPT
2026-08-03 05:45 NPT,61c743d,hospital,"Manipal College Hospital, PKR",मणिपाल अस्पताल,open,45 beds,2026-08-03 05:45 NPT
2026-08-03 05:45 NPT,61c743d,hospital,"Gandaki Medical College, PKR",गण्डकी अस्पताल,open,38 beds,2026-08-03 05:45 NPT
2026-08-03 05:45 NPT,61c743d,hospital,"BPKIHS, Dharan",बीपी कोइराला स्वास्थ्य,open,150 beds,2026-08-03 05:45 NPT
2026-08-03 05:45 NPT,61c743d,hospital,"Koshi Hospital, Biratnagar",कोशी अस्पताल,open,80 beds,2026-08-03 05:45 NPT
2026-08-03 05:45 NPT,61c743d,hospital,"Bheri Hospital, Nepalgunj",भेरी अस्पताल,open,70 beds,2026-08-03 05:45 NPT
2026-08-03 05:45 NPT,61c743d,hospital,Chitwan Medical College,चितवन मेडिकल कलेज,open,100 beds,2026-08-03 05:45 NPT
2026-08-03 05:45 NPT,61c743d,hospital,Lumbini Provincial Hospital,लुम्बिनी प्रादेशिक,open,110 beds,2026-08-03 05:45 NPT
2026-08-03 04:15 NPT,3a2a030,road,NH01 – Mahendra Rajmarg,महेन्द्र राजमार्ग,open,,2026-08-03 04:15 NPT
2026-08-03 04:15 NPT,3a2a030,road,NH02 – Mechi Rajmarg,मेची राजमार्ग,partial,"Landslide at Ilam-9, Ilam",2026-08-03 04:15 NPT
2026-08-03 04:15 NPT,3a2a030,road,NH03 – Puspalal Hwy (Mid-Hill),पुष्पलाल राजमार्ग,partial,"Landslide at Kanthekhola-5, Baglung",2026-08-03 04:15 NPT
2026-08-03 04:15 NPT,3a2a030,road,NH04 – Birtamod-Chandragadhi,विर्तामोड–चन्द्रगढी,open,,2026-08-03 04:15 NPT
2026-08-03 04:15 NPT,3a2a030,road,NH05 – Postal Hwy,हुलाकी राजमार्ग,open,,2026-08-03 04:15 NPT
2026-08-03 04:15 NPT,3a2a030,road,NH06 – Koshi Rajmarg,कोशी राजमार्ग,open,,2026-08-03 04:15 NPT
2026-08-03 04:15 NPT,3a2a030,road,NH08 – Sagarmatha Rajmarg,सगरमाथा राजमार्ग,open,,2026-08-03 04:15 NPT
2026-08-03 04:15 NPT,3a2a030,road,NH09 – Madan Bhandari Hwy,मदन भण्डारी राजमार्ग,open,,2026-08-03 04:15 NPT
2026-08-03 04:15 NPT,3a2a030,road,NH10 – Siddhartha Hwy,सिद्धार्थ राजमार्ग,open,,2026-08-03 04:15 NPT
2026-08-03 04:15 NPT,3a2a030,road,NH11 – Rapti Rajmarg,राप्ती राजमार्ग,open,,2026-08-03 04:15 NPT
2026-08-03 04:15 NPT,3a2a030,road,NH12 – Ratna Rajmarg,रत्न राजमार्ग,open,,2026-08-03 04:15 NPT
2026-08-03 04:15 NPT,3a2a030,road,NH13 – Karnali Rajmarg,कर्णाली राजमार्ग,open,,2026-08-03 04:15 NPT
2026-08-03 04:15 NPT,3a2a030,road,NH14 – Mahakali Rajmarg,महाकाली राजमार्ग,open,,2026-08-03 04:15 NPT
2026-08-03 04:15 NPT,3a2a030,road,NH15 – Seti Rajmarg,सेती राजमार्ग,open,,2026-08-03 04:15 NPT
2026-08-03 04:15 NPT,3a2a030,road,NH16 – Rapti-Lumbini Hwy,राप्ती-लुम्बिनी,open,,2026-08-03 04:15 NPT
2026-08-03 04:15 NPT,3a2a030,road,NH34 – Araniko Hwy,अरनिको राजमार्ग,closed,"Landslide at Bhotekoshi-4, Sindhupalchok",2026-08-03 04:15 NPT
2026-08-03 04:15 NPT,3a2a030,road,NH38 – BP Hwy,बीपी राजमार्ग,open,,2026-08-03 04:15 NPT
2026-08-03 04:15 NPT,3a2a030,road,NH41 – Tribhuvan Hwy,त्रिभुवन राजमार्ग,partial,"Landslide at Bhimphedi-9, Makwanpur",2026-08-03 04:15 NPT
2026-08-03 04:15 NPT,3a2a030,road,NH42 – Prithvi Hwy,पृथ्वी राजमार्ग,closed,"Landslide at Benighat Rorang-10, Dhading",2026-08-03 04:15 NPT
2026-08-03 04:15 NPT,3a2a030,road,NH43 – Narayanghat-Mugling,नारायणगढ–मुग्लिन,open,,2026-08-03 04:15 NPT
2026-08-03 04:15 NPT,3a2a030,airport,Tribhuvan Intl (KTM),त्रिभुवन अन्तर्राष्ट्रिय,open,Normal operations,2026-08-03 04:15 NPT
2026-08-03 04:15 NPT,3a2a030,airport,Gautam Buddha Intl (BWA),गौतम बुद्ध विमानस्थल,open,,2026-08-03 04:15 NPT
2026-08-03 04:15 NPT,3a2a030,airport,Pokhara Regional (PKR),पोखरा विमानस्थल,open,,2026-08-03 04:15 NPT
2026-08-03 04:15 NPT,3a2a030,airport,Bharatpur (BHR),भरतपुर विमानस्थल,open,,2026-08-03 04:15 NPT
2026-08-03 04:15 NPT,3a2a030,airport,Dhangadhi (DHI),धनगढी विमानस्थल,open,,2026-08-03 04:15 NPT
2026-08-03 04:15 NPT,3a2a030,airport,Biratnagar (BIR),विराटनगर विमानस्थल,open,,2026-08-03 04:15 NPT
2026-08-03 04:15 NPT,3a2a030,airport,Nepalgunj (KEP),नेपालगञ्ज विमानस्थल,open,,2026-08-03 04:15 NPT
2026-08-03 04:15 NPT,3a2a030,airport,Chandragadhi (BDP),चन्द्रगढी विमानस्थल,open,,2026-08-03 04:15 NPT
2026-08-03 04:15 NPT,3a2a030,airport,Janakpur (JKR),जनकपुर विमानस्थल,open,,2026-08-03 04:15 NPT
2026-08-03 04:15 NPT,3a2a030,airport,Simara (SIF),सिमरा विमानस्थल,open,,2026-08-03 04:15 NPT
2026-08-03 04:15 NPT,3a2a030,hospital,"Bir Hospital, Kathmandu",बीर अस्पताल,open,120 beds,2026-08-03 04:15 NPT
2026-08-03 04:15 NPT,3a2a030,hospital,"TU Teaching Hospital, KTM",त्रिवि शिक्षण अस्पताल,open,95 beds,2026-08-03 04:15 NPT
2026-08-03 04:15 NPT,3a2a030,hospital,"Patan Hospital, Lalitpur",पाटन अस्पताल,open,60 beds,2026-08-03 04:15 NPT
2026-08-03 04:15 NPT,3a2a030,hospital,"Manipal College Hospital, PKR",मणिपाल अस्पताल,open,45 beds,2026-08-03 04:15 NPT
2026-08-03 04:15 NPT,3a2a030,hospital,"Gandaki Medical College, PKR",गण्डकी अस्पताल,open,38 beds,2026-08-03 04:15 NPT
2026-08-03 04:15 NPT,3a2a030,hospital,"BPKIHS, Dharan",बीपी कोइराला स्वास्थ्य,open,150 beds,2026-08-03 04:15 NPT
2026-08-03 04:15 NPT,3a2a030,hospital,"Koshi Hospital, Biratnagar",कोशी अस्पताल,open,80 beds,2026-08-03 04:15 NPT
2026-08-03 04:15 NPT,3a2a030,hospital,"Bheri Hospital, Nepalgunj",भेरी अस्पताल,open,70 beds,2026-08-03 04:15 NPT
2026-08-03 04:15 NPT,3a2a030,hospital,Chitwan Medical College,चितवन मेडिकल कलेज,open,100 beds,2026-08-03 04:15 NPT
2026-08-03 04:15 NPT,3a2a030,hospital,Lumbini Provincial Hospital,लुम्बिनी प्रादेशिक,open,110 beds,2026-08-03 04:15 NPT
2026-08-03 03:12 NPT,5605321,road,NH01 – Mahendra Rajmarg,महेन्द्र राजमार्ग,open,,2026-08-03 03:12 NPT
2026-08-03 03:12 NPT,5605321,road,NH02 – Mechi Rajmarg,मेची राजमार्ग,partial,"Landslide at Ilam-9, Ilam",2026-08-03 03:12 NPT
2026-08-03 03:12 NPT,5605321,road,NH03 – Puspalal Hwy (Mid-Hill),पुष्पलाल राजमार्ग,partial,"Landslide at Kanthekhola-5, Baglung",2026-08-03 03:12 NPT
2026-08-03 03:12 NPT,5605321,road,NH04 – Birtamod-Chandragadhi,विर्तामोड–चन्द्रगढी,open,,2026-08-03 03:12 NPT
2026-08-03 03:12 NPT,5605321,road,NH05 – Postal Hwy,हुलाकी राजमार्ग,open,,2026-08-03 03:12 NPT
2026-08-03 03:12 NPT,5605321,road,NH06 – Koshi Rajmarg,कोशी राजमार्ग,open,,2026-08-03 03:12 NPT
2026-08-03 03:12 NPT,5605321,road,NH08 – Sagarmatha Rajmarg,सगरमाथा राजमार्ग,open,,2026-08-03 03:12 NPT
2026-08-03 03:12 NPT,5605321,road,NH09 – Madan Bhandari Hwy,मदन भण्डारी राजमार्ग,open,,2026-08-03 03:12 NPT
2026-08-03 03:12 NPT,5605321,road,NH10 – Siddhartha Hwy,सिद्धार्थ राजमार्ग,open,,2026-08-03 03:12 NPT
2026-08-03 03:12 NPT,5605321,road,NH11 – Rapti Rajmarg,राप्ती राजमार्ग,open,,2026-08-03 03:12 NPT
2026-08-03 03:12 NPT,5605321,road,NH12 – Ratna Rajmarg,रत्न राजमार्ग,open,,2026-08-03 03:12 NPT
2026-08-03 03:12 NPT,5605321,road,NH13 – Karnali Rajmarg,कर्णाली राजमार्ग,open,,2026-08-03 03:12 NPT
2026-08-03 03:12 NPT,5605321,road,NH14 – Mahakali Rajmarg,महाकाली राजमार्ग,open,,2026-08-03 03:12 NPT
2026-08-03 03:12 NPT,5605321,road,NH15 – Seti Rajmarg,सेती राजमार्ग,open,,2026-08-03 03:12 NPT
2026-08-03 03:12 NPT,5605321,road,NH16 – Rapti-Lumbini Hwy,राप्ती-लुम्बिनी,open,,2026-08-03 03:12 NPT
2026-08-03 03:12 NPT,5605321,road,NH34 – Araniko Hwy,अरनिको राजमार्ग,closed,"Landslide at Bhotekoshi-4, Sindhupalchok",2026-08-03 03:12 NPT
2026-08-03 03:12 NPT,5605321,road,NH38 – BP Hwy,बीपी राजमार्ग,open,,2026-08-03 03:12 NPT
2026-08-03 03:12 NPT,5605321,road,NH41 – Tribhuvan Hwy,त्रिभुवन राजमार्ग,partial,"Landslide at Bhimphedi-9, Makwanpur",2026-08-03 03:12 NPT
2026-08-03 03:12 NPT,5605321,road,NH42 – Prithvi Hwy,पृथ्वी राजमार्ग,closed,"Landslide at Benighat Rorang-10, Dhading",2026-08-03 03:12 NPT
2026-08-03 03:12 NPT,5605321,road,NH43 – Narayanghat-Mugling,नारायणगढ–मुग्लिन,open,,2026-08-03 03:12 NPT
2026-08-03 03:12 NPT,5605321,airport,Tribhuvan Intl (KTM),त्रिभुवन अन्तर्राष्ट्रिय,open,Normal operations,2026-08-03 03:12 NPT
2026-08-03 03:12 NPT,5605321,airport,Gautam Buddha Intl (BWA),गौतम बुद्ध विमानस्थल,open,,2026-08-03 03:12 NPT
2026-08-03 03:12 NPT,5605321,airport,Pokhara Regional (PKR),पोखरा विमानस्थल,open,,2026-08-03 03:12 NPT
2026-08-03 03:12 NPT,5605321,airport,Bharatpur (BHR),भरतपुर विमानस्थल,open,,2026-08-03 03:12 NPT
2026-08-03 03:12 NPT,5605321,airport,Dhangadhi (DHI),धनगढी विमानस्थल,open,,2026-08-03 03:12 NPT
2026-08-03 03:12 NPT,5605321,airport,Biratnagar (BIR),विराटनगर विमानस्थल,open,,2026-08-03 03:12 NPT
2026-08-03 03:12 NPT,5605321,airport,Nepalgunj (KEP),नेपालगञ्ज विमानस्थल,open,,2026-08-03 03:12 NPT
2026-08-03 03:12 NPT,5605321,airport,Chandragadhi (BDP),चन्द्रगढी विमानस्थल,open,,2026-08-03 03:12 NPT
2026-08-03 03:12 NPT,5605321,airport,Janakpur (JKR),जनकपुर विमानस्थल,open,,2026-08-03 03:12 NPT
2026-08-03 03:12 NPT,5605321,airport,Simara (SIF),सिमरा विमानस्थल,open,,2026-08-03 03:12 NPT
2026-08-03 03:12 NPT,5605321,hospital,"Bir Hospital, Kathmandu",बीर अस्पताल,open,120 beds,2026-08-03 03:12 NPT
2026-08-03 03:12 NPT,5605321,hospital,"TU Teaching Hospital, KTM",त्रिवि शिक्षण अस्पताल,open,95 beds,2026-08-03 03:12 NPT
2026-08-03 03:12 NPT,5605321,hospital,"Patan Hospital, Lalitpur",पाटन अस्पताल,open,60 beds,2026-08-03 03:12 NPT
2026-08-03 03:12 NPT,5605321,hospital,"Manipal College Hospital, PKR",मणिपाल अस्पताल,open,45 beds,2026-08-03 03:12 NPT
2026-08-03 03:12 NPT,5605321,hospital,"Gandaki Medical College, PKR",गण्डकी अस्पताल,open,38 beds,2026-08-03 03:12 NPT
2026-08-03 03:12 NPT,5605321,hospital,"BPKIHS, Dharan",बीपी कोइराला स्वास्थ्य,open,150 beds,2026-08-03 03:12 NPT
2026-08-03 03:12 NPT,5605321,hospital,"Koshi Hospital, Biratnagar",कोशी अस्पताल,open,80 beds,2026-08-03 03:12 NPT
2026-08-03 03:12 NPT,5605321,hospital,"Bheri Hospital, Nepalgunj",भेरी अस्पताल,open,70 beds,2026-08-03 03:12 NPT
2026-08-03 03:12 NPT,5605321,hospital,Chitwan Medical College,चितवन मेडिकल कलेज,open,100 beds,2026-08-03 03:12 NPT
2026-08-03 03:12 NPT,5605321,hospital,Lumbini Provincial Hospital,लुम्बिनी प्रादेशिक,open,110 beds,2026-08-03 03:12 NPT
2026-08-03 02:13 NPT,b6b7304,road,NH01 – Mahendra Rajmarg,महेन्द्र राजमार्ग,open,,2026-08-03 02:13 NPT
2026-08-03 02:13 NPT,b6b7304,road,NH02 – Mechi Rajmarg,मेची राजमार्ग,partial,"Landslide at Ilam-9, Ilam",2026-08-03 02:13 NPT
2026-08-03 02:13 NPT,b6b7304,road,NH03 – Puspalal Hwy (Mid-Hill),पुष्पलाल राजमार्ग,partial,"Landslide at Kanthekhola-5, Baglung",2026-08-03 02:13 NPT
2026-08-03 02:13 NPT,b6b7304,road,NH04 – Birtamod-Chandragadhi,विर्तामोड–चन्द्रगढी,open,,2026-08-03 02:13 NPT
2026-08-03 02:13 NPT,b6b7304,road,NH05 – Postal Hwy,हुलाकी राजमार्ग,open,,2026-08-03 02:13 NPT
2026-08-03 02:13 NPT,b6b7304,road,NH06 – Koshi Rajmarg,कोशी राजमार्ग,open,,2026-08-03 02:13 NPT
2026-08-03 02:13 NPT,b6b7304,road,NH08 – Sagarmatha Rajmarg,सगरमाथा राजमार्ग,open,,2026-08-03 02:13 NPT
2026-08-03 02:13 NPT,b6b7304,road,NH09 – Madan Bhandari Hwy,मदन भण्डारी राजमार्ग,open,,2026-08-03 02:13 NPT
2026-08-03 02:13 NPT,b6b7304,road,NH10 – Siddhartha Hwy,सिद्धार्थ राजमार्ग,open,,2026-08-03 02:13 NPT
2026-08-03 02:13 NPT,b6b7304,road,NH11 – Rapti Rajmarg,राप्ती राजमार्ग,open,,2026-08-03 02:13 NPT
2026-08-03 02:13 NPT,b6b7304,road,NH12 – Ratna Rajmarg,रत्न राजमार्ग,open,,2026-08-03 02:13 NPT
2026-08-03 02:13 NPT,b6b7304,road,NH13 – Karnali Rajmarg,कर्णाली राजमार्ग,open,,2026-08-03 02:13 NPT
2026-08-03 02:13 NPT,b6b7304,road,NH14 – Mahakali Rajmarg,महाकाली राजमार्ग,open,,2026-08-03 02:13 NPT
2026-08-03 02:13 NPT,b6b7304,road,NH15 – Seti Rajmarg,सेती राजमार्ग,open,,2026-08-03 02:13 NPT
2026-08-03 02:13 NPT,b6b7304,road,NH16 – Rapti-Lumbini Hwy,राप्ती-लुम्बिनी,open,,2026-08-03 02:13 NPT
2026-08-03 02:13 NPT,b6b7304,road,NH34 – Araniko Hwy,अरनिको राजमार्ग,closed,"Landslide at Bhotekoshi-4, Sindhupalchok",2026-08-03 02:13 NPT
2026-08-03 02:13 NPT,b6b7304,road,NH38 – BP Hwy,बीपी राजमार्ग,open,,2026-08-03 02:13 NPT
2026-08-03 02:13 NPT,b6b7304,road,NH41 – Tribhuvan Hwy,त्रिभुवन राजमार्ग,partial,"Landslide at Bhimphedi-9, Makwanpur",2026-08-03 02:13 NPT
2026-08-03 02:13 NPT,b6b7304,road,NH42 – Prithvi Hwy,पृथ्वी राजमार्ग,closed,"Landslide at Benighat Rorang-10, Dhading",2026-08-03 02:13 NPT
2026-08-03 02:13 NPT,b6b7304,road,NH43 – Narayanghat-Mugling,नारायणगढ–मुग्लिन,open,,2026-08-03 02:13 NPT
2026-08-03 02:13 NPT,b6b7304,airport,Tribhuvan Intl (KTM),त्रिभुवन अन्तर्राष्ट्रिय,open,Normal operations,2026-08-03 02:13 NPT
2026-08-03 02:13 NPT,b6b7304,airport,Gautam Buddha Intl (BWA),गौतम बुद्ध विमानस्थल,open,,2026-08-03 02:13 NPT
2026-08-03 02:13 NPT,b6b7304,airport,Pokhara Regional (PKR),पोखरा विमानस्थल,open,,2026-08-03 02:13 NPT
2026-08-03 02:13 NPT,b6b7304,airport,Bharatpur (BHR),भरतपुर विमानस्थल,open,,2026-08-03 02:13 NPT
2026-08-03 02:13 NPT,b6b7304,airport,Dhangadhi (DHI),धनगढी विमानस्थल,open,,2026-08-03 02:13 NPT
2026-08-03 02:13 NPT,b6b7304,airport,Biratnagar (BIR),विराटनगर विमानस्थल,open,,2026-08-03 02:13 NPT
2026-08-03 02:13 NPT,b6b7304,airport,Nepalgunj (KEP),नेपालगञ्ज विमानस्थल,open,,2026-08-03 02:13 NPT
2026-08-03 02:13 NPT,b6b7304,airport,Chandragadhi (BDP),चन्द्रगढी विमानस्थल,open,,2026-08-03 02:13 NPT
2026-08-03 02:13 NPT,b6b7304,airport,Janakpur (JKR),जनकपुर विमानस्थल,open,,2026-08-03 02:13 NPT
2026-08-03 02:13 NPT,b6b7304,airport,Simara (SIF),सिमरा विमानस्थल,open,,2026-08-03 02:13 NPT
2026-08-03 02:13 NPT,b6b7304,hospital,"Bir Hospital, Kathmandu",बीर अस्पताल,open,120 beds,2026-08-03 02:13 NPT
2026-08-03 02:13 NPT,b6b7304,hospital,"TU Teaching Hospital, KTM",त्रिवि शिक्षण अस्पताल,open,95 beds,2026-08-03 02:13 NPT
2026-08-03 02:13 NPT,b6b7304,hospital,"Patan Hospital, Lalitpur",पाटन अस्पताल,open,60 beds,2026-08-03 02:13 NPT
2026-08-03 02:13 NPT,b6b7304,hospital,"Manipal College Hospital, PKR",मणिपाल अस्पताल,open,45 beds,2026-08-03 02:13 NPT
2026-08-03 02:13 NPT,b6b7304,hospital,"Gandaki Medical College, PKR",गण्डकी अस्पताल,open,38 beds,2026-08-03 02:13 NPT
2026-08-03 02:13 NPT,b6b7304,hospital,"BPKIHS, Dharan",बीपी कोइराला स्वास्थ्य,open,150 beds,2026-08-03 02:13 NPT
2026-08-03 02:13 NPT,b6b7304,hospital,"Koshi Hospital, Biratnagar",कोशी अस्पताल,open,80 beds,2026-08-03 02:13 NPT
2026-08-03 02:13 NPT,b6b7304,hospital,"Bheri Hospital, Nepalgunj",भेरी अस्पताल,open,70 beds,2026-08-03 02:13 NPT
2026-08-03 02:13 NPT,b6b7304,hospital,Chitwan Medical College,चितवन मेडिकल कलेज,open,100 beds,2026-08-03 02:13 NPT
2026-08-03 02:13 NPT,b6b7304,hospital,Lumbini Provincial Hospital,लुम्बिनी प्रादेशिक,open,110 beds,2026-08-03 02:13 NPT
2026-08-03 00:59 NPT,e5e437d,road,NH01 – Mahendra Rajmarg,महेन्द्र राजमार्ग,open,,2026-08-03 00:59 NPT
2026-08-03 00:59 NPT,e5e437d,road,NH02 – Mechi Rajmarg,मेची राजमार्ग,partial,"Landslide at Ilam-9, Ilam",2026-08-03 00:59 NPT
2026-08-03 00:59 NPT,e5e437d,road,NH03 – Puspalal Hwy (Mid-Hill),पुष्पलाल राजमार्ग,partial,"Landslide at Kanthekhola-5, Baglung",2026-08-03 00:59 NPT
2026-08-03 00:59 NPT,e5e437d,road,NH04 – Birtamod-Chandragadhi,विर्तामोड–चन्द्रगढी,open,,2026-08-03 00:59 NPT
2026-08-03 00:59 NPT,e5e437d,road,NH05 – Postal Hwy,हुलाकी राजमार्ग,open,,2026-08-03 00:59 NPT
2026-08-03 00:59 NPT,e5e437d,road,NH06 – Koshi Rajmarg,कोशी राजमार्ग,open,,2026-08-03 00:59 NPT
2026-08-03 00:59 NPT,e5e437d,road,NH08 – Sagarmatha Rajmarg,सगरमाथा राजमार्ग,open,,2026-08-03 00:59 NPT
2026-08-03 00:59 NPT,e5e437d,road,NH09 – Madan Bhandari Hwy,मदन भण्डारी राजमार्ग,open,,2026-08-03 00:59 NPT
2026-08-03 00:59 NPT,e5e437d,road,NH10 – Siddhartha Hwy,सिद्धार्थ राजमार्ग,open,,2026-08-03 00:59 NPT
2026-08-03 00:59 NPT,e5e437d,road,NH11 – Rapti Rajmarg,राप्ती राजमार्ग,open,,2026-08-03 00:59 NPT
2026-08-03 00:59 NPT,e5e437d,road,NH12 – Ratna Rajmarg,रत्न राजमार्ग,open,,2026-08-03 00:59 NPT
2026-08-03 00:59 NPT,e5e437d,road,NH13 – Karnali Rajmarg,कर्णाली राजमार्ग,open,,2026-08-03 00:59 NPT
2026-08-03 00:59 NPT,e5e437d,road,NH14 – Mahakali Rajmarg,महाकाली राजमार्ग,open,,2026-08-03 00:59 NPT
2026-08-03 00:59 NPT,e5e437d,road,NH15 – Seti Rajmarg,सेती राजमार्ग,open,,2026-08-03 00:59 NPT
2026-08-03 00:59 NPT,e5e437d,road,NH16 – Rapti-Lumbini Hwy,राप्ती-लुम्बिनी,open,,2026-08-03 00:59 NPT
2026-08-03 00:59 NPT,e5e437d,road,NH34 – Araniko Hwy,अरनिको राजमार्ग,closed,"Landslide at Bhotekoshi-4, Sindhupalchok",2026-08-03 00:59 NPT
2026-08-03 00:59 NPT,e5e437d,road,NH38 – BP Hwy,बीपी राजमार्ग,open,,2026-08-03 00:59 NPT
2026-08-03 00:59 NPT,e5e437d,road,NH41 – Tribhuvan Hwy,त्रिभुवन राजमार्ग,partial,"Landslide at Bhimphedi-9, Makwanpur",2026-08-03 00:59 NPT
2026-08-03 00:59 NPT,e5e437d,road,NH42 – Prithvi Hwy,पृथ्वी राजमार्ग,closed,"Landslide at Benighat Rorang-10, Dhading",2026-08-03 00:59 NPT
2026-08-03 00:59 NPT,e5e437d,road,NH43 – Narayanghat-Mugling,नारायणगढ–मुग्लिन,open,,2026-08-03 00:59 NPT
2026-08-03 00:59 NPT,e5e437d,airport,Tribhuvan Intl (KTM),त्रिभुवन अन्तर्राष्ट्रिय,open,Normal operations,2026-08-03 00:59 NPT
2026-08-03 00:59 NPT,e5e437d,airport,Gautam Buddha Intl (BWA),गौतम बुद्ध विमानस्थल,open,,2026-08-03 00:59 NPT
2026-08-03 00:59 NPT,e5e437d,airport,Pokhara Regional (PKR),पोखरा विमानस्थल,open,,2026-08-03 00:59 NPT
2026-08-03 00:59 NPT,e5e437d,airport,Bharatpur (BHR),भरतपुर विमानस्थल,open,,2026-08-03 00:59 NPT
2026-08-03 00:59 NPT,e5e437d,airport,Dhangadhi (DHI),धनगढी विमानस्थल,open,,2026-08-03 00:59 NPT
2026-08-03 00:59 NPT,e5e437d,airport,Biratnagar (BIR),विराटनगर विमानस्थल,open,,2026-08-03 00:59 NPT
2026-08-03 00:59 NPT,e5e437d,airport,Nepalgunj (KEP),नेपालगञ्ज विमानस्थल,open,,2026-08-03 00:59 NPT
2026-08-03 00:59 NPT,e5e437d,airport,Chandragadhi (BDP),चन्द्रगढी विमानस्थल,open,,2026-08-03 00:59 NPT
2026-08-03 00:59 NPT,e5e437d,airport,Janakpur (JKR),जनकपुर विमानस्थल,open,,2026-08-03 00:59 NPT
2026-08-03 00:59 NPT,e5e437d,airport,Simara (SIF),सिमरा विमानस्थल,open,,2026-08-03 00:59 NPT
2026-08-03 00:59 NPT,e5e437d,hospital,"Bir Hospital, Kathmandu",बीर अस्पताल,open,120 beds,2026-08-03 00:59 NPT
2026-08-03 00:59 NPT,e5e437d,hospital,"TU Teaching Hospital, KTM",त्रिवि शिक्षण अस्पताल,open,95 beds,2026-08-03 00:59 NPT
2026-08-03 00:59 NPT,e5e437d,hospital,"Patan Hospital, Lalitpur",पाटन अस्पताल,open,60 beds,2026-08-03 00:59 NPT
2026-08-03 00:59 NPT,e5e437d,hospital,"Manipal College Hospital, PKR",मणिपाल अस्पताल,open,45 beds,2026-08-03 00:59 NPT
2026-08-03 00:59 NPT,e5e437d,hospital,"Gandaki Medical College, PKR",गण्डकी अस्पताल,open,38 beds,2026-08-03 00:59 NPT
2026-08-03 00:59 NPT,e5e437d,hospital,"BPKIHS, Dharan",बीपी कोइराला स्वास्थ्य,open,150 beds,2026-08-03 00:59 NPT
2026-08-03 00:59 NPT,e5e437d,hospital,"Koshi Hospital, Biratnagar",कोशी अस्पताल,open,80 beds,2026-08-03 00:59 NPT
2026-08-03 00:59 NPT,e5e437d,hospital,"Bheri Hospital, Nepalgunj",भेरी अस्पताल,open,70 beds,2026-08-03 00:59 NPT
2026-08-03 00:59 NPT,e5e437d,hospital,Chitwan Medical College,चितवन मेडिकल कलेज,open,100 beds,2026-08-03 00:59 NPT
2026-08-03 00:59 NPT,e5e437d,hospital,Lumbini Provincial Hospital,लुम्बिनी प्रादेशिक,open,110 beds,2026-08-03 00:59 NPT
2026-08-02 23:17 NPT,1e01ea8,road,NH01 – Mahendra Rajmarg,महेन्द्र राजमार्ग,open,,2026-08-02 23:17 NPT
2026-08-02 23:17 NPT,1e01ea8,road,NH02 – Mechi Rajmarg,मेची राजमार्ग,partial,"Landslide at Ilam-9, Ilam",2026-08-02 23:17 NPT
2026-08-02 23:17 NPT,1e01ea8,road,NH03 – Puspalal Hwy (Mid-Hill),पुष्पलाल राजमार्ग,partial,"Landslide at Kanthekhola-5, Baglung",2026-08-02 23:17 NPT
2026-08-02 23:17 NPT,1e01ea8,road,NH04 – Birtamod-Chandragadhi,विर्तामोड–चन्द्रगढी,open,,2026-08-02 23:17 NPT
2026-08-02 23:17 NPT,1e01ea8,road,NH05 – Postal Hwy,हुलाकी राजमार्ग,open,,2026-08-02 23:17 NPT
2026-08-02 23:17 NPT,1e01ea8,road,NH06 – Koshi Rajmarg,कोशी राजमार्ग,open,,2026-08-02 23:17 NPT
2026-08-02 23:17 NPT,1e01ea8,road,NH08 – Sagarmatha Rajmarg,सगरमाथा राजमार्ग,open,,2026-08-02 23:17 NPT
2026-08-02 23:17 NPT,1e01ea8,road,NH09 – Madan Bhandari Hwy,मदन भण्डारी राजमार्ग,open,,2026-08-02 23:17 NPT
2026-08-02 23:17 NPT,1e01ea8,road,NH10 – Siddhartha Hwy,सिद्धार्थ राजमार्ग,open,,2026-08-02 23:17 NPT
2026-08-02 23:17 NPT,1e01ea8,road,NH11 – Rapti Rajmarg,राप्ती राजमार्ग,open,,2026-08-02 23:17 NPT
2026-08-02 23:17 NPT,1e01ea8,road,NH12 – Ratna Rajmarg,रत्न राजमार्ग,open,,2026-08-02 23:17 NPT
2026-08-02 23:17 NPT,1e01ea8,road,NH13 – Karnali Rajmarg,कर्णाली राजमार्ग,open,,2026-08-02 23:17 NPT
2026-08-02 23:17 NPT,1e01ea8,road,NH14 – Mahakali Rajmarg,महाकाली राजमार्ग,open,,2026-08-02 23:17 NPT
2026-08-02 23:17 NPT,1e01ea8,road,NH15 – Seti Rajmarg,सेती राजमार्ग,open,,2026-08-02 23:17 NPT
2026-08-02 23:17 NPT,1e01ea8,road,NH16 – Rapti-Lumbini Hwy,राप्ती-लुम्बिनी,open,,2026-08-02 23:17 NPT
2026-08-02 23:17 NPT,1e01ea8,road,NH34 – Araniko Hwy,अरनिको राजमार्ग,closed,"Landslide at Bhotekoshi-4, Sindhupalchok",2026-08-02 23:17 NPT
2026-08-02 23:17 NPT,1e01ea8,road,NH38 – BP Hwy,बीपी राजमार्ग,open,,2026-08-02 23:17 NPT
2026-08-02 23:17 NPT,1e01ea8,road,NH41 – Tribhuvan Hwy,त्रिभुवन राजमार्ग,partial,"Landslide at Bhimphedi-9, Makwanpur",2026-08-02 23:17 NPT
2026-08-02 23:17 NPT,1e01ea8,road,NH42 – Prithvi Hwy,पृथ्वी राजमार्ग,closed,"Landslide at Benighat Rorang-10, Dhading",2026-08-02 23:17 NPT
2026-08-02 23:17 NPT,1e01ea8,road,NH43 – Narayanghat-Mugling,नारायणगढ–मुग्लिन,open,,2026-08-02 23:17 NPT
2026-08-02 23:17 NPT,1e01ea8,airport,Tribhuvan Intl (KTM),त्रिभुवन अन्तर्राष्ट्रिय,open,Normal operations,2026-08-02 23:17 NPT
2026-08-02 23:17 NPT,1e01ea8,airport,Gautam Buddha Intl (BWA),गौतम बुद्ध विमानस्थल,open,,2026-08-02 23:17 NPT
2026-08-02 23:17 NPT,1e01ea8,airport,Pokhara Regional (PKR),पोखरा विमानस्थल,open,,2026-08-02 23:17 NPT
2026-08-02 23:17 NPT,1e01ea8,airport,Bharatpur (BHR),भरतपुर विमानस्थल,open,,2026-08-02 23:17 NPT
2026-08-02 23:17 NPT,1e01ea8,airport,Dhangadhi (DHI),धनगढी विमानस्थल,open,,2026-08-02 23:17 NPT
2026-08-02 23:17 NPT,1e01ea8,airport,Biratnagar (BIR),विराटनगर विमानस्थल,open,,2026-08-02 23:17 NPT
2026-08-02 23:17 NPT,1e01ea8,airport,Nepalgunj (KEP),नेपालगञ्ज विमानस्थल,open,,2026-08-02 23:17 NPT
2026-08-02 23:17 NPT,1e01ea8,airport,Chandragadhi (BDP),चन्द्रगढी विमानस्थल,open,,2026-08-02 23:17 NPT
2026-08-02 23:17 NPT,1e01ea8,airport,Janakpur (JKR),जनकपुर विमानस्थल,open,,2026-08-02 23:17 NPT
2026-08-02 23:17 NPT,1e01ea8,airport,Simara (SIF),सिमरा विमानस्थल,open,,2026-08-02 23:17 NPT
2026-08-02 23:17 NPT,1e01ea8,hospital,"Bir Hospital, Kathmandu",बीर अस्पताल,open,120 beds,2026-08-02 23:17 NPT
2026-08-02 23:17 NPT,1e01ea8,hospital,"TU Teaching Hospital, KTM",त्रिवि शिक्षण अस्पताल,open,95 beds,2026-08-02 23:17 NPT
2026-08-02 23:17 NPT,1e01ea8,hospital,"Patan Hospital, Lalitpur",पाटन अस्पताल,open,60 beds,2026-08-02 23:17 NPT
2026-08-02 23:17 NPT,1e01ea8,hospital,"Manipal College Hospital, PKR",मणिपाल अस्पताल,open,45 beds,2026-08-02 23:17 NPT
2026-08-02 23:17 NPT,1e01ea8,hospital,"Gandaki Medical College, PKR",गण्डकी अस्पताल,open,38 beds,2026-08-02 23:17 NPT
2026-08-02 23:17 NPT,1e01ea8,hospital,"BPKIHS, Dharan",बीपी कोइराला स्वास्थ्य,open,150 beds,2026-08-02 23:17 NPT
2026-08-02 23:17 NPT,1e01ea8,hospital,"Koshi Hospital, Biratnagar",कोशी अस्पताल,open,80 beds,2026-08-02 23:17 NPT
2026-08-02 23:17 NPT,1e01ea8,hospital,"Bheri Hospital, Nepalgunj",भेरी अस्पताल,open,70 beds,2026-08-02 23:17 NPT
2026-08-02 23:17 NPT,1e01ea8,hospital,Chitwan Medical College,चितवन मेडिकल कलेज,open,100 beds,2026-08-02 23:17 NPT
2026-08-02 23:17 NPT,1e01ea8,hospital,Lumbini Provincial Hospital,लुम्बिनी प्रादेशिक,open,110 beds,2026-08-02 23:17 NPT
2026-08-02 21:47 NPT,b259830,road,NH01 – Mahendra Rajmarg,महेन्द्र राजमार्ग,open,,2026-08-02 21:47 NPT
2026-08-02 21:47 NPT,b259830,road,NH02 – Mechi Rajmarg,मेची राजमार्ग,partial,"Landslide at Ilam-9, Ilam",2026-08-02 21:47 NPT
2026-08-02 21:47 NPT,b259830,road,NH03 – Puspalal Hwy (Mid-Hill),पुष्पलाल राजमार्ग,partial,"Landslide at Kanthekhola-5, Baglung",2026-08-02 21:47 NPT
2026-08-02 21:47 NPT,b259830,road,NH04 – Birtamod-Chandragadhi,विर्तामोड–चन्द्रगढी,open,,2026-08-02 21:47 NPT
2026-08-02 21:47 NPT,b259830,road,NH05 – Postal Hwy,हुलाकी राजमार्ग,open,,2026-08-02 21:47 NPT
2026-08-02 21:47 NPT,b259830,road,NH06 – Koshi Rajmarg,कोशी राजमार्ग,open,,2026-08-02 21:47 NPT
2026-08-02 21:47 NPT,b259830,road,NH08 – Sagarmatha Rajmarg,सगरमाथा राजमार्ग,open,,2026-08-02 21:47 NPT
2026-08-02 21:47 NPT,b259830,road,NH09 – Madan Bhandari Hwy,मदन भण्डारी राजमार्ग,open,,2026-08-02 21:47 NPT
2026-08-02 21:47 NPT,b259830,road,NH10 – Siddhartha Hwy,सिद्धार्थ राजमार्ग,open,,2026-08-02 21:47 NPT
2026-08-02 21:47 NPT,b259830,road,NH11 – Rapti Rajmarg,राप्ती राजमार्ग,open,,2026-08-02 21:47 NPT
2026-08-02 21:47 NPT,b259830,road,NH12 – Ratna Rajmarg,रत्न राजमार्ग,open,,2026-08-02 21:47 NPT
2026-08-02 21:47 NPT,b259830,road,NH13 – Karnali Rajmarg,कर्णाली राजमार्ग,open,,2026-08-02 21:47 NPT
2026-08-02 21:47 NPT,b259830,road,NH14 – Mahakali Rajmarg,महाकाली राजमार्ग,open,,2026-08-02 21:47 NPT
2026-08-02 21:47 NPT,b259830,road,NH15 – Seti Rajmarg,सेती राजमार्ग,open,,2026-08-02 21:47 NPT
2026-08-02 21:47 NPT,b259830,road,NH16 – Rapti-Lumbini Hwy,राप्ती-लुम्बिनी,open,,2026-08-02 21:47 NPT
2026-08-02 21:47 NPT,b259830,road,NH34 – Araniko Hwy,अरनिको राजमार्ग,closed,"Landslide at Bhotekoshi-4, Sindhupalchok",2026-08-02 21:47 NPT
2026-08-02 21:47 NPT,b259830,road,NH38 – BP Hwy,बीपी राजमार्ग,open,,2026-08-02 21:47 NPT
2026-08-02 21:47 NPT,b259830,road,NH41 – Tribhuvan Hwy,त्रिभुवन राजमार्ग,partial,"Landslide at Bhimphedi-9, Makwanpur",2026-08-02 21:47 NPT
2026-08-02 21:47 NPT,b259830,road,NH42 – Prithvi Hwy,पृथ्वी राजमार्ग,closed,"Landslide at Benighat Rorang-10, Dhading",2026-08-02 21:47 NPT
2026-08-02 21:47 NPT,b259830,road,NH43 – Narayanghat-Mugling,नारायणगढ–मुग्लिन,open,,2026-08-02 21:47 NPT
2026-08-02 21:47 NPT,b259830,airport,Tribhuvan Intl (KTM),त्रिभुवन अन्तर्राष्ट्रिय,open,Normal operations,2026-08-02 21:47 NPT
2026-08-02 21:47 NPT,b259830,airport,Gautam Buddha Intl (BWA),गौतम बुद्ध विमानस्थल,open,,2026-08-02 21:47 NPT
2026-08-02 21:47 NPT,b259830,airport,Pokhara Regional (PKR),पोखरा विमानस्थल,open,,2026-08-02 21:47 NPT
2026-08-02 21:47 NPT,b259830,airport,Bharatpur (BHR),भरतपुर विमानस्थल,open,,2026-08-02 21:47 NPT
2026-08-02 21:47 NPT,b259830,airport,Dhangadhi (DHI),धनगढी विमानस्थल,open,,2026-08-02 21:47 NPT
2026-08-02 21:47 NPT,b259830,airport,Biratnagar (BIR),विराटनगर विमानस्थल,open,,2026-08-02 21:47 NPT
2026-08-02 21:47 NPT,b259830,airport,Nepalgunj (KEP),नेपालगञ्ज विमानस्थल,open,,2026-08-02 21:47 NPT
2026-08-02 21:47 NPT,b259830,airport,Chandragadhi (BDP),चन्द्रगढी विमानस्थल,open,,2026-08-02 21:47 NPT
2026-08-02 21:47 NPT,b259830,airport,Janakpur (JKR),जनकपुर विमानस्थल,open,,2026-08-02 21:47 NPT
2026-08-02 21:47 NPT,b259830,airport,Simara (SIF),सिमरा विमानस्थल,open,,2026-08-02 21:47 NPT
2026-08-02 21:47 NPT,b259830,hospital,"Bir Hospital, Kathmandu",बीर अस्पताल,open,120 beds,2026-08-02 21:47 NPT
2026-08-02 21:47 NPT,b259830,hospital,"TU Teaching Hospital, KTM",त्रिवि शिक्षण अस्पताल,open,95 beds,2026-08-02 21:47 NPT
2026-08-02 21:47 NPT,b259830,hospital,"Patan Hospital, Lalitpur",पाटन अस्पताल,open,60 beds,2026-08-02 21:47 NPT
2026-08-02 21:47 NPT,b259830,hospital,"Manipal College Hospital, PKR",मणिपाल अस्पताल,open,45 beds,2026-08-02 21:47 NPT
2026-08-02 21:47 NPT,b259830,hospital,"Gandaki Medical College, PKR",गण्डकी अस्पताल,open,38 beds,2026-08-02 21:47 NPT
2026-08-02 21:47 NPT,b259830,hospital,"BPKIHS, Dharan",बीपी कोइराला स्वास्थ्य,open,150 beds,2026-08-02 21:47 NPT
2026-08-02 21:47 NPT,b259830,hospital,"Koshi Hospital, Biratnagar",कोशी अस्पताल,open,80 beds,2026-08-02 21:47 NPT
2026-08-02 21:47 NPT,b259830,hospital,"Bheri Hospital, Nepalgunj",भेरी अस्पताल,open,70 beds,2026-08-02 21:47 NPT
2026-08-02 21:47 NPT,b259830,hospital,Chitwan Medical College,चितवन मेडिकल कलेज,open,100 beds,2026-08-02 21:47 NPT
2026-08-02 21:47 NPT,b259830,hospital,Lumbini Provincial Hospital,लुम्बिनी प्रादेशिक,open,110 beds,2026-08-02 21:47 NPT
2026-08-02 20:22 NPT,7377fe0,road,NH01 – Mahendra Rajmarg,महेन्द्र राजमार्ग,open,,2026-08-02 20:22 NPT
2026-08-02 20:22 NPT,7377fe0,road,NH02 – Mechi Rajmarg,मेची राजमार्ग,partial,"Landslide at Ilam-9, Ilam",2026-08-02 20:22 NPT
2026-08-02 20:22 NPT,7377fe0,road,NH03 – Puspalal Hwy (Mid-Hill),पुष्पलाल राजमार्ग,partial,"Landslide at Kanthekhola-5, Baglung",2026-08-02 20:22 NPT
2026-08-02 20:22 NPT,7377fe0,road,NH04 – Birtamod-Chandragadhi,विर्तामोड–चन्द्रगढी,open,,2026-08-02 20:22 NPT
2026-08-02 20:22 NPT,7377fe0,road,NH05 – Postal Hwy,हुलाकी राजमार्ग,open,,2026-08-02 20:22 NPT
2026-08-02 20:22 NPT,7377fe0,road,NH06 – Koshi Rajmarg,कोशी राजमार्ग,open,,2026-08-02 20:22 NPT
2026-08-02 20:22 NPT,7377fe0,road,NH08 – Sagarmatha Rajmarg,सगरमाथा राजमार्ग,open,,2026-08-02 20:22 NPT
2026-08-02 20:22 NPT,7377fe0,road,NH09 – Madan Bhandari Hwy,मदन भण्डारी राजमार्ग,open,,2026-08-02 20:22 NPT
2026-08-02 20:22 NPT,7377fe0,road,NH10 – Siddhartha Hwy,सिद्धार्थ राजमार्ग,open,,2026-08-02 20:22 NPT
2026-08-02 20:22 NPT,7377fe0,road,NH11 – Rapti Rajmarg,राप्ती राजमार्ग,open,,2026-08-02 20:22 NPT
2026-08-02 20:22 NPT,7377fe0,road,NH12 – Ratna Rajmarg,रत्न राजमार्ग,open,,2026-08-02 20:22 NPT
2026-08-02 20:22 NPT,7377fe0,road,NH13 – Karnali Rajmarg,कर्णाली राजमार्ग,open,,2026-08-02 20:22 NPT
2026-08-02 20:22 NPT,7377fe0,road,NH14 – Mahakali Rajmarg,महाकाली राजमार्ग,open,,2026-08-02 20:22 NPT
2026-08-02 20:22 NPT,7377fe0,road,NH15 – Seti Rajmarg,सेती राजमार्ग,open,,2026-08-02 20:22 NPT
2026-08-02 20:22 NPT,7377fe0,road,NH16 – Rapti-Lumbini Hwy,राप्ती-लुम्बिनी,open,,2026-08-02 20:22 NPT
2026-08-02 20:22 NPT,7377fe0,road,NH34 – Araniko Hwy,अरनिको राजमार्ग,closed,"Landslide at Bhotekoshi-4, Sindhupalchok",2026-08-02 20:22 NPT
2026-08-02 20:22 NPT,7377fe0,road,NH38 – BP Hwy,बीपी राजमार्ग,open,,2026-08-02 20:22 NPT
2026-08-02 20:22 NPT,7377fe0,road,NH41 – Tribhuvan Hwy,त्रिभुवन राजमार्ग,partial,"Landslide at Bhimphedi-9, Makwanpur",2026-08-02 20:22 NPT
2026-08-02 20:22 NPT,7377fe0,road,NH42 – Prithvi Hwy,पृथ्वी राजमार्ग,closed,"Landslide at Benighat Rorang-10, Dhading",2026-08-02 20:22 NPT
2026-08-02 20:22 NPT,7377fe0,road,NH43 – Narayanghat-Mugling,नारायणगढ–मुग्लिन,open,,2026-08-02 20:22 NPT
2026-08-02 20:22 NPT,7377fe0,airport,Tribhuvan Intl (KTM),त्रिभुवन अन्तर्राष्ट्रिय,open,Normal operations,2026-08-02 20:22 NPT
2026-08-02 20:22 NPT,7377fe0,airport,Gautam Buddha Intl (BWA),गौतम बुद्ध विमानस्थल,open,,2026-08-02 20:22 NPT
2026-08-02 20:22 NPT,7377fe0,airport,Pokhara Regional (PKR),पोखरा विमानस्थल,open,,2026-08-02 20:22 NPT
2026-08-02 20:22 NPT,7377fe0,airport,Bharatpur (BHR),भरतपुर विमानस्थल,open,,2026-08-02 20:22 NPT
2026-08-02 20:22 NPT,7377fe0,airport,Dhangadhi (DHI),धनगढी विमानस्थल,open,,2026-08-02 20:22 NPT
2026-08-02 20:22 NPT,7377fe0,airport,Biratnagar (BIR),विराटनगर विमानस्थल,open,,2026-08-02 20:22 NPT
2026-08-02 20:22 NPT,7377fe0,airport,Nepalgunj (KEP),नेपालगञ्ज विमानस्थल,open,,2026-08-02 20:22 NPT
2026-08-02 20:22 NPT,7377fe0,airport,Chandragadhi (BDP),चन्द्रगढी विमानस्थल,open,,2026-08-02 20:22 NPT
2026-08-02 20:22 NPT,7377fe0,airport,Janakpur (JKR),जनकपुर विमानस्थल,open,,2026-08-02 20:22 NPT
2026-08-02 20:22 NPT,7377fe0,airport,Simara (SIF),सिमरा विमानस्थल,open,,2026-08-02 20:22 NPT
2026-08-02 20:22 NPT,7377fe0,hospital,"Bir Hospital, Kathmandu",बीर अस्पताल,open,120 beds,2026-08-02 20:22 NPT
2026-08-02 20:22 NPT,7377fe0,hospital,"TU Teaching Hospital, KTM",त्रिवि शिक्षण अस्पताल,open,95 beds,2026-08-02 20:22 NPT
2026-08-02 20:22 NPT,7377fe0,hospital,"Patan Hospital, Lalitpur",पाटन अस्पताल,open,60 beds,2026-08-02 20:22 NPT
2026-08-02 20:22 NPT,7377fe0,hospital,"Manipal College Hospital, PKR",मणिपाल अस्पताल,open,45 beds,2026-08-02 20:22 NPT
2026-08-02 20:22 NPT,7377fe0,hospital,"Gandaki Medical College, PKR",गण्डकी अस्पताल,open,38 beds,2026-08-02 20:22 NPT
2026-08-02 20:22 NPT,7377fe0,hospital,"BPKIHS, Dharan",बीपी कोइराला स्वास्थ्य,open,150 beds,2026-08-02 20:22 NPT
2026-08-02 20:22 NPT,7377fe0,hospital,"Koshi Hospital, Biratnagar",कोशी अस्पताल,open,80 beds,2026-08-02 20:22 NPT
2026-08-02 20:22 NPT,7377fe0,hospital,"Bheri Hospital, Nepalgunj",भेरी अस्पताल,open,70 beds,2026-08-02 20:22 NPT
2026-08-02 20:22 NPT,7377fe0,hospital,Chitwan Medical College,चितवन मेडिकल कलेज,open,100 beds,2026-08-02 20:22 NPT
2026-08-02 20:22 NPT,7377fe0,hospital,Lumbini Provincial Hospital,लुम्बिनी प्रादेशिक,open,110 beds,2026-08-02 20:22 NPT
2026-08-02 18:20 NPT,f45b57e,road,NH01 – Mahendra Rajmarg,महेन्द्र राजमार्ग,open,,2026-08-02 18:20 NPT
2026-08-02 18:20 NPT,f45b57e,road,NH02 – Mechi Rajmarg,मेची राजमार्ग,partial,"Landslide at Ilam-9, Ilam",2026-08-02 18:20 NPT
2026-08-02 18:20 NPT,f45b57e,road,NH03 – Puspalal Hwy (Mid-Hill),पुष्पलाल राजमार्ग,partial,"Landslide at Kanthekhola-5, Baglung",2026-08-02 18:20 NPT
2026-08-02 18:20 NPT,f45b57e,road,NH04 – Birtamod-Chandragadhi,विर्तामोड–चन्द्रगढी,open,,2026-08-02 18:20 NPT
2026-08-02 18:20 NPT,f45b57e,road,NH05 – Postal Hwy,हुलाकी राजमार्ग,open,,2026-08-02 18:20 NPT
2026-08-02 18:20 NPT,f45b57e,road,NH06 – Koshi Rajmarg,कोशी राजमार्ग,open,,2026-08-02 18:20 NPT
2026-08-02 18:20 NPT,f45b57e,road,NH08 – Sagarmatha Rajmarg,सगरमाथा राजमार्ग,open,,2026-08-02 18:20 NPT
2026-08-02 18:20 NPT,f45b57e,road,NH09 – Madan Bhandari Hwy,मदन भण्डारी राजमार्ग,open,,2026-08-02 18:20 NPT
2026-08-02 18:20 NPT,f45b57e,road,NH10 – Siddhartha Hwy,सिद्धार्थ राजमार्ग,open,,2026-08-02 18:20 NPT
2026-08-02 18:20 NPT,f45b57e,road,NH11 – Rapti Rajmarg,राप्ती राजमार्ग,open,,2026-08-02 18:20 NPT
2026-08-02 18:20 NPT,f45b57e,road,NH12 – Ratna Rajmarg,रत्न राजमार्ग,open,,2026-08-02 18:20 NPT
2026-08-02 18:20 NPT,f45b57e,road,NH13 – Karnali Rajmarg,कर्णाली राजमार्ग,open,,2026-08-02 18:20 NPT
2026-08-02 18:20 NPT,f45b57e,road,NH14 – Mahakali Rajmarg,महाकाली राजमार्ग,open,,2026-08-02 18:20 NPT
2026-08-02 18:20 NPT,f45b57e,road,NH15 – Seti Rajmarg,सेती राजमार्ग,open,,2026-08-02 18:20 NPT
2026-08-02 18:20 NPT,f45b57e,road,NH16 – Rapti-Lumbini Hwy,राप्ती-लुम्बिनी,open,,2026-08-02 18:20 NPT
2026-08-02 18:20 NPT,f45b57e,road,NH34 – Araniko Hwy,अरनिको राजमार्ग,closed,"Landslide at Bhotekoshi-4, Sindhupalchok",2026-08-02 18:20 NPT
2026-08-02 18:20 NPT,f45b57e,road,NH38 – BP Hwy,बीपी राजमार्ग,open,,2026-08-02 18:20 NPT
2026-08-02 18:20 NPT,f45b57e,road,NH41 – Tribhuvan Hwy,त्रिभुवन राजमार्ग,partial,"Landslide at Bhimphedi-9, Makwanpur",2026-08-02 18:20 NPT
2026-08-02 18:20 NPT,f45b57e,road,NH42 – Prithvi Hwy,पृथ्वी राजमार्ग,closed,"Landslide at Benighat Rorang-10, Dhading",2026-08-02 18:20 NPT
2026-08-02 18:20 NPT,f45b57e,road,NH43 – Narayanghat-Mugling,नारायणगढ–मुग्लिन,open,,2026-08-02 18:20 NPT
2026-08-02 18:20 NPT,f45b57e,airport,Tribhuvan Intl (KTM),त्रिभुवन अन्तर्राष्ट्रिय,open,Normal operations,2026-08-02 18:20 NPT
2026-08-02 18:20 NPT,f45b57e,airport,Gautam Buddha Intl (BWA),गौतम बुद्ध विमानस्थल,open,,2026-08-02 18:20 NPT
2026-08-02 18:20 NPT,f45b57e,airport,Pokhara Regional (PKR),पोखरा विमानस्थल,open,,2026-08-02 18:20 NPT
2026-08-02 18:20 NPT,f45b57e,airport,Bharatpur (BHR),भरतपुर विमानस्थल,open,,2026-08-02 18:20 NPT
2026-08-02 18:20 NPT,f45b57e,airport,Dhangadhi (DHI),धनगढी विमानस्थल,open,,2026-08-02 18:20 NPT
2026-08-02 18:20 NPT,f45b57e,airport,Biratnagar (BIR),विराटनगर विमानस्थल,open,,2026-08-02 18:20 NPT
2026-08-02 18:20 NPT,f45b57e,airport,Nepalgunj (KEP),नेपालगञ्ज विमानस्थल,open,,2026-08-02 18:20 NPT
2026-08-02 18:20 NPT,f45b57e,airport,Chandragadhi (BDP),चन्द्रगढी विमानस्थल,open,,2026-08-02 18:20 NPT
2026-08-02 18:20 NPT,f45b57e,airport,Janakpur (JKR),जनकपुर विमानस्थल,open,,2026-08-02 18:20 NPT
2026-08-02 18:20 NPT,f45b57e,airport,Simara (SIF),सिमरा विमानस्थल,open,,2026-08-02 18:20 NPT
2026-08-02 18:20 NPT,f45b57e,hospital,"Bir Hospital, Kathmandu",बीर अस्पताल,open,120 beds,2026-08-02 18:20 NPT
2026-08-02 18:20 NPT,f45b57e,hospital,"TU Teaching Hospital, KTM",त्रिवि शिक्षण अस्पताल,open,95 beds,2026-08-02 18:20 NPT
2026-08-02 18:20 NPT,f45b57e,hospital,"Patan Hospital, Lalitpur",पाटन अस्पताल,open,60 beds,2026-08-02 18:20 NPT
2026-08-02 18:20 NPT,f45b57e,hospital,"Manipal College Hospital, PKR",मणिपाल अस्पताल,open,45 beds,2026-08-02 18:20 NPT
2026-08-02 18:20 NPT,f45b57e,hospital,"Gandaki Medical College, PKR",गण्डकी अस्पताल,open,38 beds,2026-08-02 18:20 NPT
2026-08-02 18:20 NPT,f45b57e,hospital,"BPKIHS, Dharan",बीपी कोइराला स्वास्थ्य,open,150 beds,2026-08-02 18:20 NPT
2026-08-02 18:20 NPT,f45b57e,hospital,"Koshi Hospital, Biratnagar",कोशी अस्पताल,open,80 beds,2026-08-02 18:20 NPT
2026-08-02 18:20 NPT,f45b57e,hospital,"Bheri Hospital, Nepalgunj",भेरी अस्पताल,open,70 beds,2026-08-02 18:20 NPT
2026-08-02 18:20 NPT,f45b57e,hospital,Chitwan Medical College,चितवन मेडिकल कलेज,open,100 beds,2026-08-02 18:20 NPT
2026-08-02 18:20 NPT,f45b57e,hospital,Lumbini Provincial Hospital,लुम्बिनी प्रादेशिक,open,110 beds,2026-08-02 18:20 NPT
2026-08-02 17:09 NPT,b54ff54,road,NH01 – Mahendra Rajmarg,महेन्द्र राजमार्ग,open,,2026-08-02 17:09 NPT
2026-08-02 17:09 NPT,b54ff54,road,NH02 – Mechi Rajmarg,मेची राजमार्ग,partial,"Landslide at Ilam-9, Ilam",2026-08-02 17:09 NPT
2026-08-02 17:09 NPT,b54ff54,road,NH03 – Puspalal Hwy (Mid-Hill),पुष्पलाल राजमार्ग,partial,"Landslide at Kanthekhola-5, Baglung",2026-08-02 17:09 NPT
2026-08-02 17:09 NPT,b54ff54,road,NH04 – Birtamod-Chandragadhi,विर्तामोड–चन्द्रगढी,open,,2026-08-02 17:09 NPT
2026-08-02 17:09 NPT,b54ff54,road,NH05 – Postal Hwy,हुलाकी राजमार्ग,open,,2026-08-02 17:09 NPT
2026-08-02 17:09 NPT,b54ff54,road,NH06 – Koshi Rajmarg,कोशी राजमार्ग,open,,2026-08-02 17:09 NPT
2026-08-02 17:09 NPT,b54ff54,road,NH08 – Sagarmatha Rajmarg,सगरमाथा राजमार्ग,open,,2026-08-02 17:09 NPT
2026-08-02 17:09 NPT,b54ff54,road,NH09 – Madan Bhandari Hwy,मदन भण्डारी राजमार्ग,open,,2026-08-02 17:09 NPT
2026-08-02 17:09 NPT,b54ff54,road,NH10 – Siddhartha Hwy,सिद्धार्थ राजमार्ग,open,,2026-08-02 17:09 NPT
2026-08-02 17:09 NPT,b54ff54,road,NH11 – Rapti Rajmarg,राप्ती राजमार्ग,open,,2026-08-02 17:09 NPT
2026-08-02 17:09 NPT,b54ff54,road,NH12 – Ratna Rajmarg,रत्न राजमार्ग,open,,2026-08-02 17:09 NPT
2026-08-02 17:09 NPT,b54ff54,road,NH13 – Karnali Rajmarg,कर्णाली राजमार्ग,open,,2026-08-02 17:09 NPT
2026-08-02 17:09 NPT,b54ff54,road,NH14 – Mahakali Rajmarg,महाकाली राजमार्ग,open,,2026-08-02 17:09 NPT
2026-08-02 17:09 NPT,b54ff54,road,NH15 – Seti Rajmarg,सेती राजमार्ग,open,,2026-08-02 17:09 NPT
2026-08-02 17:09 NPT,b54ff54,road,NH16 – Rapti-Lumbini Hwy,राप्ती-लुम्बिनी,open,,2026-08-02 17:09 NPT
2026-08-02 17:09 NPT,b54ff54,road,NH34 – Araniko Hwy,अरनिको राजमार्ग,closed,"Landslide at Bhotekoshi-4, Sindhupalchok",2026-08-02 17:09 NPT
2026-08-02 17:09 NPT,b54ff54,road,NH38 – BP Hwy,बीपी राजमार्ग,open,,2026-08-02 17:09 NPT
2026-08-02 17:09 NPT,b54ff54,road,NH41 – Tribhuvan Hwy,त्रिभुवन राजमार्ग,partial,"Landslide at Bhimphedi-9, Makwanpur",2026-08-02 17:09 NPT
2026-08-02 17:09 NPT,b54ff54,road,NH42 – Prithvi Hwy,पृथ्वी राजमार्ग,closed,"Landslide at Benighat Rorang-10, Dhading",2026-08-02 17:09 NPT
2026-08-02 17:09 NPT,b54ff54,road,NH43 – Narayanghat-Mugling,नारायणगढ–मुग्लिन,open,,2026-08-02 17:09 NPT
2026-08-02 17:09 NPT,b54ff54,airport,Tribhuvan Intl (KTM),त्रिभुवन अन्तर्राष्ट्रिय,open,Normal operations,2026-08-02 17:09 NPT
2026-08-02 17:09 NPT,b54ff54,airport,Gautam Buddha Intl (BWA),गौतम बुद्ध विमानस्थल,open,,2026-08-02 17:09 NPT
2026-08-02 17:09 NPT,b54ff54,airport,Pokhara Regional (PKR),पोखरा विमानस्थल,open,,2026-08-02 17:09 NPT
2026-08-02 17:09 NPT,b54ff54,airport,Bharatpur (BHR),भरतपुर विमानस्थल,open,,2026-08-02 17:09 NPT
2026-08-02 17:09 NPT,b54ff54,airport,Dhangadhi (DHI),धनगढी विमानस्थल,open,,2026-08-02 17:09 NPT
2026-08-02 17:09 NPT,b54ff54,airport,Biratnagar (BIR),विराटनगर विमानस्थल,open,,2026-08-02 17:09 NPT
2026-08-02 17:09 NPT,b54ff54,airport,Nepalgunj (KEP),नेपालगञ्ज विमानस्थल,open,,2026-08-02 17:09 NPT
2026-08-02 17:09 NPT,b54ff54,airport,Chandragadhi (BDP),चन्द्रगढी विमानस्थल,open,,2026-08-02 17:09 NPT
2026-08-02 17:09 NPT,b54ff54,airport,Janakpur (JKR),जनकपुर विमानस्थल,open,,2026-08-02 17:09 NPT
2026-08-02 17:09 NPT,b54ff54,airport,Simara (SIF),सिमरा विमानस्थल,open,,2026-08-02 17:09 NPT
2026-08-02 17:09 NPT,b54ff54,hospital,"Bir Hospital, Kathmandu",बीर अस्पताल,open,120 beds,2026-08-02 17:09 NPT
2026-08-02 17:09 NPT,b54ff54,hospital,"TU Teaching Hospital, KTM",त्रिवि शिक्षण अस्पताल,open,95 beds,2026-08-02 17:09 NPT
2026-08-02 17:09 NPT,b54ff54,hospital,"Patan Hospital, Lalitpur",पाटन अस्पताल,open,60 beds,2026-08-02 17:09 NPT
2026-08-02 17:09 NPT,b54ff54,hospital,"Manipal College Hospital, PKR",मणिपाल अस्पताल,open,45 beds,2026-08-02 17:09 NPT
2026-08-02 17:09 NPT,b54ff54,hospital,"Gandaki Medical College, PKR",गण्डकी अस्पताल,open,38 beds,2026-08-02 17:09 NPT
2026-08-02 17:09 NPT,b54ff54,hospital,"BPKIHS, Dharan",बीपी कोइराला स्वास्थ्य,open,150 beds,2026-08-02 17:09 NPT
2026-08-02 17:09 NPT,b54ff54,hospital,"Koshi Hospital, Biratnagar",कोशी अस्पताल,open,80 beds,2026-08-02 17:09 NPT
2026-08-02 17:09 NPT,b54ff54,hospital,"Bheri Hospital, Nepalgunj",भेरी अस्पताल,open,70 beds,2026-08-02 17:09 NPT
2026-08-02 17:09 NPT,b54ff54,hospital,Chitwan Medical College,चितवन मेडिकल कलेज,open,100 beds,2026-08-02 17:09 NPT
2026-08-02 17:09 NPT,b54ff54,hospital,Lumbini Provincial Hospital,लुम्बिनी प्रादेशिक,open,110 beds,2026-08-02 17:09 NPT
2026-08-02 15:44 NPT,ab17476,road,NH01 – Mahendra Rajmarg,महेन्द्र राजमार्ग,open,,2026-08-02 15:44 NPT
2026-08-02 15:44 NPT,ab17476,road,NH02 – Mechi Rajmarg,मेची राजमार्ग,partial,"Landslide at Ilam-9, Ilam",2026-08-02 15:44 NPT
2026-08-02 15:44 NPT,ab17476,road,NH03 – Puspalal Hwy (Mid-Hill),पुष्पलाल राजमार्ग,partial,"Landslide at Kanthekhola-5, Baglung",2026-08-02 15:44 NPT
2026-08-02 15:44 NPT,ab17476,road,NH04 – Birtamod-Chandragadhi,विर्तामोड–चन्द्रगढी,open,,2026-08-02 15:44 NPT
2026-08-02 15:44 NPT,ab17476,road,NH05 – Postal Hwy,हुलाकी राजमार्ग,open,,2026-08-02 15:44 NPT
2026-08-02 15:44 NPT,ab17476,road,NH06 – Koshi Rajmarg,कोशी राजमार्ग,open,,2026-08-02 15:44 NPT
2026-08-02 15:44 NPT,ab17476,road,NH08 – Sagarmatha Rajmarg,सगरमाथा राजमार्ग,open,,2026-08-02 15:44 NPT
2026-08-02 15:44 NPT,ab17476,road,NH09 – Madan Bhandari Hwy,मदन भण्डारी राजमार्ग,open,,2026-08-02 15:44 NPT
2026-08-02 15:44 NPT,ab17476,road,NH10 – Siddhartha Hwy,सिद्धार्थ राजमार्ग,open,,2026-08-02 15:44 NPT
2026-08-02 15:44 NPT,ab17476,road,NH11 – Rapti Rajmarg,राप्ती राजमार्ग,open,,2026-08-02 15:44 NPT
2026-08-02 15:44 NPT,ab17476,road,NH12 – Ratna Rajmarg,रत्न राजमार्ग,open,,2026-08-02 15:44 NPT
2026-08-02 15:44 NPT,ab17476,road,NH13 – Karnali Rajmarg,कर्णाली राजमार्ग,open,,2026-08-02 15:44 NPT
2026-08-02 15:44 NPT,ab17476,road,NH14 – Mahakali Rajmarg,महाकाली राजमार्ग,open,,2026-08-02 15:44 NPT
2026-08-02 15:44 NPT,ab17476,road,NH15 – Seti Rajmarg,सेती राजमार्ग,open,,2026-08-02 15:44 NPT
2026-08-02 15:44 NPT,ab17476,road,NH16 – Rapti-Lumbini Hwy,राप्ती-लुम्बिनी,open,,2026-08-02 15:44 NPT
2026-08-02 15:44 NPT,ab17476,road,NH34 – Araniko Hwy,अरनिको राजमार्ग,closed,"Landslide at Bhotekoshi-4, Sindhupalchok",2026-08-02 15:44 NPT
2026-08-02 15:44 NPT,ab17476,road,NH38 – BP Hwy,बीपी राजमार्ग,open,,2026-08-02 15:44 NPT
2026-08-02 15:44 NPT,ab17476,road,NH41 – Tribhuvan Hwy,त्रिभुवन राजमार्ग,partial,"Landslide at Bhimphedi-9, Makwanpur",2026-08-02 15:44 NPT
2026-08-02 15:44 NPT,ab17476,road,NH42 – Prithvi Hwy,पृथ्वी राजमार्ग,closed,"Landslide at Benighat Rorang-10, Dhading",2026-08-02 15:44 NPT
2026-08-02 15:44 NPT,ab17476,road,NH43 – Narayanghat-Mugling,नारायणगढ–मुग्लिन,open,,2026-08-02 15:44 NPT
2026-08-02 15:44 NPT,ab17476,airport,Tribhuvan Intl (KTM),त्रिभुवन अन्तर्राष्ट्रिय,open,Normal operations,2026-08-02 15:44 NPT
2026-08-02 15:44 NPT,ab17476,airport,Gautam Buddha Intl (BWA),गौतम बुद्ध विमानस्थल,open,,2026-08-02 15:44 NPT
2026-08-02 15:44 NPT,ab17476,airport,Pokhara Regional (PKR),पोखरा विमानस्थल,open,,2026-08-02 15:44 NPT
2026-08-02 15:44 NPT,ab17476,airport,Bharatpur (BHR),भरतपुर विमानस्थल,open,,2026-08-02 15:44 NPT
2026-08-02 15:44 NPT,ab17476,airport,Dhangadhi (DHI),धनगढी विमानस्थल,open,,2026-08-02 15:44 NPT
2026-08-02 15:44 NPT,ab17476,airport,Biratnagar (BIR),विराटनगर विमानस्थल,open,,2026-08-02 15:44 NPT
2026-08-02 15:44 NPT,ab17476,airport,Nepalgunj (KEP),नेपालगञ्ज विमानस्थल,open,,2026-08-02 15:44 NPT
2026-08-02 15:44 NPT,ab17476,airport,Chandragadhi (BDP),चन्द्रगढी विमानस्थल,open,,2026-08-02 15:44 NPT
2026-08-02 15:44 NPT,ab17476,airport,Janakpur (JKR),जनकपुर विमानस्थल,open,,2026-08-02 15:44 NPT
2026-08-02 15:44 NPT,ab17476,airport,Simara (SIF),सिमरा विमानस्थल,open,,2026-08-02 15:44 NPT
2026-08-02 15:44 NPT,ab17476,hospital,"Bir Hospital, Kathmandu",बीर अस्पताल,open,120 beds,2026-08-02 15:44 NPT
2026-08-02 15:44 NPT,ab17476,hospital,"TU Teaching Hospital, KTM",त्रिवि शिक्षण अस्पताल,open,95 beds,2026-08-02 15:44 NPT
2026-08-02 15:44 NPT,ab17476,hospital,"Patan Hospital, Lalitpur",पाटन अस्पताल,open,60 beds,2026-08-02 15:44 NPT
2026-08-02 15:44 NPT,ab17476,hospital,"Manipal College Hospital, PKR",मणिपाल अस्पताल,open,45 beds,2026-08-02 15:44 NPT
2026-08-02 15:44 NPT,ab17476,hospital,"Gandaki Medical College, PKR",गण्डकी अस्पताल,open,38 beds,2026-08-02 15:44 NPT
2026-08-02 15:44 NPT,ab17476,hospital,"BPKIHS, Dharan",बीपी कोइराला स्वास्थ्य,open,150 beds,2026-08-02 15:44 NPT
2026-08-02 15:44 NPT,ab17476,hospital,"Koshi Hospital, Biratnagar",कोशी अस्पताल,open,80 beds,2026-08-02 15:44 NPT
2026-08-02 15:44 NPT,ab17476,hospital,"Bheri Hospital, Nepalgunj",भेरी अस्पताल,open,70 beds,2026-08-02 15:44 NPT
2026-08-02 15:44 NPT,ab17476,hospital,Chitwan Medical College,चितवन मेडिकल कलेज,open,100 beds,2026-08-02 15:44 NPT
2026-08-02 15:44 NPT,ab17476,hospital,Lumbini Provincial Hospital,लुम्बिनी प्रादेशिक,open,110 beds,2026-08-02 15:44 NPT
2026-08-02 13:18 NPT,fbfae67,road,NH01 – Mahendra Rajmarg,महेन्द्र राजमार्ग,open,,2026-08-02 13:18 NPT
2026-08-02 13:18 NPT,fbfae67,road,NH02 – Mechi Rajmarg,मेची राजमार्ग,partial,"Landslide at Ilam-9, Ilam",2026-08-02 13:18 NPT
2026-08-02 13:18 NPT,fbfae67,road,NH03 – Puspalal Hwy (Mid-Hill),पुष्पलाल राजमार्ग,partial,"Landslide at Kanthekhola-5, Baglung",2026-08-02 13:18 NPT
2026-08-02 13:18 NPT,fbfae67,road,NH04 – Birtamod-Chandragadhi,विर्तामोड–चन्द्रगढी,open,,2026-08-02 13:18 NPT
2026-08-02 13:18 NPT,fbfae67,road,NH05 – Postal Hwy,हुलाकी राजमार्ग,open,,2026-08-02 13:18 NPT
2026-08-02 13:18 NPT,fbfae67,road,NH06 – Koshi Rajmarg,कोशी राजमार्ग,open,,2026-08-02 13:18 NPT
2026-08-02 13:18 NPT,fbfae67,road,NH08 – Sagarmatha Rajmarg,सगरमाथा राजमार्ग,open,,2026-08-02 13:18 NPT
2026-08-02 13:18 NPT,fbfae67,road,NH09 – Madan Bhandari Hwy,मदन भण्डारी राजमार्ग,open,,2026-08-02 13:18 NPT
2026-08-02 13:18 NPT,fbfae67,road,NH10 – Siddhartha Hwy,सिद्धार्थ राजमार्ग,open,,2026-08-02 13:18 NPT
2026-08-02 13:18 NPT,fbfae67,road,NH11 – Rapti Rajmarg,राप्ती राजमार्ग,open,,2026-08-02 13:18 NPT
2026-08-02 13:18 NPT,fbfae67,road,NH12 – Ratna Rajmarg,रत्न राजमार्ग,open,,2026-08-02 13:18 NPT
2026-08-02 13:18 NPT,fbfae67,road,NH13 – Karnali Rajmarg,कर्णाली राजमार्ग,open,,2026-08-02 13:18 NPT
2026-08-02 13:18 NPT,fbfae67,road,NH14 – Mahakali Rajmarg,महाकाली राजमार्ग,open,,2026-08-02 13:18 NPT
2026-08-02 13:18 NPT,fbfae67,road,NH15 – Seti Rajmarg,सेती राजमार्ग,open,,2026-08-02 13:18 NPT
2026-08-02 13:18 NPT,fbfae67,road,NH16 – Rapti-Lumbini Hwy,राप्ती-लुम्बिनी,open,,2026-08-02 13:18 NPT
2026-08-02 13:18 NPT,fbfae67,road,NH34 – Araniko Hwy,अरनिको राजमार्ग,closed,"Landslide at Bhotekoshi-4, Sindhupalchok",2026-08-02 13:18 NPT
2026-08-02 13:18 NPT,fbfae67,road,NH38 – BP Hwy,बीपी राजमार्ग,open,,2026-08-02 13:18 NPT
2026-08-02 13:18 NPT,fbfae67,road,NH41 – Tribhuvan Hwy,त्रिभुवन राजमार्ग,partial,"Landslide at Bhimphedi-9, Makwanpur",2026-08-02 13:18 NPT
2026-08-02 13:18 NPT,fbfae67,road,NH42 – Prithvi Hwy,पृथ्वी राजमार्ग,closed,"Landslide at Benighat Rorang-10, Dhading",2026-08-02 13:18 NPT
2026-08-02 13:18 NPT,fbfae67,road,NH43 – Narayanghat-Mugling,नारायणगढ–मुग्लिन,open,,2026-08-02 13:18 NPT
2026-08-02 13:18 NPT,fbfae67,airport,Tribhuvan Intl (KTM),त्रिभुवन अन्तर्राष्ट्रिय,open,Normal operations,2026-08-02 13:18 NPT
2026-08-02 13:18 NPT,fbfae67,airport,Gautam Buddha Intl (BWA),गौतम बुद्ध विमानस्थल,open,,2026-08-02 13:18 NPT
2026-08-02 13:18 NPT,fbfae67,airport,Pokhara Regional (PKR),पोखरा विमानस्थल,open,,2026-08-02 13:18 NPT
2026-08-02 13:18 NPT,fbfae67,airport,Bharatpur (BHR),भरतपुर विमानस्थल,open,,2026-08-02 13:18 NPT
2026-08-02 13:18 NPT,fbfae67,airport,Dhangadhi (DHI),धनगढी विमानस्थल,open,,2026-08-02 13:18 NPT
2026-08-02 13:18 NPT,fbfae67,airport,Biratnagar (BIR),विराटनगर विमानस्थल,open,,2026-08-02 13:18 NPT
2026-08-02 13:18 NPT,fbfae67,airport,Nepalgunj (KEP),नेपालगञ्ज विमानस्थल,open,,2026-08-02 13:18 NPT
2026-08-02 13:18 NPT,fbfae67,airport,Chandragadhi (BDP),चन्द्रगढी विमानस्थल,open,,2026-08-02 13:18 NPT
2026-08-02 13:18 NPT,fbfae67,airport,Janakpur (JKR),जनकपुर विमानस्थल,open,,2026-08-02 13:18 NPT
2026-08-02 13:18 NPT,fbfae67,airport,Simara (SIF),सिमरा विमानस्थल,open,,2026-08-02 13:18 NPT
2026-08-02 13:18 NPT,fbfae67,hospital,"Bir Hospital, Kathmandu",बीर अस्पताल,open,120 beds,2026-08-02 13:18 NPT
2026-08-02 13:18 NPT,fbfae67,hospital,"TU Teaching Hospital, KTM",त्रिवि शिक्षण अस्पताल,open,95 beds,2026-08-02 13:18 NPT
2026-08-02 13:18 NPT,fbfae67,hospital,"Patan Hospital, Lalitpur",पाटन अस्पताल,open,60 beds,2026-08-02 13:18 NPT
2026-08-02 13:18 NPT,fbfae67,hospital,"Manipal College Hospital, PKR",मणिपाल अस्पताल,open,45 beds,2026-08-02 13:18 NPT
2026-08-02 13:18 NPT,fbfae67,hospital,"Gandaki Medical College, PKR",गण्डकी अस्पताल,open,38 beds,2026-08-02 13:18 NPT
2026-08-02 13:18 NPT,fbfae67,hospital,"BPKIHS, Dharan",बीपी कोइराला स्वास्थ्य,open,150 beds,2026-08-02 13:18 NPT
2026-08-02 13:18 NPT,fbfae67,hospital,"Koshi Hospital, Biratnagar",कोशी अस्पताल,open,80 beds,2026-08-02 13:18 NPT
2026-08-02 13:18 NPT,fbfae67,hospital,"Bheri Hospital, Nepalgunj",भेरी अस्पताल,open,70 beds,2026-08-02 13:18 NPT
2026-08-02 13:18 NPT,fbfae67,hospital,Chitwan Medical College,चितवन मेडिकल कलेज,open,100 beds,2026-08-02 13:18 NPT
2026-08-02 13:18 NPT,fbfae67,hospital,Lumbini Provincial Hospital,लुम्बिनी प्रादेशिक,open,110 beds,2026-08-02 13:18 NPT
2026-08-02 10:40 NPT,a9c11ee,road,NH01 – Mahendra Rajmarg,महेन्द्र राजमार्ग,open,,2026-08-02 10:40 NPT
2026-08-02 10:40 NPT,a9c11ee,road,NH02 – Mechi Rajmarg,मेची राजमार्ग,partial,"Landslide at Ilam-9, Ilam",2026-08-02 10:40 NPT
2026-08-02 10:40 NPT,a9c11ee,road,NH03 – Puspalal Hwy (Mid-Hill),पुष्पलाल राजमार्ग,partial,"Landslide at Kanthekhola-5, Baglung",2026-08-02 10:40 NPT
2026-08-02 10:40 NPT,a9c11ee,road,NH04 – Birtamod-Chandragadhi,विर्तामोड–चन्द्रगढी,open,,2026-08-02 10:40 NPT
2026-08-02 10:40 NPT,a9c11ee,road,NH05 – Postal Hwy,हुलाकी राजमार्ग,open,,2026-08-02 10:40 NPT
2026-08-02 10:40 NPT,a9c11ee,road,NH06 – Koshi Rajmarg,कोशी राजमार्ग,open,,2026-08-02 10:40 NPT
2026-08-02 10:40 NPT,a9c11ee,road,NH08 – Sagarmatha Rajmarg,सगरमाथा राजमार्ग,open,,2026-08-02 10:40 NPT
2026-08-02 10:40 NPT,a9c11ee,road,NH09 – Madan Bhandari Hwy,मदन भण्डारी राजमार्ग,open,,2026-08-02 10:40 NPT
2026-08-02 10:40 NPT,a9c11ee,road,NH10 – Siddhartha Hwy,सिद्धार्थ राजमार्ग,open,,2026-08-02 10:40 NPT
2026-08-02 10:40 NPT,a9c11ee,road,NH11 – Rapti Rajmarg,राप्ती राजमार्ग,open,,2026-08-02 10:40 NPT
2026-08-02 10:40 NPT,a9c11ee,road,NH12 – Ratna Rajmarg,रत्न राजमार्ग,open,,2026-08-02 10:40 NPT
2026-08-02 10:40 NPT,a9c11ee,road,NH13 – Karnali Rajmarg,कर्णाली राजमार्ग,open,,2026-08-02 10:40 NPT
2026-08-02 10:40 NPT,a9c11ee,road,NH14 – Mahakali Rajmarg,महाकाली राजमार्ग,open,,2026-08-02 10:40 NPT
2026-08-02 10:40 NPT,a9c11ee,road,NH15 – Seti Rajmarg,सेती राजमार्ग,open,,2026-08-02 10:40 NPT
2026-08-02 10:40 NPT,a9c11ee,road,NH16 – Rapti-Lumbini Hwy,राप्ती-लुम्बिनी,open,,2026-08-02 10:40 NPT
2026-08-02 10:40 NPT,a9c11ee,road,NH34 – Araniko Hwy,अरनिको राजमार्ग,closed,"Landslide at Bhotekoshi-4, Sindhupalchok",2026-08-02 10:40 NPT
2026-08-02 10:40 NPT,a9c11ee,road,NH38 – BP Hwy,बीपी राजमार्ग,open,,2026-08-02 10:40 NPT
2026-08-02 10:40 NPT,a9c11ee,road,NH41 – Tribhuvan Hwy,त्रिभुवन राजमार्ग,partial,"Landslide at Bhimphedi-9, Makwanpur",2026-08-02 10:40 NPT
2026-08-02 10:40 NPT,a9c11ee,road,NH42 – Prithvi Hwy,पृथ्वी राजमार्ग,closed,"Landslide at Benighat Rorang-10, Dhading",2026-08-02 10:40 NPT
2026-08-02 10:40 NPT,a9c11ee,road,NH43 – Narayanghat-Mugling,नारायणगढ–मुग्लिन,open,,2026-08-02 10:40 NPT
2026-08-02 10:40 NPT,a9c11ee,airport,Tribhuvan Intl (KTM),त्रिभुवन अन्तर्राष्ट्रिय,open,Normal operations,2026-08-02 10:40 NPT
2026-08-02 10:40 NPT,a9c11ee,airport,Gautam Buddha Intl (BWA),गौतम बुद्ध विमानस्थल,open,,2026-08-02 10:40 NPT
2026-08-02 10:40 NPT,a9c11ee,airport,Pokhara Regional (PKR),पोखरा विमानस्थल,open,,2026-08-02 10:40 NPT
2026-08-02 10:40 NPT,a9c11ee,airport,Bharatpur (BHR),भरतपुर विमानस्थल,open,,2026-08-02 10:40 NPT
2026-08-02 10:40 NPT,a9c11ee,airport,Dhangadhi (DHI),धनगढी विमानस्थल,open,,2026-08-02 10:40 NPT
2026-08-02 10:40 NPT,a9c11ee,airport,Biratnagar (BIR),विराटनगर विमानस्थल,open,,2026-08-02 10:40 NPT
2026-08-02 10:40 NPT,a9c11ee,airport,Nepalgunj (KEP),नेपालगञ्ज विमानस्थल,open,,2026-08-02 10:40 NPT
2026-08-02 10:40 NPT,a9c11ee,airport,Chandragadhi (BDP),चन्द्रगढी विमानस्थल,open,,2026-08-02 10:40 NPT
2026-08-02 10:40 NPT,a9c11ee,airport,Janakpur (JKR),जनकपुर विमानस्थल,open,,2026-08-02 10:40 NPT
2026-08-02 10:40 NPT,a9c11ee,airport,Simara (SIF),सिमरा विमानस्थल,open,,2026-08-02 10:40 NPT
2026-08-02 10:40 NPT,a9c11ee,hospital,"Bir Hospital, Kathmandu",बीर अस्पताल,open,120 beds,2026-08-02 10:40 NPT
2026-08-02 10:40 NPT,a9c11ee,hospital,"TU Teaching Hospital, KTM",त्रिवि शिक्षण अस्पताल,open,95 beds,2026-08-02 10:40 NPT
2026-08-02 10:40 NPT,a9c11ee,hospital,"Patan Hospital, Lalitpur",पाटन अस्पताल,open,60 beds,2026-08-02 10:40 NPT
2026-08-02 10:40 NPT,a9c11ee,hospital,"Manipal College Hospital, PKR",मणिपाल अस्पताल,open,45 beds,2026-08-02 10:40 NPT
2026-08-02 10:40 NPT,a9c11ee,hospital,"Gandaki Medical College, PKR",गण्डकी अस्पताल,open,38 beds,2026-08-02 10:40 NPT
2026-08-02 10:40 NPT,a9c11ee,hospital,"BPKIHS, Dharan",बीपी कोइराला स्वास्थ्य,open,150 beds,2026-08-02 10:40 NPT
2026-08-02 10:40 NPT,a9c11ee,hospital,"Koshi Hospital, Biratnagar",कोशी अस्पताल,open,80 beds,2026-08-02 10:40 NPT
2026-08-02 10:40 NPT,a9c11ee,hospital,"Bheri Hospital, Nepalgunj",भेरी अस्पताल,open,70 beds,2026-08-02 10:40 NPT
2026-08-02 10:40 NPT,a9c11ee,hospital,Chitwan Medical College,चितवन मेडिकल कलेज,open,100 beds,2026-08-02 10:40 NPT
2026-08-02 10:40 NPT,a9c11ee,hospital,Lumbini Provincial Hospital,लुम्बिनी प्रादेशिक,open,110 beds,2026-08-02 10:40 NPT
2026-08-02 06:52 NPT,2c60ea6,road,NH01 – Mahendra Rajmarg,महेन्द्र राजमार्ग,open,,2026-08-02 06:52 NPT
2026-08-02 06:52 NPT,2c60ea6,road,NH02 – Mechi Rajmarg,मेची राजमार्ग,partial,"Landslide at Ilam-9, Ilam",2026-08-02 06:52 NPT
2026-08-02 06:52 NPT,2c60ea6,road,NH03 – Puspalal Hwy (Mid-Hill),पुष्पलाल राजमार्ग,partial,"Landslide at Kanthekhola-5, Baglung",2026-08-02 06:52 NPT
2026-08-02 06:52 NPT,2c60ea6,road,NH04 – Birtamod-Chandragadhi,विर्तामोड–चन्द्रगढी,open,,2026-08-02 06:52 NPT
2026-08-02 06:52 NPT,2c60ea6,road,NH05 – Postal Hwy,हुलाकी राजमार्ग,open,,2026-08-02 06:52 NPT
2026-08-02 06:52 NPT,2c60ea6,road,NH06 – Koshi Rajmarg,कोशी राजमार्ग,open,,2026-08-02 06:52 NPT
2026-08-02 06:52 NPT,2c60ea6,road,NH08 – Sagarmatha Rajmarg,सगरमाथा राजमार्ग,open,,2026-08-02 06:52 NPT
2026-08-02 06:52 NPT,2c60ea6,road,NH09 – Madan Bhandari Hwy,मदन भण्डारी राजमार्ग,open,,2026-08-02 06:52 NPT
2026-08-02 06:52 NPT,2c60ea6,road,NH10 – Siddhartha Hwy,सिद्धार्थ राजमार्ग,open,,2026-08-02 06:52 NPT
2026-08-02 06:52 NPT,2c60ea6,road,NH11 – Rapti Rajmarg,राप्ती राजमार्ग,open,,2026-08-02 06:52 NPT
2026-08-02 06:52 NPT,2c60ea6,road,NH12 – Ratna Rajmarg,रत्न राजमार्ग,open,,2026-08-02 06:52 NPT
2026-08-02 06:52 NPT,2c60ea6,road,NH13 – Karnali Rajmarg,कर्णाली राजमार्ग,open,,2026-08-02 06:52 NPT
2026-08-02 06:52 NPT,2c60ea6,road,NH14 – Mahakali Rajmarg,महाकाली राजमार्ग,open,,2026-08-02 06:52 NPT
2026-08-02 06:52 NPT,2c60ea6,road,NH15 – Seti Rajmarg,सेती राजमार्ग,open,,2026-08-02 06:52 NPT
2026-08-02 06:52 NPT,2c60ea6,road,NH16 – Rapti-Lumbini Hwy,राप्ती-लुम्बिनी,open,,2026-08-02 06:52 NPT
2026-08-02 06:52 NPT,2c60ea6,road,NH34 – Araniko Hwy,अरनिको राजमार्ग,closed,"Landslide at Bhotekoshi-4, Sindhupalchok",2026-08-02 06:52 NPT
2026-08-02 06:52 NPT,2c60ea6,road,NH38 – BP Hwy,बीपी राजमार्ग,open,,2026-08-02 06:52 NPT
2026-08-02 06:52 NPT,2c60ea6,road,NH41 – Tribhuvan Hwy,त्रिभुवन राजमार्ग,partial,"Landslide at Bhimphedi-9, Makwanpur",2026-08-02 06:52 NPT
2026-08-02 06:52 NPT,2c60ea6,road,NH42 – Prithvi Hwy,पृथ्वी राजमार्ग,closed,"Landslide at Benighat Rorang-10, Dhading",2026-08-02 06:52 NPT
2026-08-02 06:52 NPT,2c60ea6,road,NH43 – Narayanghat-Mugling,नारायणगढ–मुग्लिन,open,,2026-08-02 06:52 NPT
2026-08-02 06:52 NPT,2c60ea6,airport,Tribhuvan Intl (KTM),त्रिभुवन अन्तर्राष्ट्रिय,open,Normal operations,2026-08-02 06:52 NPT
2026-08-02 06:52 NPT,2c60ea6,airport,Gautam Buddha Intl (BWA),गौतम बुद्ध विमानस्थल,open,,2026-08-02 06:52 NPT
2026-08-02 06:52 NPT,2c60ea6,airport,Pokhara Regional (PKR),पोखरा विमानस्थल,open,,2026-08-02 06:52 NPT
2026-08-02 06:52 NPT,2c60ea6,airport,Bharatpur (BHR),भरतपुर विमानस्थल,open,,2026-08-02 06:52 NPT
2026-08-02 06:52 NPT,2c60ea6,airport,Dhangadhi (DHI),धनगढी विमानस्थल,open,,2026-08-02 06:52 NPT
2026-08-02 06:52 NPT,2c60ea6,airport,Biratnagar (BIR),विराटनगर विमानस्थल,open,,2026-08-02 06:52 NPT
2026-08-02 06:52 NPT,2c60ea6,airport,Nepalgunj (KEP),नेपालगञ्ज विमानस्थल,open,,2026-08-02 06:52 NPT
2026-08-02 06:52 NPT,2c60ea6,airport,Chandragadhi (BDP),चन्द्रगढी विमानस्थल,open,,2026-08-02 06:52 NPT
2026-08-02 06:52 NPT,2c60ea6,airport,Janakpur (JKR),जनकपुर विमानस्थल,open,,2026-08-02 06:52 NPT
2026-08-02 06:52 NPT,2c60ea6,airport,Simara (SIF),सिमरा विमानस्थल,open,,2026-08-02 06:52 NPT
2026-08-02 06:52 NPT,2c60ea6,hospital,"Bir Hospital, Kathmandu",बीर अस्पताल,open,120 beds,2026-08-02 06:52 NPT
2026-08-02 06:52 NPT,2c60ea6,hospital,"TU Teaching Hospital, KTM",त्रिवि शिक्षण अस्पताल,open,95 beds,2026-08-02 06:52 NPT
2026-08-02 06:52 NPT,2c60ea6,hospital,"Patan Hospital, Lalitpur",पाटन अस्पताल,open,60 beds,2026-08-02 06:52 NPT
2026-08-02 06:52 NPT,2c60ea6,hospital,"Manipal College Hospital, PKR",मणिपाल अस्पताल,open,45 beds,2026-08-02 06:52 NPT
2026-08-02 06:52 NPT,2c60ea6,hospital,"Gandaki Medical College, PKR",गण्डकी अस्पताल,open,38 beds,2026-08-02 06:52 NPT
2026-08-02 06:52 NPT,2c60ea6,hospital,"BPKIHS, Dharan",बीपी कोइराला स्वास्थ्य,open,150 beds,2026-08-02 06:52 NPT
2026-08-02 06:52 NPT,2c60ea6,hospital,"Koshi Hospital, Biratnagar",कोशी अस्पताल,open,80 beds,2026-08-02 06:52 NPT
2026-08-02 06:52 NPT,2c60ea6,hospital,"Bheri Hospital, Nepalgunj",भेरी अस्पताल,open,70 beds,2026-08-02 06:52 NPT
2026-08-02 06:52 NPT,2c60ea6,hospital,Chitwan Medical College,चितवन मेडिकल कलेज,open,100 beds,2026-08-02 06:52 NPT
2026-08-02 06:52 NPT,2c60ea6,hospital,Lumbini Provincial Hospital,लुम्बिनी प्रादेशिक,open,110 beds,2026-08-02 06:52 NPT
2026-08-02 04:48 NPT,6a9c333,road,NH01 – Mahendra Rajmarg,महेन्द्र राजमार्ग,open,,2026-08-02 04:48 NPT
2026-08-02 04:48 NPT,6a9c333,road,NH02 – Mechi Rajmarg,मेची राजमार्ग,partial,"Landslide at Ilam-9, Ilam",2026-08-02 04:48 NPT
2026-08-02 04:48 NPT,6a9c333,road,NH03 – Puspalal Hwy (Mid-Hill),पुष्पलाल राजमार्ग,partial,"Landslide at Kanthekhola-5, Baglung",2026-08-02 04:48 NPT
2026-08-02 04:48 NPT,6a9c333,road,NH04 – Birtamod-Chandragadhi,विर्तामोड–चन्द्रगढी,open,,2026-08-02 04:48 NPT
2026-08-02 04:48 NPT,6a9c333,road,NH05 – Postal Hwy,हुलाकी राजमार्ग,open,,2026-08-02 04:48 NPT
2026-08-02 04:48 NPT,6a9c333,road,NH06 – Koshi Rajmarg,कोशी राजमार्ग,open,,2026-08-02 04:48 NPT
2026-08-02 04:48 NPT,6a9c333,road,NH08 – Sagarmatha Rajmarg,सगरमाथा राजमार्ग,open,,2026-08-02 04:48 NPT
2026-08-02 04:48 NPT,6a9c333,road,NH09 – Madan Bhandari Hwy,मदन भण्डारी राजमार्ग,open,,2026-08-02 04:48 NPT
2026-08-02 04:48 NPT,6a9c333,road,NH10 – Siddhartha Hwy,सिद्धार्थ राजमार्ग,open,,2026-08-02 04:48 NPT
2026-08-02 04:48 NPT,6a9c333,road,NH11 – Rapti Rajmarg,राप्ती राजमार्ग,open,,2026-08-02 04:48 NPT
2026-08-02 04:48 NPT,6a9c333,road,NH12 – Ratna Rajmarg,रत्न राजमार्ग,open,,2026-08-02 04:48 NPT
2026-08-02 04:48 NPT,6a9c333,road,NH13 – Karnali Rajmarg,कर्णाली राजमार्ग,open,,2026-08-02 04:48 NPT
2026-08-02 04:48 NPT,6a9c333,road,NH14 – Mahakali Rajmarg,महाकाली राजमार्ग,open,,2026-08-02 04:48 NPT
2026-08-02 04:48 NPT,6a9c333,road,NH15 – Seti Rajmarg,सेती राजमार्ग,open,,2026-08-02 04:48 NPT
2026-08-02 04:48 NPT,6a9c333,road,NH16 – Rapti-Lumbini Hwy,राप्ती-लुम्बिनी,open,,2026-08-02 04:48 NPT
2026-08-02 04:48 NPT,6a9c333,road,NH34 – Araniko Hwy,अरनिको राजमार्ग,closed,"Landslide at Bhotekoshi-4, Sindhupalchok",2026-08-02 04:48 NPT
2026-08-02 04:48 NPT,6a9c333,road,NH38 – BP Hwy,बीपी राजमार्ग,open,,2026-08-02 04:48 NPT
2026-08-02 04:48 NPT,6a9c333,road,NH41 – Tribhuvan Hwy,त्रिभुवन राजमार्ग,partial,"Landslide at Bhimphedi-9, Makwanpur",2026-08-02 04:48 NPT
2026-08-02 04:48 NPT,6a9c333,road,NH42 – Prithvi Hwy,पृथ्वी राजमार्ग,closed,"Landslide at Benighat Rorang-10, Dhading",2026-08-02 04:48 NPT
2026-08-02 04:48 NPT,6a9c333,road,NH43 – Narayanghat-Mugling,नारायणगढ–मुग्लिन,open,,2026-08-02 04:48 NPT
2026-08-02 04:48 NPT,6a9c333,airport,Tribhuvan Intl (KTM),त्रिभुवन अन्तर्राष्ट्रिय,open,Normal operations,2026-08-02 04:48 NPT
2026-08-02 04:48 NPT,6a9c333,airport,Gautam Buddha Intl (BWA),गौतम बुद्ध विमानस्थल,open,,2026-08-02 04:48 NPT
2026-08-02 04:48 NPT,6a9c333,airport,Pokhara Regional (PKR),पोखरा विमानस्थल,open,,2026-08-02 04:48 NPT
2026-08-02 04:48 NPT,6a9c333,airport,Bharatpur (BHR),भरतपुर विमानस्थल,open,,2026-08-02 04:48 NPT
2026-08-02 04:48 NPT,6a9c333,airport,Dhangadhi (DHI),धनगढी विमानस्थल,open,,2026-08-02 04:48 NPT
2026-08-02 04:48 NPT,6a9c333,airport,Biratnagar (BIR),विराटनगर विमानस्थल,open,,2026-08-02 04:48 NPT
2026-08-02 04:48 NPT,6a9c333,airport,Nepalgunj (KEP),नेपालगञ्ज विमानस्थल,open,,2026-08-02 04:48 NPT
2026-08-02 04:48 NPT,6a9c333,airport,Chandragadhi (BDP),चन्द्रगढी विमानस्थल,open,,2026-08-02 04:48 NPT
2026-08-02 04:48 NPT,6a9c333,airport,Janakpur (JKR),जनकपुर विमानस्थल,open,,2026-08-02 04:48 NPT
2026-08-02 04:48 NPT,6a9c333,airport,Simara (SIF),सिमरा विमानस्थल,open,,2026-08-02 04:48 NPT
2026-08-02 04:48 NPT,6a9c333,hospital,"Bir Hospital, Kathmandu",बीर अस्पताल,open,120 beds,2026-08-02 04:48 NPT
2026-08-02 04:48 NPT,6a9c333,hospital,"TU Teaching Hospital, KTM",त्रिवि शिक्षण अस्पताल,open,95 beds,2026-08-02 04:48 NPT
2026-08-02 04:48 NPT,6a9c333,hospital,"Patan Hospital, Lalitpur",पाटन अस्पताल,open,60 beds,2026-08-02 04:48 NPT
2026-08-02 04:48 NPT,6a9c333,hospital,"Manipal College Hospital, PKR",मणिपाल अस्पताल,open,45 beds,2026-08-02 04:48 NPT
2026-08-02 04:48 NPT,6a9c333,hospital,"Gandaki Medical College, PKR",गण्डकी अस्पताल,open,38 beds,2026-08-02 04:48 NPT
2026-08-02 04:48 NPT,6a9c333,hospital,"BPKIHS, Dharan",बीपी कोइराला स्वास्थ्य,open,150 beds,2026-08-02 04:48 NPT
2026-08-02 04:48 NPT,6a9c333,hospital,"Koshi Hospital, Biratnagar",कोशी अस्पताल,open,80 beds,2026-08-02 04:48 NPT
2026-08-02 04:48 NPT,6a9c333,hospital,"Bheri Hospital, Nepalgunj",भेरी अस्पताल,open,70 beds,2026-08-02 04:48 NPT
2026-08-02 04:48 NPT,6a9c333,hospital,Chitwan Medical College,चितवन मेडिकल कलेज,open,100 beds,2026-08-02 04:48 NPT
2026-08-02 04:48 NPT,6a9c333,hospital,Lumbini Provincial Hospital,लुम्बिनी प्रादेशिक,open,110 beds,2026-08-02 04:48 NPT
2026-08-02 03:44 NPT,8141251,road,NH01 – Mahendra Rajmarg,महेन्द्र राजमार्ग,open,,2026-08-02 03:44 NPT
2026-08-02 03:44 NPT,8141251,road,NH02 – Mechi Rajmarg,मेची राजमार्ग,partial,"Landslide at Ilam-9, Ilam",2026-08-02 03:44 NPT
2026-08-02 03:44 NPT,8141251,road,NH03 – Puspalal Hwy (Mid-Hill),पुष्पलाल राजमार्ग,partial,"Landslide at Kanthekhola-5, Baglung",2026-08-02 03:44 NPT
2026-08-02 03:44 NPT,8141251,road,NH04 – Birtamod-Chandragadhi,विर्तामोड–चन्द्रगढी,open,,2026-08-02 03:44 NPT
2026-08-02 03:44 NPT,8141251,road,NH05 – Postal Hwy,हुलाकी राजमार्ग,open,,2026-08-02 03:44 NPT
2026-08-02 03:44 NPT,8141251,road,NH06 – Koshi Rajmarg,कोशी राजमार्ग,open,,2026-08-02 03:44 NPT
2026-08-02 03:44 NPT,8141251,road,NH08 – Sagarmatha Rajmarg,सगरमाथा राजमार्ग,open,,2026-08-02 03:44 NPT
2026-08-02 03:44 NPT,8141251,road,NH09 – Madan Bhandari Hwy,मदन भण्डारी राजमार्ग,open,,2026-08-02 03:44 NPT
2026-08-02 03:44 NPT,8141251,road,NH10 – Siddhartha Hwy,सिद्धार्थ राजमार्ग,open,,2026-08-02 03:44 NPT
2026-08-02 03:44 NPT,8141251,road,NH11 – Rapti Rajmarg,राप्ती राजमार्ग,open,,2026-08-02 03:44 NPT
2026-08-02 03:44 NPT,8141251,road,NH12 – Ratna Rajmarg,रत्न राजमार्ग,open,,2026-08-02 03:44 NPT
2026-08-02 03:44 NPT,8141251,road,NH13 – Karnali Rajmarg,कर्णाली राजमार्ग,open,,2026-08-02 03:44 NPT
2026-08-02 03:44 NPT,8141251,road,NH14 – Mahakali Rajmarg,महाकाली राजमार्ग,open,,2026-08-02 03:44 NPT
2026-08-02 03:44 NPT,8141251,road,NH15 – Seti Rajmarg,सेती राजमार्ग,open,,2026-08-02 03:44 NPT
2026-08-02 03:44 NPT,8141251,road,NH16 – Rapti-Lumbini Hwy,राप्ती-लुम्बिनी,open,,2026-08-02 03:44 NPT
2026-08-02 03:44 NPT,8141251,road,NH34 – Araniko Hwy,अरनिको राजमार्ग,closed,"Landslide at Bhotekoshi-4, Sindhupalchok",2026-08-02 03:44 NPT
2026-08-02 03:44 NPT,8141251,road,NH38 – BP Hwy,बीपी राजमार्ग,open,,2026-08-02 03:44 NPT
2026-08-02 03:44 NPT,8141251,road,NH41 – Tribhuvan Hwy,त्रिभुवन राजमार्ग,partial,"Landslide at Bhimphedi-9, Makwanpur",2026-08-02 03:44 NPT
2026-08-02 03:44 NPT,8141251,road,NH42 – Prithvi Hwy,पृथ्वी राजमार्ग,closed,"Landslide at Benighat Rorang-10, Dhading",2026-08-02 03:44 NPT
2026-08-02 03:44 NPT,8141251,road,NH43 – Narayanghat-Mugling,नारायणगढ–मुग्लिन,open,,2026-08-02 03:44 NPT
2026-08-02 03:44 NPT,8141251,airport,Tribhuvan Intl (KTM),त्रिभुवन अन्तर्राष्ट्रिय,open,Normal operations,2026-08-02 03:44 NPT
2026-08-02 03:44 NPT,8141251,airport,Gautam Buddha Intl (BWA),गौतम बुद्ध विमानस्थल,open,,2026-08-02 03:44 NPT
2026-08-02 03:44 NPT,8141251,airport,Pokhara Regional (PKR),पोखरा विमानस्थल,open,,2026-08-02 03:44 NPT
2026-08-02 03:44 NPT,8141251,airport,Bharatpur (BHR),भरतपुर विमानस्थल,open,,2026-08-02 03:44 NPT
2026-08-02 03:44 NPT,8141251,airport,Dhangadhi (DHI),धनगढी विमानस्थल,open,,2026-08-02 03:44 NPT
2026-08-02 03:44 NPT,8141251,airport,Biratnagar (BIR),विराटनगर विमानस्थल,open,,2026-08-02 03:44 NPT
2026-08-02 03:44 NPT,8141251,airport,Nepalgunj (KEP),नेपालगञ्ज विमानस्थल,open,,2026-08-02 03:44 NPT
2026-08-02 03:44 NPT,8141251,airport,Chandragadhi (BDP),चन्द्रगढी विमानस्थल,open,,2026-08-02 03:44 NPT
2026-08-02 03:44 NPT,8141251,airport,Janakpur (JKR),जनकपुर विमानस्थल,open,,2026-08-02 03:44 NPT
2026-08-02 03:44 NPT,8141251,airport,Simara (SIF),सिमरा विमानस्थल,open,,2026-08-02 03:44 NPT
2026-08-02 03:44 NPT,8141251,hospital,"Bir Hospital, Kathmandu",बीर अस्पताल,open,120 beds,2026-08-02 03:44 NPT
2026-08-02 03:44 NPT,8141251,hospital,"TU Teaching Hospital, KTM",त्रिवि शिक्षण अस्पताल,open,95 beds,2026-08-02 03:44 NPT
2026-08-02 03:44 NPT,8141251,hospital,"Patan Hospital, Lalitpur",पाटन अस्पताल,open,60 beds,2026-08-02 03:44 NPT
2026-08-02 03:44 NPT,8141251,hospital,"Manipal College Hospital, PKR",मणिपाल अस्पताल,open,45 beds,2026-08-02 03:44 NPT
2026-08-02 03:44 NPT,8141251,hospital,"Gandaki Medical College, PKR",गण्डकी अस्पताल,open,38 beds,2026-08-02 03:44 NPT
2026-08-02 03:44 NPT,8141251,hospital,"BPKIHS, Dharan",बीपी कोइराला स्वास्थ्य,open,150 beds,2026-08-02 03:44 NPT
2026-08-02 03:44 NPT,8141251,hospital,"Koshi Hospital, Biratnagar",कोशी अस्पताल,open,80 beds,2026-08-02 03:44 NPT
2026-08-02 03:44 NPT,8141251,hospital,"Bheri Hospital, Nepalgunj",भेरी अस्पताल,open,70 beds,2026-08-02 03:44 NPT
2026-08-02 03:44 NPT,8141251,hospital,Chitwan Medical College,चितवन मेडिकल कलेज,open,100 beds,2026-08-02 03:44 NPT
2026-08-02 03:44 NPT,8141251,hospital,Lumbini Provincial Hospital,लुम्बिनी प्रादेशिक,open,110 beds,2026-08-02 03:44 NPT
2026-08-02 02:40 NPT,19bec54,road,NH01 – Mahendra Rajmarg,महेन्द्र राजमार्ग,open,,2026-08-02 02:40 NPT
2026-08-02 02:40 NPT,19bec54,road,NH02 – Mechi Rajmarg,मेची राजमार्ग,partial,"Landslide at Ilam-9, Ilam",2026-08-02 02:40 NPT
2026-08-02 02:40 NPT,19bec54,road,NH03 – Puspalal Hwy (Mid-Hill),पुष्पलाल राजमार्ग,partial,"Landslide at Kanthekhola-5, Baglung",2026-08-02 02:40 NPT
2026-08-02 02:40 NPT,19bec54,road,NH04 – Birtamod-Chandragadhi,विर्तामोड–चन्द्रगढी,open,,2026-08-02 02:40 NPT
2026-08-02 02:40 NPT,19bec54,road,NH05 – Postal Hwy,हुलाकी राजमार्ग,open,,2026-08-02 02:40 NPT
2026-08-02 02:40 NPT,19bec54,road,NH06 – Koshi Rajmarg,कोशी राजमार्ग,open,,2026-08-02 02:40 NPT
2026-08-02 02:40 NPT,19bec54,road,NH08 – Sagarmatha Rajmarg,सगरमाथा राजमार्ग,open,,2026-08-02 02:40 NPT
2026-08-02 02:40 NPT,19bec54,road,NH09 – Madan Bhandari Hwy,मदन भण्डारी राजमार्ग,open,,2026-08-02 02:40 NPT
2026-08-02 02:40 NPT,19bec54,road,NH10 – Siddhartha Hwy,सिद्धार्थ राजमार्ग,open,,2026-08-02 02:40 NPT
2026-08-02 02:40 NPT,19bec54,road,NH11 – Rapti Rajmarg,राप्ती राजमार्ग,open,,2026-08-02 02:40 NPT
2026-08-02 02:40 NPT,19bec54,road,NH12 – Ratna Rajmarg,रत्न राजमार्ग,open,,2026-08-02 02:40 NPT
2026-08-02 02:40 NPT,19bec54,road,NH13 – Karnali Rajmarg,कर्णाली राजमार्ग,open,,2026-08-02 02:40 NPT
2026-08-02 02:40 NPT,19bec54,road,NH14 – Mahakali Rajmarg,महाकाली राजमार्ग,open,,2026-08-02 02:40 NPT
2026-08-02 02:40 NPT,19bec54,road,NH15 – Seti Rajmarg,सेती राजमार्ग,open,,2026-08-02 02:40 NPT
2026-08-02 02:40 NPT,19bec54,road,NH16 – Rapti-Lumbini Hwy,राप्ती-लुम्बिनी,open,,2026-08-02 02:40 NPT
2026-08-02 02:40 NPT,19bec54,road,NH34 – Araniko Hwy,अरनिको राजमार्ग,closed,"Landslide at Bhotekoshi-4, Sindhupalchok",2026-08-02 02:40 NPT
2026-08-02 02:40 NPT,19bec54,road,NH38 – BP Hwy,बीपी राजमार्ग,open,,2026-08-02 02:40 NPT
2026-08-02 02:40 NPT,19bec54,road,NH41 – Tribhuvan Hwy,त्रिभुवन राजमार्ग,partial,"Landslide at Bhimphedi-9, Makwanpur",2026-08-02 02:40 NPT
2026-08-02 02:40 NPT,19bec54,road,NH42 – Prithvi Hwy,पृथ्वी राजमार्ग,closed,"Landslide at Benighat Rorang-10, Dhading",2026-08-02 02:40 NPT
2026-08-02 02:40 NPT,19bec54,road,NH43 – Narayanghat-Mugling,नारायणगढ–मुग्लिन,open,,2026-08-02 02:40 NPT
2026-08-02 02:40 NPT,19bec54,airport,Tribhuvan Intl (KTM),त्रिभुवन अन्तर्राष्ट्रिय,open,Normal operations,2026-08-02 02:40 NPT
2026-08-02 02:40 NPT,19bec54,airport,Gautam Buddha Intl (BWA),गौतम बुद्ध विमानस्थल,open,,2026-08-02 02:40 NPT
2026-08-02 02:40 NPT,19bec54,airport,Pokhara Regional (PKR),पोखरा विमानस्थल,open,,2026-08-02 02:40 NPT
2026-08-02 02:40 NPT,19bec54,airport,Bharatpur (BHR),भरतपुर विमानस्थल,open,,2026-08-02 02:40 NPT
2026-08-02 02:40 NPT,19bec54,airport,Dhangadhi (DHI),धनगढी विमानस्थल,open,,2026-08-02 02:40 NPT
2026-08-02 02:40 NPT,19bec54,airport,Biratnagar (BIR),विराटनगर विमानस्थल,open,,2026-08-02 02:40 NPT
2026-08-02 02:40 NPT,19bec54,airport,Nepalgunj (KEP),नेपालगञ्ज विमानस्थल,open,,2026-08-02 02:40 NPT
2026-08-02 02:40 NPT,19bec54,airport,Chandragadhi (BDP),चन्द्रगढी विमानस्थल,open,,2026-08-02 02:40 NPT
2026-08-02 02:40 NPT,19bec54,airport,Janakpur (JKR),जनकपुर विमानस्थल,open,,2026-08-02 02:40 NPT
2026-08-02 02:40 NPT,19bec54,airport,Simara (SIF),सिमरा विमानस्थल,open,,2026-08-02 02:40 NPT
2026-08-02 02:40 NPT,19bec54,hospital,"Bir Hospital, Kathmandu",बीर अस्पताल,open,120 beds,2026-08-02 02:40 NPT
2026-08-02 02:40 NPT,19bec54,hospital,"TU Teaching Hospital, KTM",त्रिवि शिक्षण अस्पताल,open,95 beds,2026-08-02 02:40 NPT
2026-08-02 02:40 NPT,19bec54,hospital,"Patan Hospital, Lalitpur",पाटन अस्पताल,open,60 beds,2026-08-02 02:40 NPT
2026-08-02 02:40 NPT,19bec54,hospital,"Manipal College Hospital, PKR",मणिपाल अस्पताल,open,45 beds,2026-08-02 02:40 NPT
2026-08-02 02:40 NPT,19bec54,hospital,"Gandaki Medical College, PKR",गण्डकी अस्पताल,open,38 beds,2026-08-02 02:40 NPT
2026-08-02 02:40 NPT,19bec54,hospital,"BPKIHS, Dharan",बीपी कोइराला स्वास्थ्य,open,150 beds,2026-08-02 02:40 NPT
2026-08-02 02:40 NPT,19bec54,hospital,"Koshi Hospital, Biratnagar",कोशी अस्पताल,open,80 beds,2026-08-02 02:40 NPT
2026-08-02 02:40 NPT,19bec54,hospital,"Bheri Hospital, Nepalgunj",भेरी अस्पताल,open,70 beds,2026-08-02 02:40 NPT
2026-08-02 02:40 NPT,19bec54,hospital,Chitwan Medical College,चितवन मेडिकल कलेज,open,100 beds,2026-08-02 02:40 NPT
2026-08-02 02:40 NPT,19bec54,hospital,Lumbini Provincial Hospital,लुम्बिनी प्रादेशिक,open,110 beds,2026-08-02 02:40 NPT
2026-08-02 01:31 NPT,c79a465,road,NH01 – Mahendra Rajmarg,महेन्द्र राजमार्ग,open,,2026-08-02 01:31 NPT
2026-08-02 01:31 NPT,c79a465,road,NH02 – Mechi Rajmarg,मेची राजमार्ग,partial,"Landslide at Ilam-9, Ilam",2026-08-02 01:31 NPT
2026-08-02 01:31 NPT,c79a465,road,NH03 – Puspalal Hwy (Mid-Hill),पुष्पलाल राजमार्ग,partial,"Landslide at Kanthekhola-5, Baglung",2026-08-02 01:31 NPT
2026-08-02 01:31 NPT,c79a465,road,NH04 – Birtamod-Chandragadhi,विर्तामोड–चन्द्रगढी,open,,2026-08-02 01:31 NPT
2026-08-02 01:31 NPT,c79a465,road,NH05 – Postal Hwy,हुलाकी राजमार्ग,open,,2026-08-02 01:31 NPT
2026-08-02 01:31 NPT,c79a465,road,NH06 – Koshi Rajmarg,कोशी राजमार्ग,open,,2026-08-02 01:31 NPT
2026-08-02 01:31 NPT,c79a465,road,NH08 – Sagarmatha Rajmarg,सगरमाथा राजमार्ग,open,,2026-08-02 01:31 NPT
2026-08-02 01:31 NPT,c79a465,road,NH09 – Madan Bhandari Hwy,मदन भण्डारी राजमार्ग,open,,2026-08-02 01:31 NPT
2026-08-02 01:31 NPT,c79a465,road,NH10 – Siddhartha Hwy,सिद्धार्थ राजमार्ग,open,,2026-08-02 01:31 NPT
2026-08-02 01:31 NPT,c79a465,road,NH11 – Rapti Rajmarg,राप्ती राजमार्ग,open,,2026-08-02 01:31 NPT
2026-08-02 01:31 NPT,c79a465,road,NH12 – Ratna Rajmarg,रत्न राजमार्ग,open,,2026-08-02 01:31 NPT
2026-08-02 01:31 NPT,c79a465,road,NH13 – Karnali Rajmarg,कर्णाली राजमार्ग,open,,2026-08-02 01:31 NPT
2026-08-02 01:31 NPT,c79a465,road,NH14 – Mahakali Rajmarg,महाकाली राजमार्ग,open,,2026-08-02 01:31 NPT
2026-08-02 01:31 NPT,c79a465,road,NH15 – Seti Rajmarg,सेती राजमार्ग,open,,2026-08-02 01:31 NPT
2026-08-02 01:31 NPT,c79a465,road,NH16 – Rapti-Lumbini Hwy,राप्ती-लुम्बिनी,open,,2026-08-02 01:31 NPT
2026-08-02 01:31 NPT,c79a465,road,NH34 – Araniko Hwy,अरनिको राजमार्ग,closed,"Landslide at Bhotekoshi-4, Sindhupalchok",2026-08-02 01:31 NPT
2026-08-02 01:31 NPT,c79a465,road,NH38 – BP Hwy,बीपी राजमार्ग,open,,2026-08-02 01:31 NPT
2026-08-02 01:31 NPT,c79a465,road,NH41 – Tribhuvan Hwy,त्रिभुवन राजमार्ग,partial,"Landslide at Bhimphedi-9, Makwanpur",2026-08-02 01:31 NPT
2026-08-02 01:31 NPT,c79a465,road,NH42 – Prithvi Hwy,पृथ्वी राजमार्ग,closed,"Landslide at Benighat Rorang-10, Dhading",2026-08-02 01:31 NPT
2026-08-02 01:31 NPT,c79a465,road,NH43 – Narayanghat-Mugling,नारायणगढ–मुग्लिन,open,,2026-08-02 01:31 NPT
2026-08-02 01:31 NPT,c79a465,airport,Tribhuvan Intl (KTM),त्रिभुवन अन्तर्राष्ट्रिय,open,Normal operations,2026-08-02 01:31 NPT
2026-08-02 01:31 NPT,c79a465,airport,Gautam Buddha Intl (BWA),गौतम बुद्ध विमानस्थल,open,,2026-08-02 01:31 NPT
2026-08-02 01:31 NPT,c79a465,airport,Pokhara Regional (PKR),पोखरा विमानस्थल,open,,2026-08-02 01:31 NPT
2026-08-02 01:31 NPT,c79a465,airport,Bharatpur (BHR),भरतपुर विमानस्थल,open,,2026-08-02 01:31 NPT
2026-08-02 01:31 NPT,c79a465,airport,Dhangadhi (DHI),धनगढी विमानस्थल,open,,2026-08-02 01:31 NPT
2026-08-02 01:31 NPT,c79a465,airport,Biratnagar (BIR),विराटनगर विमानस्थल,open,,2026-08-02 01:31 NPT
2026-08-02 01:31 NPT,c79a465,airport,Nepalgunj (KEP),नेपालगञ्ज विमानस्थल,open,,2026-08-02 01:31 NPT
2026-08-02 01:31 NPT,c79a465,airport,Chandragadhi (BDP),चन्द्रगढी विमानस्थल,open,,2026-08-02 01:31 NPT
2026-08-02 01:31 NPT,c79a465,airport,Janakpur (JKR),जनकपुर विमानस्थल,open,,2026-08-02 01:31 NPT
2026-08-02 01:31 NPT,c79a465,airport,Simara (SIF),सिमरा विमानस्थल,open,,2026-08-02 01:31 NPT
2026-08-02 01:31 NPT,c79a465,hospital,"Bir Hospital, Kathmandu",बीर अस्पताल,open,120 beds,2026-08-02 01:31 NPT
2026-08-02 01:31 NPT,c79a465,hospital,"TU Teaching Hospital, KTM",त्रिवि शिक्षण अस्पताल,open,95 beds,2026-08-02 01:31 NPT
2026-08-02 01:31 NPT,c79a465,hospital,"Patan Hospital, Lalitpur",पाटन अस्पताल,open,60 beds,2026-08-02 01:31 NPT
2026-08-02 01:31 NPT,c79a465,hospital,"Manipal College Hospital, PKR",मणिपाल अस्पताल,open,45 beds,2026-08-02 01:31 NPT
2026-08-02 01:31 NPT,c79a465,hospital,"Gandaki Medical College, PKR",गण्डकी अस्पताल,open,38 beds,2026-08-02 01:31 NPT
2026-08-02 01:31 NPT,c79a465,hospital,"BPKIHS, Dharan",बीपी कोइराला स्वास्थ्य,open,150 beds,2026-08-02 01:31 NPT
2026-08-02 01:31 NPT,c79a465,hospital,"Koshi Hospital, Biratnagar",कोशी अस्पताल,open,80 beds,2026-08-02 01:31 NPT
2026-08-02 01:31 NPT,c79a465,hospital,"Bheri Hospital, Nepalgunj",भेरी अस्पताल,open,70 beds,2026-08-02 01:31 NPT
2026-08-02 01:31 NPT,c79a465,hospital,Chitwan Medical College,चितवन मेडिकल कलेज,open,100 beds,2026-08-02 01:31 NPT
2026-08-02 01:31 NPT,c79a465,hospital,Lumbini Provincial Hospital,लुम्बिनी प्रादेशिक,open,110 beds,2026-08-02 01:31 NPT
2026-08-02 00:14 NPT,63987ca,road,NH01 – Mahendra Rajmarg,महेन्द्र राजमार्ग,open,,2026-08-02 00:14 NPT
2026-08-02 00:14 NPT,63987ca,road,NH02 – Mechi Rajmarg,मेची राजमार्ग,partial,"Landslide at Ilam-9, Ilam",2026-08-02 00:14 NPT
2026-08-02 00:14 NPT,63987ca,road,NH03 – Puspalal Hwy (Mid-Hill),पुष्पलाल राजमार्ग,partial,"Landslide at Kanthekhola-5, Baglung",2026-08-02 00:14 NPT
2026-08-02 00:14 NPT,63987ca,road,NH04 – Birtamod-Chandragadhi,विर्तामोड–चन्द्रगढी,open,,2026-08-02 00:14 NPT
2026-08-02 00:14 NPT,63987ca,road,NH05 – Postal Hwy,हुलाकी राजमार्ग,open,,2026-08-02 00:14 NPT
2026-08-02 00:14 NPT,63987ca,road,NH06 – Koshi Rajmarg,कोशी राजमार्ग,open,,2026-08-02 00:14 NPT
2026-08-02 00:14 NPT,63987ca,road,NH08 – Sagarmatha Rajmarg,सगरमाथा राजमार्ग,open,,2026-08-02 00:14 NPT
2026-08-02 00:14 NPT,63987ca,road,NH09 – Madan Bhandari Hwy,मदन भण्डारी राजमार्ग,open,,2026-08-02 00:14 NPT
2026-08-02 00:14 NPT,63987ca,road,NH10 – Siddhartha Hwy,सिद्धार्थ राजमार्ग,open,,2026-08-02 00:14 NPT
2026-08-02 00:14 NPT,63987ca,road,NH11 – Rapti Rajmarg,राप्ती राजमार्ग,open,,2026-08-02 00:14 NPT
2026-08-02 00:14 NPT,63987ca,road,NH12 – Ratna Rajmarg,रत्न राजमार्ग,open,,2026-08-02 00:14 NPT
2026-08-02 00:14 NPT,63987ca,road,NH13 – Karnali Rajmarg,कर्णाली राजमार्ग,open,,2026-08-02 00:14 NPT
2026-08-02 00:14 NPT,63987ca,road,NH14 – Mahakali Rajmarg,महाकाली राजमार्ग,open,,2026-08-02 00:14 NPT
2026-08-02 00:14 NPT,63987ca,road,NH15 – Seti Rajmarg,सेती राजमार्ग,open,,2026-08-02 00:14 NPT
2026-08-02 00:14 NPT,63987ca,road,NH16 – Rapti-Lumbini Hwy,राप्ती-लुम्बिनी,open,,2026-08-02 00:14 NPT
2026-08-02 00:14 NPT,63987ca,road,NH34 – Araniko Hwy,अरनिको राजमार्ग,closed,"Landslide at Bhotekoshi-4, Sindhupalchok",2026-08-02 00:14 NPT
2026-08-02 00:14 NPT,63987ca,road,NH38 – BP Hwy,बीपी राजमार्ग,open,,2026-08-02 00:14 NPT
2026-08-02 00:14 NPT,63987ca,road,NH41 – Tribhuvan Hwy,त्रिभुवन राजमार्ग,partial,"Landslide at Bhimphedi-9, Makwanpur",2026-08-02 00:14 NPT
2026-08-02 00:14 NPT,63987ca,road,NH42 – Prithvi Hwy,पृथ्वी राजमार्ग,closed,"Landslide at Benighat Rorang-10, Dhading",2026-08-02 00:14 NPT
2026-08-02 00:14 NPT,63987ca,road,NH43 – Narayanghat-Mugling,नारायणगढ–मुग्लिन,open,,2026-08-02 00:14 NPT
2026-08-02 00:14 NPT,63987ca,airport,Tribhuvan Intl (KTM),त्रिभुवन अन्तर्राष्ट्रिय,open,Normal operations,2026-08-02 00:14 NPT
2026-08-02 00:14 NPT,63987ca,airport,Gautam Buddha Intl (BWA),गौतम बुद्ध विमानस्थल,open,,2026-08-02 00:14 NPT
2026-08-02 00:14 NPT,63987ca,airport,Pokhara Regional (PKR),पोखरा विमानस्थल,open,,2026-08-02 00:14 NPT
2026-08-02 00:14 NPT,63987ca,airport,Bharatpur (BHR),भरतपुर विमानस्थल,open,,2026-08-02 00:14 NPT
2026-08-02 00:14 NPT,63987ca,airport,Dhangadhi (DHI),धनगढी विमानस्थल,open,,2026-08-02 00:14 NPT
2026-08-02 00:14 NPT,63987ca,airport,Biratnagar (BIR),विराटनगर विमानस्थल,open,,2026-08-02 00:14 NPT
2026-08-02 00:14 NPT,63987ca,airport,Nepalgunj (KEP),नेपालगञ्ज विमानस्थल,open,,2026-08-02 00:14 NPT
2026-08-02 00:14 NPT,63987ca,airport,Chandragadhi (BDP),चन्द्रगढी विमानस्थल,open,,2026-08-02 00:14 NPT
2026-08-02 00:14 NPT,63987ca,airport,Janakpur (JKR),जनकपुर विमानस्थल,open,,2026-08-02 00:14 NPT
2026-08-02 00:14 NPT,63987ca,airport,Simara (SIF),सिमरा विमानस्थल,open,,2026-08-02 00:14 NPT
2026-08-02 00:14 NPT,63987ca,hospital,"Bir Hospital, Kathmandu",बीर अस्पताल,open,120 beds,2026-08-02 00:14 NPT
2026-08-02 00:14 NPT,63987ca,hospital,"TU Teaching Hospital, KTM",त्रिवि शिक्षण अस्पताल,open,95 beds,2026-08-02 00:14 NPT
2026-08-02 00:14 NPT,63987ca,hospital,"Patan Hospital, Lalitpur",पाटन अस्पताल,open,60 beds,2026-08-02 00:14 NPT
2026-08-02 00:14 NPT,63987ca,hospital,"Manipal College Hospital, PKR",मणिपाल अस्पताल,open,45 beds,2026-08-02 00:14 NPT
2026-08-02 00:14 NPT,63987ca,hospital,"Gandaki Medical College, PKR",गण्डकी अस्पताल,open,38 beds,2026-08-02 00:14 NPT
2026-08-02 00:14 NPT,63987ca,hospital,"BPKIHS, Dharan",बीपी कोइराला स्वास्थ्य,open,150 beds,2026-08-02 00:14 NPT
2026-08-02 00:14 NPT,63987ca,hospital,"Koshi Hospital, Biratnagar",कोशी अस्पताल,open,80 beds,2026-08-02 00:14 NPT
2026-08-02 00:14 NPT,63987ca,hospital,"Bheri Hospital, Nepalgunj",भेरी अस्पताल,open,70 beds,2026-08-02 00:14 NPT
2026-08-02 00:14 NPT,63987ca,hospital,Chitwan Medical College,चितवन मेडिकल कलेज,open,100 beds,2026-08-02 00:14 NPT
2026-08-02 00:14 NPT,63987ca,hospital,Lumbini Provincial Hospital,लुम्बिनी प्रादेशिक,open,110 beds,2026-08-02 00:14 NPT
2026-08-01 22:47 NPT,33d7768,road,NH01 – Mahendra Rajmarg,महेन्द्र राजमार्ग,open,,2026-08-01 22:47 NPT
2026-08-01 22:47 NPT,33d7768,road,NH02 – Mechi Rajmarg,मेची राजमार्ग,partial,"Landslide at Ilam-9, Ilam",2026-08-01 22:47 NPT
2026-08-01 22:47 NPT,33d7768,road,NH03 – Puspalal Hwy (Mid-Hill),पुष्पलाल राजमार्ग,partial,"Landslide at Kanthekhola-5, Baglung",2026-08-01 22:47 NPT
2026-08-01 22:47 NPT,33d7768,road,NH04 – Birtamod-Chandragadhi,विर्तामोड–चन्द्रगढी,open,,2026-08-01 22:47 NPT
2026-08-01 22:47 NPT,33d7768,road,NH05 – Postal Hwy,हुलाकी राजमार्ग,open,,2026-08-01 22:47 NPT
2026-08-01 22:47 NPT,33d7768,road,NH06 – Koshi Rajmarg,कोशी राजमार्ग,open,,2026-08-01 22:47 NPT
2026-08-01 22:47 NPT,33d7768,road,NH08 – Sagarmatha Rajmarg,सगरमाथा राजमार्ग,open,,2026-08-01 22:47 NPT
2026-08-01 22:47 NPT,33d7768,road,NH09 – Madan Bhandari Hwy,मदन भण्डारी राजमार्ग,open,,2026-08-01 22:47 NPT
2026-08-01 22:47 NPT,33d7768,road,NH10 – Siddhartha Hwy,सिद्धार्थ राजमार्ग,open,,2026-08-01 22:47 NPT
2026-08-01 22:47 NPT,33d7768,road,NH11 – Rapti Rajmarg,राप्ती राजमार्ग,open,,2026-08-01 22:47 NPT
2026-08-01 22:47 NPT,33d7768,road,NH12 – Ratna Rajmarg,रत्न राजमार्ग,open,,2026-08-01 22:47 NPT
2026-08-01 22:47 NPT,33d7768,road,NH13 – Karnali Rajmarg,कर्णाली राजमार्ग,open,,2026-08-01 22:47 NPT
2026-08-01 22:47 NPT,33d7768,road,NH14 – Mahakali Rajmarg,महाकाली राजमार्ग,open,,2026-08-01 22:47 NPT
2026-08-01 22:47 NPT,33d7768,road,NH15 – Seti Rajmarg,सेती राजमार्ग,open,,2026-08-01 22:47 NPT
2026-08-01 22:47 NPT,33d7768,road,NH16 – Rapti-Lumbini Hwy,राप्ती-लुम्बिनी,open,,2026-08-01 22:47 NPT
2026-08-01 22:47 NPT,33d7768,road,NH34 – Araniko Hwy,अरनिको राजमार्ग,closed,"Landslide at Bhotekoshi-4, Sindhupalchok",2026-08-01 22:47 NPT
2026-08-01 22:47 NPT,33d7768,road,NH38 – BP Hwy,बीपी राजमार्ग,open,,2026-08-01 22:47 NPT
2026-08-01 22:47 NPT,33d7768,road,NH41 – Tribhuvan Hwy,त्रिभुवन राजमार्ग,partial,"Landslide at Bhimphedi-9, Makwanpur",2026-08-01 22:47 NPT
2026-08-01 22:47 NPT,33d7768,road,NH42 – Prithvi Hwy,पृथ्वी राजमार्ग,closed,"Landslide at Benighat Rorang-10, Dhading",2026-08-01 22:47 NPT
2026-08-01 22:47 NPT,33d7768,road,NH43 – Narayanghat-Mugling,नारायणगढ–मुग्लिन,open,,2026-08-01 22:47 NPT
2026-08-01 22:47 NPT,33d7768,airport,Tribhuvan Intl (KTM),त्रिभुवन अन्तर्राष्ट्रिय,open,Normal operations,2026-08-01 22:47 NPT
2026-08-01 22:47 NPT,33d7768,airport,Gautam Buddha Intl (BWA),गौतम बुद्ध विमानस्थल,open,,2026-08-01 22:47 NPT
2026-08-01 22:47 NPT,33d7768,airport,Pokhara Regional (PKR),पोखरा विमानस्थल,open,,2026-08-01 22:47 NPT
2026-08-01 22:47 NPT,33d7768,airport,Bharatpur (BHR),भरतपुर विमानस्थल,open,,2026-08-01 22:47 NPT
2026-08-01 22:47 NPT,33d7768,airport,Dhangadhi (DHI),धनगढी विमानस्थल,open,,2026-08-01 22:47 NPT
2026-08-01 22:47 NPT,33d7768,airport,Biratnagar (BIR),विराटनगर विमानस्थल,open,,2026-08-01 22:47 NPT
2026-08-01 22:47 NPT,33d7768,airport,Nepalgunj (KEP),नेपालगञ्ज विमानस्थल,open,,2026-08-01 22:47 NPT
2026-08-01 22:47 NPT,33d7768,airport,Chandragadhi (BDP),चन्द्रगढी विमानस्थल,open,,2026-08-01 22:47 NPT
2026-08-01 22:47 NPT,33d7768,airport,Janakpur (JKR),जनकपुर विमानस्थल,open,,2026-08-01 22:47 NPT
2026-08-01 22:47 NPT,33d7768,airport,Simara (SIF),सिमरा विमानस्थल,open,,2026-08-01 22:47 NPT
2026-08-01 22:47 NPT,33d7768,hospital,"Bir Hospital, Kathmandu",बीर अस्पताल,open,120 beds,2026-08-01 22:47 NPT
2026-08-01 22:47 NPT,33d7768,hospital,"TU Teaching Hospital, KTM",त्रिवि शिक्षण अस्पताल,open,95 beds,2026-08-01 22:47 NPT
2026-08-01 22:47 NPT,33d7768,hospital,"Patan Hospital, Lalitpur",पाटन अस्पताल,open,60 beds,2026-08-01 22:47 NPT
2026-08-01 22:47 NPT,33d7768,hospital,"Manipal College Hospital, PKR",मणिपाल अस्पताल,open,45 beds,2026-08-01 22:47 NPT
2026-08-01 22:47 NPT,33d7768,hospital,"Gandaki Medical College, PKR",गण्डकी अस्पताल,open,38 beds,2026-08-01 22:47 NPT
2026-08-01 22:47 NPT,33d7768,hospital,"BPKIHS, Dharan",बीपी कोइराला स्वास्थ्य,open,150 beds,2026-08-01 22:47 NPT
2026-08-01 22:47 NPT,33d7768,hospital,"Koshi Hospital, Biratnagar",कोशी अस्पताल,open,80 beds,2026-08-01 22:47 NPT
2026-08-01 22:47 NPT,33d7768,hospital,"Bheri Hospital, Nepalgunj",भेरी अस्पताल,open,70 beds,2026-08-01 22:47 NPT
2026-08-01 22:47 NPT,33d7768,hospital,Chitwan Medical College,चितवन मेडिकल कलेज,open,100 beds,2026-08-01 22:47 NPT
2026-08-01 22:47 NPT,33d7768,hospital,Lumbini Provincial Hospital,लुम्बिनी प्रादेशिक,open,110 beds,2026-08-01 22:47 NPT
2026-08-01 21:24 NPT,931c10a,road,NH01 – Mahendra Rajmarg,महेन्द्र राजमार्ग,open,,2026-08-01 21:24 NPT
2026-08-01 21:24 NPT,931c10a,road,NH02 – Mechi Rajmarg,मेची राजमार्ग,partial,"Landslide at Ilam-9, Ilam",2026-08-01 21:24 NPT
2026-08-01 21:24 NPT,931c10a,road,NH03 – Puspalal Hwy (Mid-Hill),पुष्पलाल राजमार्ग,partial,"Landslide at Kanthekhola-5, Baglung",2026-08-01 21:24 NPT
2026-08-01 21:24 NPT,931c10a,road,NH04 – Birtamod-Chandragadhi,विर्तामोड–चन्द्रगढी,open,,2026-08-01 21:24 NPT
2026-08-01 21:24 NPT,931c10a,road,NH05 – Postal Hwy,हुलाकी राजमार्ग,open,,2026-08-01 21:24 NPT
2026-08-01 21:24 NPT,931c10a,road,NH06 – Koshi Rajmarg,कोशी राजमार्ग,open,,2026-08-01 21:24 NPT
2026-08-01 21:24 NPT,931c10a,road,NH08 – Sagarmatha Rajmarg,सगरमाथा राजमार्ग,open,,2026-08-01 21:24 NPT
2026-08-01 21:24 NPT,931c10a,road,NH09 – Madan Bhandari Hwy,मदन भण्डारी राजमार्ग,open,,2026-08-01 21:24 NPT
2026-08-01 21:24 NPT,931c10a,road,NH10 – Siddhartha Hwy,सिद्धार्थ राजमार्ग,open,,2026-08-01 21:24 NPT
2026-08-01 21:24 NPT,931c10a,road,NH11 – Rapti Rajmarg,राप्ती राजमार्ग,open,,2026-08-01 21:24 NPT
2026-08-01 21:24 NPT,931c10a,road,NH12 – Ratna Rajmarg,रत्न राजमार्ग,open,,2026-08-01 21:24 NPT
2026-08-01 21:24 NPT,931c10a,road,NH13 – Karnali Rajmarg,कर्णाली राजमार्ग,open,,2026-08-01 21:24 NPT
2026-08-01 21:24 NPT,931c10a,road,NH14 – Mahakali Rajmarg,महाकाली राजमार्ग,open,,2026-08-01 21:24 NPT
2026-08-01 21:24 NPT,931c10a,road,NH15 – Seti Rajmarg,सेती राजमार्ग,open,,2026-08-01 21:24 NPT
2026-08-01 21:24 NPT,931c10a,road,NH16 – Rapti-Lumbini Hwy,राप्ती-लुम्बिनी,open,,2026-08-01 21:24 NPT
2026-08-01 21:24 NPT,931c10a,road,NH34 – Araniko Hwy,अरनिको राजमार्ग,closed,"Landslide at Bhotekoshi-4, Sindhupalchok",2026-08-01 21:24 NPT
2026-08-01 21:24 NPT,931c10a,road,NH38 – BP Hwy,बीपी राजमार्ग,open,,2026-08-01 21:24 NPT
2026-08-01 21:24 NPT,931c10a,road,NH41 – Tribhuvan Hwy,त्रिभुवन राजमार्ग,partial,"Landslide at Bhimphedi-9, Makwanpur",2026-08-01 21:24 NPT
2026-08-01 21:24 NPT,931c10a,road,NH42 – Prithvi Hwy,पृथ्वी राजमार्ग,closed,"Landslide at Benighat Rorang-10, Dhading",2026-08-01 21:24 NPT
2026-08-01 21:24 NPT,931c10a,road,NH43 – Narayanghat-Mugling,नारायणगढ–मुग्लिन,open,,2026-08-01 21:24 NPT
2026-08-01 21:24 NPT,931c10a,airport,Tribhuvan Intl (KTM),त्रिभुवन अन्तर्राष्ट्रिय,open,Normal operations,2026-08-01 21:24 NPT
2026-08-01 21:24 NPT,931c10a,airport,Gautam Buddha Intl (BWA),गौतम बुद्ध विमानस्थल,open,,2026-08-01 21:24 NPT
2026-08-01 21:24 NPT,931c10a,airport,Pokhara Regional (PKR),पोखरा विमानस्थल,open,,2026-08-01 21:24 NPT
2026-08-01 21:24 NPT,931c10a,airport,Bharatpur (BHR),भरतपुर विमानस्थल,open,,2026-08-01 21:24 NPT
2026-08-01 21:24 NPT,931c10a,airport,Dhangadhi (DHI),धनगढी विमानस्थल,open,,2026-08-01 21:24 NPT
2026-08-01 21:24 NPT,931c10a,airport,Biratnagar (BIR),विराटनगर विमानस्थल,open,,2026-08-01 21:24 NPT
2026-08-01 21:24 NPT,931c10a,airport,Nepalgunj (KEP),नेपालगञ्ज विमानस्थल,open,,2026-08-01 21:24 NPT
2026-08-01 21:24 NPT,931c10a,airport,Chandragadhi (BDP),चन्द्रगढी विमानस्थल,open,,2026-08-01 21:24 NPT
2026-08-01 21:24 NPT,931c10a,airport,Janakpur (JKR),जनकपुर विमानस्थल,open,,2026-08-01 21:24 NPT
2026-08-01 21:24 NPT,931c10a,airport,Simara (SIF),सिमरा विमानस्थल,open,,2026-08-01 21:24 NPT
2026-08-01 21:24 NPT,931c10a,hospital,"Bir Hospital, Kathmandu",बीर अस्पताल,open,120 beds,2026-08-01 21:24 NPT
2026-08-01 21:24 NPT,931c10a,hospital,"TU Teaching Hospital, KTM",त्रिवि शिक्षण अस्पताल,open,95 beds,2026-08-01 21:24 NPT
2026-08-01 21:24 NPT,931c10a,hospital,"Patan Hospital, Lalitpur",पाटन अस्पताल,open,60 beds,2026-08-01 21:24 NPT
2026-08-01 21:24 NPT,931c10a,hospital,"Manipal College Hospital, PKR",मणिपाल अस्पताल,open,45 beds,2026-08-01 21:24 NPT
2026-08-01 21:24 NPT,931c10a,hospital,"Gandaki Medical College, PKR",गण्डकी अस्पताल,open,38 beds,2026-08-01 21:24 NPT
2026-08-01 21:24 NPT,931c10a,hospital,"BPKIHS, Dharan",बीपी कोइराला स्वास्थ्य,open,150 beds,2026-08-01 21:24 NPT
2026-08-01 21:24 NPT,931c10a,hospital,"Koshi Hospital, Biratnagar",कोशी अस्पताल,open,80 beds,2026-08-01 21:24 NPT
2026-08-01 21:24 NPT,931c10a,hospital,"Bheri Hospital, Nepalgunj",भेरी अस्पताल,open,70 beds,2026-08-01 21:24 NPT
2026-08-01 21:24 NPT,931c10a,hospital,Chitwan Medical College,चितवन मेडिकल कलेज,open,100 beds,2026-08-01 21:24 NPT
2026-08-01 21:24 NPT,931c10a,hospital,Lumbini Provincial Hospital,लुम्बिनी प्रादेशिक,open,110 beds,2026-08-01 21:24 NPT
2026-08-01 20:12 NPT,009f4f2,road,NH01 – Mahendra Rajmarg,महेन्द्र राजमार्ग,open,,2026-08-01 20:12 NPT
2026-08-01 20:12 NPT,009f4f2,road,NH02 – Mechi Rajmarg,मेची राजमार्ग,partial,"Landslide at Ilam-9, Ilam",2026-08-01 20:12 NPT
2026-08-01 20:12 NPT,009f4f2,road,NH03 – Puspalal Hwy (Mid-Hill),पुष्पलाल राजमार्ग,partial,"Landslide at Kanthekhola-5, Baglung",2026-08-01 20:12 NPT
2026-08-01 20:12 NPT,009f4f2,road,NH04 – Birtamod-Chandragadhi,विर्तामोड–चन्द्रगढी,open,,2026-08-01 20:12 NPT
2026-08-01 20:12 NPT,009f4f2,road,NH05 – Postal Hwy,हुलाकी राजमार्ग,open,,2026-08-01 20:12 NPT
2026-08-01 20:12 NPT,009f4f2,road,NH06 – Koshi Rajmarg,कोशी राजमार्ग,open,,2026-08-01 20:12 NPT
2026-08-01 20:12 NPT,009f4f2,road,NH08 – Sagarmatha Rajmarg,सगरमाथा राजमार्ग,open,,2026-08-01 20:12 NPT
2026-08-01 20:12 NPT,009f4f2,road,NH09 – Madan Bhandari Hwy,मदन भण्डारी राजमार्ग,open,,2026-08-01 20:12 NPT
2026-08-01 20:12 NPT,009f4f2,road,NH10 – Siddhartha Hwy,सिद्धार्थ राजमार्ग,open,,2026-08-01 20:12 NPT
2026-08-01 20:12 NPT,009f4f2,road,NH11 – Rapti Rajmarg,राप्ती राजमार्ग,open,,2026-08-01 20:12 NPT
2026-08-01 20:12 NPT,009f4f2,road,NH12 – Ratna Rajmarg,रत्न राजमार्ग,open,,2026-08-01 20:12 NPT
2026-08-01 20:12 NPT,009f4f2,road,NH13 – Karnali Rajmarg,कर्णाली राजमार्ग,open,,2026-08-01 20:12 NPT
2026-08-01 20:12 NPT,009f4f2,road,NH14 – Mahakali Rajmarg,महाकाली राजमार्ग,open,,2026-08-01 20:12 NPT
2026-08-01 20:12 NPT,009f4f2,road,NH15 – Seti Rajmarg,सेती राजमार्ग,open,,2026-08-01 20:12 NPT
2026-08-01 20:12 NPT,009f4f2,road,NH16 – Rapti-Lumbini Hwy,राप्ती-लुम्बिनी,open,,2026-08-01 20:12 NPT
2026-08-01 20:12 NPT,009f4f2,road,NH34 – Araniko Hwy,अरनिको राजमार्ग,closed,"Landslide at Bhotekoshi-4, Sindhupalchok",2026-08-01 20:12 NPT
2026-08-01 20:12 NPT,009f4f2,road,NH38 – BP Hwy,बीपी राजमार्ग,open,,2026-08-01 20:12 NPT
2026-08-01 20:12 NPT,009f4f2,road,NH41 – Tribhuvan Hwy,त्रिभुवन राजमार्ग,partial,"Landslide at Bhimphedi-9, Makwanpur",2026-08-01 20:12 NPT
2026-08-01 20:12 NPT,009f4f2,road,NH42 – Prithvi Hwy,पृथ्वी राजमार्ग,closed,"Landslide at Benighat Rorang-10, Dhading",2026-08-01 20:12 NPT
2026-08-01 20:12 NPT,009f4f2,road,NH43 – Narayanghat-Mugling,नारायणगढ–मुग्लिन,open,,2026-08-01 20:12 NPT
2026-08-01 20:12 NPT,009f4f2,airport,Tribhuvan Intl (KTM),त्रिभुवन अन्तर्राष्ट्रिय,open,Normal operations,2026-08-01 20:12 NPT
2026-08-01 20:12 NPT,009f4f2,airport,Gautam Buddha Intl (BWA),गौतम बुद्ध विमानस्थल,open,,2026-08-01 20:12 NPT
2026-08-01 20:12 NPT,009f4f2,airport,Pokhara Regional (PKR),पोखरा विमानस्थल,open,,2026-08-01 20:12 NPT
2026-08-01 20:12 NPT,009f4f2,airport,Bharatpur (BHR),भरतपुर विमानस्थल,open,,2026-08-01 20:12 NPT
2026-08-01 20:12 NPT,009f4f2,airport,Dhangadhi (DHI),धनगढी विमानस्थल,open,,2026-08-01 20:12 NPT
2026-08-01 20:12 NPT,009f4f2,airport,Biratnagar (BIR),विराटनगर विमानस्थल,open,,2026-08-01 20:12 NPT
2026-08-01 20:12 NPT,009f4f2,airport,Nepalgunj (KEP),नेपालगञ्ज विमानस्थल,open,,2026-08-01 20:12 NPT
2026-08-01 20:12 NPT,009f4f2,airport,Chandragadhi (BDP),चन्द्रगढी विमानस्थल,open,,2026-08-01 20:12 NPT
2026-08-01 20:12 NPT,009f4f2,airport,Janakpur (JKR),जनकपुर विमानस्थल,open,,2026-08-01 20:12 NPT
2026-08-01 20:12 NPT,009f4f2,airport,Simara (SIF),सिमरा विमानस्थल,open,,2026-08-01 20:12 NPT
2026-08-01 20:12 NPT,009f4f2,hospital,"Bir Hospital, Kathmandu",बीर अस्पताल,open,120 beds,2026-08-01 20:12 NPT
2026-08-01 20:12 NPT,009f4f2,hospital,"TU Teaching Hospital, KTM",त्रिवि शिक्षण अस्पताल,open,95 beds,2026-08-01 20:12 NPT
2026-08-01 20:12 NPT,009f4f2,hospital,"Patan Hospital, Lalitpur",पाटन अस्पताल,open,60 beds,2026-08-01 20:12 NPT
2026-08-01 20:12 NPT,009f4f2,hospital,"Manipal College Hospital, PKR",मणिपाल अस्पताल,open,45 beds,2026-08-01 20:12 NPT
2026-08-01 20:12 NPT,009f4f2,hospital,"Gandaki Medical College, PKR",गण्डकी अस्पताल,open,38 beds,2026-08-01 20:12 NPT
2026-08-01 20:12 NPT,009f4f2,hospital,"BPKIHS, Dharan",बीपी कोइराला स्वास्थ्य,open,150 beds,2026-08-01 20:12 NPT
2026-08-01 20:12 NPT,009f4f2,hospital,"Koshi Hospital, Biratnagar",कोशी अस्पताल,open,80 beds,2026-08-01 20:12 NPT
2026-08-01 20:12 NPT,009f4f2,hospital,"Bheri Hospital, Nepalgunj",भेरी अस्पताल,open,70 beds,2026-08-01 20:12 NPT
2026-08-01 20:12 NPT,009f4f2,hospital,Chitwan Medical College,चितवन मेडिकल कलेज,open,100 beds,2026-08-01 20:12 NPT
2026-08-01 20:12 NPT,009f4f2,hospital,Lumbini Provincial Hospital,लुम्बिनी प्रादेशिक,open,110 beds,2026-08-01 20:12 NPT
2026-08-01 18:18 NPT,33eceed,road,NH01 – Mahendra Rajmarg,महेन्द्र राजमार्ग,open,,2026-08-01 18:18 NPT
2026-08-01 18:18 NPT,33eceed,road,NH02 – Mechi Rajmarg,मेची राजमार्ग,partial,"Landslide at Ilam-9, Ilam",2026-08-01 18:18 NPT
2026-08-01 18:18 NPT,33eceed,road,NH03 – Puspalal Hwy (Mid-Hill),पुष्पलाल राजमार्ग,partial,"Landslide at Kanthekhola-5, Baglung",2026-08-01 18:18 NPT
2026-08-01 18:18 NPT,33eceed,road,NH04 – Birtamod-Chandragadhi,विर्तामोड–चन्द्रगढी,open,,2026-08-01 18:18 NPT
2026-08-01 18:18 NPT,33eceed,road,NH05 – Postal Hwy,हुलाकी राजमार्ग,open,,2026-08-01 18:18 NPT
2026-08-01 18:18 NPT,33eceed,road,NH06 – Koshi Rajmarg,कोशी राजमार्ग,open,,2026-08-01 18:18 NPT
2026-08-01 18:18 NPT,33eceed,road,NH08 – Sagarmatha Rajmarg,सगरमाथा राजमार्ग,open,,2026-08-01 18:18 NPT
2026-08-01 18:18 NPT,33eceed,road,NH09 – Madan Bhandari Hwy,मदन भण्डारी राजमार्ग,open,,2026-08-01 18:18 NPT
2026-08-01 18:18 NPT,33eceed,road,NH10 – Siddhartha Hwy,सिद्धार्थ राजमार्ग,open,,2026-08-01 18:18 NPT
2026-08-01 18:18 NPT,33eceed,road,NH11 – Rapti Rajmarg,राप्ती राजमार्ग,open,,2026-08-01 18:18 NPT
2026-08-01 18:18 NPT,33eceed,road,NH12 – Ratna Rajmarg,रत्न राजमार्ग,open,,2026-08-01 18:18 NPT
2026-08-01 18:18 NPT,33eceed,road,NH13 – Karnali Rajmarg,कर्णाली राजमार्ग,open,,2026-08-01 18:18 NPT
2026-08-01 18:18 NPT,33eceed,road,NH14 – Mahakali Rajmarg,महाकाली राजमार्ग,open,,2026-08-01 18:18 NPT
2026-08-01 18:18 NPT,33eceed,road,NH15 – Seti Rajmarg,सेती राजमार्ग,open,,2026-08-01 18:18 NPT
2026-08-01 18:18 NPT,33eceed,road,NH16 – Rapti-Lumbini Hwy,राप्ती-लुम्बिनी,open,,2026-08-01 18:18 NPT
2026-08-01 18:18 NPT,33eceed,road,NH34 – Araniko Hwy,अरनिको राजमार्ग,closed,"Landslide at Bhotekoshi-4, Sindhupalchok",2026-08-01 18:18 NPT
2026-08-01 18:18 NPT,33eceed,road,NH38 – BP Hwy,बीपी राजमार्ग,open,,2026-08-01 18:18 NPT
2026-08-01 18:18 NPT,33eceed,road,NH41 – Tribhuvan Hwy,त्रिभुवन राजमार्ग,partial,"Landslide at Bhimphedi-9, Makwanpur",2026-08-01 18:18 NPT
2026-08-01 18:18 NPT,33eceed,road,NH42 – Prithvi Hwy,पृथ्वी राजमार्ग,closed,"Landslide at Benighat Rorang-10, Dhading",2026-08-01 18:18 NPT
2026-08-01 18:18 NPT,33eceed,road,NH43 – Narayanghat-Mugling,नारायणगढ–मुग्लिन,open,,2026-08-01 18:18 NPT
2026-08-01 18:18 NPT,33eceed,airport,Tribhuvan Intl (KTM),त्रिभुवन अन्तर्राष्ट्रिय,open,Normal operations,2026-08-01 18:18 NPT
2026-08-01 18:18 NPT,33eceed,airport,Gautam Buddha Intl (BWA),गौतम बुद्ध विमानस्थल,open,,2026-08-01 18:18 NPT
2026-08-01 18:18 NPT,33eceed,airport,Pokhara Regional (PKR),पोखरा विमानस्थल,open,,2026-08-01 18:18 NPT
2026-08-01 18:18 NPT,33eceed,airport,Bharatpur (BHR),भरतपुर विमानस्थल,open,,2026-08-01 18:18 NPT
2026-08-01 18:18 NPT,33eceed,airport,Dhangadhi (DHI),धनगढी विमानस्थल,open,,2026-08-01 18:18 NPT
2026-08-01 18:18 NPT,33eceed,airport,Biratnagar (BIR),विराटनगर विमानस्थल,open,,2026-08-01 18:18 NPT
2026-08-01 18:18 NPT,33eceed,airport,Nepalgunj (KEP),नेपालगञ्ज विमानस्थल,open,,2026-08-01 18:18 NPT
2026-08-01 18:18 NPT,33eceed,airport,Chandragadhi (BDP),चन्द्रगढी विमानस्थल,open,,2026-08-01 18:18 NPT
2026-08-01 18:18 NPT,33eceed,airport,Janakpur (JKR),जनकपुर विमानस्थल,open,,2026-08-01 18:18 NPT
2026-08-01 18:18 NPT,33eceed,airport,Simara (SIF),सिमरा विमानस्थल,open,,2026-08-01 18:18 NPT
2026-08-01 18:18 NPT,33eceed,hospital,"Bir Hospital, Kathmandu",बीर अस्पताल,open,120 beds,2026-08-01 18:18 NPT
2026-08-01 18:18 NPT,33eceed,hospital,"TU Teaching Hospital, KTM",त्रिवि शिक्षण अस्पताल,open,95 beds,2026-08-01 18:18 NPT
2026-08-01 18:18 NPT,33eceed,hospital,"Patan Hospital, Lalitpur",पाटन अस्पताल,open,60 beds,2026-08-01 18:18 NPT
2026-08-01 18:18 NPT,33eceed,hospital,"Manipal College Hospital, PKR",मणिपाल अस्पताल,open,45 beds,2026-08-01 18:18 NPT
2026-08-01 18:18 NPT,33eceed,hospital,"Gandaki Medical College, PKR",गण्डकी अस्पताल,open,38 beds,2026-08-01 18:18 NPT
2026-08-01 18:18 NPT,33eceed,hospital,"BPKIHS, Dharan",बीपी कोइराला स्वास्थ्य,open,150 beds,2026-08-01 18:18 NPT
2026-08-01 18:18 NPT,33eceed,hospital,"Koshi Hospital, Biratnagar",कोशी अस्पताल,open,80 beds,2026-08-01 18:18 NPT
2026-08-01 18:18 NPT,33eceed,hospital,"Bheri Hospital, Nepalgunj",भेरी अस्पताल,open,70 beds,2026-08-01 18:18 NPT
2026-08-01 18:18 NPT,33eceed,hospital,Chitwan Medical College,चितवन मेडिकल कलेज,open,100 beds,2026-08-01 18:18 NPT
2026-08-01 18:18 NPT,33eceed,hospital,Lumbini Provincial Hospital,लुम्बिनी प्रादेशिक,open,110 beds,2026-08-01 18:18 NPT
2026-08-01 17:03 NPT,bed5504,road,NH01 – Mahendra Rajmarg,महेन्द्र राजमार्ग,open,,2026-08-01 17:03 NPT
2026-08-01 17:03 NPT,bed5504,road,NH02 – Mechi Rajmarg,मेची राजमार्ग,partial,"Landslide at Ilam-9, Ilam",2026-08-01 17:03 NPT
2026-08-01 17:03 NPT,bed5504,road,NH03 – Puspalal Hwy (Mid-Hill),पुष्पलाल राजमार्ग,partial,"Landslide at Kanthekhola-5, Baglung",2026-08-01 17:03 NPT
2026-08-01 17:03 NPT,bed5504,road,NH04 – Birtamod-Chandragadhi,विर्तामोड–चन्द्रगढी,open,,2026-08-01 17:03 NPT
2026-08-01 17:03 NPT,bed5504,road,NH05 – Postal Hwy,हुलाकी राजमार्ग,open,,2026-08-01 17:03 NPT
2026-08-01 17:03 NPT,bed5504,road,NH06 – Koshi Rajmarg,कोशी राजमार्ग,open,,2026-08-01 17:03 NPT
2026-08-01 17:03 NPT,bed5504,road,NH08 – Sagarmatha Rajmarg,सगरमाथा राजमार्ग,open,,2026-08-01 17:03 NPT
2026-08-01 17:03 NPT,bed5504,road,NH09 – Madan Bhandari Hwy,मदन भण्डारी राजमार्ग,open,,2026-08-01 17:03 NPT
2026-08-01 17:03 NPT,bed5504,road,NH10 – Siddhartha Hwy,सिद्धार्थ राजमार्ग,open,,2026-08-01 17:03 NPT
2026-08-01 17:03 NPT,bed5504,road,NH11 – Rapti Rajmarg,राप्ती राजमार्ग,open,,2026-08-01 17:03 NPT
2026-08-01 17:03 NPT,bed5504,road,NH12 – Ratna Rajmarg,रत्न राजमार्ग,open,,2026-08-01 17:03 NPT
2026-08-01 17:03 NPT,bed5504,road,NH13 – Karnali Rajmarg,कर्णाली राजमार्ग,open,,2026-08-01 17:03 NPT
2026-08-01 17:03 NPT,bed5504,road,NH14 – Mahakali Rajmarg,महाकाली राजमार्ग,open,,2026-08-01 17:03 NPT
2026-08-01 17:03 NPT,bed5504,road,NH15 – Seti Rajmarg,सेती राजमार्ग,open,,2026-08-01 17:03 NPT
2026-08-01 17:03 NPT,bed5504,road,NH16 – Rapti-Lumbini Hwy,राप्ती-लुम्बिनी,open,,2026-08-01 17:03 NPT
2026-08-01 17:03 NPT,bed5504,road,NH34 – Araniko Hwy,अरनिको राजमार्ग,closed,"Landslide at Bhotekoshi-4, Sindhupalchok",2026-08-01 17:03 NPT
2026-08-01 17:03 NPT,bed5504,road,NH38 – BP Hwy,बीपी राजमार्ग,open,,2026-08-01 17:03 NPT
2026-08-01 17:03 NPT,bed5504,road,NH41 – Tribhuvan Hwy,त्रिभुवन राजमार्ग,partial,"Landslide at Bhimphedi-9, Makwanpur",2026-08-01 17:03 NPT
2026-08-01 17:03 NPT,bed5504,road,NH42 – Prithvi Hwy,पृथ्वी राजमार्ग,closed,"Landslide at Benighat Rorang-10, Dhading",2026-08-01 17:03 NPT
2026-08-01 17:03 NPT,bed5504,road,NH43 – Narayanghat-Mugling,नारायणगढ–मुग्लिन,open,,2026-08-01 17:03 NPT
2026-08-01 17:03 NPT,bed5504,airport,Tribhuvan Intl (KTM),त्रिभुवन अन्तर्राष्ट्रिय,open,Normal operations,2026-08-01 17:03 NPT
2026-08-01 17:03 NPT,bed5504,airport,Gautam Buddha Intl (BWA),गौतम बुद्ध विमानस्थल,open,,2026-08-01 17:03 NPT
2026-08-01 17:03 NPT,bed5504,airport,Pokhara Regional (PKR),पोखरा विमानस्थल,open,,2026-08-01 17:03 NPT
2026-08-01 17:03 NPT,bed5504,airport,Bharatpur (BHR),भरतपुर विमानस्थल,open,,2026-08-01 17:03 NPT
2026-08-01 17:03 NPT,bed5504,airport,Dhangadhi (DHI),धनगढी विमानस्थल,open,,2026-08-01 17:03 NPT
2026-08-01 17:03 NPT,bed5504,airport,Biratnagar (BIR),विराटनगर विमानस्थल,open,,2026-08-01 17:03 NPT
2026-08-01 17:03 NPT,bed5504,airport,Nepalgunj (KEP),नेपालगञ्ज विमानस्थल,open,,2026-08-01 17:03 NPT
2026-08-01 17:03 NPT,bed5504,airport,Chandragadhi (BDP),चन्द्रगढी विमानस्थल,open,,2026-08-01 17:03 NPT
2026-08-01 17:03 NPT,bed5504,airport,Janakpur (JKR),जनकपुर विमानस्थल,open,,2026-08-01 17:03 NPT
2026-08-01 17:03 NPT,bed5504,airport,Simara (SIF),सिमरा विमानस्थल,open,,2026-08-01 17:03 NPT
2026-08-01 17:03 NPT,bed5504,hospital,"Bir Hospital, Kathmandu",बीर अस्पताल,open,120 beds,2026-08-01 17:03 NPT
2026-08-01 17:03 NPT,bed5504,hospital,"TU Teaching Hospital, KTM",त्रिवि शिक्षण अस्पताल,open,95 beds,2026-08-01 17:03 NPT
2026-08-01 17:03 NPT,bed5504,hospital,"Patan Hospital, Lalitpur",पाटन अस्पताल,open,60 beds,2026-08-01 17:03 NPT
2026-08-01 17:03 NPT,bed5504,hospital,"Manipal College Hospital, PKR",मणिपाल अस्पताल,open,45 beds,2026-08-01 17:03 NPT
2026-08-01 17:03 NPT,bed5504,hospital,"Gandaki Medical College, PKR",गण्डकी अस्पताल,open,38 beds,2026-08-01 17:03 NPT
2026-08-01 17:03 NPT,bed5504,hospital,"BPKIHS, Dharan",बीपी कोइराला स्वास्थ्य,open,150 beds,2026-08-01 17:03 NPT
2026-08-01 17:03 NPT,bed5504,hospital,"Koshi Hospital, Biratnagar",कोशी अस्पताल,open,80 beds,2026-08-01 17:03 NPT
2026-08-01 17:03 NPT,bed5504,hospital,"Bheri Hospital, Nepalgunj",भेरी अस्पताल,open,70 beds,2026-08-01 17:03 NPT
2026-08-01 17:03 NPT,bed5504,hospital,Chitwan Medical College,चितवन मेडिकल कलेज,open,100 beds,2026-08-01 17:03 NPT
2026-08-01 17:03 NPT,bed5504,hospital,Lumbini Provincial Hospital,लुम्बिनी प्रादेशिक,open,110 beds,2026-08-01 17:03 NPT
2026-08-01 15:18 NPT,9a17962,road,NH01 – Mahendra Rajmarg,महेन्द्र राजमार्ग,open,,2026-08-01 15:18 NPT
2026-08-01 15:18 NPT,9a17962,road,NH02 – Mechi Rajmarg,मेची राजमार्ग,partial,"Landslide at Ilam-9, Ilam",2026-08-01 15:18 NPT
2026-08-01 15:18 NPT,9a17962,road,NH03 – Puspalal Hwy (Mid-Hill),पुष्पलाल राजमार्ग,partial,"Landslide at Kanthekhola-5, Baglung",2026-08-01 15:18 NPT
2026-08-01 15:18 NPT,9a17962,road,NH04 – Birtamod-Chandragadhi,विर्तामोड–चन्द्रगढी,open,,2026-08-01 15:18 NPT
2026-08-01 15:18 NPT,9a17962,road,NH05 – Postal Hwy,हुलाकी राजमार्ग,open,,2026-08-01 15:18 NPT
2026-08-01 15:18 NPT,9a17962,road,NH06 – Koshi Rajmarg,कोशी राजमार्ग,open,,2026-08-01 15:18 NPT
2026-08-01 15:18 NPT,9a17962,road,NH08 – Sagarmatha Rajmarg,सगरमाथा राजमार्ग,open,,2026-08-01 15:18 NPT
2026-08-01 15:18 NPT,9a17962,road,NH09 – Madan Bhandari Hwy,मदन भण्डारी राजमार्ग,open,,2026-08-01 15:18 NPT
2026-08-01 15:18 NPT,9a17962,road,NH10 – Siddhartha Hwy,सिद्धार्थ राजमार्ग,open,,2026-08-01 15:18 NPT
2026-08-01 15:18 NPT,9a17962,road,NH11 – Rapti Rajmarg,राप्ती राजमार्ग,open,,2026-08-01 15:18 NPT
2026-08-01 15:18 NPT,9a17962,road,NH12 – Ratna Rajmarg,रत्न राजमार्ग,open,,2026-08-01 15:18 NPT
2026-08-01 15:18 NPT,9a17962,road,NH13 – Karnali Rajmarg,कर्णाली राजमार्ग,open,,2026-08-01 15:18 NPT
2026-08-01 15:18 NPT,9a17962,road,NH14 – Mahakali Rajmarg,महाकाली राजमार्ग,open,,2026-08-01 15:18 NPT
2026-08-01 15:18 NPT,9a17962,road,NH15 – Seti Rajmarg,सेती राजमार्ग,open,,2026-08-01 15:18 NPT
2026-08-01 15:18 NPT,9a17962,road,NH16 – Rapti-Lumbini Hwy,राप्ती-लुम्बिनी,open,,2026-08-01 15:18 NPT
2026-08-01 15:18 NPT,9a17962,road,NH34 – Araniko Hwy,अरनिको राजमार्ग,closed,"Landslide at Bhotekoshi-4, Sindhupalchok",2026-08-01 15:18 NPT
2026-08-01 15:18 NPT,9a17962,road,NH38 – BP Hwy,बीपी राजमार्ग,open,,2026-08-01 15:18 NPT
2026-08-01 15:18 NPT,9a17962,road,NH41 – Tribhuvan Hwy,त्रिभुवन राजमार्ग,partial,"Landslide at Bhimphedi-9, Makwanpur",2026-08-01 15:18 NPT
2026-08-01 15:18 NPT,9a17962,road,NH42 – Prithvi Hwy,पृथ्वी राजमार्ग,closed,"Landslide at Benighat Rorang-10, Dhading",2026-08-01 15:18 NPT
2026-08-01 15:18 NPT,9a17962,road,NH43 – Narayanghat-Mugling,नारायणगढ–मुग्लिन,open,,2026-08-01 15:18 NPT
2026-08-01 15:18 NPT,9a17962,airport,Tribhuvan Intl (KTM),त्रिभुवन अन्तर्राष्ट्रिय,open,Normal operations,2026-08-01 15:18 NPT
2026-08-01 15:18 NPT,9a17962,airport,Gautam Buddha Intl (BWA),गौतम बुद्ध विमानस्थल,open,,2026-08-01 15:18 NPT
2026-08-01 15:18 NPT,9a17962,airport,Pokhara Regional (PKR),पोखरा विमानस्थल,open,,2026-08-01 15:18 NPT
2026-08-01 15:18 NPT,9a17962,airport,Bharatpur (BHR),भरतपुर विमानस्थल,open,,2026-08-01 15:18 NPT
2026-08-01 15:18 NPT,9a17962,airport,Dhangadhi (DHI),धनगढी विमानस्थल,open,,2026-08-01 15:18 NPT
2026-08-01 15:18 NPT,9a17962,airport,Biratnagar (BIR),विराटनगर विमानस्थल,open,,2026-08-01 15:18 NPT
2026-08-01 15:18 NPT,9a17962,airport,Nepalgunj (KEP),नेपालगञ्ज विमानस्थल,open,,2026-08-01 15:18 NPT
2026-08-01 15:18 NPT,9a17962,airport,Chandragadhi (BDP),चन्द्रगढी विमानस्थल,open,,2026-08-01 15:18 NPT
2026-08-01 15:18 NPT,9a17962,airport,Janakpur (JKR),जनकपुर विमानस्थल,open,,2026-08-01 15:18 NPT
2026-08-01 15:18 NPT,9a17962,airport,Simara (SIF),सिमरा विमानस्थल,open,,2026-08-01 15:18 NPT
2026-08-01 15:18 NPT,9a17962,hospital,"Bir Hospital, Kathmandu",बीर अस्पताल,open,120 beds,2026-08-01 15:18 NPT
2026-08-01 15:18 NPT,9a17962,hospital,"TU Teaching Hospital, KTM",त्रिवि शिक्षण अस्पताल,open,95 beds,2026-08-01 15:18 NPT
2026-08-01 15:18 NPT,9a17962,hospital,"Patan Hospital, Lalitpur",पाटन अस्पताल,open,60 beds,2026-08-01 15:18 NPT
2026-08-01 15:18 NPT,9a17962,hospital,"Manipal College Hospital, PKR",मणिपाल अस्पताल,open,45 beds,2026-08-01 15:18 NPT
2026-08-01 15:18 NPT,9a17962,hospital,"Gandaki Medical College, PKR",गण्डकी अस्पताल,open,38 beds,2026-08-01 15:18 NPT
2026-08-01 15:18 NPT,9a17962,hospital,"BPKIHS, Dharan",बीपी कोइराला स्वास्थ्य,open,150 beds,2026-08-01 15:18 NPT
2026-08-01 15:18 NPT,9a17962,hospital,"Koshi Hospital, Biratnagar",कोशी अस्पताल,open,80 beds,2026-08-01 15:18 NPT
2026-08-01 15:18 NPT,9a17962,hospital,"Bheri Hospital, Nepalgunj",भेरी अस्पताल,open,70 beds,2026-08-01 15:18 NPT
2026-08-01 15:18 NPT,9a17962,hospital,Chitwan Medical College,चितवन मेडिकल कलेज,open,100 beds,2026-08-01 15:18 NPT
2026-08-01 15:18 NPT,9a17962,hospital,Lumbini Provincial Hospital,लुम्बिनी प्रादेशिक,open,110 beds,2026-08-01 15:18 NPT
2026-08-01 13:13 NPT,8cd95bb,road,NH01 – Mahendra Rajmarg,महेन्द्र राजमार्ग,open,,2026-08-01 13:13 NPT
2026-08-01 13:13 NPT,8cd95bb,road,NH02 – Mechi Rajmarg,मेची राजमार्ग,partial,"Landslide at Ilam-9, Ilam",2026-08-01 13:13 NPT
2026-08-01 13:13 NPT,8cd95bb,road,NH03 – Puspalal Hwy (Mid-Hill),पुष्पलाल राजमार्ग,partial,"Landslide at Kanthekhola-5, Baglung",2026-08-01 13:13 NPT
2026-08-01 13:13 NPT,8cd95bb,road,NH04 – Birtamod-Chandragadhi,विर्तामोड–चन्द्रगढी,open,,2026-08-01 13:13 NPT
2026-08-01 13:13 NPT,8cd95bb,road,NH05 – Postal Hwy,हुलाकी राजमार्ग,open,,2026-08-01 13:13 NPT
2026-08-01 13:13 NPT,8cd95bb,road,NH06 – Koshi Rajmarg,कोशी राजमार्ग,open,,2026-08-01 13:13 NPT
2026-08-01 13:13 NPT,8cd95bb,road,NH08 – Sagarmatha Rajmarg,सगरमाथा राजमार्ग,open,,2026-08-01 13:13 NPT
2026-08-01 13:13 NPT,8cd95bb,road,NH09 – Madan Bhandari Hwy,मदन भण्डारी राजमार्ग,open,,2026-08-01 13:13 NPT
2026-08-01 13:13 NPT,8cd95bb,road,NH10 – Siddhartha Hwy,सिद्धार्थ राजमार्ग,open,,2026-08-01 13:13 NPT
2026-08-01 13:13 NPT,8cd95bb,road,NH11 – Rapti Rajmarg,राप्ती राजमार्ग,open,,2026-08-01 13:13 NPT
2026-08-01 13:13 NPT,8cd95bb,road,NH12 – Ratna Rajmarg,रत्न राजमार्ग,open,,2026-08-01 13:13 NPT
2026-08-01 13:13 NPT,8cd95bb,road,NH13 – Karnali Rajmarg,कर्णाली राजमार्ग,open,,2026-08-01 13:13 NPT
2026-08-01 13:13 NPT,8cd95bb,road,NH14 – Mahakali Rajmarg,महाकाली राजमार्ग,open,,2026-08-01 13:13 NPT
2026-08-01 13:13 NPT,8cd95bb,road,NH15 – Seti Rajmarg,सेती राजमार्ग,open,,2026-08-01 13:13 NPT
2026-08-01 13:13 NPT,8cd95bb,road,NH16 – Rapti-Lumbini Hwy,राप्ती-लुम्बिनी,open,,2026-08-01 13:13 NPT
2026-08-01 13:13 NPT,8cd95bb,road,NH34 – Araniko Hwy,अरनिको राजमार्ग,closed,"Landslide at Bhotekoshi-4, Sindhupalchok",2026-08-01 13:13 NPT
2026-08-01 13:13 NPT,8cd95bb,road,NH38 – BP Hwy,बीपी राजमार्ग,open,,2026-08-01 13:13 NPT
2026-08-01 13:13 NPT,8cd95bb,road,NH41 – Tribhuvan Hwy,त्रिभुवन राजमार्ग,partial,"Landslide at Bhimphedi-9, Makwanpur",2026-08-01 13:13 NPT
2026-08-01 13:13 NPT,8cd95bb,road,NH42 – Prithvi Hwy,पृथ्वी राजमार्ग,closed,"Landslide at Benighat Rorang-10, Dhading",2026-08-01 13:13 NPT
2026-08-01 13:13 NPT,8cd95bb,road,NH43 – Narayanghat-Mugling,नारायणगढ–मुग्लिन,open,,2026-08-01 13:13 NPT
2026-08-01 13:13 NPT,8cd95bb,airport,Tribhuvan Intl (KTM),त्रिभुवन अन्तर्राष्ट्रिय,open,Normal operations,2026-08-01 13:13 NPT
2026-08-01 13:13 NPT,8cd95bb,airport,Gautam Buddha Intl (BWA),गौतम बुद्ध विमानस्थल,open,,2026-08-01 13:13 NPT
2026-08-01 13:13 NPT,8cd95bb,airport,Pokhara Regional (PKR),पोखरा विमानस्थल,open,,2026-08-01 13:13 NPT
2026-08-01 13:13 NPT,8cd95bb,airport,Bharatpur (BHR),भरतपुर विमानस्थल,open,,2026-08-01 13:13 NPT
2026-08-01 13:13 NPT,8cd95bb,airport,Dhangadhi (DHI),धनगढी विमानस्थल,open,,2026-08-01 13:13 NPT
2026-08-01 13:13 NPT,8cd95bb,airport,Biratnagar (BIR),विराटनगर विमानस्थल,open,,2026-08-01 13:13 NPT
2026-08-01 13:13 NPT,8cd95bb,airport,Nepalgunj (KEP),नेपालगञ्ज विमानस्थल,open,,2026-08-01 13:13 NPT
2026-08-01 13:13 NPT,8cd95bb,airport,Chandragadhi (BDP),चन्द्रगढी विमानस्थल,open,,2026-08-01 13:13 NPT
2026-08-01 13:13 NPT,8cd95bb,airport,Janakpur (JKR),जनकपुर विमानस्थल,open,,2026-08-01 13:13 NPT
2026-08-01 13:13 NPT,8cd95bb,airport,Simara (SIF),सिमरा विमानस्थल,open,,2026-08-01 13:13 NPT
2026-08-01 13:13 NPT,8cd95bb,hospital,"Bir Hospital, Kathmandu",बीर अस्पताल,open,120 beds,2026-08-01 13:13 NPT
2026-08-01 13:13 NPT,8cd95bb,hospital,"TU Teaching Hospital, KTM",त्रिवि शिक्षण अस्पताल,open,95 beds,2026-08-01 13:13 NPT
2026-08-01 13:13 NPT,8cd95bb,hospital,"Patan Hospital, Lalitpur",पाटन अस्पताल,open,60 beds,2026-08-01 13:13 NPT
2026-08-01 13:13 NPT,8cd95bb,hospital,"Manipal College Hospital, PKR",मणिपाल अस्पताल,open,45 beds,2026-08-01 13:13 NPT
2026-08-01 13:13 NPT,8cd95bb,hospital,"Gandaki Medical College, PKR",गण्डकी अस्पताल,open,38 beds,2026-08-01 13:13 NPT
2026-08-01 13:13 NPT,8cd95bb,hospital,"BPKIHS, Dharan",बीपी कोइराला स्वास्थ्य,open,150 beds,2026-08-01 13:13 NPT
2026-08-01 13:13 NPT,8cd95bb,hospital,"Koshi Hospital, Biratnagar",कोशी अस्पताल,open,80 beds,2026-08-01 13:13 NPT
2026-08-01 13:13 NPT,8cd95bb,hospital,"Bheri Hospital, Nepalgunj",भेरी अस्पताल,open,70 beds,2026-08-01 13:13 NPT
2026-08-01 13:13 NPT,8cd95bb,hospital,Chitwan Medical College,चितवन मेडिकल कलेज,open,100 beds,2026-08-01 13:13 NPT
2026-08-01 13:13 NPT,8cd95bb,hospital,Lumbini Provincial Hospital,लुम्बिनी प्रादेशिक,open,110 beds,2026-08-01 13:13 NPT
2026-08-01 10:37 NPT,1767c8b,road,NH01 – Mahendra Rajmarg,महेन्द्र राजमार्ग,open,,2026-08-01 10:37 NPT
2026-08-01 10:37 NPT,1767c8b,road,NH02 – Mechi Rajmarg,मेची राजमार्ग,partial,"Landslide at Ilam-9, Ilam",2026-08-01 10:37 NPT
2026-08-01 10:37 NPT,1767c8b,road,NH03 – Puspalal Hwy (Mid-Hill),पुष्पलाल राजमार्ग,partial,"Landslide at Kanthekhola-5, Baglung",2026-08-01 10:37 NPT
2026-08-01 10:37 NPT,1767c8b,road,NH04 – Birtamod-Chandragadhi,विर्तामोड–चन्द्रगढी,open,,2026-08-01 10:37 NPT
2026-08-01 10:37 NPT,1767c8b,road,NH05 – Postal Hwy,हुलाकी राजमार्ग,open,,2026-08-01 10:37 NPT
2026-08-01 10:37 NPT,1767c8b,road,NH06 – Koshi Rajmarg,कोशी राजमार्ग,open,,2026-08-01 10:37 NPT
2026-08-01 10:37 NPT,1767c8b,road,NH08 – Sagarmatha Rajmarg,सगरमाथा राजमार्ग,open,,2026-08-01 10:37 NPT
2026-08-01 10:37 NPT,1767c8b,road,NH09 – Madan Bhandari Hwy,मदन भण्डारी राजमार्ग,open,,2026-08-01 10:37 NPT
2026-08-01 10:37 NPT,1767c8b,road,NH10 – Siddhartha Hwy,सिद्धार्थ राजमार्ग,open,,2026-08-01 10:37 NPT
2026-08-01 10:37 NPT,1767c8b,road,NH11 – Rapti Rajmarg,राप्ती राजमार्ग,open,,2026-08-01 10:37 NPT
2026-08-01 10:37 NPT,1767c8b,road,NH12 – Ratna Rajmarg,रत्न राजमार्ग,open,,2026-08-01 10:37 NPT
2026-08-01 10:37 NPT,1767c8b,road,NH13 – Karnali Rajmarg,कर्णाली राजमार्ग,open,,2026-08-01 10:37 NPT
2026-08-01 10:37 NPT,1767c8b,road,NH14 – Mahakali Rajmarg,महाकाली राजमार्ग,open,,2026-08-01 10:37 NPT
2026-08-01 10:37 NPT,1767c8b,road,NH15 – Seti Rajmarg,सेती राजमार्ग,open,,2026-08-01 10:37 NPT
2026-08-01 10:37 NPT,1767c8b,road,NH16 – Rapti-Lumbini Hwy,राप्ती-लुम्बिनी,open,,2026-08-01 10:37 NPT
2026-08-01 10:37 NPT,1767c8b,road,NH34 – Araniko Hwy,अरनिको राजमार्ग,closed,"Landslide at Bhotekoshi-4, Sindhupalchok",2026-08-01 10:37 NPT
2026-08-01 10:37 NPT,1767c8b,road,NH38 – BP Hwy,बीपी राजमार्ग,open,,2026-08-01 10:37 NPT
2026-08-01 10:37 NPT,1767c8b,road,NH41 – Tribhuvan Hwy,त्रिभुवन राजमार्ग,partial,"Landslide at Bhimphedi-9, Makwanpur",2026-08-01 10:37 NPT
2026-08-01 10:37 NPT,1767c8b,road,NH42 – Prithvi Hwy,पृथ्वी राजमार्ग,closed,"Landslide at Benighat Rorang-10, Dhading",2026-08-01 10:37 NPT
2026-08-01 10:37 NPT,1767c8b,road,NH43 – Narayanghat-Mugling,नारायणगढ–मुग्लिन,open,,2026-08-01 10:37 NPT
2026-08-01 10:37 NPT,1767c8b,airport,Tribhuvan Intl (KTM),त्रिभुवन अन्तर्राष्ट्रिय,open,Normal operations,2026-08-01 10:37 NPT
2026-08-01 10:37 NPT,1767c8b,airport,Gautam Buddha Intl (BWA),गौतम बुद्ध विमानस्थल,open,,2026-08-01 10:37 NPT
2026-08-01 10:37 NPT,1767c8b,airport,Pokhara Regional (PKR),पोखरा विमानस्थल,open,,2026-08-01 10:37 NPT
2026-08-01 10:37 NPT,1767c8b,airport,Bharatpur (BHR),भरतपुर विमानस्थल,open,,2026-08-01 10:37 NPT
2026-08-01 10:37 NPT,1767c8b,airport,Dhangadhi (DHI),धनगढी विमानस्थल,open,,2026-08-01 10:37 NPT
2026-08-01 10:37 NPT,1767c8b,airport,Biratnagar (BIR),विराटनगर विमानस्थल,open,,2026-08-01 10:37 NPT
2026-08-01 10:37 NPT,1767c8b,airport,Nepalgunj (KEP),नेपालगञ्ज विमानस्थल,open,,2026-08-01 10:37 NPT
2026-08-01 10:37 NPT,1767c8b,airport,Chandragadhi (BDP),चन्द्रगढी विमानस्थल,open,,2026-08-01 10:37 NPT
2026-08-01 10:37 NPT,1767c8b,airport,Janakpur (JKR),जनकपुर विमानस्थल,open,,2026-08-01 10:37 NPT
2026-08-01 10:37 NPT,1767c8b,airport,Simara (SIF),सिमरा विमानस्थल,open,,2026-08-01 10:37 NPT
2026-08-01 10:37 NPT,1767c8b,hospital,"Bir Hospital, Kathmandu",बीर अस्पताल,open,120 beds,2026-08-01 10:37 NPT
2026-08-01 10:37 NPT,1767c8b,hospital,"TU Teaching Hospital, KTM",त्रिवि शिक्षण अस्पताल,open,95 beds,2026-08-01 10:37 NPT
2026-08-01 10:37 NPT,1767c8b,hospital,"Patan Hospital, Lalitpur",पाटन अस्पताल,open,60 beds,2026-08-01 10:37 NPT
2026-08-01 10:37 NPT,1767c8b,hospital,"Manipal College Hospital, PKR",मणिपाल अस्पताल,open,45 beds,2026-08-01 10:37 NPT
2026-08-01 10:37 NPT,1767c8b,hospital,"Gandaki Medical College, PKR",गण्डकी अस्पताल,open,38 beds,2026-08-01 10:37 NPT
2026-08-01 10:37 NPT,1767c8b,hospital,"BPKIHS, Dharan",बीपी कोइराला स्वास्थ्य,open,150 beds,2026-08-01 10:37 NPT
2026-08-01 10:37 NPT,1767c8b,hospital,"Koshi Hospital, Biratnagar",कोशी अस्पताल,open,80 beds,2026-08-01 10:37 NPT
2026-08-01 10:37 NPT,1767c8b,hospital,"Bheri Hospital, Nepalgunj",भेरी अस्पताल,open,70 beds,2026-08-01 10:37 NPT
2026-08-01 10:37 NPT,1767c8b,hospital,Chitwan Medical College,चितवन मेडिकल कलेज,open,100 beds,2026-08-01 10:37 NPT
2026-08-01 10:37 NPT,1767c8b,hospital,Lumbini Provincial Hospital,लुम्बिनी प्रादेशिक,open,110 beds,2026-08-01 10:37 NPT
2026-08-01 06:48 NPT,2941239,road,NH01 – Mahendra Rajmarg,महेन्द्र राजमार्ग,open,,2026-08-01 06:48 NPT
2026-08-01 06:48 NPT,2941239,road,NH02 – Mechi Rajmarg,मेची राजमार्ग,partial,"Landslide at Ilam-9, Ilam",2026-08-01 06:48 NPT
2026-08-01 06:48 NPT,2941239,road,NH03 – Puspalal Hwy (Mid-Hill),पुष्पलाल राजमार्ग,partial,"Landslide at Kanthekhola-5, Baglung",2026-08-01 06:48 NPT
2026-08-01 06:48 NPT,2941239,road,NH04 – Birtamod-Chandragadhi,विर्तामोड–चन्द्रगढी,open,,2026-08-01 06:48 NPT
2026-08-01 06:48 NPT,2941239,road,NH05 – Postal Hwy,हुलाकी राजमार्ग,open,,2026-08-01 06:48 NPT
2026-08-01 06:48 NPT,2941239,road,NH06 – Koshi Rajmarg,कोशी राजमार्ग,open,,2026-08-01 06:48 NPT
2026-08-01 06:48 NPT,2941239,road,NH08 – Sagarmatha Rajmarg,सगरमाथा राजमार्ग,open,,2026-08-01 06:48 NPT
2026-08-01 06:48 NPT,2941239,road,NH09 – Madan Bhandari Hwy,मदन भण्डारी राजमार्ग,open,,2026-08-01 06:48 NPT
2026-08-01 06:48 NPT,2941239,road,NH10 – Siddhartha Hwy,सिद्धार्थ राजमार्ग,open,,2026-08-01 06:48 NPT
2026-08-01 06:48 NPT,2941239,road,NH11 – Rapti Rajmarg,राप्ती राजमार्ग,open,,2026-08-01 06:48 NPT
2026-08-01 06:48 NPT,2941239,road,NH12 – Ratna Rajmarg,रत्न राजमार्ग,open,,2026-08-01 06:48 NPT
2026-08-01 06:48 NPT,2941239,road,NH13 – Karnali Rajmarg,कर्णाली राजमार्ग,open,,2026-08-01 06:48 NPT
2026-08-01 06:48 NPT,2941239,road,NH14 – Mahakali Rajmarg,महाकाली राजमार्ग,open,,2026-08-01 06:48 NPT
2026-08-01 06:48 NPT,2941239,road,NH15 – Seti Rajmarg,सेती राजमार्ग,open,,2026-08-01 06:48 NPT
2026-08-01 06:48 NPT,2941239,road,NH16 – Rapti-Lumbini Hwy,राप्ती-लुम्बिनी,open,,2026-08-01 06:48 NPT
2026-08-01 06:48 NPT,2941239,road,NH34 – Araniko Hwy,अरनिको राजमार्ग,closed,"Landslide at Bhotekoshi-4, Sindhupalchok",2026-08-01 06:48 NPT
2026-08-01 06:48 NPT,2941239,road,NH38 – BP Hwy,बीपी राजमार्ग,open,,2026-08-01 06:48 NPT
2026-08-01 06:48 NPT,2941239,road,NH41 – Tribhuvan Hwy,त्रिभुवन राजमार्ग,partial,"Landslide at Bhimphedi-9, Makwanpur",2026-08-01 06:48 NPT
2026-08-01 06:48 NPT,2941239,road,NH42 – Prithvi Hwy,पृथ्वी राजमार्ग,closed,"Landslide at Benighat Rorang-10, Dhading",2026-08-01 06:48 NPT
2026-08-01 06:48 NPT,2941239,road,NH43 – Narayanghat-Mugling,नारायणगढ–मुग्लिन,open,,2026-08-01 06:48 NPT
2026-08-01 06:48 NPT,2941239,airport,Tribhuvan Intl (KTM),त्रिभुवन अन्तर्राष्ट्रिय,open,Normal operations,2026-08-01 06:48 NPT
2026-08-01 06:48 NPT,2941239,airport,Gautam Buddha Intl (BWA),गौतम बुद्ध विमानस्थल,open,,2026-08-01 06:48 NPT
2026-08-01 06:48 NPT,2941239,airport,Pokhara Regional (PKR),पोखरा विमानस्थल,open,,2026-08-01 06:48 NPT
2026-08-01 06:48 NPT,2941239,airport,Bharatpur (BHR),भरतपुर विमानस्थल,open,,2026-08-01 06:48 NPT
2026-08-01 06:48 NPT,2941239,airport,Dhangadhi (DHI),धनगढी विमानस्थल,open,,2026-08-01 06:48 NPT
2026-08-01 06:48 NPT,2941239,airport,Biratnagar (BIR),विराटनगर विमानस्थल,open,,2026-08-01 06:48 NPT
2026-08-01 06:48 NPT,2941239,airport,Nepalgunj (KEP),नेपालगञ्ज विमानस्थल,open,,2026-08-01 06:48 NPT
2026-08-01 06:48 NPT,2941239,airport,Chandragadhi (BDP),चन्द्रगढी विमानस्थल,open,,2026-08-01 06:48 NPT
2026-08-01 06:48 NPT,2941239,airport,Janakpur (JKR),जनकपुर विमानस्थल,open,,2026-08-01 06:48 NPT
2026-08-01 06:48 NPT,2941239,airport,Simara (SIF),सिमरा विमानस्थल,open,,2026-08-01 06:48 NPT
2026-08-01 06:48 NPT,2941239,hospital,"Bir Hospital, Kathmandu",बीर अस्पताल,open,120 beds,2026-08-01 06:48 NPT
2026-08-01 06:48 NPT,2941239,hospital,"TU Teaching Hospital, KTM",त्रिवि शिक्षण अस्पताल,open,95 beds,2026-08-01 06:48 NPT
2026-08-01 06:48 NPT,2941239,hospital,"Patan Hospital, Lalitpur",पाटन अस्पताल,open,60 beds,2026-08-01 06:48 NPT
2026-08-01 06:48 NPT,2941239,hospital,"Manipal College Hospital, PKR",मणिपाल अस्पताल,open,45 beds,2026-08-01 06:48 NPT
2026-08-01 06:48 NPT,2941239,hospital,"Gandaki Medical College, PKR",गण्डकी अस्पताल,open,38 beds,2026-08-01 06:48 NPT
2026-08-01 06:48 NPT,2941239,hospital,"BPKIHS, Dharan",बीपी कोइराला स्वास्थ्य,open,150 beds,2026-08-01 06:48 NPT
2026-08-01 06:48 NPT,2941239,hospital,"Koshi Hospital, Biratnagar",कोशी अस्पताल,open,80 beds,2026-08-01 06:48 NPT
2026-08-01 06:48 NPT,2941239,hospital,"Bheri Hospital, Nepalgunj",भेरी अस्पताल,open,70 beds,2026-08-01 06:48 NPT
2026-08-01 06:48 NPT,2941239,hospital,Chitwan Medical College,चितवन मेडिकल कलेज,open,100 beds,2026-08-01 06:48 NPT
2026-08-01 06:48 NPT,2941239,hospital,Lumbini Provincial Hospital,लुम्बिनी प्रादेशिक,open,110 beds,2026-08-01 06:48 NPT
2026-08-01 04:48 NPT,e4a1a69,road,NH01 – Mahendra Rajmarg,महेन्द्र राजमार्ग,open,,2026-08-01 04:48 NPT
2026-08-01 04:48 NPT,e4a1a69,road,NH02 – Mechi Rajmarg,मेची राजमार्ग,partial,"Landslide at Ilam-9, Ilam",2026-08-01 04:48 NPT
2026-08-01 04:48 NPT,e4a1a69,road,NH03 – Puspalal Hwy (Mid-Hill),पुष्पलाल राजमार्ग,partial,"Landslide at Kanthekhola-5, Baglung",2026-08-01 04:48 NPT
2026-08-01 04:48 NPT,e4a1a69,road,NH04 – Birtamod-Chandragadhi,विर्तामोड–चन्द्रगढी,open,,2026-08-01 04:48 NPT
2026-08-01 04:48 NPT,e4a1a69,road,NH05 – Postal Hwy,हुलाकी राजमार्ग,open,,2026-08-01 04:48 NPT
2026-08-01 04:48 NPT,e4a1a69,road,NH06 – Koshi Rajmarg,कोशी राजमार्ग,open,,2026-08-01 04:48 NPT
2026-08-01 04:48 NPT,e4a1a69,road,NH08 – Sagarmatha Rajmarg,सगरमाथा राजमार्ग,open,,2026-08-01 04:48 NPT
2026-08-01 04:48 NPT,e4a1a69,road,NH09 – Madan Bhandari Hwy,मदन भण्डारी राजमार्ग,open,,2026-08-01 04:48 NPT
2026-08-01 04:48 NPT,e4a1a69,road,NH10 – Siddhartha Hwy,सिद्धार्थ राजमार्ग,open,,2026-08-01 04:48 NPT
2026-08-01 04:48 NPT,e4a1a69,road,NH11 – Rapti Rajmarg,राप्ती राजमार्ग,open,,2026-08-01 04:48 NPT
2026-08-01 04:48 NPT,e4a1a69,road,NH12 – Ratna Rajmarg,रत्न राजमार्ग,open,,2026-08-01 04:48 NPT
2026-08-01 04:48 NPT,e4a1a69,road,NH13 – Karnali Rajmarg,कर्णाली राजमार्ग,open,,2026-08-01 04:48 NPT
2026-08-01 04:48 NPT,e4a1a69,road,NH14 – Mahakali Rajmarg,महाकाली राजमार्ग,open,,2026-08-01 04:48 NPT
2026-08-01 04:48 NPT,e4a1a69,road,NH15 – Seti Rajmarg,सेती राजमार्ग,open,,2026-08-01 04:48 NPT
2026-08-01 04:48 NPT,e4a1a69,road,NH16 – Rapti-Lumbini Hwy,राप्ती-लुम्बिनी,open,,2026-08-01 04:48 NPT
2026-08-01 04:48 NPT,e4a1a69,road,NH34 – Araniko Hwy,अरनिको राजमार्ग,closed,"Landslide at Bhotekoshi-4, Sindhupalchok",2026-08-01 04:48 NPT
2026-08-01 04:48 NPT,e4a1a69,road,NH38 – BP Hwy,बीपी राजमार्ग,open,,2026-08-01 04:48 NPT
2026-08-01 04:48 NPT,e4a1a69,road,NH41 – Tribhuvan Hwy,त्रिभुवन राजमार्ग,partial,"Landslide at Bhimphedi-9, Makwanpur",2026-08-01 04:48 NPT
2026-08-01 04:48 NPT,e4a1a69,road,NH42 – Prithvi Hwy,पृथ्वी राजमार्ग,closed,"Landslide at Benighat Rorang-10, Dhading",2026-08-01 04:48 NPT
2026-08-01 04:48 NPT,e4a1a69,road,NH43 – Narayanghat-Mugling,नारायणगढ–मुग्लिन,open,,2026-08-01 04:48 NPT
2026-08-01 04:48 NPT,e4a1a69,airport,Tribhuvan Intl (KTM),त्रिभुवन अन्तर्राष्ट्रिय,open,Normal operations,2026-08-01 04:48 NPT
2026-08-01 04:48 NPT,e4a1a69,airport,Gautam Buddha Intl (BWA),गौतम बुद्ध विमानस्थल,open,,2026-08-01 04:48 NPT
2026-08-01 04:48 NPT,e4a1a69,airport,Pokhara Regional (PKR),पोखरा विमानस्थल,open,,2026-08-01 04:48 NPT
2026-08-01 04:48 NPT,e4a1a69,airport,Bharatpur (BHR),भरतपुर विमानस्थल,open,,2026-08-01 04:48 NPT
2026-08-01 04:48 NPT,e4a1a69,airport,Dhangadhi (DHI),धनगढी विमानस्थल,open,,2026-08-01 04:48 NPT
2026-08-01 04:48 NPT,e4a1a69,airport,Biratnagar (BIR),विराटनगर विमानस्थल,open,,2026-08-01 04:48 NPT
2026-08-01 04:48 NPT,e4a1a69,airport,Nepalgunj (KEP),नेपालगञ्ज विमानस्थल,open,,2026-08-01 04:48 NPT
2026-08-01 04:48 NPT,e4a1a69,airport,Chandragadhi (BDP),चन्द्रगढी विमानस्थल,open,,2026-08-01 04:48 NPT
2026-08-01 04:48 NPT,e4a1a69,airport,Janakpur (JKR),जनकपुर विमानस्थल,open,,2026-08-01 04:48 NPT
2026-08-01 04:48 NPT,e4a1a69,airport,Simara (SIF),सिमरा विमानस्थल,open,,2026-08-01 04:48 NPT
2026-08-01 04:48 NPT,e4a1a69,hospital,"Bir Hospital, Kathmandu",बीर अस्पताल,open,120 beds,2026-08-01 04:48 NPT
2026-08-01 04:48 NPT,e4a1a69,hospital,"TU Teaching Hospital, KTM",त्रिवि शिक्षण अस्पताल,open,95 beds,2026-08-01 04:48 NPT
2026-08-01 04:48 NPT,e4a1a69,hospital,"Patan Hospital, Lalitpur",पाटन अस्पताल,open,60 beds,2026-08-01 04:48 NPT
2026-08-01 04:48 NPT,e4a1a69,hospital,"Manipal College Hospital, PKR",मणिपाल अस्पताल,open,45 beds,2026-08-01 04:48 NPT
2026-08-01 04:48 NPT,e4a1a69,hospital,"Gandaki Medical College, PKR",गण्डकी अस्पताल,open,38 beds,2026-08-01 04:48 NPT
2026-08-01 04:48 NPT,e4a1a69,hospital,"BPKIHS, Dharan",बीपी कोइराला स्वास्थ्य,open,150 beds,2026-08-01 04:48 NPT
2026-08-01 04:48 NPT,e4a1a69,hospital,"Koshi Hospital, Biratnagar",कोशी अस्पताल,open,80 beds,2026-08-01 04:48 NPT
2026-08-01 04:48 NPT,e4a1a69,hospital,"Bheri Hospital, Nepalgunj",भेरी अस्पताल,open,70 beds,2026-08-01 04:48 NPT
2026-08-01 04:48 NPT,e4a1a69,hospital,Chitwan Medical College,चितवन मेडिकल कलेज,open,100 beds,2026-08-01 04:48 NPT
2026-08-01 04:48 NPT,e4a1a69,hospital,Lumbini Provincial Hospital,लुम्बिनी प्रादेशिक,open,110 beds,2026-08-01 04:48 NPT
2026-08-01 03:23 NPT,875345a,road,NH01 – Mahendra Rajmarg,महेन्द्र राजमार्ग,open,,2026-08-01 03:23 NPT
2026-08-01 03:23 NPT,875345a,road,NH02 – Mechi Rajmarg,मेची राजमार्ग,partial,"Landslide at Ilam-9, Ilam",2026-08-01 03:23 NPT
2026-08-01 03:23 NPT,875345a,road,NH03 – Puspalal Hwy (Mid-Hill),पुष्पलाल राजमार्ग,partial,"Landslide at Kanthekhola-5, Baglung",2026-08-01 03:23 NPT
2026-08-01 03:23 NPT,875345a,road,NH04 – Birtamod-Chandragadhi,विर्तामोड–चन्द्रगढी,open,,2026-08-01 03:23 NPT
2026-08-01 03:23 NPT,875345a,road,NH05 – Postal Hwy,हुलाकी राजमार्ग,open,,2026-08-01 03:23 NPT
2026-08-01 03:23 NPT,875345a,road,NH06 – Koshi Rajmarg,कोशी राजमार्ग,open,,2026-08-01 03:23 NPT
2026-08-01 03:23 NPT,875345a,road,NH08 – Sagarmatha Rajmarg,सगरमाथा राजमार्ग,open,,2026-08-01 03:23 NPT
2026-08-01 03:23 NPT,875345a,road,NH09 – Madan Bhandari Hwy,मदन भण्डारी राजमार्ग,open,,2026-08-01 03:23 NPT
2026-08-01 03:23 NPT,875345a,road,NH10 – Siddhartha Hwy,सिद्धार्थ राजमार्ग,open,,2026-08-01 03:23 NPT
2026-08-01 03:23 NPT,875345a,road,NH11 – Rapti Rajmarg,राप्ती राजमार्ग,open,,2026-08-01 03:23 NPT
2026-08-01 03:23 NPT,875345a,road,NH12 – Ratna Rajmarg,रत्न राजमार्ग,open,,2026-08-01 03:23 NPT
2026-08-01 03:23 NPT,875345a,road,NH13 – Karnali Rajmarg,कर्णाली राजमार्ग,open,,2026-08-01 03:23 NPT
2026-08-01 03:23 NPT,875345a,road,NH14 – Mahakali Rajmarg,महाकाली राजमार्ग,open,,2026-08-01 03:23 NPT
2026-08-01 03:23 NPT,875345a,road,NH15 – Seti Rajmarg,सेती राजमार्ग,open,,2026-08-01 03:23 NPT
2026-08-01 03:23 NPT,875345a,road,NH16 – Rapti-Lumbini Hwy,राप्ती-लुम्बिनी,open,,2026-08-01 03:23 NPT
2026-08-01 03:23 NPT,875345a,road,NH34 – Araniko Hwy,अरनिको राजमार्ग,closed,"Landslide at Bhotekoshi-4, Sindhupalchok",2026-08-01 03:23 NPT
2026-08-01 03:23 NPT,875345a,road,NH38 – BP Hwy,बीपी राजमार्ग,open,,2026-08-01 03:23 NPT
2026-08-01 03:23 NPT,875345a,road,NH41 – Tribhuvan Hwy,त्रिभुवन राजमार्ग,partial,"Landslide at Bhimphedi-9, Makwanpur",2026-08-01 03:23 NPT
2026-08-01 03:23 NPT,875345a,road,NH42 – Prithvi Hwy,पृथ्वी राजमार्ग,closed,"Landslide at Benighat Rorang-10, Dhading",2026-08-01 03:23 NPT
2026-08-01 03:23 NPT,875345a,road,NH43 – Narayanghat-Mugling,नारायणगढ–मुग्लिन,open,,2026-08-01 03:23 NPT
2026-08-01 03:23 NPT,875345a,airport,Tribhuvan Intl (KTM),त्रिभुवन अन्तर्राष्ट्रिय,closed,Reported closed in news,2026-08-01 03:23 NPT
2026-08-01 03:23 NPT,875345a,airport,Gautam Buddha Intl (BWA),गौतम बुद्ध विमानस्थल,open,,2026-08-01 03:23 NPT
2026-08-01 03:23 NPT,875345a,airport,Pokhara Regional (PKR),पोखरा विमानस्थल,open,,2026-08-01 03:23 NPT
2026-08-01 03:23 NPT,875345a,airport,Bharatpur (BHR),भरतपुर विमानस्थल,open,,2026-08-01 03:23 NPT
2026-08-01 03:23 NPT,875345a,airport,Dhangadhi (DHI),धनगढी विमानस्थल,open,,2026-08-01 03:23 NPT
2026-08-01 03:23 NPT,875345a,airport,Biratnagar (BIR),विराटनगर विमानस्थल,open,,2026-08-01 03:23 NPT
2026-08-01 03:23 NPT,875345a,airport,Nepalgunj (KEP),नेपालगञ्ज विमानस्थल,open,,2026-08-01 03:23 NPT
2026-08-01 03:23 NPT,875345a,airport,Chandragadhi (BDP),चन्द्रगढी विमानस्थल,open,,2026-08-01 03:23 NPT
2026-08-01 03:23 NPT,875345a,airport,Janakpur (JKR),जनकपुर विमानस्थल,open,,2026-08-01 03:23 NPT
2026-08-01 03:23 NPT,875345a,airport,Simara (SIF),सिमरा विमानस्थल,open,,2026-08-01 03:23 NPT
2026-08-01 03:23 NPT,875345a,hospital,"Bir Hospital, Kathmandu",बीर अस्पताल,open,120 beds,2026-08-01 03:23 NPT
2026-08-01 03:23 NPT,875345a,hospital,"TU Teaching Hospital, KTM",त्रिवि शिक्षण अस्पताल,open,95 beds,2026-08-01 03:23 NPT
2026-08-01 03:23 NPT,875345a,hospital,"Patan Hospital, Lalitpur",पाटन अस्पताल,open,60 beds,2026-08-01 03:23 NPT
2026-08-01 03:23 NPT,875345a,hospital,"Manipal College Hospital, PKR",मणिपाल अस्पताल,open,45 beds,2026-08-01 03:23 NPT
2026-08-01 03:23 NPT,875345a,hospital,"Gandaki Medical College, PKR",गण्डकी अस्पताल,open,38 beds,2026-08-01 03:23 NPT
2026-08-01 03:23 NPT,875345a,hospital,"BPKIHS, Dharan",बीपी कोइराला स्वास्थ्य,open,150 beds,2026-08-01 03:23 NPT
2026-08-01 03:23 NPT,875345a,hospital,"Koshi Hospital, Biratnagar",कोशी अस्पताल,open,80 beds,2026-08-01 03:23 NPT
2026-08-01 03:23 NPT,875345a,hospital,"Bheri Hospital, Nepalgunj",भेरी अस्पताल,open,70 beds,2026-08-01 03:23 NPT
2026-08-01 03:23 NPT,875345a,hospital,Chitwan Medical College,चितवन मेडिकल कलेज,open,100 beds,2026-08-01 03:23 NPT
2026-08-01 03:23 NPT,875345a,hospital,Lumbini Provincial Hospital,लुम्बिनी प्रादेशिक,open,110 beds,2026-08-01 03:23 NPT
2026-08-01 02:06 NPT,3cfa06e,road,NH01 – Mahendra Rajmarg,महेन्द्र राजमार्ग,open,,2026-08-01 02:06 NPT
2026-08-01 02:06 NPT,3cfa06e,road,NH02 – Mechi Rajmarg,मेची राजमार्ग,partial,"Landslide at Ilam-9, Ilam",2026-08-01 02:06 NPT
2026-08-01 02:06 NPT,3cfa06e,road,NH03 – Puspalal Hwy (Mid-Hill),पुष्पलाल राजमार्ग,partial,"Landslide at Kanthekhola-5, Baglung",2026-08-01 02:06 NPT
2026-08-01 02:06 NPT,3cfa06e,road,NH04 – Birtamod-Chandragadhi,विर्तामोड–चन्द्रगढी,open,,2026-08-01 02:06 NPT
2026-08-01 02:06 NPT,3cfa06e,road,NH05 – Postal Hwy,हुलाकी राजमार्ग,open,,2026-08-01 02:06 NPT
2026-08-01 02:06 NPT,3cfa06e,road,NH06 – Koshi Rajmarg,कोशी राजमार्ग,open,,2026-08-01 02:06 NPT
2026-08-01 02:06 NPT,3cfa06e,road,NH08 – Sagarmatha Rajmarg,सगरमाथा राजमार्ग,open,,2026-08-01 02:06 NPT
2026-08-01 02:06 NPT,3cfa06e,road,NH09 – Madan Bhandari Hwy,मदन भण्डारी राजमार्ग,open,,2026-08-01 02:06 NPT
2026-08-01 02:06 NPT,3cfa06e,road,NH10 – Siddhartha Hwy,सिद्धार्थ राजमार्ग,open,,2026-08-01 02:06 NPT
2026-08-01 02:06 NPT,3cfa06e,road,NH11 – Rapti Rajmarg,राप्ती राजमार्ग,open,,2026-08-01 02:06 NPT
2026-08-01 02:06 NPT,3cfa06e,road,NH12 – Ratna Rajmarg,रत्न राजमार्ग,open,,2026-08-01 02:06 NPT
2026-08-01 02:06 NPT,3cfa06e,road,NH13 – Karnali Rajmarg,कर्णाली राजमार्ग,open,,2026-08-01 02:06 NPT
2026-08-01 02:06 NPT,3cfa06e,road,NH14 – Mahakali Rajmarg,महाकाली राजमार्ग,open,,2026-08-01 02:06 NPT
2026-08-01 02:06 NPT,3cfa06e,road,NH15 – Seti Rajmarg,सेती राजमार्ग,open,,2026-08-01 02:06 NPT
2026-08-01 02:06 NPT,3cfa06e,road,NH16 – Rapti-Lumbini Hwy,राप्ती-लुम्बिनी,open,,2026-08-01 02:06 NPT
2026-08-01 02:06 NPT,3cfa06e,road,NH34 – Araniko Hwy,अरनिको राजमार्ग,closed,"Landslide at Bhotekoshi-4, Sindhupalchok",2026-08-01 02:06 NPT
2026-08-01 02:06 NPT,3cfa06e,road,NH38 – BP Hwy,बीपी राजमार्ग,open,,2026-08-01 02:06 NPT
2026-08-01 02:06 NPT,3cfa06e,road,NH41 – Tribhuvan Hwy,त्रिभुवन राजमार्ग,partial,"Landslide at Bhimphedi-9, Makwanpur",2026-08-01 02:06 NPT
2026-08-01 02:06 NPT,3cfa06e,road,NH42 – Prithvi Hwy,पृथ्वी राजमार्ग,closed,"Landslide at Benighat Rorang-10, Dhading",2026-08-01 02:06 NPT
2026-08-01 02:06 NPT,3cfa06e,road,NH43 – Narayanghat-Mugling,नारायणगढ–मुग्लिन,open,,2026-08-01 02:06 NPT
2026-08-01 02:06 NPT,3cfa06e,airport,Tribhuvan Intl (KTM),त्रिभुवन अन्तर्राष्ट्रिय,closed,Reported closed in news,2026-08-01 02:06 NPT
2026-08-01 02:06 NPT,3cfa06e,airport,Gautam Buddha Intl (BWA),गौतम बुद्ध विमानस्थल,open,,2026-08-01 02:06 NPT
2026-08-01 02:06 NPT,3cfa06e,airport,Pokhara Regional (PKR),पोखरा विमानस्थल,open,,2026-08-01 02:06 NPT
2026-08-01 02:06 NPT,3cfa06e,airport,Bharatpur (BHR),भरतपुर विमानस्थल,open,,2026-08-01 02:06 NPT
2026-08-01 02:06 NPT,3cfa06e,airport,Dhangadhi (DHI),धनगढी विमानस्थल,open,,2026-08-01 02:06 NPT
2026-08-01 02:06 NPT,3cfa06e,airport,Biratnagar (BIR),विराटनगर विमानस्थल,open,,2026-08-01 02:06 NPT
2026-08-01 02:06 NPT,3cfa06e,airport,Nepalgunj (KEP),नेपालगञ्ज विमानस्थल,open,,2026-08-01 02:06 NPT
2026-08-01 02:06 NPT,3cfa06e,airport,Chandragadhi (BDP),चन्द्रगढी विमानस्थल,open,,2026-08-01 02:06 NPT
2026-08-01 02:06 NPT,3cfa06e,airport,Janakpur (JKR),जनकपुर विमानस्थल,open,,2026-08-01 02:06 NPT
2026-08-01 02:06 NPT,3cfa06e,airport,Simara (SIF),सिमरा विमानस्थल,open,,2026-08-01 02:06 NPT
2026-08-01 02:06 NPT,3cfa06e,hospital,"Bir Hospital, Kathmandu",बीर अस्पताल,open,120 beds,2026-08-01 02:06 NPT
2026-08-01 02:06 NPT,3cfa06e,hospital,"TU Teaching Hospital, KTM",त्रिवि शिक्षण अस्पताल,open,95 beds,2026-08-01 02:06 NPT
2026-08-01 02:06 NPT,3cfa06e,hospital,"Patan Hospital, Lalitpur",पाटन अस्पताल,open,60 beds,2026-08-01 02:06 NPT
2026-08-01 02:06 NPT,3cfa06e,hospital,"Manipal College Hospital, PKR",मणिपाल अस्पताल,open,45 beds,2026-08-01 02:06 NPT
2026-08-01 02:06 NPT,3cfa06e,hospital,"Gandaki Medical College, PKR",गण्डकी अस्पताल,open,38 beds,2026-08-01 02:06 NPT
2026-08-01 02:06 NPT,3cfa06e,hospital,"BPKIHS, Dharan",बीपी कोइराला स्वास्थ्य,open,150 beds,2026-08-01 02:06 NPT
2026-08-01 02:06 NPT,3cfa06e,hospital,"Koshi Hospital, Biratnagar",कोशी अस्पताल,open,80 beds,2026-08-01 02:06 NPT
2026-08-01 02:06 NPT,3cfa06e,hospital,"Bheri Hospital, Nepalgunj",भेरी अस्पताल,open,70 beds,2026-08-01 02:06 NPT
2026-08-01 02:06 NPT,3cfa06e,hospital,Chitwan Medical College,चितवन मेडिकल कलेज,open,100 beds,2026-08-01 02:06 NPT
2026-08-01 02:06 NPT,3cfa06e,hospital,Lumbini Provincial Hospital,लुम्बिनी प्रादेशिक,open,110 beds,2026-08-01 02:06 NPT
2026-08-01 00:38 NPT,93fc2f5,road,NH01 – Mahendra Rajmarg,महेन्द्र राजमार्ग,open,,2026-08-01 00:38 NPT
2026-08-01 00:38 NPT,93fc2f5,road,NH02 – Mechi Rajmarg,मेची राजमार्ग,partial,"Landslide at Ilam-9, Ilam",2026-08-01 00:38 NPT
2026-08-01 00:38 NPT,93fc2f5,road,NH03 – Puspalal Hwy (Mid-Hill),पुष्पलाल राजमार्ग,partial,"Landslide at Kanthekhola-5, Baglung",2026-08-01 00:38 NPT
2026-08-01 00:38 NPT,93fc2f5,road,NH04 – Birtamod-Chandragadhi,विर्तामोड–चन्द्रगढी,open,,2026-08-01 00:38 NPT
2026-08-01 00:38 NPT,93fc2f5,road,NH05 – Postal Hwy,हुलाकी राजमार्ग,open,,2026-08-01 00:38 NPT
2026-08-01 00:38 NPT,93fc2f5,road,NH06 – Koshi Rajmarg,कोशी राजमार्ग,open,,2026-08-01 00:38 NPT
2026-08-01 00:38 NPT,93fc2f5,road,NH08 – Sagarmatha Rajmarg,सगरमाथा राजमार्ग,open,,2026-08-01 00:38 NPT
2026-08-01 00:38 NPT,93fc2f5,road,NH09 – Madan Bhandari Hwy,मदन भण्डारी राजमार्ग,open,,2026-08-01 00:38 NPT
2026-08-01 00:38 NPT,93fc2f5,road,NH10 – Siddhartha Hwy,सिद्धार्थ राजमार्ग,open,,2026-08-01 00:38 NPT
2026-08-01 00:38 NPT,93fc2f5,road,NH11 – Rapti Rajmarg,राप्ती राजमार्ग,open,,2026-08-01 00:38 NPT
2026-08-01 00:38 NPT,93fc2f5,road,NH12 – Ratna Rajmarg,रत्न राजमार्ग,open,,2026-08-01 00:38 NPT
2026-08-01 00:38 NPT,93fc2f5,road,NH13 – Karnali Rajmarg,कर्णाली राजमार्ग,open,,2026-08-01 00:38 NPT
2026-08-01 00:38 NPT,93fc2f5,road,NH14 – Mahakali Rajmarg,महाकाली राजमार्ग,open,,2026-08-01 00:38 NPT
2026-08-01 00:38 NPT,93fc2f5,road,NH15 – Seti Rajmarg,सेती राजमार्ग,open,,2026-08-01 00:38 NPT
2026-08-01 00:38 NPT,93fc2f5,road,NH16 – Rapti-Lumbini Hwy,राप्ती-लुम्बिनी,open,,2026-08-01 00:38 NPT
2026-08-01 00:38 NPT,93fc2f5,road,NH34 – Araniko Hwy,अरनिको राजमार्ग,closed,"Landslide at Bhotekoshi-4, Sindhupalchok",2026-08-01 00:38 NPT
2026-08-01 00:38 NPT,93fc2f5,road,NH38 – BP Hwy,बीपी राजमार्ग,open,,2026-08-01 00:38 NPT
2026-08-01 00:38 NPT,93fc2f5,road,NH41 – Tribhuvan Hwy,त्रिभुवन राजमार्ग,partial,"Landslide at Bhimphedi-9, Makwanpur",2026-08-01 00:38 NPT
2026-08-01 00:38 NPT,93fc2f5,road,NH42 – Prithvi Hwy,पृथ्वी राजमार्ग,closed,"Landslide at Benighat Rorang-10, Dhading",2026-08-01 00:38 NPT
2026-08-01 00:38 NPT,93fc2f5,road,NH43 – Narayanghat-Mugling,नारायणगढ–मुग्लिन,open,,2026-08-01 00:38 NPT
2026-08-01 00:38 NPT,93fc2f5,airport,Tribhuvan Intl (KTM),त्रिभुवन अन्तर्राष्ट्रिय,closed,Reported closed in news,2026-08-01 00:38 NPT
2026-08-01 00:38 NPT,93fc2f5,airport,Gautam Buddha Intl (BWA),गौतम बुद्ध विमानस्थल,open,,2026-08-01 00:38 NPT
2026-08-01 00:38 NPT,93fc2f5,airport,Pokhara Regional (PKR),पोखरा विमानस्थल,open,,2026-08-01 00:38 NPT
2026-08-01 00:38 NPT,93fc2f5,airport,Bharatpur (BHR),भरतपुर विमानस्थल,open,,2026-08-01 00:38 NPT
2026-08-01 00:38 NPT,93fc2f5,airport,Dhangadhi (DHI),धनगढी विमानस्थल,open,,2026-08-01 00:38 NPT
2026-08-01 00:38 NPT,93fc2f5,airport,Biratnagar (BIR),विराटनगर विमानस्थल,open,,2026-08-01 00:38 NPT
2026-08-01 00:38 NPT,93fc2f5,airport,Nepalgunj (KEP),नेपालगञ्ज विमानस्थल,open,,2026-08-01 00:38 NPT
2026-08-01 00:38 NPT,93fc2f5,airport,Chandragadhi (BDP),चन्द्रगढी विमानस्थल,open,,2026-08-01 00:38 NPT
2026-08-01 00:38 NPT,93fc2f5,airport,Janakpur (JKR),जनकपुर विमानस्थल,open,,2026-08-01 00:38 NPT
2026-08-01 00:38 NPT,93fc2f5,airport,Simara (SIF),सिमरा विमानस्थल,open,,2026-08-01 00:38 NPT
2026-08-01 00:38 NPT,93fc2f5,hospital,"Bir Hospital, Kathmandu",बीर अस्पताल,open,120 beds,2026-08-01 00:38 NPT
2026-08-01 00:38 NPT,93fc2f5,hospital,"TU Teaching Hospital, KTM",त्रिवि शिक्षण अस्पताल,open,95 beds,2026-08-01 00:38 NPT
2026-08-01 00:38 NPT,93fc2f5,hospital,"Patan Hospital, Lalitpur",पाटन अस्पताल,open,60 beds,2026-08-01 00:38 NPT
2026-08-01 00:38 NPT,93fc2f5,hospital,"Manipal College Hospital, PKR",मणिपाल अस्पताल,open,45 beds,2026-08-01 00:38 NPT
2026-08-01 00:38 NPT,93fc2f5,hospital,"Gandaki Medical College, PKR",गण्डकी अस्पताल,open,38 beds,2026-08-01 00:38 NPT
2026-08-01 00:38 NPT,93fc2f5,hospital,"BPKIHS, Dharan",बीपी कोइराला स्वास्थ्य,open,150 beds,2026-08-01 00:38 NPT
2026-08-01 00:38 NPT,93fc2f5,hospital,"Koshi Hospital, Biratnagar",कोशी अस्पताल,open,80 beds,2026-08-01 00:38 NPT
2026-08-01 00:38 NPT,93fc2f5,hospital,"Bheri Hospital, Nepalgunj",भेरी अस्पताल,open,70 beds,2026-08-01 00:38 NPT
2026-08-01 00:38 NPT,93fc2f5,hospital,Chitwan Medical College,चितवन मेडिकल कलेज,open,100 beds,2026-08-01 00:38 NPT
2026-08-01 00:38 NPT,93fc2f5,hospital,Lumbini Provincial Hospital,लुम्बिनी प्रादेशिक,open,110 beds,2026-08-01 00:38 NPT
2026-07-31 22:50 NPT,1f1b5ef,road,NH01 – Mahendra Rajmarg,महेन्द्र राजमार्ग,open,,2026-07-31 22:50 NPT
2026-07-31 22:50 NPT,1f1b5ef,road,NH02 – Mechi Rajmarg,मेची राजमार्ग,partial,"Landslide at Ilam-9, Ilam",2026-07-31 22:50 NPT
2026-07-31 22:50 NPT,1f1b5ef,road,NH03 – Puspalal Hwy (Mid-Hill),पुष्पलाल राजमार्ग,partial,"Landslide at Kanthekhola-5, Baglung",2026-07-31 22:50 NPT
2026-07-31 22:50 NPT,1f1b5ef,road,NH04 – Birtamod-Chandragadhi,विर्तामोड–चन्द्रगढी,open,,2026-07-31 22:50 NPT
2026-07-31 22:50 NPT,1f1b5ef,road,NH05 – Postal Hwy,हुलाकी राजमार्ग,open,,2026-07-31 22:50 NPT
2026-07-31 22:50 NPT,1f1b5ef,road,NH06 – Koshi Rajmarg,कोशी राजमार्ग,open,,2026-07-31 22:50 NPT
2026-07-31 22:50 NPT,1f1b5ef,road,NH08 – Sagarmatha Rajmarg,सगरमाथा राजमार्ग,open,,2026-07-31 22:50 NPT
2026-07-31 22:50 NPT,1f1b5ef,road,NH09 – Madan Bhandari Hwy,मदन भण्डारी राजमार्ग,open,,2026-07-31 22:50 NPT
2026-07-31 22:50 NPT,1f1b5ef,road,NH10 – Siddhartha Hwy,सिद्धार्थ राजमार्ग,open,,2026-07-31 22:50 NPT
2026-07-31 22:50 NPT,1f1b5ef,road,NH11 – Rapti Rajmarg,राप्ती राजमार्ग,open,,2026-07-31 22:50 NPT
2026-07-31 22:50 NPT,1f1b5ef,road,NH12 – Ratna Rajmarg,रत्न राजमार्ग,open,,2026-07-31 22:50 NPT
2026-07-31 22:50 NPT,1f1b5ef,road,NH13 – Karnali Rajmarg,कर्णाली राजमार्ग,open,,2026-07-31 22:50 NPT
2026-07-31 22:50 NPT,1f1b5ef,road,NH14 – Mahakali Rajmarg,महाकाली राजमार्ग,open,,2026-07-31 22:50 NPT
2026-07-31 22:50 NPT,1f1b5ef,road,NH15 – Seti Rajmarg,सेती राजमार्ग,open,,2026-07-31 22:50 NPT
2026-07-31 22:50 NPT,1f1b5ef,road,NH16 – Rapti-Lumbini Hwy,राप्ती-लुम्बिनी,open,,2026-07-31 22:50 NPT
2026-07-31 22:50 NPT,1f1b5ef,road,NH34 – Araniko Hwy,अरनिको राजमार्ग,closed,"Landslide at Bhotekoshi-4, Sindhupalchok",2026-07-31 22:50 NPT
2026-07-31 22:50 NPT,1f1b5ef,road,NH38 – BP Hwy,बीपी राजमार्ग,open,,2026-07-31 22:50 NPT
2026-07-31 22:50 NPT,1f1b5ef,road,NH41 – Tribhuvan Hwy,त्रिभुवन राजमार्ग,partial,"Landslide at Bhimphedi-9, Makwanpur",2026-07-31 22:50 NPT
2026-07-31 22:50 NPT,1f1b5ef,road,NH42 – Prithvi Hwy,पृथ्वी राजमार्ग,closed,"Landslide at Benighat Rorang-10, Dhading",2026-07-31 22:50 NPT
2026-07-31 22:50 NPT,1f1b5ef,road,NH43 – Narayanghat-Mugling,नारायणगढ–मुग्लिन,open,,2026-07-31 22:50 NPT
2026-07-31 22:50 NPT,1f1b5ef,airport,Tribhuvan Intl (KTM),त्रिभुवन अन्तर्राष्ट्रिय,open,Normal operations,2026-07-31 22:50 NPT
2026-07-31 22:50 NPT,1f1b5ef,airport,Gautam Buddha Intl (BWA),गौतम बुद्ध विमानस्थल,open,,2026-07-31 22:50 NPT
2026-07-31 22:50 NPT,1f1b5ef,airport,Pokhara Regional (PKR),पोखरा विमानस्थल,open,,2026-07-31 22:50 NPT
2026-07-31 22:50 NPT,1f1b5ef,airport,Bharatpur (BHR),भरतपुर विमानस्थल,open,,2026-07-31 22:50 NPT
2026-07-31 22:50 NPT,1f1b5ef,airport,Dhangadhi (DHI),धनगढी विमानस्थल,open,,2026-07-31 22:50 NPT
2026-07-31 22:50 NPT,1f1b5ef,airport,Biratnagar (BIR),विराटनगर विमानस्थल,open,,2026-07-31 22:50 NPT
2026-07-31 22:50 NPT,1f1b5ef,airport,Nepalgunj (KEP),नेपालगञ्ज विमानस्थल,open,,2026-07-31 22:50 NPT
2026-07-31 22:50 NPT,1f1b5ef,airport,Chandragadhi (BDP),चन्द्रगढी विमानस्थल,open,,2026-07-31 22:50 NPT
2026-07-31 22:50 NPT,1f1b5ef,airport,Janakpur (JKR),जनकपुर विमानस्थल,open,,2026-07-31 22:50 NPT
2026-07-31 22:50 NPT,1f1b5ef,airport,Simara (SIF),सिमरा विमानस्थल,open,,2026-07-31 22:50 NPT
2026-07-31 22:50 NPT,1f1b5ef,hospital,"Bir Hospital, Kathmandu",बीर अस्पताल,open,120 beds,2026-07-31 22:50 NPT
2026-07-31 22:50 NPT,1f1b5ef,hospital,"TU Teaching Hospital, KTM",त्रिवि शिक्षण अस्पताल,open,95 beds,2026-07-31 22:50 NPT
2026-07-31 22:50 NPT,1f1b5ef,hospital,"Patan Hospital, Lalitpur",पाटन अस्पताल,open,60 beds,2026-07-31 22:50 NPT
2026-07-31 22:50 NPT,1f1b5ef,hospital,"Manipal College Hospital, PKR",मणिपाल अस्पताल,open,45 beds,2026-07-31 22:50 NPT
2026-07-31 22:50 NPT,1f1b5ef,hospital,"Gandaki Medical College, PKR",गण्डकी अस्पताल,open,38 beds,2026-07-31 22:50 NPT
2026-07-31 22:50 NPT,1f1b5ef,hospital,"BPKIHS, Dharan",बीपी कोइराला स्वास्थ्य,open,150 beds,2026-07-31 22:50 NPT
2026-07-31 22:50 NPT,1f1b5ef,hospital,"Koshi Hospital, Biratnagar",कोशी अस्पताल,open,80 beds,2026-07-31 22:50 NPT
2026-07-31 22:50 NPT,1f1b5ef,hospital,"Bheri Hospital, Nepalgunj",भेरी अस्पताल,open,70 beds,2026-07-31 22:50 NPT
2026-07-31 22:50 NPT,1f1b5ef,hospital,Chitwan Medical College,चितवन मेडिकल कलेज,open,100 beds,2026-07-31 22:50 NPT
2026-07-31 22:50 NPT,1f1b5ef,hospital,Lumbini Provincial Hospital,लुम्बिनी प्रादेशिक,open,110 beds,2026-07-31 22:50 NPT
2026-07-31 20:46 NPT,2e0333c,road,NH01 – Mahendra Rajmarg,महेन्द्र राजमार्ग,open,,2026-07-31 20:46 NPT
2026-07-31 20:46 NPT,2e0333c,road,NH02 – Mechi Rajmarg,मेची राजमार्ग,partial,"Landslide at Ilam-9, Ilam",2026-07-31 20:46 NPT
2026-07-31 20:46 NPT,2e0333c,road,NH03 – Puspalal Hwy (Mid-Hill),पुष्पलाल राजमार्ग,partial,"Landslide at Kanthekhola-5, Baglung",2026-07-31 20:46 NPT
2026-07-31 20:46 NPT,2e0333c,road,NH04 – Birtamod-Chandragadhi,विर्तामोड–चन्द्रगढी,open,,2026-07-31 20:46 NPT
2026-07-31 20:46 NPT,2e0333c,road,NH05 – Postal Hwy,हुलाकी राजमार्ग,open,,2026-07-31 20:46 NPT
2026-07-31 20:46 NPT,2e0333c,road,NH06 – Koshi Rajmarg,कोशी राजमार्ग,open,,2026-07-31 20:46 NPT
2026-07-31 20:46 NPT,2e0333c,road,NH08 – Sagarmatha Rajmarg,सगरमाथा राजमार्ग,open,,2026-07-31 20:46 NPT
2026-07-31 20:46 NPT,2e0333c,road,NH09 – Madan Bhandari Hwy,मदन भण्डारी राजमार्ग,open,,2026-07-31 20:46 NPT
2026-07-31 20:46 NPT,2e0333c,road,NH10 – Siddhartha Hwy,सिद्धार्थ राजमार्ग,open,,2026-07-31 20:46 NPT
2026-07-31 20:46 NPT,2e0333c,road,NH11 – Rapti Rajmarg,राप्ती राजमार्ग,open,,2026-07-31 20:46 NPT
2026-07-31 20:46 NPT,2e0333c,road,NH12 – Ratna Rajmarg,रत्न राजमार्ग,open,,2026-07-31 20:46 NPT
2026-07-31 20:46 NPT,2e0333c,road,NH13 – Karnali Rajmarg,कर्णाली राजमार्ग,open,,2026-07-31 20:46 NPT
2026-07-31 20:46 NPT,2e0333c,road,NH14 – Mahakali Rajmarg,महाकाली राजमार्ग,open,,2026-07-31 20:46 NPT
2026-07-31 20:46 NPT,2e0333c,road,NH15 – Seti Rajmarg,सेती राजमार्ग,open,,2026-07-31 20:46 NPT
2026-07-31 20:46 NPT,2e0333c,road,NH16 – Rapti-Lumbini Hwy,राप्ती-लुम्बिनी,open,,2026-07-31 20:46 NPT
2026-07-31 20:46 NPT,2e0333c,road,NH34 – Araniko Hwy,अरनिको राजमार्ग,closed,"Landslide at Bhotekoshi-4, Sindhupalchok",2026-07-31 20:46 NPT
2026-07-31 20:46 NPT,2e0333c,road,NH38 – BP Hwy,बीपी राजमार्ग,open,,2026-07-31 20:46 NPT
2026-07-31 20:46 NPT,2e0333c,road,NH41 – Tribhuvan Hwy,त्रिभुवन राजमार्ग,partial,"Landslide at Bhimphedi-9, Makwanpur",2026-07-31 20:46 NPT
2026-07-31 20:46 NPT,2e0333c,road,NH42 – Prithvi Hwy,पृथ्वी राजमार्ग,closed,"Landslide at Benighat Rorang-10, Dhading",2026-07-31 20:46 NPT
2026-07-31 20:46 NPT,2e0333c,road,NH43 – Narayanghat-Mugling,नारायणगढ–मुग्लिन,open,,2026-07-31 20:46 NPT
2026-07-31 20:46 NPT,2e0333c,airport,Tribhuvan Intl (KTM),त्रिभुवन अन्तर्राष्ट्रिय,open,Normal operations,2026-07-31 20:46 NPT
2026-07-31 20:46 NPT,2e0333c,airport,Gautam Buddha Intl (BWA),गौतम बुद्ध विमानस्थल,open,,2026-07-31 20:46 NPT
2026-07-31 20:46 NPT,2e0333c,airport,Pokhara Regional (PKR),पोखरा विमानस्थल,open,,2026-07-31 20:46 NPT
2026-07-31 20:46 NPT,2e0333c,airport,Bharatpur (BHR),भरतपुर विमानस्थल,open,,2026-07-31 20:46 NPT
2026-07-31 20:46 NPT,2e0333c,airport,Dhangadhi (DHI),धनगढी विमानस्थल,open,,2026-07-31 20:46 NPT
2026-07-31 20:46 NPT,2e0333c,airport,Biratnagar (BIR),विराटनगर विमानस्थल,open,,2026-07-31 20:46 NPT
2026-07-31 20:46 NPT,2e0333c,airport,Nepalgunj (KEP),नेपालगञ्ज विमानस्थल,open,,2026-07-31 20:46 NPT
2026-07-31 20:46 NPT,2e0333c,airport,Chandragadhi (BDP),चन्द्रगढी विमानस्थल,open,,2026-07-31 20:46 NPT
2026-07-31 20:46 NPT,2e0333c,airport,Janakpur (JKR),जनकपुर विमानस्थल,open,,2026-07-31 20:46 NPT
2026-07-31 20:46 NPT,2e0333c,airport,Simara (SIF),सिमरा विमानस्थल,open,,2026-07-31 20:46 NPT
2026-07-31 20:46 NPT,2e0333c,hospital,"Bir Hospital, Kathmandu",बीर अस्पताल,open,120 beds,2026-07-31 20:46 NPT
2026-07-31 20:46 NPT,2e0333c,hospital,"TU Teaching Hospital, KTM",त्रिवि शिक्षण अस्पताल,open,95 beds,2026-07-31 20:46 NPT
2026-07-31 20:46 NPT,2e0333c,hospital,"Patan Hospital, Lalitpur",पाटन अस्पताल,open,60 beds,2026-07-31 20:46 NPT
2026-07-31 20:46 NPT,2e0333c,hospital,"Manipal College Hospital, PKR",मणिपाल अस्पताल,open,45 beds,2026-07-31 20:46 NPT
2026-07-31 20:46 NPT,2e0333c,hospital,"Gandaki Medical College, PKR",गण्डकी अस्पताल,open,38 beds,2026-07-31 20:46 NPT
2026-07-31 20:46 NPT,2e0333c,hospital,"BPKIHS, Dharan",बीपी कोइराला स्वास्थ्य,open,150 beds,2026-07-31 20:46 NPT
2026-07-31 20:46 NPT,2e0333c,hospital,"Koshi Hospital, Biratnagar",कोशी अस्पताल,open,80 beds,2026-07-31 20:46 NPT
2026-07-31 20:46 NPT,2e0333c,hospital,"Bheri Hospital, Nepalgunj",भेरी अस्पताल,open,70 beds,2026-07-31 20:46 NPT
2026-07-31 20:46 NPT,2e0333c,hospital,Chitwan Medical College,चितवन मेडिकल कलेज,open,100 beds,2026-07-31 20:46 NPT
2026-07-31 20:46 NPT,2e0333c,hospital,Lumbini Provincial Hospital,लुम्बिनी प्रादेशिक,open,110 beds,2026-07-31 20:46 NPT
2026-07-31 18:12 NPT,b7db78d,road,NH01 – Mahendra Rajmarg,महेन्द्र राजमार्ग,open,,2026-07-31 18:12 NPT
2026-07-31 18:12 NPT,b7db78d,road,NH02 – Mechi Rajmarg,मेची राजमार्ग,partial,"Landslide at Ilam-9, Ilam",2026-07-31 18:12 NPT
2026-07-31 18:12 NPT,b7db78d,road,NH03 – Puspalal Hwy (Mid-Hill),पुष्पलाल राजमार्ग,partial,"Landslide at Kanthekhola-5, Baglung",2026-07-31 18:12 NPT
2026-07-31 18:12 NPT,b7db78d,road,NH04 – Birtamod-Chandragadhi,विर्तामोड–चन्द्रगढी,open,,2026-07-31 18:12 NPT
2026-07-31 18:12 NPT,b7db78d,road,NH05 – Postal Hwy,हुलाकी राजमार्ग,open,,2026-07-31 18:12 NPT
2026-07-31 18:12 NPT,b7db78d,road,NH06 – Koshi Rajmarg,कोशी राजमार्ग,open,,2026-07-31 18:12 NPT
2026-07-31 18:12 NPT,b7db78d,road,NH08 – Sagarmatha Rajmarg,सगरमाथा राजमार्ग,open,,2026-07-31 18:12 NPT
2026-07-31 18:12 NPT,b7db78d,road,NH09 – Madan Bhandari Hwy,मदन भण्डारी राजमार्ग,open,,2026-07-31 18:12 NPT
2026-07-31 18:12 NPT,b7db78d,road,NH10 – Siddhartha Hwy,सिद्धार्थ राजमार्ग,open,,2026-07-31 18:12 NPT
2026-07-31 18:12 NPT,b7db78d,road,NH11 – Rapti Rajmarg,राप्ती राजमार्ग,open,,2026-07-31 18:12 NPT
2026-07-31 18:12 NPT,b7db78d,road,NH12 – Ratna Rajmarg,रत्न राजमार्ग,open,,2026-07-31 18:12 NPT
2026-07-31 18:12 NPT,b7db78d,road,NH13 – Karnali Rajmarg,कर्णाली राजमार्ग,open,,2026-07-31 18:12 NPT
2026-07-31 18:12 NPT,b7db78d,road,NH14 – Mahakali Rajmarg,महाकाली राजमार्ग,open,,2026-07-31 18:12 NPT
2026-07-31 18:12 NPT,b7db78d,road,NH15 – Seti Rajmarg,सेती राजमार्ग,open,,2026-07-31 18:12 NPT
2026-07-31 18:12 NPT,b7db78d,road,NH16 – Rapti-Lumbini Hwy,राप्ती-लुम्बिनी,open,,2026-07-31 18:12 NPT
2026-07-31 18:12 NPT,b7db78d,road,NH34 – Araniko Hwy,अरनिको राजमार्ग,closed,"Landslide at Bhotekoshi-4, Sindhupalchok",2026-07-31 18:12 NPT
2026-07-31 18:12 NPT,b7db78d,road,NH38 – BP Hwy,बीपी राजमार्ग,open,,2026-07-31 18:12 NPT
2026-07-31 18:12 NPT,b7db78d,road,NH41 – Tribhuvan Hwy,त्रिभुवन राजमार्ग,partial,"Landslide at Bhimphedi-9, Makwanpur",2026-07-31 18:12 NPT
2026-07-31 18:12 NPT,b7db78d,road,NH42 – Prithvi Hwy,पृथ्वी राजमार्ग,closed,"Landslide at Benighat Rorang-10, Dhading",2026-07-31 18:12 NPT
2026-07-31 18:12 NPT,b7db78d,road,NH43 – Narayanghat-Mugling,नारायणगढ–मुग्लिन,open,,2026-07-31 18:12 NPT
2026-07-31 18:12 NPT,b7db78d,airport,Tribhuvan Intl (KTM),त्रिभुवन अन्तर्राष्ट्रिय,open,Normal operations,2026-07-31 18:12 NPT
2026-07-31 18:12 NPT,b7db78d,airport,Gautam Buddha Intl (BWA),गौतम बुद्ध विमानस्थल,open,,2026-07-31 18:12 NPT
2026-07-31 18:12 NPT,b7db78d,airport,Pokhara Regional (PKR),पोखरा विमानस्थल,open,,2026-07-31 18:12 NPT
2026-07-31 18:12 NPT,b7db78d,airport,Bharatpur (BHR),भरतपुर विमानस्थल,open,,2026-07-31 18:12 NPT
2026-07-31 18:12 NPT,b7db78d,airport,Dhangadhi (DHI),धनगढी विमानस्थल,open,,2026-07-31 18:12 NPT
2026-07-31 18:12 NPT,b7db78d,airport,Biratnagar (BIR),विराटनगर विमानस्थल,open,,2026-07-31 18:12 NPT
2026-07-31 18:12 NPT,b7db78d,airport,Nepalgunj (KEP),नेपालगञ्ज विमानस्थल,open,,2026-07-31 18:12 NPT
2026-07-31 18:12 NPT,b7db78d,airport,Chandragadhi (BDP),चन्द्रगढी विमानस्थल,open,,2026-07-31 18:12 NPT
2026-07-31 18:12 NPT,b7db78d,airport,Janakpur (JKR),जनकपुर विमानस्थल,open,,2026-07-31 18:12 NPT
2026-07-31 18:12 NPT,b7db78d,airport,Simara (SIF),सिमरा विमानस्थल,open,,2026-07-31 18:12 NPT
2026-07-31 18:12 NPT,b7db78d,hospital,"Bir Hospital, Kathmandu",बीर अस्पताल,open,120 beds,2026-07-31 18:12 NPT
2026-07-31 18:12 NPT,b7db78d,hospital,"TU Teaching Hospital, KTM",त्रिवि शिक्षण अस्पताल,open,95 beds,2026-07-31 18:12 NPT
2026-07-31 18:12 NPT,b7db78d,hospital,"Patan Hospital, Lalitpur",पाटन अस्पताल,open,60 beds,2026-07-31 18:12 NPT
2026-07-31 18:12 NPT,b7db78d,hospital,"Manipal College Hospital, PKR",मणिपाल अस्पताल,open,45 beds,2026-07-31 18:12 NPT
2026-07-31 18:12 NPT,b7db78d,hospital,"Gandaki Medical College, PKR",गण्डकी अस्पताल,open,38 beds,2026-07-31 18:12 NPT
2026-07-31 18:12 NPT,b7db78d,hospital,"BPKIHS, Dharan",बीपी कोइराला स्वास्थ्य,open,150 beds,2026-07-31 18:12 NPT
2026-07-31 18:12 NPT,b7db78d,hospital,"Koshi Hospital, Biratnagar",कोशी अस्पताल,open,80 beds,2026-07-31 18:12 NPT
2026-07-31 18:12 NPT,b7db78d,hospital,"Bheri Hospital, Nepalgunj",भेरी अस्पताल,open,70 beds,2026-07-31 18:12 NPT
2026-07-31 18:12 NPT,b7db78d,hospital,Chitwan Medical College,चितवन मेडिकल कलेज,open,100 beds,2026-07-31 18:12 NPT
2026-07-31 18:12 NPT,b7db78d,hospital,Lumbini Provincial Hospital,लुम्बिनी प्रादेशिक,open,110 beds,2026-07-31 18:12 NPT
2026-07-31 15:50 NPT,b34c593,road,NH01 – Mahendra Rajmarg,महेन्द्र राजमार्ग,open,,2026-07-31 15:50 NPT
2026-07-31 15:50 NPT,b34c593,road,NH02 – Mechi Rajmarg,मेची राजमार्ग,partial,"Landslide at Ilam-9, Ilam",2026-07-31 15:50 NPT
2026-07-31 15:50 NPT,b34c593,road,NH03 – Puspalal Hwy (Mid-Hill),पुष्पलाल राजमार्ग,partial,"Landslide at Kanthekhola-5, Baglung",2026-07-31 15:50 NPT
2026-07-31 15:50 NPT,b34c593,road,NH04 – Birtamod-Chandragadhi,विर्तामोड–चन्द्रगढी,open,,2026-07-31 15:50 NPT
2026-07-31 15:50 NPT,b34c593,road,NH05 – Postal Hwy,हुलाकी राजमार्ग,open,,2026-07-31 15:50 NPT
2026-07-31 15:50 NPT,b34c593,road,NH06 – Koshi Rajmarg,कोशी राजमार्ग,open,,2026-07-31 15:50 NPT
2026-07-31 15:50 NPT,b34c593,road,NH08 – Sagarmatha Rajmarg,सगरमाथा राजमार्ग,open,,2026-07-31 15:50 NPT
2026-07-31 15:50 NPT,b34c593,road,NH09 – Madan Bhandari Hwy,मदन भण्डारी राजमार्ग,open,,2026-07-31 15:50 NPT
2026-07-31 15:50 NPT,b34c593,road,NH10 – Siddhartha Hwy,सिद्धार्थ राजमार्ग,open,,2026-07-31 15:50 NPT
2026-07-31 15:50 NPT,b34c593,road,NH11 – Rapti Rajmarg,राप्ती राजमार्ग,open,,2026-07-31 15:50 NPT
2026-07-31 15:50 NPT,b34c593,road,NH12 – Ratna Rajmarg,रत्न राजमार्ग,open,,2026-07-31 15:50 NPT
2026-07-31 15:50 NPT,b34c593,road,NH13 – Karnali Rajmarg,कर्णाली राजमार्ग,open,,2026-07-31 15:50 NPT
2026-07-31 15:50 NPT,b34c593,road,NH14 – Mahakali Rajmarg,महाकाली राजमार्ग,open,,2026-07-31 15:50 NPT
2026-07-31 15:50 NPT,b34c593,road,NH15 – Seti Rajmarg,सेती राजमार्ग,open,,2026-07-31 15:50 NPT
2026-07-31 15:50 NPT,b34c593,road,NH16 – Rapti-Lumbini Hwy,राप्ती-लुम्बिनी,open,,2026-07-31 15:50 NPT
2026-07-31 15:50 NPT,b34c593,road,NH34 – Araniko Hwy,अरनिको राजमार्ग,closed,"Landslide at Bhotekoshi-4, Sindhupalchok",2026-07-31 15:50 NPT
2026-07-31 15:50 NPT,b34c593,road,NH38 – BP Hwy,बीपी राजमार्ग,open,,2026-07-31 15:50 NPT
2026-07-31 15:50 NPT,b34c593,road,NH41 – Tribhuvan Hwy,त्रिभुवन राजमार्ग,partial,"Landslide at Bhimphedi-9, Makwanpur",2026-07-31 15:50 NPT
2026-07-31 15:50 NPT,b34c593,road,NH42 – Prithvi Hwy,पृथ्वी राजमार्ग,closed,"Landslide at Benighat Rorang-10, Dhading",2026-07-31 15:50 NPT
2026-07-31 15:50 NPT,b34c593,road,NH43 – Narayanghat-Mugling,नारायणगढ–मुग्लिन,open,,2026-07-31 15:50 NPT
2026-07-31 15:50 NPT,b34c593,airport,Tribhuvan Intl (KTM),त्रिभुवन अन्तर्राष्ट्रिय,open,Normal operations,2026-07-31 15:50 NPT
2026-07-31 15:50 NPT,b34c593,airport,Gautam Buddha Intl (BWA),गौतम बुद्ध विमानस्थल,open,,2026-07-31 15:50 NPT
2026-07-31 15:50 NPT,b34c593,airport,Pokhara Regional (PKR),पोखरा विमानस्थल,open,,2026-07-31 15:50 NPT
2026-07-31 15:50 NPT,b34c593,airport,Bharatpur (BHR),भरतपुर विमानस्थल,open,,2026-07-31 15:50 NPT
2026-07-31 15:50 NPT,b34c593,airport,Dhangadhi (DHI),धनगढी विमानस्थल,open,,2026-07-31 15:50 NPT
2026-07-31 15:50 NPT,b34c593,airport,Biratnagar (BIR),विराटनगर विमानस्थल,open,,2026-07-31 15:50 NPT
2026-07-31 15:50 NPT,b34c593,airport,Nepalgunj (KEP),नेपालगञ्ज विमानस्थल,open,,2026-07-31 15:50 NPT
2026-07-31 15:50 NPT,b34c593,airport,Chandragadhi (BDP),चन्द्रगढी विमानस्थल,open,,2026-07-31 15:50 NPT
2026-07-31 15:50 NPT,b34c593,airport,Janakpur (JKR),जनकपुर विमानस्थल,open,,2026-07-31 15:50 NPT
2026-07-31 15:50 NPT,b34c593,airport,Simara (SIF),सिमरा विमानस्थल,open,,2026-07-31 15:50 NPT
2026-07-31 15:50 NPT,b34c593,hospital,"Bir Hospital, Kathmandu",बीर अस्पताल,open,120 beds,2026-07-31 15:50 NPT
2026-07-31 15:50 NPT,b34c593,hospital,"TU Teaching Hospital, KTM",त्रिवि शिक्षण अस्पताल,open,95 beds,2026-07-31 15:50 NPT
2026-07-31 15:50 NPT,b34c593,hospital,"Patan Hospital, Lalitpur",पाटन अस्पताल,open,60 beds,2026-07-31 15:50 NPT
2026-07-31 15:50 NPT,b34c593,hospital,"Manipal College Hospital, PKR",मणिपाल अस्पताल,open,45 beds,2026-07-31 15:50 NPT
2026-07-31 15:50 NPT,b34c593,hospital,"Gandaki Medical College, PKR",गण्डकी अस्पताल,open,38 beds,2026-07-31 15:50 NPT
2026-07-31 15:50 NPT,b34c593,hospital,"BPKIHS, Dharan",बीपी कोइराला स्वास्थ्य,open,150 beds,2026-07-31 15:50 NPT
2026-07-31 15:50 NPT,b34c593,hospital,"Koshi Hospital, Biratnagar",कोशी अस्पताल,open,80 beds,2026-07-31 15:50 NPT
2026-07-31 15:50 NPT,b34c593,hospital,"Bheri Hospital, Nepalgunj",भेरी अस्पताल,open,70 beds,2026-07-31 15:50 NPT
2026-07-31 15:50 NPT,b34c593,hospital,Chitwan Medical College,चितवन मेडिकल कलेज,open,100 beds,2026-07-31 15:50 NPT
2026-07-31 15:50 NPT,b34c593,hospital,Lumbini Provincial Hospital,लुम्बिनी प्रादेशिक,open,110 beds,2026-07-31 15:50 NPT
2026-07-31 13:07 NPT,27c30b2,road,NH01 – Mahendra Rajmarg,महेन्द्र राजमार्ग,open,,2026-07-31 13:07 NPT
2026-07-31 13:07 NPT,27c30b2,road,NH02 – Mechi Rajmarg,मेची राजमार्ग,partial,"Landslide at Ilam-9, Ilam",2026-07-31 13:07 NPT
2026-07-31 13:07 NPT,27c30b2,road,NH03 – Puspalal Hwy (Mid-Hill),पुष्पलाल राजमार्ग,partial,"Landslide at Kanthekhola-5, Baglung",2026-07-31 13:07 NPT
2026-07-31 13:07 NPT,27c30b2,road,NH04 – Birtamod-Chandragadhi,विर्तामोड–चन्द्रगढी,open,,2026-07-31 13:07 NPT
2026-07-31 13:07 NPT,27c30b2,road,NH05 – Postal Hwy,हुलाकी राजमार्ग,open,,2026-07-31 13:07 NPT
2026-07-31 13:07 NPT,27c30b2,road,NH06 – Koshi Rajmarg,कोशी राजमार्ग,open,,2026-07-31 13:07 NPT
2026-07-31 13:07 NPT,27c30b2,road,NH08 – Sagarmatha Rajmarg,सगरमाथा राजमार्ग,open,,2026-07-31 13:07 NPT
2026-07-31 13:07 NPT,27c30b2,road,NH09 – Madan Bhandari Hwy,मदन भण्डारी राजमार्ग,open,,2026-07-31 13:07 NPT
2026-07-31 13:07 NPT,27c30b2,road,NH10 – Siddhartha Hwy,सिद्धार्थ राजमार्ग,open,,2026-07-31 13:07 NPT
2026-07-31 13:07 NPT,27c30b2,road,NH11 – Rapti Rajmarg,राप्ती राजमार्ग,open,,2026-07-31 13:07 NPT
2026-07-31 13:07 NPT,27c30b2,road,NH12 – Ratna Rajmarg,रत्न राजमार्ग,open,,2026-07-31 13:07 NPT
2026-07-31 13:07 NPT,27c30b2,road,NH13 – Karnali Rajmarg,कर्णाली राजमार्ग,open,,2026-07-31 13:07 NPT
2026-07-31 13:07 NPT,27c30b2,road,NH14 – Mahakali Rajmarg,महाकाली राजमार्ग,open,,2026-07-31 13:07 NPT
2026-07-31 13:07 NPT,27c30b2,road,NH15 – Seti Rajmarg,सेती राजमार्ग,open,,2026-07-31 13:07 NPT
2026-07-31 13:07 NPT,27c30b2,road,NH16 – Rapti-Lumbini Hwy,राप्ती-लुम्बिनी,open,,2026-07-31 13:07 NPT
2026-07-31 13:07 NPT,27c30b2,road,NH34 – Araniko Hwy,अरनिको राजमार्ग,closed,"Landslide at Bhotekoshi-4, Sindhupalchok",2026-07-31 13:07 NPT
2026-07-31 13:07 NPT,27c30b2,road,NH38 – BP Hwy,बीपी राजमार्ग,open,,2026-07-31 13:07 NPT
2026-07-31 13:07 NPT,27c30b2,road,NH41 – Tribhuvan Hwy,त्रिभुवन राजमार्ग,partial,"Landslide at Bhimphedi-9, Makwanpur",2026-07-31 13:07 NPT
2026-07-31 13:07 NPT,27c30b2,road,NH42 – Prithvi Hwy,पृथ्वी राजमार्ग,closed,"Landslide at Benighat Rorang-10, Dhading",2026-07-31 13:07 NPT
2026-07-31 13:07 NPT,27c30b2,road,NH43 – Narayanghat-Mugling,नारायणगढ–मुग्लिन,open,,2026-07-31 13:07 NPT
2026-07-31 13:07 NPT,27c30b2,airport,Tribhuvan Intl (KTM),त्रिभुवन अन्तर्राष्ट्रिय,open,Normal operations,2026-07-31 13:07 NPT
2026-07-31 13:07 NPT,27c30b2,airport,Gautam Buddha Intl (BWA),गौतम बुद्ध विमानस्थल,open,,2026-07-31 13:07 NPT
2026-07-31 13:07 NPT,27c30b2,airport,Pokhara Regional (PKR),पोखरा विमानस्थल,open,,2026-07-31 13:07 NPT
2026-07-31 13:07 NPT,27c30b2,airport,Bharatpur (BHR),भरतपुर विमानस्थल,open,,2026-07-31 13:07 NPT
2026-07-31 13:07 NPT,27c30b2,airport,Dhangadhi (DHI),धनगढी विमानस्थल,open,,2026-07-31 13:07 NPT
2026-07-31 13:07 NPT,27c30b2,airport,Biratnagar (BIR),विराटनगर विमानस्थल,open,,2026-07-31 13:07 NPT
2026-07-31 13:07 NPT,27c30b2,airport,Nepalgunj (KEP),नेपालगञ्ज विमानस्थल,open,,2026-07-31 13:07 NPT
2026-07-31 13:07 NPT,27c30b2,airport,Chandragadhi (BDP),चन्द्रगढी विमानस्थल,open,,2026-07-31 13:07 NPT
2026-07-31 13:07 NPT,27c30b2,airport,Janakpur (JKR),जनकपुर विमानस्थल,open,,2026-07-31 13:07 NPT
2026-07-31 13:07 NPT,27c30b2,airport,Simara (SIF),सिमरा विमानस्थल,open,,2026-07-31 13:07 NPT
2026-07-31 13:07 NPT,27c30b2,hospital,"Bir Hospital, Kathmandu",बीर अस्पताल,open,120 beds,2026-07-31 13:07 NPT
2026-07-31 13:07 NPT,27c30b2,hospital,"TU Teaching Hospital, KTM",त्रिवि शिक्षण अस्पताल,open,95 beds,2026-07-31 13:07 NPT
2026-07-31 13:07 NPT,27c30b2,hospital,"Patan Hospital, Lalitpur",पाटन अस्पताल,open,60 beds,2026-07-31 13:07 NPT
2026-07-31 13:07 NPT,27c30b2,hospital,"Manipal College Hospital, PKR",मणिपाल अस्पताल,open,45 beds,2026-07-31 13:07 NPT
2026-07-31 13:07 NPT,27c30b2,hospital,"Gandaki Medical College, PKR",गण्डकी अस्पताल,open,38 beds,2026-07-31 13:07 NPT
2026-07-31 13:07 NPT,27c30b2,hospital,"BPKIHS, Dharan",बीपी कोइराला स्वास्थ्य,open,150 beds,2026-07-31 13:07 NPT
2026-07-31 13:07 NPT,27c30b2,hospital,"Koshi Hospital, Biratnagar",कोशी अस्पताल,open,80 beds,2026-07-31 13:07 NPT
2026-07-31 13:07 NPT,27c30b2,hospital,"Bheri Hospital, Nepalgunj",भेरी अस्पताल,open,70 beds,2026-07-31 13:07 NPT
2026-07-31 13:07 NPT,27c30b2,hospital,Chitwan Medical College,चितवन मेडिकल कलेज,open,100 beds,2026-07-31 13:07 NPT
2026-07-31 13:07 NPT,27c30b2,hospital,Lumbini Provincial Hospital,लुम्बिनी प्रादेशिक,open,110 beds,2026-07-31 13:07 NPT
2026-07-31 09:45 NPT,61a7651,road,NH01 – Mahendra Rajmarg,महेन्द्र राजमार्ग,open,,2026-07-31 09:45 NPT
2026-07-31 09:45 NPT,61a7651,road,NH02 – Mechi Rajmarg,मेची राजमार्ग,partial,"Landslide at Ilam-9, Ilam",2026-07-31 09:45 NPT
2026-07-31 09:45 NPT,61a7651,road,NH03 – Puspalal Hwy (Mid-Hill),पुष्पलाल राजमार्ग,partial,"Landslide at Kanthekhola-5, Baglung",2026-07-31 09:45 NPT
2026-07-31 09:45 NPT,61a7651,road,NH04 – Birtamod-Chandragadhi,विर्तामोड–चन्द्रगढी,open,,2026-07-31 09:45 NPT
2026-07-31 09:45 NPT,61a7651,road,NH05 – Postal Hwy,हुलाकी राजमार्ग,open,,2026-07-31 09:45 NPT
2026-07-31 09:45 NPT,61a7651,road,NH06 – Koshi Rajmarg,कोशी राजमार्ग,open,,2026-07-31 09:45 NPT
2026-07-31 09:45 NPT,61a7651,road,NH08 – Sagarmatha Rajmarg,सगरमाथा राजमार्ग,open,,2026-07-31 09:45 NPT
2026-07-31 09:45 NPT,61a7651,road,NH09 – Madan Bhandari Hwy,मदन भण्डारी राजमार्ग,open,,2026-07-31 09:45 NPT
2026-07-31 09:45 NPT,61a7651,road,NH10 – Siddhartha Hwy,सिद्धार्थ राजमार्ग,open,,2026-07-31 09:45 NPT
2026-07-31 09:45 NPT,61a7651,road,NH11 – Rapti Rajmarg,राप्ती राजमार्ग,open,,2026-07-31 09:45 NPT
2026-07-31 09:45 NPT,61a7651,road,NH12 – Ratna Rajmarg,रत्न राजमार्ग,open,,2026-07-31 09:45 NPT
2026-07-31 09:45 NPT,61a7651,road,NH13 – Karnali Rajmarg,कर्णाली राजमार्ग,open,,2026-07-31 09:45 NPT
2026-07-31 09:45 NPT,61a7651,road,NH14 – Mahakali Rajmarg,महाकाली राजमार्ग,open,,2026-07-31 09:45 NPT
2026-07-31 09:45 NPT,61a7651,road,NH15 – Seti Rajmarg,सेती राजमार्ग,open,,2026-07-31 09:45 NPT
2026-07-31 09:45 NPT,61a7651,road,NH16 – Rapti-Lumbini Hwy,राप्ती-लुम्बिनी,open,,2026-07-31 09:45 NPT
2026-07-31 09:45 NPT,61a7651,road,NH34 – Araniko Hwy,अरनिको राजमार्ग,closed,"Landslide at Bhotekoshi-4, Sindhupalchok",2026-07-31 09:45 NPT
2026-07-31 09:45 NPT,61a7651,road,NH38 – BP Hwy,बीपी राजमार्ग,open,,2026-07-31 09:45 NPT
2026-07-31 09:45 NPT,61a7651,road,NH41 – Tribhuvan Hwy,त्रिभुवन राजमार्ग,partial,"Landslide at Bhimphedi-9, Makwanpur",2026-07-31 09:45 NPT
2026-07-31 09:45 NPT,61a7651,road,NH42 – Prithvi Hwy,पृथ्वी राजमार्ग,closed,"Landslide at Benighat Rorang-10, Dhading",2026-07-31 09:45 NPT
2026-07-31 09:45 NPT,61a7651,road,NH43 – Narayanghat-Mugling,नारायणगढ–मुग्लिन,open,,2026-07-31 09:45 NPT
2026-07-31 09:45 NPT,61a7651,airport,Tribhuvan Intl (KTM),त्रिभुवन अन्तर्राष्ट्रिय,open,Normal operations,2026-07-31 09:45 NPT
2026-07-31 09:45 NPT,61a7651,airport,Gautam Buddha Intl (BWA),गौतम बुद्ध विमानस्थल,open,,2026-07-31 09:45 NPT
2026-07-31 09:45 NPT,61a7651,airport,Pokhara Regional (PKR),पोखरा विमानस्थल,open,,2026-07-31 09:45 NPT
2026-07-31 09:45 NPT,61a7651,airport,Bharatpur (BHR),भरतपुर विमानस्थल,open,,2026-07-31 09:45 NPT
2026-07-31 09:45 NPT,61a7651,airport,Dhangadhi (DHI),धनगढी विमानस्थल,open,,2026-07-31 09:45 NPT
2026-07-31 09:45 NPT,61a7651,airport,Biratnagar (BIR),विराटनगर विमानस्थल,open,,2026-07-31 09:45 NPT
2026-07-31 09:45 NPT,61a7651,airport,Nepalgunj (KEP),नेपालगञ्ज विमानस्थल,open,,2026-07-31 09:45 NPT
2026-07-31 09:45 NPT,61a7651,airport,Chandragadhi (BDP),चन्द्रगढी विमानस्थल,open,,2026-07-31 09:45 NPT
2026-07-31 09:45 NPT,61a7651,airport,Janakpur (JKR),जनकपुर विमानस्थल,open,,2026-07-31 09:45 NPT
2026-07-31 09:45 NPT,61a7651,airport,Simara (SIF),सिमरा विमानस्थल,open,,2026-07-31 09:45 NPT
2026-07-31 09:45 NPT,61a7651,hospital,"Bir Hospital, Kathmandu",बीर अस्पताल,open,120 beds,2026-07-31 09:45 NPT
2026-07-31 09:45 NPT,61a7651,hospital,"TU Teaching Hospital, KTM",त्रिवि शिक्षण अस्पताल,open,95 beds,2026-07-31 09:45 NPT
2026-07-31 09:45 NPT,61a7651,hospital,"Patan Hospital, Lalitpur",पाटन अस्पताल,open,60 beds,2026-07-31 09:45 NPT
2026-07-31 09:45 NPT,61a7651,hospital,"Manipal College Hospital, PKR",मणिपाल अस्पताल,open,45 beds,2026-07-31 09:45 NPT
2026-07-31 09:45 NPT,61a7651,hospital,"Gandaki Medical College, PKR",गण्डकी अस्पताल,open,38 beds,2026-07-31 09:45 NPT
2026-07-31 09:45 NPT,61a7651,hospital,"BPKIHS, Dharan",बीपी कोइराला स्वास्थ्य,open,150 beds,2026-07-31 09:45 NPT
2026-07-31 09:45 NPT,61a7651,hospital,"Koshi Hospital, Biratnagar",कोशी अस्पताल,open,80 beds,2026-07-31 09:45 NPT
2026-07-31 09:45 NPT,61a7651,hospital,"Bheri Hospital, Nepalgunj",भेरी अस्पताल,open,70 beds,2026-07-31 09:45 NPT
2026-07-31 09:45 NPT,61a7651,hospital,Chitwan Medical College,चितवन मेडिकल कलेज,open,100 beds,2026-07-31 09:45 NPT
2026-07-31 09:45 NPT,61a7651,hospital,Lumbini Provincial Hospital,लुम्बिनी प्रादेशिक,open,110 beds,2026-07-31 09:45 NPT
2026-07-31 05:49 NPT,5a864ba,road,NH01 – Mahendra Rajmarg,महेन्द्र राजमार्ग,open,,2026-07-31 05:49 NPT
2026-07-31 05:49 NPT,5a864ba,road,NH02 – Mechi Rajmarg,मेची राजमार्ग,partial,"Landslide at Ilam-9, Ilam",2026-07-31 05:49 NPT
2026-07-31 05:49 NPT,5a864ba,road,NH03 – Puspalal Hwy (Mid-Hill),पुष्पलाल राजमार्ग,partial,"Landslide at Kanthekhola-5, Baglung",2026-07-31 05:49 NPT
2026-07-31 05:49 NPT,5a864ba,road,NH04 – Birtamod-Chandragadhi,विर्तामोड–चन्द्रगढी,open,,2026-07-31 05:49 NPT
2026-07-31 05:49 NPT,5a864ba,road,NH05 – Postal Hwy,हुलाकी राजमार्ग,open,,2026-07-31 05:49 NPT
2026-07-31 05:49 NPT,5a864ba,road,NH06 – Koshi Rajmarg,कोशी राजमार्ग,open,,2026-07-31 05:49 NPT
2026-07-31 05:49 NPT,5a864ba,road,NH08 – Sagarmatha Rajmarg,सगरमाथा राजमार्ग,open,,2026-07-31 05:49 NPT
2026-07-31 05:49 NPT,5a864ba,road,NH09 – Madan Bhandari Hwy,मदन भण्डारी राजमार्ग,open,,2026-07-31 05:49 NPT
2026-07-31 05:49 NPT,5a864ba,road,NH10 – Siddhartha Hwy,सिद्धार्थ राजमार्ग,open,,2026-07-31 05:49 NPT
2026-07-31 05:49 NPT,5a864ba,road,NH11 – Rapti Rajmarg,राप्ती राजमार्ग,open,,2026-07-31 05:49 NPT
2026-07-31 05:49 NPT,5a864ba,road,NH12 – Ratna Rajmarg,रत्न राजमार्ग,open,,2026-07-31 05:49 NPT
2026-07-31 05:49 NPT,5a864ba,road,NH13 – Karnali Rajmarg,कर्णाली राजमार्ग,open,,2026-07-31 05:49 NPT
2026-07-31 05:49 NPT,5a864ba,road,NH14 – Mahakali Rajmarg,महाकाली राजमार्ग,open,,2026-07-31 05:49 NPT
2026-07-31 05:49 NPT,5a864ba,road,NH15 – Seti Rajmarg,सेती राजमार्ग,open,,2026-07-31 05:49 NPT
2026-07-31 05:49 NPT,5a864ba,road,NH16 – Rapti-Lumbini Hwy,राप्ती-लुम्बिनी,open,,2026-07-31 05:49 NPT
2026-07-31 05:49 NPT,5a864ba,road,NH34 – Araniko Hwy,अरनिको राजमार्ग,closed,"Landslide at Bhotekoshi-4, Sindhupalchok",2026-07-31 05:49 NPT
2026-07-31 05:49 NPT,5a864ba,road,NH38 – BP Hwy,बीपी राजमार्ग,open,,2026-07-31 05:49 NPT
2026-07-31 05:49 NPT,5a864ba,road,NH41 – Tribhuvan Hwy,त्रिभुवन राजमार्ग,partial,"Landslide at Bhimphedi-9, Makwanpur",2026-07-31 05:49 NPT
2026-07-31 05:49 NPT,5a864ba,road,NH42 – Prithvi Hwy,पृथ्वी राजमार्ग,partial,"stone fall at Bandipur-4, Tanahu",2026-07-31 05:49 NPT
2026-07-31 05:49 NPT,5a864ba,road,NH43 – Narayanghat-Mugling,नारायणगढ–मुग्लिन,open,,2026-07-31 05:49 NPT
2026-07-31 05:49 NPT,5a864ba,airport,Tribhuvan Intl (KTM),त्रिभुवन अन्तर्राष्ट्रिय,open,Normal operations,2026-07-31 05:49 NPT
2026-07-31 05:49 NPT,5a864ba,airport,Gautam Buddha Intl (BWA),गौतम बुद्ध विमानस्थल,open,,2026-07-31 05:49 NPT
2026-07-31 05:49 NPT,5a864ba,airport,Pokhara Regional (PKR),पोखरा विमानस्थल,open,,2026-07-31 05:49 NPT
2026-07-31 05:49 NPT,5a864ba,airport,Bharatpur (BHR),भरतपुर विमानस्थल,open,,2026-07-31 05:49 NPT
2026-07-31 05:49 NPT,5a864ba,airport,Dhangadhi (DHI),धनगढी विमानस्थल,open,,2026-07-31 05:49 NPT
2026-07-31 05:49 NPT,5a864ba,airport,Biratnagar (BIR),विराटनगर विमानस्थल,open,,2026-07-31 05:49 NPT
2026-07-31 05:49 NPT,5a864ba,airport,Nepalgunj (KEP),नेपालगञ्ज विमानस्थल,open,,2026-07-31 05:49 NPT
2026-07-31 05:49 NPT,5a864ba,airport,Chandragadhi (BDP),चन्द्रगढी विमानस्थल,open,,2026-07-31 05:49 NPT
2026-07-31 05:49 NPT,5a864ba,airport,Janakpur (JKR),जनकपुर विमानस्थल,open,,2026-07-31 05:49 NPT
2026-07-31 05:49 NPT,5a864ba,airport,Simara (SIF),सिमरा विमानस्थल,open,,2026-07-31 05:49 NPT
2026-07-31 05:49 NPT,5a864ba,hospital,"Bir Hospital, Kathmandu",बीर अस्पताल,open,120 beds,2026-07-31 05:49 NPT
2026-07-31 05:49 NPT,5a864ba,hospital,"TU Teaching Hospital, KTM",त्रिवि शिक्षण अस्पताल,open,95 beds,2026-07-31 05:49 NPT
2026-07-31 05:49 NPT,5a864ba,hospital,"Patan Hospital, Lalitpur",पाटन अस्पताल,open,60 beds,2026-07-31 05:49 NPT
2026-07-31 05:49 NPT,5a864ba,hospital,"Manipal College Hospital, PKR",मणिपाल अस्पताल,open,45 beds,2026-07-31 05:49 NPT
2026-07-31 05:49 NPT,5a864ba,hospital,"Gandaki Medical College, PKR",गण्डकी अस्पताल,open,38 beds,2026-07-31 05:49 NPT
2026-07-31 05:49 NPT,5a864ba,hospital,"BPKIHS, Dharan",बीपी कोइराला स्वास्थ्य,open,150 beds,2026-07-31 05:49 NPT
2026-07-31 05:49 NPT,5a864ba,hospital,"Koshi Hospital, Biratnagar",कोशी अस्पताल,open,80 beds,2026-07-31 05:49 NPT
2026-07-31 05:49 NPT,5a864ba,hospital,"Bheri Hospital, Nepalgunj",भेरी अस्पताल,open,70 beds,2026-07-31 05:49 NPT
2026-07-31 05:49 NPT,5a864ba,hospital,Chitwan Medical College,चितवन मेडिकल कलेज,open,100 beds,2026-07-31 05:49 NPT
2026-07-31 05:49 NPT,5a864ba,hospital,Lumbini Provincial Hospital,लुम्बिनी प्रादेशिक,open,110 beds,2026-07-31 05:49 NPT
2026-07-31 04:21 NPT,efbe812,road,NH01 – Mahendra Rajmarg,महेन्द्र राजमार्ग,open,,2026-07-31 04:21 NPT
2026-07-31 04:21 NPT,efbe812,road,NH02 – Mechi Rajmarg,मेची राजमार्ग,partial,"Landslide at Ilam-9, Ilam",2026-07-31 04:21 NPT
2026-07-31 04:21 NPT,efbe812,road,NH03 – Puspalal Hwy (Mid-Hill),पुष्पलाल राजमार्ग,partial,"Landslide at Kanthekhola-5, Baglung",2026-07-31 04:21 NPT
2026-07-31 04:21 NPT,efbe812,road,NH04 – Birtamod-Chandragadhi,विर्तामोड–चन्द्रगढी,open,,2026-07-31 04:21 NPT
2026-07-31 04:21 NPT,efbe812,road,NH05 – Postal Hwy,हुलाकी राजमार्ग,open,,2026-07-31 04:21 NPT
2026-07-31 04:21 NPT,efbe812,road,NH06 – Koshi Rajmarg,कोशी राजमार्ग,open,,2026-07-31 04:21 NPT
2026-07-31 04:21 NPT,efbe812,road,NH08 – Sagarmatha Rajmarg,सगरमाथा राजमार्ग,open,,2026-07-31 04:21 NPT
2026-07-31 04:21 NPT,efbe812,road,NH09 – Madan Bhandari Hwy,मदन भण्डारी राजमार्ग,open,,2026-07-31 04:21 NPT
2026-07-31 04:21 NPT,efbe812,road,NH10 – Siddhartha Hwy,सिद्धार्थ राजमार्ग,open,,2026-07-31 04:21 NPT
2026-07-31 04:21 NPT,efbe812,road,NH11 – Rapti Rajmarg,राप्ती राजमार्ग,open,,2026-07-31 04:21 NPT
2026-07-31 04:21 NPT,efbe812,road,NH12 – Ratna Rajmarg,रत्न राजमार्ग,open,,2026-07-31 04:21 NPT
2026-07-31 04:21 NPT,efbe812,road,NH13 – Karnali Rajmarg,कर्णाली राजमार्ग,open,,2026-07-31 04:21 NPT
2026-07-31 04:21 NPT,efbe812,road,NH14 – Mahakali Rajmarg,महाकाली राजमार्ग,open,,2026-07-31 04:21 NPT
2026-07-31 04:21 NPT,efbe812,road,NH15 – Seti Rajmarg,सेती राजमार्ग,open,,2026-07-31 04:21 NPT
2026-07-31 04:21 NPT,efbe812,road,NH16 – Rapti-Lumbini Hwy,राप्ती-लुम्बिनी,open,,2026-07-31 04:21 NPT
2026-07-31 04:21 NPT,efbe812,road,NH34 – Araniko Hwy,अरनिको राजमार्ग,closed,"Landslide at Bhotekoshi-4, Sindhupalchok",2026-07-31 04:21 NPT
2026-07-31 04:21 NPT,efbe812,road,NH38 – BP Hwy,बीपी राजमार्ग,open,,2026-07-31 04:21 NPT
2026-07-31 04:21 NPT,efbe812,road,NH41 – Tribhuvan Hwy,त्रिभुवन राजमार्ग,partial,"Landslide at Bhimphedi-9, Makwanpur",2026-07-31 04:21 NPT
2026-07-31 04:21 NPT,efbe812,road,NH42 – Prithvi Hwy,पृथ्वी राजमार्ग,partial,"stone fall at Bandipur-4, Tanahu",2026-07-31 04:21 NPT
2026-07-31 04:21 NPT,efbe812,road,NH43 – Narayanghat-Mugling,नारायणगढ–मुग्लिन,open,,2026-07-31 04:21 NPT
2026-07-31 04:21 NPT,efbe812,airport,Tribhuvan Intl (KTM),त्रिभुवन अन्तर्राष्ट्रिय,open,Normal operations,2026-07-31 04:21 NPT
2026-07-31 04:21 NPT,efbe812,airport,Gautam Buddha Intl (BWA),गौतम बुद्ध विमानस्थल,open,,2026-07-31 04:21 NPT
2026-07-31 04:21 NPT,efbe812,airport,Pokhara Regional (PKR),पोखरा विमानस्थल,open,,2026-07-31 04:21 NPT
2026-07-31 04:21 NPT,efbe812,airport,Bharatpur (BHR),भरतपुर विमानस्थल,open,,2026-07-31 04:21 NPT
2026-07-31 04:21 NPT,efbe812,airport,Dhangadhi (DHI),धनगढी विमानस्थल,open,,2026-07-31 04:21 NPT
2026-07-31 04:21 NPT,efbe812,airport,Biratnagar (BIR),विराटनगर विमानस्थल,open,,2026-07-31 04:21 NPT
2026-07-31 04:21 NPT,efbe812,airport,Nepalgunj (KEP),नेपालगञ्ज विमानस्थल,open,,2026-07-31 04:21 NPT
2026-07-31 04:21 NPT,efbe812,airport,Chandragadhi (BDP),चन्द्रगढी विमानस्थल,open,,2026-07-31 04:21 NPT
2026-07-31 04:21 NPT,efbe812,airport,Janakpur (JKR),जनकपुर विमानस्थल,open,,2026-07-31 04:21 NPT
2026-07-31 04:21 NPT,efbe812,airport,Simara (SIF),सिमरा विमानस्थल,open,,2026-07-31 04:21 NPT
2026-07-31 04:21 NPT,efbe812,hospital,"Bir Hospital, Kathmandu",बीर अस्पताल,open,120 beds,2026-07-31 04:21 NPT
2026-07-31 04:21 NPT,efbe812,hospital,"TU Teaching Hospital, KTM",त्रिवि शिक्षण अस्पताल,open,95 beds,2026-07-31 04:21 NPT
2026-07-31 04:21 NPT,efbe812,hospital,"Patan Hospital, Lalitpur",पाटन अस्पताल,open,60 beds,2026-07-31 04:21 NPT
2026-07-31 04:21 NPT,efbe812,hospital,"Manipal College Hospital, PKR",मणिपाल अस्पताल,open,45 beds,2026-07-31 04:21 NPT
2026-07-31 04:21 NPT,efbe812,hospital,"Gandaki Medical College, PKR",गण्डकी अस्पताल,open,38 beds,2026-07-31 04:21 NPT
2026-07-31 04:21 NPT,efbe812,hospital,"BPKIHS, Dharan",बीपी कोइराला स्वास्थ्य,open,150 beds,2026-07-31 04:21 NPT
2026-07-31 04:21 NPT,efbe812,hospital,"Koshi Hospital, Biratnagar",कोशी अस्पताल,open,80 beds,2026-07-31 04:21 NPT
2026-07-31 04:21 NPT,efbe812,hospital,"Bheri Hospital, Nepalgunj",भेरी अस्पताल,open,70 beds,2026-07-31 04:21 NPT
2026-07-31 04:21 NPT,efbe812,hospital,Chitwan Medical College,चितवन मेडिकल कलेज,open,100 beds,2026-07-31 04:21 NPT
2026-07-31 04:21 NPT,efbe812,hospital,Lumbini Provincial Hospital,लुम्बिनी प्रादेशिक,open,110 beds,2026-07-31 04:21 NPT
2026-07-31 02:57 NPT,f8d5f3f,road,NH01 – Mahendra Rajmarg,महेन्द्र राजमार्ग,open,,2026-07-31 02:57 NPT
2026-07-31 02:57 NPT,f8d5f3f,road,NH02 – Mechi Rajmarg,मेची राजमार्ग,partial,"Landslide at Ilam-9, Ilam",2026-07-31 02:57 NPT
2026-07-31 02:57 NPT,f8d5f3f,road,NH03 – Puspalal Hwy (Mid-Hill),पुष्पलाल राजमार्ग,partial,"Landslide at Kanthekhola-5, Baglung",2026-07-31 02:57 NPT
2026-07-31 02:57 NPT,f8d5f3f,road,NH04 – Birtamod-Chandragadhi,विर्तामोड–चन्द्रगढी,open,,2026-07-31 02:57 NPT
2026-07-31 02:57 NPT,f8d5f3f,road,NH05 – Postal Hwy,हुलाकी राजमार्ग,open,,2026-07-31 02:57 NPT
2026-07-31 02:57 NPT,f8d5f3f,road,NH06 – Koshi Rajmarg,कोशी राजमार्ग,open,,2026-07-31 02:57 NPT
2026-07-31 02:57 NPT,f8d5f3f,road,NH08 – Sagarmatha Rajmarg,सगरमाथा राजमार्ग,open,,2026-07-31 02:57 NPT
2026-07-31 02:57 NPT,f8d5f3f,road,NH09 – Madan Bhandari Hwy,मदन भण्डारी राजमार्ग,open,,2026-07-31 02:57 NPT
2026-07-31 02:57 NPT,f8d5f3f,road,NH10 – Siddhartha Hwy,सिद्धार्थ राजमार्ग,open,,2026-07-31 02:57 NPT
2026-07-31 02:57 NPT,f8d5f3f,road,NH11 – Rapti Rajmarg,राप्ती राजमार्ग,open,,2026-07-31 02:57 NPT
2026-07-31 02:57 NPT,f8d5f3f,road,NH12 – Ratna Rajmarg,रत्न राजमार्ग,open,,2026-07-31 02:57 NPT
2026-07-31 02:57 NPT,f8d5f3f,road,NH13 – Karnali Rajmarg,कर्णाली राजमार्ग,open,,2026-07-31 02:57 NPT
2026-07-31 02:57 NPT,f8d5f3f,road,NH14 – Mahakali Rajmarg,महाकाली राजमार्ग,open,,2026-07-31 02:57 NPT
2026-07-31 02:57 NPT,f8d5f3f,road,NH15 – Seti Rajmarg,सेती राजमार्ग,open,,2026-07-31 02:57 NPT
2026-07-31 02:57 NPT,f8d5f3f,road,NH16 – Rapti-Lumbini Hwy,राप्ती-लुम्बिनी,open,,2026-07-31 02:57 NPT
2026-07-31 02:57 NPT,f8d5f3f,road,NH34 – Araniko Hwy,अरनिको राजमार्ग,closed,"Landslide at Bhotekoshi-4, Sindhupalchok",2026-07-31 02:57 NPT
2026-07-31 02:57 NPT,f8d5f3f,road,NH38 – BP Hwy,बीपी राजमार्ग,open,,2026-07-31 02:57 NPT
2026-07-31 02:57 NPT,f8d5f3f,road,NH41 – Tribhuvan Hwy,त्रिभुवन राजमार्ग,partial,"Landslide at Bhimphedi-9, Makwanpur",2026-07-31 02:57 NPT
2026-07-31 02:57 NPT,f8d5f3f,road,NH42 – Prithvi Hwy,पृथ्वी राजमार्ग,partial,"stone fall at Bandipur-4, Tanahu",2026-07-31 02:57 NPT
2026-07-31 02:57 NPT,f8d5f3f,road,NH43 – Narayanghat-Mugling,नारायणगढ–मुग्लिन,open,,2026-07-31 02:57 NPT
2026-07-31 02:57 NPT,f8d5f3f,airport,Tribhuvan Intl (KTM),त्रिभुवन अन्तर्राष्ट्रिय,open,Normal operations,2026-07-31 02:57 NPT
2026-07-31 02:57 NPT,f8d5f3f,airport,Gautam Buddha Intl (BWA),गौतम बुद्ध विमानस्थल,open,,2026-07-31 02:57 NPT
2026-07-31 02:57 NPT,f8d5f3f,airport,Pokhara Regional (PKR),पोखरा विमानस्थल,open,,2026-07-31 02:57 NPT
2026-07-31 02:57 NPT,f8d5f3f,airport,Bharatpur (BHR),भरतपुर विमानस्थल,open,,2026-07-31 02:57 NPT
2026-07-31 02:57 NPT,f8d5f3f,airport,Dhangadhi (DHI),धनगढी विमानस्थल,open,,2026-07-31 02:57 NPT
2026-07-31 02:57 NPT,f8d5f3f,airport,Biratnagar (BIR),विराटनगर विमानस्थल,open,,2026-07-31 02:57 NPT
2026-07-31 02:57 NPT,f8d5f3f,airport,Nepalgunj (KEP),नेपालगञ्ज विमानस्थल,open,,2026-07-31 02:57 NPT
2026-07-31 02:57 NPT,f8d5f3f,airport,Chandragadhi (BDP),चन्द्रगढी विमानस्थल,open,,2026-07-31 02:57 NPT
2026-07-31 02:57 NPT,f8d5f3f,airport,Janakpur (JKR),जनकपुर विमानस्थल,open,,2026-07-31 02:57 NPT
2026-07-31 02:57 NPT,f8d5f3f,airport,Simara (SIF),सिमरा विमानस्थल,open,,2026-07-31 02:57 NPT
2026-07-31 02:57 NPT,f8d5f3f,hospital,"Bir Hospital, Kathmandu",बीर अस्पताल,open,120 beds,2026-07-31 02:57 NPT
2026-07-31 02:57 NPT,f8d5f3f,hospital,"TU Teaching Hospital, KTM",त्रिवि शिक्षण अस्पताल,open,95 beds,2026-07-31 02:57 NPT
2026-07-31 02:57 NPT,f8d5f3f,hospital,"Patan Hospital, Lalitpur",पाटन अस्पताल,open,60 beds,2026-07-31 02:57 NPT
2026-07-31 02:57 NPT,f8d5f3f,hospital,"Manipal College Hospital, PKR",मणिपाल अस्पताल,open,45 beds,2026-07-31 02:57 NPT
2026-07-31 02:57 NPT,f8d5f3f,hospital,"Gandaki Medical College, PKR",गण्डकी अस्पताल,open,38 beds,2026-07-31 02:57 NPT
2026-07-31 02:57 NPT,f8d5f3f,hospital,"BPKIHS, Dharan",बीपी कोइराला स्वास्थ्य,open,150 beds,2026-07-31 02:57 NPT
2026-07-31 02:57 NPT,f8d5f3f,hospital,"Koshi Hospital, Biratnagar",कोशी अस्पताल,open,80 beds,2026-07-31 02:57 NPT
2026-07-31 02:57 NPT,f8d5f3f,hospital,"Bheri Hospital, Nepalgunj",भेरी अस्पताल,open,70 beds,2026-07-31 02:57 NPT
2026-07-31 02:57 NPT,f8d5f3f,hospital,Chitwan Medical College,चितवन मेडिकल कलेज,open,100 beds,2026-07-31 02:57 NPT
2026-07-31 02:57 NPT,f8d5f3f,hospital,Lumbini Provincial Hospital,लुम्बिनी प्रादेशिक,open,110 beds,2026-07-31 02:57 NPT
2026-07-31 01:20 NPT,4c9e8df,road,NH01 – Mahendra Rajmarg,महेन्द्र राजमार्ग,open,,2026-07-31 01:20 NPT
2026-07-31 01:20 NPT,4c9e8df,road,NH02 – Mechi Rajmarg,मेची राजमार्ग,partial,"Landslide at Ilam-9, Ilam",2026-07-31 01:20 NPT
2026-07-31 01:20 NPT,4c9e8df,road,NH03 – Puspalal Hwy (Mid-Hill),पुष्पलाल राजमार्ग,partial,"Landslide at Kanthekhola-5, Baglung",2026-07-31 01:20 NPT
2026-07-31 01:20 NPT,4c9e8df,road,NH04 – Birtamod-Chandragadhi,विर्तामोड–चन्द्रगढी,open,,2026-07-31 01:20 NPT
2026-07-31 01:20 NPT,4c9e8df,road,NH05 – Postal Hwy,हुलाकी राजमार्ग,open,,2026-07-31 01:20 NPT
2026-07-31 01:20 NPT,4c9e8df,road,NH06 – Koshi Rajmarg,कोशी राजमार्ग,open,,2026-07-31 01:20 NPT
2026-07-31 01:20 NPT,4c9e8df,road,NH08 – Sagarmatha Rajmarg,सगरमाथा राजमार्ग,open,,2026-07-31 01:20 NPT
2026-07-31 01:20 NPT,4c9e8df,road,NH09 – Madan Bhandari Hwy,मदन भण्डारी राजमार्ग,open,,2026-07-31 01:20 NPT
2026-07-31 01:20 NPT,4c9e8df,road,NH10 – Siddhartha Hwy,सिद्धार्थ राजमार्ग,open,,2026-07-31 01:20 NPT
2026-07-31 01:20 NPT,4c9e8df,road,NH11 – Rapti Rajmarg,राप्ती राजमार्ग,open,,2026-07-31 01:20 NPT
2026-07-31 01:20 NPT,4c9e8df,road,NH12 – Ratna Rajmarg,रत्न राजमार्ग,open,,2026-07-31 01:20 NPT
2026-07-31 01:20 NPT,4c9e8df,road,NH13 – Karnali Rajmarg,कर्णाली राजमार्ग,open,,2026-07-31 01:20 NPT
2026-07-31 01:20 NPT,4c9e8df,road,NH14 – Mahakali Rajmarg,महाकाली राजमार्ग,open,,2026-07-31 01:20 NPT
2026-07-31 01:20 NPT,4c9e8df,road,NH15 – Seti Rajmarg,सेती राजमार्ग,open,,2026-07-31 01:20 NPT
2026-07-31 01:20 NPT,4c9e8df,road,NH16 – Rapti-Lumbini Hwy,राप्ती-लुम्बिनी,open,,2026-07-31 01:20 NPT
2026-07-31 01:20 NPT,4c9e8df,road,NH34 – Araniko Hwy,अरनिको राजमार्ग,closed,"Landslide at Bhotekoshi-4, Sindhupalchok",2026-07-31 01:20 NPT
2026-07-31 01:20 NPT,4c9e8df,road,NH38 – BP Hwy,बीपी राजमार्ग,open,,2026-07-31 01:20 NPT
2026-07-31 01:20 NPT,4c9e8df,road,NH41 – Tribhuvan Hwy,त्रिभुवन राजमार्ग,partial,"Landslide at Bhimphedi-9, Makwanpur",2026-07-31 01:20 NPT
2026-07-31 01:20 NPT,4c9e8df,road,NH42 – Prithvi Hwy,पृथ्वी राजमार्ग,partial,"stone fall at Bandipur-4, Tanahu",2026-07-31 01:20 NPT
2026-07-31 01:20 NPT,4c9e8df,road,NH43 – Narayanghat-Mugling,नारायणगढ–मुग्लिन,open,,2026-07-31 01:20 NPT
2026-07-31 01:20 NPT,4c9e8df,airport,Tribhuvan Intl (KTM),त्रिभुवन अन्तर्राष्ट्रिय,open,Normal operations,2026-07-31 01:20 NPT
2026-07-31 01:20 NPT,4c9e8df,airport,Gautam Buddha Intl (BWA),गौतम बुद्ध विमानस्थल,open,,2026-07-31 01:20 NPT
2026-07-31 01:20 NPT,4c9e8df,airport,Pokhara Regional (PKR),पोखरा विमानस्थल,open,,2026-07-31 01:20 NPT
2026-07-31 01:20 NPT,4c9e8df,airport,Bharatpur (BHR),भरतपुर विमानस्थल,open,,2026-07-31 01:20 NPT
2026-07-31 01:20 NPT,4c9e8df,airport,Dhangadhi (DHI),धनगढी विमानस्थल,open,,2026-07-31 01:20 NPT
2026-07-31 01:20 NPT,4c9e8df,airport,Biratnagar (BIR),विराटनगर विमानस्थल,open,,2026-07-31 01:20 NPT
2026-07-31 01:20 NPT,4c9e8df,airport,Nepalgunj (KEP),नेपालगञ्ज विमानस्थल,open,,2026-07-31 01:20 NPT
2026-07-31 01:20 NPT,4c9e8df,airport,Chandragadhi (BDP),चन्द्रगढी विमानस्थल,open,,2026-07-31 01:20 NPT
2026-07-31 01:20 NPT,4c9e8df,airport,Janakpur (JKR),जनकपुर विमानस्थल,open,,2026-07-31 01:20 NPT
2026-07-31 01:20 NPT,4c9e8df,airport,Simara (SIF),सिमरा विमानस्थल,open,,2026-07-31 01:20 NPT
2026-07-31 01:20 NPT,4c9e8df,hospital,"Bir Hospital, Kathmandu",बीर अस्पताल,open,120 beds,2026-07-31 01:20 NPT
2026-07-31 01:20 NPT,4c9e8df,hospital,"TU Teaching Hospital, KTM",त्रिवि शिक्षण अस्पताल,open,95 beds,2026-07-31 01:20 NPT
2026-07-31 01:20 NPT,4c9e8df,hospital,"Patan Hospital, Lalitpur",पाटन अस्पताल,open,60 beds,2026-07-31 01:20 NPT
2026-07-31 01:20 NPT,4c9e8df,hospital,"Manipal College Hospital, PKR",मणिपाल अस्पताल,open,45 beds,2026-07-31 01:20 NPT
2026-07-31 01:20 NPT,4c9e8df,hospital,"Gandaki Medical College, PKR",गण्डकी अस्पताल,open,38 beds,2026-07-31 01:20 NPT
2026-07-31 01:20 NPT,4c9e8df,hospital,"BPKIHS, Dharan",बीपी कोइराला स्वास्थ्य,open,150 beds,2026-07-31 01:20 NPT
2026-07-31 01:20 NPT,4c9e8df,hospital,"Koshi Hospital, Biratnagar",कोशी अस्पताल,open,80 beds,2026-07-31 01:20 NPT
2026-07-31 01:20 NPT,4c9e8df,hospital,"Bheri Hospital, Nepalgunj",भेरी अस्पताल,open,70 beds,2026-07-31 01:20 NPT
2026-07-31 01:20 NPT,4c9e8df,hospital,Chitwan Medical College,चितवन मेडिकल कलेज,open,100 beds,2026-07-31 01:20 NPT
2026-07-31 01:20 NPT,4c9e8df,hospital,Lumbini Provincial Hospital,लुम्बिनी प्रादेशिक,open,110 beds,2026-07-31 01:20 NPT
2026-07-30 23:21 NPT,a1e4cf6,road,NH01 – Mahendra Rajmarg,महेन्द्र राजमार्ग,open,,2026-07-30 23:21 NPT
2026-07-30 23:21 NPT,a1e4cf6,road,NH02 – Mechi Rajmarg,मेची राजमार्ग,partial,"Landslide at Ilam-9, Ilam",2026-07-30 23:21 NPT
2026-07-30 23:21 NPT,a1e4cf6,road,NH03 – Puspalal Hwy (Mid-Hill),पुष्पलाल राजमार्ग,partial,"Landslide at Kanthekhola-5, Baglung",2026-07-30 23:21 NPT
2026-07-30 23:21 NPT,a1e4cf6,road,NH04 – Birtamod-Chandragadhi,विर्तामोड–चन्द्रगढी,open,,2026-07-30 23:21 NPT
2026-07-30 23:21 NPT,a1e4cf6,road,NH05 – Postal Hwy,हुलाकी राजमार्ग,open,,2026-07-30 23:21 NPT
2026-07-30 23:21 NPT,a1e4cf6,road,NH06 – Koshi Rajmarg,कोशी राजमार्ग,open,,2026-07-30 23:21 NPT
2026-07-30 23:21 NPT,a1e4cf6,road,NH08 – Sagarmatha Rajmarg,सगरमाथा राजमार्ग,open,,2026-07-30 23:21 NPT
2026-07-30 23:21 NPT,a1e4cf6,road,NH09 – Madan Bhandari Hwy,मदन भण्डारी राजमार्ग,open,,2026-07-30 23:21 NPT
2026-07-30 23:21 NPT,a1e4cf6,road,NH10 – Siddhartha Hwy,सिद्धार्थ राजमार्ग,open,,2026-07-30 23:21 NPT
2026-07-30 23:21 NPT,a1e4cf6,road,NH11 – Rapti Rajmarg,राप्ती राजमार्ग,open,,2026-07-30 23:21 NPT
2026-07-30 23:21 NPT,a1e4cf6,road,NH12 – Ratna Rajmarg,रत्न राजमार्ग,open,,2026-07-30 23:21 NPT
2026-07-30 23:21 NPT,a1e4cf6,road,NH13 – Karnali Rajmarg,कर्णाली राजमार्ग,open,,2026-07-30 23:21 NPT
2026-07-30 23:21 NPT,a1e4cf6,road,NH14 – Mahakali Rajmarg,महाकाली राजमार्ग,open,,2026-07-30 23:21 NPT
2026-07-30 23:21 NPT,a1e4cf6,road,NH15 – Seti Rajmarg,सेती राजमार्ग,open,,2026-07-30 23:21 NPT
2026-07-30 23:21 NPT,a1e4cf6,road,NH16 – Rapti-Lumbini Hwy,राप्ती-लुम्बिनी,open,,2026-07-30 23:21 NPT
2026-07-30 23:21 NPT,a1e4cf6,road,NH34 – Araniko Hwy,अरनिको राजमार्ग,closed,"Landslide at Bhotekoshi-4, Sindhupalchok",2026-07-30 23:21 NPT
2026-07-30 23:21 NPT,a1e4cf6,road,NH38 – BP Hwy,बीपी राजमार्ग,open,,2026-07-30 23:21 NPT
2026-07-30 23:21 NPT,a1e4cf6,road,NH41 – Tribhuvan Hwy,त्रिभुवन राजमार्ग,partial,"Landslide at Bhimphedi-9, Makwanpur",2026-07-30 23:21 NPT
2026-07-30 23:21 NPT,a1e4cf6,road,NH42 – Prithvi Hwy,पृथ्वी राजमार्ग,partial,"stone fall at Bandipur-4, Tanahu",2026-07-30 23:21 NPT
2026-07-30 23:21 NPT,a1e4cf6,road,NH43 – Narayanghat-Mugling,नारायणगढ–मुग्लिन,open,,2026-07-30 23:21 NPT
2026-07-30 23:21 NPT,a1e4cf6,airport,Tribhuvan Intl (KTM),त्रिभुवन अन्तर्राष्ट्रिय,open,Normal operations,2026-07-30 23:21 NPT
2026-07-30 23:21 NPT,a1e4cf6,airport,Gautam Buddha Intl (BWA),गौतम बुद्ध विमानस्थल,open,,2026-07-30 23:21 NPT
2026-07-30 23:21 NPT,a1e4cf6,airport,Pokhara Regional (PKR),पोखरा विमानस्थल,open,,2026-07-30 23:21 NPT
2026-07-30 23:21 NPT,a1e4cf6,airport,Bharatpur (BHR),भरतपुर विमानस्थल,open,,2026-07-30 23:21 NPT
2026-07-30 23:21 NPT,a1e4cf6,airport,Dhangadhi (DHI),धनगढी विमानस्थल,open,,2026-07-30 23:21 NPT
2026-07-30 23:21 NPT,a1e4cf6,airport,Biratnagar (BIR),विराटनगर विमानस्थल,open,,2026-07-30 23:21 NPT
2026-07-30 23:21 NPT,a1e4cf6,airport,Nepalgunj (KEP),नेपालगञ्ज विमानस्थल,open,,2026-07-30 23:21 NPT
2026-07-30 23:21 NPT,a1e4cf6,airport,Chandragadhi (BDP),चन्द्रगढी विमानस्थल,open,,2026-07-30 23:21 NPT
2026-07-30 23:21 NPT,a1e4cf6,airport,Janakpur (JKR),जनकपुर विमानस्थल,open,,2026-07-30 23:21 NPT
2026-07-30 23:21 NPT,a1e4cf6,airport,Simara (SIF),सिमरा विमानस्थल,open,,2026-07-30 23:21 NPT
2026-07-30 23:21 NPT,a1e4cf6,hospital,"Bir Hospital, Kathmandu",बीर अस्पताल,open,120 beds,2026-07-30 23:21 NPT
2026-07-30 23:21 NPT,a1e4cf6,hospital,"TU Teaching Hospital, KTM",त्रिवि शिक्षण अस्पताल,open,95 beds,2026-07-30 23:21 NPT
2026-07-30 23:21 NPT,a1e4cf6,hospital,"Patan Hospital, Lalitpur",पाटन अस्पताल,open,60 beds,2026-07-30 23:21 NPT
2026-07-30 23:21 NPT,a1e4cf6,hospital,"Manipal College Hospital, PKR",मणिपाल अस्पताल,open,45 beds,2026-07-30 23:21 NPT
2026-07-30 23:21 NPT,a1e4cf6,hospital,"Gandaki Medical College, PKR",गण्डकी अस्पताल,open,38 beds,2026-07-30 23:21 NPT
2026-07-30 23:21 NPT,a1e4cf6,hospital,"BPKIHS, Dharan",बीपी कोइराला स्वास्थ्य,open,150 beds,2026-07-30 23:21 NPT
2026-07-30 23:21 NPT,a1e4cf6,hospital,"Koshi Hospital, Biratnagar",कोशी अस्पताल,open,80 beds,2026-07-30 23:21 NPT
2026-07-30 23:21 NPT,a1e4cf6,hospital,"Bheri Hospital, Nepalgunj",भेरी अस्पताल,open,70 beds,2026-07-30 23:21 NPT
2026-07-30 23:21 NPT,a1e4cf6,hospital,Chitwan Medical College,चितवन मेडिकल कलेज,open,100 beds,2026-07-30 23:21 NPT
2026-07-30 23:21 NPT,a1e4cf6,hospital,Lumbini Provincial Hospital,लुम्बिनी प्रादेशिक,open,110 beds,2026-07-30 23:21 NPT
2026-07-30 21:17 NPT,9e2ad5a,road,NH01 – Mahendra Rajmarg,महेन्द्र राजमार्ग,open,,2026-07-30 21:17 NPT
2026-07-30 21:17 NPT,9e2ad5a,road,NH02 – Mechi Rajmarg,मेची राजमार्ग,partial,"Landslide at Ilam-9, Ilam",2026-07-30 21:17 NPT
2026-07-30 21:17 NPT,9e2ad5a,road,NH03 – Puspalal Hwy (Mid-Hill),पुष्पलाल राजमार्ग,partial,"Landslide at Kanthekhola-5, Baglung",2026-07-30 21:17 NPT
2026-07-30 21:17 NPT,9e2ad5a,road,NH04 – Birtamod-Chandragadhi,विर्तामोड–चन्द्रगढी,open,,2026-07-30 21:17 NPT
2026-07-30 21:17 NPT,9e2ad5a,road,NH05 – Postal Hwy,हुलाकी राजमार्ग,open,,2026-07-30 21:17 NPT
2026-07-30 21:17 NPT,9e2ad5a,road,NH06 – Koshi Rajmarg,कोशी राजमार्ग,open,,2026-07-30 21:17 NPT
2026-07-30 21:17 NPT,9e2ad5a,road,NH08 – Sagarmatha Rajmarg,सगरमाथा राजमार्ग,open,,2026-07-30 21:17 NPT
2026-07-30 21:17 NPT,9e2ad5a,road,NH09 – Madan Bhandari Hwy,मदन भण्डारी राजमार्ग,open,,2026-07-30 21:17 NPT
2026-07-30 21:17 NPT,9e2ad5a,road,NH10 – Siddhartha Hwy,सिद्धार्थ राजमार्ग,open,,2026-07-30 21:17 NPT
2026-07-30 21:17 NPT,9e2ad5a,road,NH11 – Rapti Rajmarg,राप्ती राजमार्ग,open,,2026-07-30 21:17 NPT
2026-07-30 21:17 NPT,9e2ad5a,road,NH12 – Ratna Rajmarg,रत्न राजमार्ग,open,,2026-07-30 21:17 NPT
2026-07-30 21:17 NPT,9e2ad5a,road,NH13 – Karnali Rajmarg,कर्णाली राजमार्ग,open,,2026-07-30 21:17 NPT
2026-07-30 21:17 NPT,9e2ad5a,road,NH14 – Mahakali Rajmarg,महाकाली राजमार्ग,open,,2026-07-30 21:17 NPT
2026-07-30 21:17 NPT,9e2ad5a,road,NH15 – Seti Rajmarg,सेती राजमार्ग,open,,2026-07-30 21:17 NPT
2026-07-30 21:17 NPT,9e2ad5a,road,NH16 – Rapti-Lumbini Hwy,राप्ती-लुम्बिनी,open,,2026-07-30 21:17 NPT
2026-07-30 21:17 NPT,9e2ad5a,road,NH34 – Araniko Hwy,अरनिको राजमार्ग,closed,"Landslide at Bhotekoshi-4, Sindhupalchok",2026-07-30 21:17 NPT
2026-07-30 21:17 NPT,9e2ad5a,road,NH38 – BP Hwy,बीपी राजमार्ग,open,,2026-07-30 21:17 NPT
2026-07-30 21:17 NPT,9e2ad5a,road,NH41 – Tribhuvan Hwy,त्रिभुवन राजमार्ग,partial,"Landslide at Bhimphedi-9, Makwanpur",2026-07-30 21:17 NPT
2026-07-30 21:17 NPT,9e2ad5a,road,NH42 – Prithvi Hwy,पृथ्वी राजमार्ग,closed,"Landslide at Benighat Rorang-10, Dhading",2026-07-30 21:17 NPT
2026-07-30 21:17 NPT,9e2ad5a,road,NH43 – Narayanghat-Mugling,नारायणगढ–मुग्लिन,open,,2026-07-30 21:17 NPT
2026-07-30 21:17 NPT,9e2ad5a,airport,Tribhuvan Intl (KTM),त्रिभुवन अन्तर्राष्ट्रिय,open,Normal operations,2026-07-30 21:17 NPT
2026-07-30 21:17 NPT,9e2ad5a,airport,Gautam Buddha Intl (BWA),गौतम बुद्ध विमानस्थल,open,,2026-07-30 21:17 NPT
2026-07-30 21:17 NPT,9e2ad5a,airport,Pokhara Regional (PKR),पोखरा विमानस्थल,open,,2026-07-30 21:17 NPT
2026-07-30 21:17 NPT,9e2ad5a,airport,Bharatpur (BHR),भरतपुर विमानस्थल,open,,2026-07-30 21:17 NPT
2026-07-30 21:17 NPT,9e2ad5a,airport,Dhangadhi (DHI),धनगढी विमानस्थल,open,,2026-07-30 21:17 NPT
2026-07-30 21:17 NPT,9e2ad5a,airport,Biratnagar (BIR),विराटनगर विमानस्थल,open,,2026-07-30 21:17 NPT
2026-07-30 21:17 NPT,9e2ad5a,airport,Nepalgunj (KEP),नेपालगञ्ज विमानस्थल,open,,2026-07-30 21:17 NPT
2026-07-30 21:17 NPT,9e2ad5a,airport,Chandragadhi (BDP),चन्द्रगढी विमानस्थल,open,,2026-07-30 21:17 NPT
2026-07-30 21:17 NPT,9e2ad5a,airport,Janakpur (JKR),जनकपुर विमानस्थल,open,,2026-07-30 21:17 NPT
2026-07-30 21:17 NPT,9e2ad5a,airport,Simara (SIF),सिमरा विमानस्थल,open,,2026-07-30 21:17 NPT
2026-07-30 21:17 NPT,9e2ad5a,hospital,"Bir Hospital, Kathmandu",बीर अस्पताल,open,120 beds,2026-07-30 21:17 NPT
2026-07-30 21:17 NPT,9e2ad5a,hospital,"TU Teaching Hospital, KTM",त्रिवि शिक्षण अस्पताल,open,95 beds,2026-07-30 21:17 NPT
2026-07-30 21:17 NPT,9e2ad5a,hospital,"Patan Hospital, Lalitpur",पाटन अस्पताल,open,60 beds,2026-07-30 21:17 NPT
2026-07-30 21:17 NPT,9e2ad5a,hospital,"Manipal College Hospital, PKR",मणिपाल अस्पताल,open,45 beds,2026-07-30 21:17 NPT
2026-07-30 21:17 NPT,9e2ad5a,hospital,"Gandaki Medical College, PKR",गण्डकी अस्पताल,open,38 beds,2026-07-30 21:17 NPT
2026-07-30 21:17 NPT,9e2ad5a,hospital,"BPKIHS, Dharan",बीपी कोइराला स्वास्थ्य,open,150 beds,2026-07-30 21:17 NPT
2026-07-30 21:17 NPT,9e2ad5a,hospital,"Koshi Hospital, Biratnagar",कोशी अस्पताल,open,80 beds,2026-07-30 21:17 NPT
2026-07-30 21:17 NPT,9e2ad5a,hospital,"Bheri Hospital, Nepalgunj",भेरी अस्पताल,open,70 beds,2026-07-30 21:17 NPT
2026-07-30 21:17 NPT,9e2ad5a,hospital,Chitwan Medical College,चितवन मेडिकल कलेज,open,100 beds,2026-07-30 21:17 NPT
2026-07-30 21:17 NPT,9e2ad5a,hospital,Lumbini Provincial Hospital,लुम्बिनी प्रादेशिक,open,110 beds,2026-07-30 21:17 NPT
2026-07-30 18:51 NPT,b179c73,road,NH01 – Mahendra Rajmarg,महेन्द्र राजमार्ग,open,,2026-07-30 18:51 NPT
2026-07-30 18:51 NPT,b179c73,road,NH02 – Mechi Rajmarg,मेची राजमार्ग,partial,"Landslide at Ilam-9, Ilam",2026-07-30 18:51 NPT
2026-07-30 18:51 NPT,b179c73,road,NH03 – Puspalal Hwy (Mid-Hill),पुष्पलाल राजमार्ग,partial,"Landslide at Kanthekhola-5, Baglung",2026-07-30 18:51 NPT
2026-07-30 18:51 NPT,b179c73,road,NH04 – Birtamod-Chandragadhi,विर्तामोड–चन्द्रगढी,open,,2026-07-30 18:51 NPT
2026-07-30 18:51 NPT,b179c73,road,NH05 – Postal Hwy,हुलाकी राजमार्ग,open,,2026-07-30 18:51 NPT
2026-07-30 18:51 NPT,b179c73,road,NH06 – Koshi Rajmarg,कोशी राजमार्ग,open,,2026-07-30 18:51 NPT
2026-07-30 18:51 NPT,b179c73,road,NH08 – Sagarmatha Rajmarg,सगरमाथा राजमार्ग,open,,2026-07-30 18:51 NPT
2026-07-30 18:51 NPT,b179c73,road,NH09 – Madan Bhandari Hwy,मदन भण्डारी राजमार्ग,open,,2026-07-30 18:51 NPT
2026-07-30 18:51 NPT,b179c73,road,NH10 – Siddhartha Hwy,सिद्धार्थ राजमार्ग,open,,2026-07-30 18:51 NPT
2026-07-30 18:51 NPT,b179c73,road,NH11 – Rapti Rajmarg,राप्ती राजमार्ग,open,,2026-07-30 18:51 NPT
2026-07-30 18:51 NPT,b179c73,road,NH12 – Ratna Rajmarg,रत्न राजमार्ग,open,,2026-07-30 18:51 NPT
2026-07-30 18:51 NPT,b179c73,road,NH13 – Karnali Rajmarg,कर्णाली राजमार्ग,open,,2026-07-30 18:51 NPT
2026-07-30 18:51 NPT,b179c73,road,NH14 – Mahakali Rajmarg,महाकाली राजमार्ग,open,,2026-07-30 18:51 NPT
2026-07-30 18:51 NPT,b179c73,road,NH15 – Seti Rajmarg,सेती राजमार्ग,open,,2026-07-30 18:51 NPT
2026-07-30 18:51 NPT,b179c73,road,NH16 – Rapti-Lumbini Hwy,राप्ती-लुम्बिनी,open,,2026-07-30 18:51 NPT
2026-07-30 18:51 NPT,b179c73,road,NH34 – Araniko Hwy,अरनिको राजमार्ग,closed,"Landslide at Bhotekoshi-4, Sindhupalchok",2026-07-30 18:51 NPT
2026-07-30 18:51 NPT,b179c73,road,NH38 – BP Hwy,बीपी राजमार्ग,open,,2026-07-30 18:51 NPT
2026-07-30 18:51 NPT,b179c73,road,NH41 – Tribhuvan Hwy,त्रिभुवन राजमार्ग,partial,"Landslide at Bhimphedi-9, Makwanpur",2026-07-30 18:51 NPT
2026-07-30 18:51 NPT,b179c73,road,NH42 – Prithvi Hwy,पृथ्वी राजमार्ग,closed,"Landslide at Benighat Rorang-10, Dhading",2026-07-30 18:51 NPT
2026-07-30 18:51 NPT,b179c73,road,NH43 – Narayanghat-Mugling,नारायणगढ–मुग्लिन,open,,2026-07-30 18:51 NPT
2026-07-30 18:51 NPT,b179c73,airport,Tribhuvan Intl (KTM),त्रिभुवन अन्तर्राष्ट्रिय,open,Normal operations,2026-07-30 18:51 NPT
2026-07-30 18:51 NPT,b179c73,airport,Gautam Buddha Intl (BWA),गौतम बुद्ध विमानस्थल,open,,2026-07-30 18:51 NPT
2026-07-30 18:51 NPT,b179c73,airport,Pokhara Regional (PKR),पोखरा विमानस्थल,open,,2026-07-30 18:51 NPT
2026-07-30 18:51 NPT,b179c73,airport,Bharatpur (BHR),भरतपुर विमानस्थल,open,,2026-07-30 18:51 NPT
2026-07-30 18:51 NPT,b179c73,airport,Dhangadhi (DHI),धनगढी विमानस्थल,open,,2026-07-30 18:51 NPT
2026-07-30 18:51 NPT,b179c73,airport,Biratnagar (BIR),विराटनगर विमानस्थल,open,,2026-07-30 18:51 NPT
2026-07-30 18:51 NPT,b179c73,airport,Nepalgunj (KEP),नेपालगञ्ज विमानस्थल,open,,2026-07-30 18:51 NPT
2026-07-30 18:51 NPT,b179c73,airport,Chandragadhi (BDP),चन्द्रगढी विमानस्थल,open,,2026-07-30 18:51 NPT
2026-07-30 18:51 NPT,b179c73,airport,Janakpur (JKR),जनकपुर विमानस्थल,open,,2026-07-30 18:51 NPT
2026-07-30 18:51 NPT,b179c73,airport,Simara (SIF),सिमरा विमानस्थल,open,,2026-07-30 18:51 NPT
2026-07-30 18:51 NPT,b179c73,hospital,"Bir Hospital, Kathmandu",बीर अस्पताल,open,120 beds,2026-07-30 18:51 NPT
2026-07-30 18:51 NPT,b179c73,hospital,"TU Teaching Hospital, KTM",त्रिवि शिक्षण अस्पताल,open,95 beds,2026-07-30 18:51 NPT
2026-07-30 18:51 NPT,b179c73,hospital,"Patan Hospital, Lalitpur",पाटन अस्पताल,open,60 beds,2026-07-30 18:51 NPT
2026-07-30 18:51 NPT,b179c73,hospital,"Manipal College Hospital, PKR",मणिपाल अस्पताल,open,45 beds,2026-07-30 18:51 NPT
2026-07-30 18:51 NPT,b179c73,hospital,"Gandaki Medical College, PKR",गण्डकी अस्पताल,open,38 beds,2026-07-30 18:51 NPT
2026-07-30 18:51 NPT,b179c73,hospital,"BPKIHS, Dharan",बीपी कोइराला स्वास्थ्य,open,150 beds,2026-07-30 18:51 NPT
2026-07-30 18:51 NPT,b179c73,hospital,"Koshi Hospital, Biratnagar",कोशी अस्पताल,open,80 beds,2026-07-30 18:51 NPT
2026-07-30 18:51 NPT,b179c73,hospital,"Bheri Hospital, Nepalgunj",भेरी अस्पताल,open,70 beds,2026-07-30 18:51 NPT
2026-07-30 18:51 NPT,b179c73,hospital,Chitwan Medical College,चितवन मेडिकल कलेज,open,100 beds,2026-07-30 18:51 NPT
2026-07-30 18:51 NPT,b179c73,hospital,Lumbini Provincial Hospital,लुम्बिनी प्रादेशिक,open,110 beds,2026-07-30 18:51 NPT
2026-07-30 16:54 NPT,3d6ce25,road,NH01 – Mahendra Rajmarg,महेन्द्र राजमार्ग,open,,2026-07-30 16:54 NPT
2026-07-30 16:54 NPT,3d6ce25,road,NH02 – Mechi Rajmarg,मेची राजमार्ग,partial,"Landslide at Ilam-9, Ilam",2026-07-30 16:54 NPT
2026-07-30 16:54 NPT,3d6ce25,road,NH03 – Puspalal Hwy (Mid-Hill),पुष्पलाल राजमार्ग,partial,"Landslide at Kanthekhola-5, Baglung",2026-07-30 16:54 NPT
2026-07-30 16:54 NPT,3d6ce25,road,NH04 – Birtamod-Chandragadhi,विर्तामोड–चन्द्रगढी,open,,2026-07-30 16:54 NPT
2026-07-30 16:54 NPT,3d6ce25,road,NH05 – Postal Hwy,हुलाकी राजमार्ग,open,,2026-07-30 16:54 NPT
2026-07-30 16:54 NPT,3d6ce25,road,NH06 – Koshi Rajmarg,कोशी राजमार्ग,open,,2026-07-30 16:54 NPT
2026-07-30 16:54 NPT,3d6ce25,road,NH08 – Sagarmatha Rajmarg,सगरमाथा राजमार्ग,open,,2026-07-30 16:54 NPT
2026-07-30 16:54 NPT,3d6ce25,road,NH09 – Madan Bhandari Hwy,मदन भण्डारी राजमार्ग,open,,2026-07-30 16:54 NPT
2026-07-30 16:54 NPT,3d6ce25,road,NH10 – Siddhartha Hwy,सिद्धार्थ राजमार्ग,open,,2026-07-30 16:54 NPT
2026-07-30 16:54 NPT,3d6ce25,road,NH11 – Rapti Rajmarg,राप्ती राजमार्ग,open,,2026-07-30 16:54 NPT
2026-07-30 16:54 NPT,3d6ce25,road,NH12 – Ratna Rajmarg,रत्न राजमार्ग,open,,2026-07-30 16:54 NPT
2026-07-30 16:54 NPT,3d6ce25,road,NH13 – Karnali Rajmarg,कर्णाली राजमार्ग,open,,2026-07-30 16:54 NPT
2026-07-30 16:54 NPT,3d6ce25,road,NH14 – Mahakali Rajmarg,महाकाली राजमार्ग,open,,2026-07-30 16:54 NPT
2026-07-30 16:54 NPT,3d6ce25,road,NH15 – Seti Rajmarg,सेती राजमार्ग,open,,2026-07-30 16:54 NPT
2026-07-30 16:54 NPT,3d6ce25,road,NH16 – Rapti-Lumbini Hwy,राप्ती-लुम्बिनी,open,,2026-07-30 16:54 NPT
2026-07-30 16:54 NPT,3d6ce25,road,NH34 – Araniko Hwy,अरनिको राजमार्ग,closed,"Landslide at Bhotekoshi-4, Sindhupalchok",2026-07-30 16:54 NPT
2026-07-30 16:54 NPT,3d6ce25,road,NH38 – BP Hwy,बीपी राजमार्ग,open,,2026-07-30 16:54 NPT
2026-07-30 16:54 NPT,3d6ce25,road,NH41 – Tribhuvan Hwy,त्रिभुवन राजमार्ग,partial,"Landslide at Bhimphedi-9, Makwanpur",2026-07-30 16:54 NPT
2026-07-30 16:54 NPT,3d6ce25,road,NH42 – Prithvi Hwy,पृथ्वी राजमार्ग,partial,"stone fall at Bandipur-4, Tanahu",2026-07-30 16:54 NPT
2026-07-30 16:54 NPT,3d6ce25,road,NH43 – Narayanghat-Mugling,नारायणगढ–मुग्लिन,open,,2026-07-30 16:54 NPT
2026-07-30 16:54 NPT,3d6ce25,airport,Tribhuvan Intl (KTM),त्रिभुवन अन्तर्राष्ट्रिय,open,Normal operations,2026-07-30 16:54 NPT
2026-07-30 16:54 NPT,3d6ce25,airport,Gautam Buddha Intl (BWA),गौतम बुद्ध विमानस्थल,open,,2026-07-30 16:54 NPT
2026-07-30 16:54 NPT,3d6ce25,airport,Pokhara Regional (PKR),पोखरा विमानस्थल,open,,2026-07-30 16:54 NPT
2026-07-30 16:54 NPT,3d6ce25,airport,Bharatpur (BHR),भरतपुर विमानस्थल,open,,2026-07-30 16:54 NPT
2026-07-30 16:54 NPT,3d6ce25,airport,Dhangadhi (DHI),धनगढी विमानस्थल,open,,2026-07-30 16:54 NPT
2026-07-30 16:54 NPT,3d6ce25,airport,Biratnagar (BIR),विराटनगर विमानस्थल,open,,2026-07-30 16:54 NPT
2026-07-30 16:54 NPT,3d6ce25,airport,Nepalgunj (KEP),नेपालगञ्ज विमानस्थल,open,,2026-07-30 16:54 NPT
2026-07-30 16:54 NPT,3d6ce25,airport,Chandragadhi (BDP),चन्द्रगढी विमानस्थल,open,,2026-07-30 16:54 NPT
2026-07-30 16:54 NPT,3d6ce25,airport,Janakpur (JKR),जनकपुर विमानस्थल,open,,2026-07-30 16:54 NPT
2026-07-30 16:54 NPT,3d6ce25,airport,Simara (SIF),सिमरा विमानस्थल,open,,2026-07-30 16:54 NPT
2026-07-30 16:54 NPT,3d6ce25,hospital,"Bir Hospital, Kathmandu",बीर अस्पताल,open,120 beds,2026-07-30 16:54 NPT
2026-07-30 16:54 NPT,3d6ce25,hospital,"TU Teaching Hospital, KTM",त्रिवि शिक्षण अस्पताल,open,95 beds,2026-07-30 16:54 NPT
2026-07-30 16:54 NPT,3d6ce25,hospital,"Patan Hospital, Lalitpur",पाटन अस्पताल,open,60 beds,2026-07-30 16:54 NPT
2026-07-30 16:54 NPT,3d6ce25,hospital,"Manipal College Hospital, PKR",मणिपाल अस्पताल,open,45 beds,2026-07-30 16:54 NPT
2026-07-30 16:54 NPT,3d6ce25,hospital,"Gandaki Medical College, PKR",गण्डकी अस्पताल,open,38 beds,2026-07-30 16:54 NPT
2026-07-30 16:54 NPT,3d6ce25,hospital,"BPKIHS, Dharan",बीपी कोइराला स्वास्थ्य,open,150 beds,2026-07-30 16:54 NPT
2026-07-30 16:54 NPT,3d6ce25,hospital,"Koshi Hospital, Biratnagar",कोशी अस्पताल,open,80 beds,2026-07-30 16:54 NPT
2026-07-30 16:54 NPT,3d6ce25,hospital,"Bheri Hospital, Nepalgunj",भेरी अस्पताल,open,70 beds,2026-07-30 16:54 NPT
2026-07-30 16:54 NPT,3d6ce25,hospital,Chitwan Medical College,चितवन मेडिकल कलेज,open,100 beds,2026-07-30 16:54 NPT
2026-07-30 16:54 NPT,3d6ce25,hospital,Lumbini Provincial Hospital,लुम्बिनी प्रादेशिक,open,110 beds,2026-07-30 16:54 NPT
2026-07-30 14:15 NPT,6cb7631,road,NH01 – Mahendra Rajmarg,महेन्द्र राजमार्ग,open,,2026-07-30 14:15 NPT
2026-07-30 14:15 NPT,6cb7631,road,NH02 – Mechi Rajmarg,मेची राजमार्ग,partial,"Landslide at Ilam-9, Ilam",2026-07-30 14:15 NPT
2026-07-30 14:15 NPT,6cb7631,road,NH03 – Puspalal Hwy (Mid-Hill),पुष्पलाल राजमार्ग,partial,"Landslide at Kanthekhola-5, Baglung",2026-07-30 14:15 NPT
2026-07-30 14:15 NPT,6cb7631,road,NH04 – Birtamod-Chandragadhi,विर्तामोड–चन्द्रगढी,open,,2026-07-30 14:15 NPT
2026-07-30 14:15 NPT,6cb7631,road,NH05 – Postal Hwy,हुलाकी राजमार्ग,open,,2026-07-30 14:15 NPT
2026-07-30 14:15 NPT,6cb7631,road,NH06 – Koshi Rajmarg,कोशी राजमार्ग,open,,2026-07-30 14:15 NPT
2026-07-30 14:15 NPT,6cb7631,road,NH08 – Sagarmatha Rajmarg,सगरमाथा राजमार्ग,open,,2026-07-30 14:15 NPT
2026-07-30 14:15 NPT,6cb7631,road,NH09 – Madan Bhandari Hwy,मदन भण्डारी राजमार्ग,open,,2026-07-30 14:15 NPT
2026-07-30 14:15 NPT,6cb7631,road,NH10 – Siddhartha Hwy,सिद्धार्थ राजमार्ग,open,,2026-07-30 14:15 NPT
2026-07-30 14:15 NPT,6cb7631,road,NH11 – Rapti Rajmarg,राप्ती राजमार्ग,open,,2026-07-30 14:15 NPT
2026-07-30 14:15 NPT,6cb7631,road,NH12 – Ratna Rajmarg,रत्न राजमार्ग,open,,2026-07-30 14:15 NPT
2026-07-30 14:15 NPT,6cb7631,road,NH13 – Karnali Rajmarg,कर्णाली राजमार्ग,open,,2026-07-30 14:15 NPT
2026-07-30 14:15 NPT,6cb7631,road,NH14 – Mahakali Rajmarg,महाकाली राजमार्ग,open,,2026-07-30 14:15 NPT
2026-07-30 14:15 NPT,6cb7631,road,NH15 – Seti Rajmarg,सेती राजमार्ग,open,,2026-07-30 14:15 NPT
2026-07-30 14:15 NPT,6cb7631,road,NH16 – Rapti-Lumbini Hwy,राप्ती-लुम्बिनी,open,,2026-07-30 14:15 NPT
2026-07-30 14:15 NPT,6cb7631,road,NH34 – Araniko Hwy,अरनिको राजमार्ग,closed,"Landslide at Bhotekoshi-4, Sindhupalchok",2026-07-30 14:15 NPT
2026-07-30 14:15 NPT,6cb7631,road,NH38 – BP Hwy,बीपी राजमार्ग,open,,2026-07-30 14:15 NPT
2026-07-30 14:15 NPT,6cb7631,road,NH41 – Tribhuvan Hwy,त्रिभुवन राजमार्ग,partial,"Landslide at Bhimphedi-9, Makwanpur",2026-07-30 14:15 NPT
2026-07-30 14:15 NPT,6cb7631,road,NH42 – Prithvi Hwy,पृथ्वी राजमार्ग,partial,"stone fall at Bandipur-4, Tanahu",2026-07-30 14:15 NPT
2026-07-30 14:15 NPT,6cb7631,road,NH43 – Narayanghat-Mugling,नारायणगढ–मुग्लिन,open,,2026-07-30 14:15 NPT
2026-07-30 14:15 NPT,6cb7631,airport,Tribhuvan Intl (KTM),त्रिभुवन अन्तर्राष्ट्रिय,open,Normal operations,2026-07-30 14:15 NPT
2026-07-30 14:15 NPT,6cb7631,airport,Gautam Buddha Intl (BWA),गौतम बुद्ध विमानस्थल,open,,2026-07-30 14:15 NPT
2026-07-30 14:15 NPT,6cb7631,airport,Pokhara Regional (PKR),पोखरा विमानस्थल,open,,2026-07-30 14:15 NPT
2026-07-30 14:15 NPT,6cb7631,airport,Bharatpur (BHR),भरतपुर विमानस्थल,open,,2026-07-30 14:15 NPT
2026-07-30 14:15 NPT,6cb7631,airport,Dhangadhi (DHI),धनगढी विमानस्थल,open,,2026-07-30 14:15 NPT
2026-07-30 14:15 NPT,6cb7631,airport,Biratnagar (BIR),विराटनगर विमानस्थल,open,,2026-07-30 14:15 NPT
2026-07-30 14:15 NPT,6cb7631,airport,Nepalgunj (KEP),नेपालगञ्ज विमानस्थल,open,,2026-07-30 14:15 NPT
2026-07-30 14:15 NPT,6cb7631,airport,Chandragadhi (BDP),चन्द्रगढी विमानस्थल,open,,2026-07-30 14:15 NPT
2026-07-30 14:15 NPT,6cb7631,airport,Janakpur (JKR),जनकपुर विमानस्थल,open,,2026-07-30 14:15 NPT
2026-07-30 14:15 NPT,6cb7631,airport,Simara (SIF),सिमरा विमानस्थल,open,,2026-07-30 14:15 NPT
2026-07-30 14:15 NPT,6cb7631,hospital,"Bir Hospital, Kathmandu",बीर अस्पताल,open,120 beds,2026-07-30 14:15 NPT
2026-07-30 14:15 NPT,6cb7631,hospital,"TU Teaching Hospital, KTM",त्रिवि शिक्षण अस्पताल,open,95 beds,2026-07-30 14:15 NPT
2026-07-30 14:15 NPT,6cb7631,hospital,"Patan Hospital, Lalitpur",पाटन अस्पताल,open,60 beds,2026-07-30 14:15 NPT
2026-07-30 14:15 NPT,6cb7631,hospital,"Manipal College Hospital, PKR",मणिपाल अस्पताल,open,45 beds,2026-07-30 14:15 NPT
2026-07-30 14:15 NPT,6cb7631,hospital,"Gandaki Medical College, PKR",गण्डकी अस्पताल,open,38 beds,2026-07-30 14:15 NPT
2026-07-30 14:15 NPT,6cb7631,hospital,"BPKIHS, Dharan",बीपी कोइराला स्वास्थ्य,open,150 beds,2026-07-30 14:15 NPT
2026-07-30 14:15 NPT,6cb7631,hospital,"Koshi Hospital, Biratnagar",कोशी अस्पताल,open,80 beds,2026-07-30 14:15 NPT
2026-07-30 14:15 NPT,6cb7631,hospital,"Bheri Hospital, Nepalgunj",भेरी अस्पताल,open,70 beds,2026-07-30 14:15 NPT
2026-07-30 14:15 NPT,6cb7631,hospital,Chitwan Medical College,चितवन मेडिकल कलेज,open,100 beds,2026-07-30 14:15 NPT
2026-07-30 14:15 NPT,6cb7631,hospital,Lumbini Provincial Hospital,लुम्बिनी प्रादेशिक,open,110 beds,2026-07-30 14:15 NPT
2026-07-30 11:28 NPT,806ba61,road,NH01 – Mahendra Rajmarg,महेन्द्र राजमार्ग,open,,2026-07-30 11:28 NPT
2026-07-30 11:28 NPT,806ba61,road,NH02 – Mechi Rajmarg,मेची राजमार्ग,partial,"Landslide at Ilam-9, Ilam",2026-07-30 11:28 NPT
2026-07-30 11:28 NPT,806ba61,road,NH03 – Puspalal Hwy (Mid-Hill),पुष्पलाल राजमार्ग,partial,"Landslide at Kanthekhola-5, Baglung",2026-07-30 11:28 NPT
2026-07-30 11:28 NPT,806ba61,road,NH04 – Birtamod-Chandragadhi,विर्तामोड–चन्द्रगढी,open,,2026-07-30 11:28 NPT
2026-07-30 11:28 NPT,806ba61,road,NH05 – Postal Hwy,हुलाकी राजमार्ग,open,,2026-07-30 11:28 NPT
2026-07-30 11:28 NPT,806ba61,road,NH06 – Koshi Rajmarg,कोशी राजमार्ग,open,,2026-07-30 11:28 NPT
2026-07-30 11:28 NPT,806ba61,road,NH08 – Sagarmatha Rajmarg,सगरमाथा राजमार्ग,open,,2026-07-30 11:28 NPT
2026-07-30 11:28 NPT,806ba61,road,NH09 – Madan Bhandari Hwy,मदन भण्डारी राजमार्ग,open,,2026-07-30 11:28 NPT
2026-07-30 11:28 NPT,806ba61,road,NH10 – Siddhartha Hwy,सिद्धार्थ राजमार्ग,open,,2026-07-30 11:28 NPT
2026-07-30 11:28 NPT,806ba61,road,NH11 – Rapti Rajmarg,राप्ती राजमार्ग,open,,2026-07-30 11:28 NPT
2026-07-30 11:28 NPT,806ba61,road,NH12 – Ratna Rajmarg,रत्न राजमार्ग,open,,2026-07-30 11:28 NPT
2026-07-30 11:28 NPT,806ba61,road,NH13 – Karnali Rajmarg,कर्णाली राजमार्ग,open,,2026-07-30 11:28 NPT
2026-07-30 11:28 NPT,806ba61,road,NH14 – Mahakali Rajmarg,महाकाली राजमार्ग,open,,2026-07-30 11:28 NPT
2026-07-30 11:28 NPT,806ba61,road,NH15 – Seti Rajmarg,सेती राजमार्ग,open,,2026-07-30 11:28 NPT
2026-07-30 11:28 NPT,806ba61,road,NH16 – Rapti-Lumbini Hwy,राप्ती-लुम्बिनी,open,,2026-07-30 11:28 NPT
2026-07-30 11:28 NPT,806ba61,road,NH34 – Araniko Hwy,अरनिको राजमार्ग,closed,"Landslide at Bhotekoshi-4, Sindhupalchok",2026-07-30 11:28 NPT
2026-07-30 11:28 NPT,806ba61,road,NH38 – BP Hwy,बीपी राजमार्ग,open,,2026-07-30 11:28 NPT
2026-07-30 11:28 NPT,806ba61,road,NH41 – Tribhuvan Hwy,त्रिभुवन राजमार्ग,partial,"Landslide at Bhimphedi-9, Makwanpur",2026-07-30 11:28 NPT
2026-07-30 11:28 NPT,806ba61,road,NH42 – Prithvi Hwy,पृथ्वी राजमार्ग,partial,"stone fall at Bandipur-4, Tanahu",2026-07-30 11:28 NPT
2026-07-30 11:28 NPT,806ba61,road,NH43 – Narayanghat-Mugling,नारायणगढ–मुग्लिन,open,,2026-07-30 11:28 NPT
2026-07-30 11:28 NPT,806ba61,airport,Tribhuvan Intl (KTM),त्रिभुवन अन्तर्राष्ट्रिय,open,Normal operations,2026-07-30 11:28 NPT
2026-07-30 11:28 NPT,806ba61,airport,Gautam Buddha Intl (BWA),गौतम बुद्ध विमानस्थल,open,,2026-07-30 11:28 NPT
2026-07-30 11:28 NPT,806ba61,airport,Pokhara Regional (PKR),पोखरा विमानस्थल,open,,2026-07-30 11:28 NPT
2026-07-30 11:28 NPT,806ba61,airport,Bharatpur (BHR),भरतपुर विमानस्थल,open,,2026-07-30 11:28 NPT
2026-07-30 11:28 NPT,806ba61,airport,Dhangadhi (DHI),धनगढी विमानस्थल,open,,2026-07-30 11:28 NPT
2026-07-30 11:28 NPT,806ba61,airport,Biratnagar (BIR),विराटनगर विमानस्थल,open,,2026-07-30 11:28 NPT
2026-07-30 11:28 NPT,806ba61,airport,Nepalgunj (KEP),नेपालगञ्ज विमानस्थल,open,,2026-07-30 11:28 NPT
2026-07-30 11:28 NPT,806ba61,airport,Chandragadhi (BDP),चन्द्रगढी विमानस्थल,open,,2026-07-30 11:28 NPT
2026-07-30 11:28 NPT,806ba61,airport,Janakpur (JKR),जनकपुर विमानस्थल,open,,2026-07-30 11:28 NPT
2026-07-30 11:28 NPT,806ba61,airport,Simara (SIF),सिमरा विमानस्थल,open,,2026-07-30 11:28 NPT
2026-07-30 11:28 NPT,806ba61,hospital,"Bir Hospital, Kathmandu",बीर अस्पताल,open,120 beds,2026-07-30 11:28 NPT
2026-07-30 11:28 NPT,806ba61,hospital,"TU Teaching Hospital, KTM",त्रिवि शिक्षण अस्पताल,open,95 beds,2026-07-30 11:28 NPT
2026-07-30 11:28 NPT,806ba61,hospital,"Patan Hospital, Lalitpur",पाटन अस्पताल,open,60 beds,2026-07-30 11:28 NPT
2026-07-30 11:28 NPT,806ba61,hospital,"Manipal College Hospital, PKR",मणिपाल अस्पताल,open,45 beds,2026-07-30 11:28 NPT
2026-07-30 11:28 NPT,806ba61,hospital,"Gandaki Medical College, PKR",गण्डकी अस्पताल,open,38 beds,2026-07-30 11:28 NPT
2026-07-30 11:28 NPT,806ba61,hospital,"BPKIHS, Dharan",बीपी कोइराला स्वास्थ्य,open,150 beds,2026-07-30 11:28 NPT
2026-07-30 11:28 NPT,806ba61,hospital,"Koshi Hospital, Biratnagar",कोशी अस्पताल,open,80 beds,2026-07-30 11:28 NPT
2026-07-30 11:28 NPT,806ba61,hospital,"Bheri Hospital, Nepalgunj",भेरी अस्पताल,open,70 beds,2026-07-30 11:28 NPT
2026-07-30 11:28 NPT,806ba61,hospital,Chitwan Medical College,चितवन मेडिकल कलेज,open,100 beds,2026-07-30 11:28 NPT
2026-07-30 11:28 NPT,806ba61,hospital,Lumbini Provincial Hospital,लुम्बिनी प्रादेशिक,open,110 beds,2026-07-30 11:28 NPT
2026-07-30 08:19 NPT,bc779e0,road,NH01 – Mahendra Rajmarg,महेन्द्र राजमार्ग,open,,2026-07-30 08:19 NPT
2026-07-30 08:19 NPT,bc779e0,road,NH02 – Mechi Rajmarg,मेची राजमार्ग,partial,"Landslide at Ilam-9, Ilam",2026-07-30 08:19 NPT
2026-07-30 08:19 NPT,bc779e0,road,NH03 – Puspalal Hwy (Mid-Hill),पुष्पलाल राजमार्ग,partial,"Landslide at Kanthekhola-5, Baglung",2026-07-30 08:19 NPT
2026-07-30 08:19 NPT,bc779e0,road,NH04 – Birtamod-Chandragadhi,विर्तामोड–चन्द्रगढी,open,,2026-07-30 08:19 NPT
2026-07-30 08:19 NPT,bc779e0,road,NH05 – Postal Hwy,हुलाकी राजमार्ग,open,,2026-07-30 08:19 NPT
2026-07-30 08:19 NPT,bc779e0,road,NH06 – Koshi Rajmarg,कोशी राजमार्ग,open,,2026-07-30 08:19 NPT
2026-07-30 08:19 NPT,bc779e0,road,NH08 – Sagarmatha Rajmarg,सगरमाथा राजमार्ग,open,,2026-07-30 08:19 NPT
2026-07-30 08:19 NPT,bc779e0,road,NH09 – Madan Bhandari Hwy,मदन भण्डारी राजमार्ग,open,,2026-07-30 08:19 NPT
2026-07-30 08:19 NPT,bc779e0,road,NH10 – Siddhartha Hwy,सिद्धार्थ राजमार्ग,open,,2026-07-30 08:19 NPT
2026-07-30 08:19 NPT,bc779e0,road,NH11 – Rapti Rajmarg,राप्ती राजमार्ग,open,,2026-07-30 08:19 NPT
2026-07-30 08:19 NPT,bc779e0,road,NH12 – Ratna Rajmarg,रत्न राजमार्ग,open,,2026-07-30 08:19 NPT
2026-07-30 08:19 NPT,bc779e0,road,NH13 – Karnali Rajmarg,कर्णाली राजमार्ग,open,,2026-07-30 08:19 NPT
2026-07-30 08:19 NPT,bc779e0,road,NH14 – Mahakali Rajmarg,महाकाली राजमार्ग,open,,2026-07-30 08:19 NPT
2026-07-30 08:19 NPT,bc779e0,road,NH15 – Seti Rajmarg,सेती राजमार्ग,open,,2026-07-30 08:19 NPT
2026-07-30 08:19 NPT,bc779e0,road,NH16 – Rapti-Lumbini Hwy,राप्ती-लुम्बिनी,open,,2026-07-30 08:19 NPT
2026-07-30 08:19 NPT,bc779e0,road,NH34 – Araniko Hwy,अरनिको राजमार्ग,closed,"Landslide at Bhotekoshi-4, Sindhupalchok",2026-07-30 08:19 NPT
2026-07-30 08:19 NPT,bc779e0,road,NH38 – BP Hwy,बीपी राजमार्ग,open,,2026-07-30 08:19 NPT
2026-07-30 08:19 NPT,bc779e0,road,NH41 – Tribhuvan Hwy,त्रिभुवन राजमार्ग,partial,"Landslide at Bhimphedi-9, Makwanpur",2026-07-30 08:19 NPT
2026-07-30 08:19 NPT,bc779e0,road,NH42 – Prithvi Hwy,पृथ्वी राजमार्ग,partial,"stone fall at Bandipur-4, Tanahu",2026-07-30 08:19 NPT
2026-07-30 08:19 NPT,bc779e0,road,NH43 – Narayanghat-Mugling,नारायणगढ–मुग्लिन,open,,2026-07-30 08:19 NPT
2026-07-30 08:19 NPT,bc779e0,airport,Tribhuvan Intl (KTM),त्रिभुवन अन्तर्राष्ट्रिय,open,Normal operations,2026-07-30 08:19 NPT
2026-07-30 08:19 NPT,bc779e0,airport,Gautam Buddha Intl (BWA),गौतम बुद्ध विमानस्थल,open,,2026-07-30 08:19 NPT
2026-07-30 08:19 NPT,bc779e0,airport,Pokhara Regional (PKR),पोखरा विमानस्थल,open,,2026-07-30 08:19 NPT
2026-07-30 08:19 NPT,bc779e0,airport,Bharatpur (BHR),भरतपुर विमानस्थल,open,,2026-07-30 08:19 NPT
2026-07-30 08:19 NPT,bc779e0,airport,Dhangadhi (DHI),धनगढी विमानस्थल,open,,2026-07-30 08:19 NPT
2026-07-30 08:19 NPT,bc779e0,airport,Biratnagar (BIR),विराटनगर विमानस्थल,open,,2026-07-30 08:19 NPT
2026-07-30 08:19 NPT,bc779e0,airport,Nepalgunj (KEP),नेपालगञ्ज विमानस्थल,open,,2026-07-30 08:19 NPT
2026-07-30 08:19 NPT,bc779e0,airport,Chandragadhi (BDP),चन्द्रगढी विमानस्थल,open,,2026-07-30 08:19 NPT
2026-07-30 08:19 NPT,bc779e0,airport,Janakpur (JKR),जनकपुर विमानस्थल,open,,2026-07-30 08:19 NPT
2026-07-30 08:19 NPT,bc779e0,airport,Simara (SIF),सिमरा विमानस्थल,open,,2026-07-30 08:19 NPT
2026-07-30 08:19 NPT,bc779e0,hospital,"Bir Hospital, Kathmandu",बीर अस्पताल,open,120 beds,2026-07-30 08:19 NPT
2026-07-30 08:19 NPT,bc779e0,hospital,"TU Teaching Hospital, KTM",त्रिवि शिक्षण अस्पताल,open,95 beds,2026-07-30 08:19 NPT
2026-07-30 08:19 NPT,bc779e0,hospital,"Patan Hospital, Lalitpur",पाटन अस्पताल,open,60 beds,2026-07-30 08:19 NPT
2026-07-30 08:19 NPT,bc779e0,hospital,"Manipal College Hospital, PKR",मणिपाल अस्पताल,open,45 beds,2026-07-30 08:19 NPT
2026-07-30 08:19 NPT,bc779e0,hospital,"Gandaki Medical College, PKR",गण्डकी अस्पताल,open,38 beds,2026-07-30 08:19 NPT
2026-07-30 08:19 NPT,bc779e0,hospital,"BPKIHS, Dharan",बीपी कोइराला स्वास्थ्य,open,150 beds,2026-07-30 08:19 NPT
2026-07-30 08:19 NPT,bc779e0,hospital,"Koshi Hospital, Biratnagar",कोशी अस्पताल,open,80 beds,2026-07-30 08:19 NPT
2026-07-30 08:19 NPT,bc779e0,hospital,"Bheri Hospital, Nepalgunj",भेरी अस्पताल,open,70 beds,2026-07-30 08:19 NPT
2026-07-30 08:19 NPT,bc779e0,hospital,Chitwan Medical College,चितवन मेडिकल कलेज,open,100 beds,2026-07-30 08:19 NPT
2026-07-30 08:19 NPT,bc779e0,hospital,Lumbini Provincial Hospital,लुम्बिनी प्रादेशिक,open,110 beds,2026-07-30 08:19 NPT
2026-07-30 05:16 NPT,1a23b8a,road,NH01 – Mahendra Rajmarg,महेन्द्र राजमार्ग,open,,2026-07-30 05:16 NPT
2026-07-30 05:16 NPT,1a23b8a,road,NH02 – Mechi Rajmarg,मेची राजमार्ग,partial,"Landslide at Ilam-9, Ilam",2026-07-30 05:16 NPT
2026-07-30 05:16 NPT,1a23b8a,road,NH03 – Puspalal Hwy (Mid-Hill),पुष्पलाल राजमार्ग,partial,"Landslide at Kanthekhola-5, Baglung",2026-07-30 05:16 NPT
2026-07-30 05:16 NPT,1a23b8a,road,NH04 – Birtamod-Chandragadhi,विर्तामोड–चन्द्रगढी,open,,2026-07-30 05:16 NPT
2026-07-30 05:16 NPT,1a23b8a,road,NH05 – Postal Hwy,हुलाकी राजमार्ग,open,,2026-07-30 05:16 NPT
2026-07-30 05:16 NPT,1a23b8a,road,NH06 – Koshi Rajmarg,कोशी राजमार्ग,open,,2026-07-30 05:16 NPT
2026-07-30 05:16 NPT,1a23b8a,road,NH08 – Sagarmatha Rajmarg,सगरमाथा राजमार्ग,open,,2026-07-30 05:16 NPT
2026-07-30 05:16 NPT,1a23b8a,road,NH09 – Madan Bhandari Hwy,मदन भण्डारी राजमार्ग,open,,2026-07-30 05:16 NPT
2026-07-30 05:16 NPT,1a23b8a,road,NH10 – Siddhartha Hwy,सिद्धार्थ राजमार्ग,open,,2026-07-30 05:16 NPT
2026-07-30 05:16 NPT,1a23b8a,road,NH11 – Rapti Rajmarg,राप्ती राजमार्ग,open,,2026-07-30 05:16 NPT
2026-07-30 05:16 NPT,1a23b8a,road,NH12 – Ratna Rajmarg,रत्न राजमार्ग,open,,2026-07-30 05:16 NPT
2026-07-30 05:16 NPT,1a23b8a,road,NH13 – Karnali Rajmarg,कर्णाली राजमार्ग,open,,2026-07-30 05:16 NPT
2026-07-30 05:16 NPT,1a23b8a,road,NH14 – Mahakali Rajmarg,महाकाली राजमार्ग,open,,2026-07-30 05:16 NPT
2026-07-30 05:16 NPT,1a23b8a,road,NH15 – Seti Rajmarg,सेती राजमार्ग,open,,2026-07-30 05:16 NPT
2026-07-30 05:16 NPT,1a23b8a,road,NH16 – Rapti-Lumbini Hwy,राप्ती-लुम्बिनी,open,,2026-07-30 05:16 NPT
2026-07-30 05:16 NPT,1a23b8a,road,NH34 – Araniko Hwy,अरनिको राजमार्ग,closed,"Landslide at Bhotekoshi-4, Sindhupalchok",2026-07-30 05:16 NPT
2026-07-30 05:16 NPT,1a23b8a,road,NH38 – BP Hwy,बीपी राजमार्ग,open,,2026-07-30 05:16 NPT
2026-07-30 05:16 NPT,1a23b8a,road,NH41 – Tribhuvan Hwy,त्रिभुवन राजमार्ग,partial,"Landslide at Bhimphedi-9, Makwanpur",2026-07-30 05:16 NPT
2026-07-30 05:16 NPT,1a23b8a,road,NH42 – Prithvi Hwy,पृथ्वी राजमार्ग,partial,"stone fall at Bandipur-4, Tanahu",2026-07-30 05:16 NPT
2026-07-30 05:16 NPT,1a23b8a,road,NH43 – Narayanghat-Mugling,नारायणगढ–मुग्लिन,open,,2026-07-30 05:16 NPT
2026-07-30 05:16 NPT,1a23b8a,airport,Tribhuvan Intl (KTM),त्रिभुवन अन्तर्राष्ट्रिय,open,Normal operations,2026-07-30 05:16 NPT
2026-07-30 05:16 NPT,1a23b8a,airport,Gautam Buddha Intl (BWA),गौतम बुद्ध विमानस्थल,open,,2026-07-30 05:16 NPT
2026-07-30 05:16 NPT,1a23b8a,airport,Pokhara Regional (PKR),पोखरा विमानस्थल,open,,2026-07-30 05:16 NPT
2026-07-30 05:16 NPT,1a23b8a,airport,Bharatpur (BHR),भरतपुर विमानस्थल,open,,2026-07-30 05:16 NPT
2026-07-30 05:16 NPT,1a23b8a,airport,Dhangadhi (DHI),धनगढी विमानस्थल,open,,2026-07-30 05:16 NPT
2026-07-30 05:16 NPT,1a23b8a,airport,Biratnagar (BIR),विराटनगर विमानस्थल,open,,2026-07-30 05:16 NPT
2026-07-30 05:16 NPT,1a23b8a,airport,Nepalgunj (KEP),नेपालगञ्ज विमानस्थल,open,,2026-07-30 05:16 NPT
2026-07-30 05:16 NPT,1a23b8a,airport,Chandragadhi (BDP),चन्द्रगढी विमानस्थल,open,,2026-07-30 05:16 NPT
2026-07-30 05:16 NPT,1a23b8a,airport,Janakpur (JKR),जनकपुर विमानस्थल,open,,2026-07-30 05:16 NPT
2026-07-30 05:16 NPT,1a23b8a,airport,Simara (SIF),सिमरा विमानस्थल,open,,2026-07-30 05:16 NPT
2026-07-30 05:16 NPT,1a23b8a,hospital,"Bir Hospital, Kathmandu",बीर अस्पताल,open,120 beds,2026-07-30 05:16 NPT
2026-07-30 05:16 NPT,1a23b8a,hospital,"TU Teaching Hospital, KTM",त्रिवि शिक्षण अस्पताल,open,95 beds,2026-07-30 05:16 NPT
2026-07-30 05:16 NPT,1a23b8a,hospital,"Patan Hospital, Lalitpur",पाटन अस्पताल,open,60 beds,2026-07-30 05:16 NPT
2026-07-30 05:16 NPT,1a23b8a,hospital,"Manipal College Hospital, PKR",मणिपाल अस्पताल,open,45 beds,2026-07-30 05:16 NPT
2026-07-30 05:16 NPT,1a23b8a,hospital,"Gandaki Medical College, PKR",गण्डकी अस्पताल,open,38 beds,2026-07-30 05:16 NPT
2026-07-30 05:16 NPT,1a23b8a,hospital,"BPKIHS, Dharan",बीपी कोइराला स्वास्थ्य,open,150 beds,2026-07-30 05:16 NPT
2026-07-30 05:16 NPT,1a23b8a,hospital,"Koshi Hospital, Biratnagar",कोशी अस्पताल,open,80 beds,2026-07-30 05:16 NPT
2026-07-30 05:16 NPT,1a23b8a,hospital,"Bheri Hospital, Nepalgunj",भेरी अस्पताल,open,70 beds,2026-07-30 05:16 NPT
2026-07-30 05:16 NPT,1a23b8a,hospital,Chitwan Medical College,चितवन मेडिकल कलेज,open,100 beds,2026-07-30 05:16 NPT
2026-07-30 05:16 NPT,1a23b8a,hospital,Lumbini Provincial Hospital,लुम्बिनी प्रादेशिक,open,110 beds,2026-07-30 05:16 NPT
2026-07-30 03:47 NPT,3c3f473,road,NH01 – Mahendra Rajmarg,महेन्द्र राजमार्ग,open,,2026-07-30 03:47 NPT
2026-07-30 03:47 NPT,3c3f473,road,NH02 – Mechi Rajmarg,मेची राजमार्ग,partial,"Landslide at Ilam-9, Ilam",2026-07-30 03:47 NPT
2026-07-30 03:47 NPT,3c3f473,road,NH03 – Puspalal Hwy (Mid-Hill),पुष्पलाल राजमार्ग,partial,"Landslide at Kanthekhola-5, Baglung",2026-07-30 03:47 NPT
2026-07-30 03:47 NPT,3c3f473,road,NH04 – Birtamod-Chandragadhi,विर्तामोड–चन्द्रगढी,open,,2026-07-30 03:47 NPT
2026-07-30 03:47 NPT,3c3f473,road,NH05 – Postal Hwy,हुलाकी राजमार्ग,open,,2026-07-30 03:47 NPT
2026-07-30 03:47 NPT,3c3f473,road,NH06 – Koshi Rajmarg,कोशी राजमार्ग,open,,2026-07-30 03:47 NPT
2026-07-30 03:47 NPT,3c3f473,road,NH08 – Sagarmatha Rajmarg,सगरमाथा राजमार्ग,open,,2026-07-30 03:47 NPT
2026-07-30 03:47 NPT,3c3f473,road,NH09 – Madan Bhandari Hwy,मदन भण्डारी राजमार्ग,open,,2026-07-30 03:47 NPT
2026-07-30 03:47 NPT,3c3f473,road,NH10 – Siddhartha Hwy,सिद्धार्थ राजमार्ग,open,,2026-07-30 03:47 NPT
2026-07-30 03:47 NPT,3c3f473,road,NH11 – Rapti Rajmarg,राप्ती राजमार्ग,open,,2026-07-30 03:47 NPT
2026-07-30 03:47 NPT,3c3f473,road,NH12 – Ratna Rajmarg,रत्न राजमार्ग,open,,2026-07-30 03:47 NPT
2026-07-30 03:47 NPT,3c3f473,road,NH13 – Karnali Rajmarg,कर्णाली राजमार्ग,open,,2026-07-30 03:47 NPT
2026-07-30 03:47 NPT,3c3f473,road,NH14 – Mahakali Rajmarg,महाकाली राजमार्ग,open,,2026-07-30 03:47 NPT
2026-07-30 03:47 NPT,3c3f473,road,NH15 – Seti Rajmarg,सेती राजमार्ग,open,,2026-07-30 03:47 NPT
2026-07-30 03:47 NPT,3c3f473,road,NH16 – Rapti-Lumbini Hwy,राप्ती-लुम्बिनी,open,,2026-07-30 03:47 NPT
2026-07-30 03:47 NPT,3c3f473,road,NH34 – Araniko Hwy,अरनिको राजमार्ग,closed,"Landslide at Bhotekoshi-4, Sindhupalchok",2026-07-30 03:47 NPT
2026-07-30 03:47 NPT,3c3f473,road,NH38 – BP Hwy,बीपी राजमार्ग,open,,2026-07-30 03:47 NPT
2026-07-30 03:47 NPT,3c3f473,road,NH41 – Tribhuvan Hwy,त्रिभुवन राजमार्ग,partial,"Landslide at Bhimphedi-9, Makwanpur",2026-07-30 03:47 NPT
2026-07-30 03:47 NPT,3c3f473,road,NH42 – Prithvi Hwy,पृथ्वी राजमार्ग,partial,"stone fall at Bandipur-4, Tanahu",2026-07-30 03:47 NPT
2026-07-30 03:47 NPT,3c3f473,road,NH43 – Narayanghat-Mugling,नारायणगढ–मुग्लिन,open,,2026-07-30 03:47 NPT
2026-07-30 03:47 NPT,3c3f473,airport,Tribhuvan Intl (KTM),त्रिभुवन अन्तर्राष्ट्रिय,open,Normal operations,2026-07-30 03:47 NPT
2026-07-30 03:47 NPT,3c3f473,airport,Gautam Buddha Intl (BWA),गौतम बुद्ध विमानस्थल,open,,2026-07-30 03:47 NPT
2026-07-30 03:47 NPT,3c3f473,airport,Pokhara Regional (PKR),पोखरा विमानस्थल,open,,2026-07-30 03:47 NPT
2026-07-30 03:47 NPT,3c3f473,airport,Bharatpur (BHR),भरतपुर विमानस्थल,open,,2026-07-30 03:47 NPT
2026-07-30 03:47 NPT,3c3f473,airport,Dhangadhi (DHI),धनगढी विमानस्थल,open,,2026-07-30 03:47 NPT
2026-07-30 03:47 NPT,3c3f473,airport,Biratnagar (BIR),विराटनगर विमानस्थल,open,,2026-07-30 03:47 NPT
2026-07-30 03:47 NPT,3c3f473,airport,Nepalgunj (KEP),नेपालगञ्ज विमानस्थल,open,,2026-07-30 03:47 NPT
2026-07-30 03:47 NPT,3c3f473,airport,Chandragadhi (BDP),चन्द्रगढी विमानस्थल,open,,2026-07-30 03:47 NPT
2026-07-30 03:47 NPT,3c3f473,airport,Janakpur (JKR),जनकपुर विमानस्थल,open,,2026-07-30 03:47 NPT
2026-07-30 03:47 NPT,3c3f473,airport,Simara (SIF),सिमरा विमानस्थल,open,,2026-07-30 03:47 NPT
2026-07-30 03:47 NPT,3c3f473,hospital,"Bir Hospital, Kathmandu",बीर अस्पताल,open,120 beds,2026-07-30 03:47 NPT
2026-07-30 03:47 NPT,3c3f473,hospital,"TU Teaching Hospital, KTM",त्रिवि शिक्षण अस्पताल,open,95 beds,2026-07-30 03:47 NPT
2026-07-30 03:47 NPT,3c3f473,hospital,"Patan Hospital, Lalitpur",पाटन अस्पताल,open,60 beds,2026-07-30 03:47 NPT
2026-07-30 03:47 NPT,3c3f473,hospital,"Manipal College Hospital, PKR",मणिपाल अस्पताल,open,45 beds,2026-07-30 03:47 NPT
2026-07-30 03:47 NPT,3c3f473,hospital,"Gandaki Medical College, PKR",गण्डकी अस्पताल,open,38 beds,2026-07-30 03:47 NPT
2026-07-30 03:47 NPT,3c3f473,hospital,"BPKIHS, Dharan",बीपी कोइराला स्वास्थ्य,open,150 beds,2026-07-30 03:47 NPT
2026-07-30 03:47 NPT,3c3f473,hospital,"Koshi Hospital, Biratnagar",कोशी अस्पताल,open,80 beds,2026-07-30 03:47 NPT
2026-07-30 03:47 NPT,3c3f473,hospital,"Bheri Hospital, Nepalgunj",भेरी अस्पताल,open,70 beds,2026-07-30 03:47 NPT
2026-07-30 03:47 NPT,3c3f473,hospital,Chitwan Medical College,चितवन मेडिकल कलेज,open,100 beds,2026-07-30 03:47 NPT
2026-07-30 03:47 NPT,3c3f473,hospital,Lumbini Provincial Hospital,लुम्बिनी प्रादेशिक,open,110 beds,2026-07-30 03:47 NPT
2026-07-30 02:15 NPT,018d0e4,road,NH01 – Mahendra Rajmarg,महेन्द्र राजमार्ग,open,,2026-07-30 02:15 NPT
2026-07-30 02:15 NPT,018d0e4,road,NH02 – Mechi Rajmarg,मेची राजमार्ग,partial,"Landslide at Ilam-9, Ilam",2026-07-30 02:15 NPT
2026-07-30 02:15 NPT,018d0e4,road,NH03 – Puspalal Hwy (Mid-Hill),पुष्पलाल राजमार्ग,partial,"Landslide at Kanthekhola-5, Baglung",2026-07-30 02:15 NPT
2026-07-30 02:15 NPT,018d0e4,road,NH04 – Birtamod-Chandragadhi,विर्तामोड–चन्द्रगढी,open,,2026-07-30 02:15 NPT
2026-07-30 02:15 NPT,018d0e4,road,NH05 – Postal Hwy,हुलाकी राजमार्ग,open,,2026-07-30 02:15 NPT
2026-07-30 02:15 NPT,018d0e4,road,NH06 – Koshi Rajmarg,कोशी राजमार्ग,open,,2026-07-30 02:15 NPT
2026-07-30 02:15 NPT,018d0e4,road,NH08 – Sagarmatha Rajmarg,सगरमाथा राजमार्ग,open,,2026-07-30 02:15 NPT
2026-07-30 02:15 NPT,018d0e4,road,NH09 – Madan Bhandari Hwy,मदन भण्डारी राजमार्ग,open,,2026-07-30 02:15 NPT
2026-07-30 02:15 NPT,018d0e4,road,NH10 – Siddhartha Hwy,सिद्धार्थ राजमार्ग,open,,2026-07-30 02:15 NPT
2026-07-30 02:15 NPT,018d0e4,road,NH11 – Rapti Rajmarg,राप्ती राजमार्ग,open,,2026-07-30 02:15 NPT
2026-07-30 02:15 NPT,018d0e4,road,NH12 – Ratna Rajmarg,रत्न राजमार्ग,open,,2026-07-30 02:15 NPT
2026-07-30 02:15 NPT,018d0e4,road,NH13 – Karnali Rajmarg,कर्णाली राजमार्ग,open,,2026-07-30 02:15 NPT
2026-07-30 02:15 NPT,018d0e4,road,NH14 – Mahakali Rajmarg,महाकाली राजमार्ग,open,,2026-07-30 02:15 NPT
2026-07-30 02:15 NPT,018d0e4,road,NH15 – Seti Rajmarg,सेती राजमार्ग,open,,2026-07-30 02:15 NPT
2026-07-30 02:15 NPT,018d0e4,road,NH16 – Rapti-Lumbini Hwy,राप्ती-लुम्बिनी,open,,2026-07-30 02:15 NPT
2026-07-30 02:15 NPT,018d0e4,road,NH34 – Araniko Hwy,अरनिको राजमार्ग,closed,"Landslide at Bhotekoshi-4, Sindhupalchok",2026-07-30 02:15 NPT
2026-07-30 02:15 NPT,018d0e4,road,NH38 – BP Hwy,बीपी राजमार्ग,open,,2026-07-30 02:15 NPT
2026-07-30 02:15 NPT,018d0e4,road,NH41 – Tribhuvan Hwy,त्रिभुवन राजमार्ग,partial,"Landslide at Bhimphedi-9, Makwanpur",2026-07-30 02:15 NPT
2026-07-30 02:15 NPT,018d0e4,road,NH42 – Prithvi Hwy,पृथ्वी राजमार्ग,partial,"stone fall at Bandipur-4, Tanahu",2026-07-30 02:15 NPT
2026-07-30 02:15 NPT,018d0e4,road,NH43 – Narayanghat-Mugling,नारायणगढ–मुग्लिन,open,,2026-07-30 02:15 NPT
2026-07-30 02:15 NPT,018d0e4,airport,Tribhuvan Intl (KTM),त्रिभुवन अन्तर्राष्ट्रिय,open,Normal operations,2026-07-30 02:15 NPT
2026-07-30 02:15 NPT,018d0e4,airport,Gautam Buddha Intl (BWA),गौतम बुद्ध विमानस्थल,open,,2026-07-30 02:15 NPT
2026-07-30 02:15 NPT,018d0e4,airport,Pokhara Regional (PKR),पोखरा विमानस्थल,open,,2026-07-30 02:15 NPT
2026-07-30 02:15 NPT,018d0e4,airport,Bharatpur (BHR),भरतपुर विमानस्थल,open,,2026-07-30 02:15 NPT
2026-07-30 02:15 NPT,018d0e4,airport,Dhangadhi (DHI),धनगढी विमानस्थल,open,,2026-07-30 02:15 NPT
2026-07-30 02:15 NPT,018d0e4,airport,Biratnagar (BIR),विराटनगर विमानस्थल,open,,2026-07-30 02:15 NPT
2026-07-30 02:15 NPT,018d0e4,airport,Nepalgunj (KEP),नेपालगञ्ज विमानस्थल,open,,2026-07-30 02:15 NPT
2026-07-30 02:15 NPT,018d0e4,airport,Chandragadhi (BDP),चन्द्रगढी विमानस्थल,open,,2026-07-30 02:15 NPT
2026-07-30 02:15 NPT,018d0e4,airport,Janakpur (JKR),जनकपुर विमानस्थल,open,,2026-07-30 02:15 NPT
2026-07-30 02:15 NPT,018d0e4,airport,Simara (SIF),सिमरा विमानस्थल,open,,2026-07-30 02:15 NPT
2026-07-30 02:15 NPT,018d0e4,hospital,"Bir Hospital, Kathmandu",बीर अस्पताल,open,120 beds,2026-07-30 02:15 NPT
2026-07-30 02:15 NPT,018d0e4,hospital,"TU Teaching Hospital, KTM",त्रिवि शिक्षण अस्पताल,open,95 beds,2026-07-30 02:15 NPT
2026-07-30 02:15 NPT,018d0e4,hospital,"Patan Hospital, Lalitpur",पाटन अस्पताल,open,60 beds,2026-07-30 02:15 NPT
2026-07-30 02:15 NPT,018d0e4,hospital,"Manipal College Hospital, PKR",मणिपाल अस्पताल,open,45 beds,2026-07-30 02:15 NPT
2026-07-30 02:15 NPT,018d0e4,hospital,"Gandaki Medical College, PKR",गण्डकी अस्पताल,open,38 beds,2026-07-30 02:15 NPT
2026-07-30 02:15 NPT,018d0e4,hospital,"BPKIHS, Dharan",बीपी कोइराला स्वास्थ्य,open,150 beds,2026-07-30 02:15 NPT
2026-07-30 02:15 NPT,018d0e4,hospital,"Koshi Hospital, Biratnagar",कोशी अस्पताल,open,80 beds,2026-07-30 02:15 NPT
2026-07-30 02:15 NPT,018d0e4,hospital,"Bheri Hospital, Nepalgunj",भेरी अस्पताल,open,70 beds,2026-07-30 02:15 NPT
2026-07-30 02:15 NPT,018d0e4,hospital,Chitwan Medical College,चितवन मेडिकल कलेज,open,100 beds,2026-07-30 02:15 NPT
2026-07-30 02:15 NPT,018d0e4,hospital,Lumbini Provincial Hospital,लुम्बिनी प्रादेशिक,open,110 beds,2026-07-30 02:15 NPT
2026-07-30 01:05 NPT,698494a,road,NH01 – Mahendra Rajmarg,महेन्द्र राजमार्ग,open,,2026-07-30 01:05 NPT
2026-07-30 01:05 NPT,698494a,road,NH02 – Mechi Rajmarg,मेची राजमार्ग,partial,"Landslide at Ilam-9, Ilam",2026-07-30 01:05 NPT
2026-07-30 01:05 NPT,698494a,road,NH03 – Puspalal Hwy (Mid-Hill),पुष्पलाल राजमार्ग,partial,"Landslide at Kanthekhola-5, Baglung",2026-07-30 01:05 NPT
2026-07-30 01:05 NPT,698494a,road,NH04 – Birtamod-Chandragadhi,विर्तामोड–चन्द्रगढी,open,,2026-07-30 01:05 NPT
2026-07-30 01:05 NPT,698494a,road,NH05 – Postal Hwy,हुलाकी राजमार्ग,open,,2026-07-30 01:05 NPT
2026-07-30 01:05 NPT,698494a,road,NH06 – Koshi Rajmarg,कोशी राजमार्ग,open,,2026-07-30 01:05 NPT
2026-07-30 01:05 NPT,698494a,road,NH08 – Sagarmatha Rajmarg,सगरमाथा राजमार्ग,open,,2026-07-30 01:05 NPT
2026-07-30 01:05 NPT,698494a,road,NH09 – Madan Bhandari Hwy,मदन भण्डारी राजमार्ग,open,,2026-07-30 01:05 NPT
2026-07-30 01:05 NPT,698494a,road,NH10 – Siddhartha Hwy,सिद्धार्थ राजमार्ग,open,,2026-07-30 01:05 NPT
2026-07-30 01:05 NPT,698494a,road,NH11 – Rapti Rajmarg,राप्ती राजमार्ग,open,,2026-07-30 01:05 NPT
2026-07-30 01:05 NPT,698494a,road,NH12 – Ratna Rajmarg,रत्न राजमार्ग,open,,2026-07-30 01:05 NPT
2026-07-30 01:05 NPT,698494a,road,NH13 – Karnali Rajmarg,कर्णाली राजमार्ग,open,,2026-07-30 01:05 NPT
2026-07-30 01:05 NPT,698494a,road,NH14 – Mahakali Rajmarg,महाकाली राजमार्ग,open,,2026-07-30 01:05 NPT
2026-07-30 01:05 NPT,698494a,road,NH15 – Seti Rajmarg,सेती राजमार्ग,open,,2026-07-30 01:05 NPT
2026-07-30 01:05 NPT,698494a,road,NH16 – Rapti-Lumbini Hwy,राप्ती-लुम्बिनी,open,,2026-07-30 01:05 NPT
2026-07-30 01:05 NPT,698494a,road,NH34 – Araniko Hwy,अरनिको राजमार्ग,closed,"Landslide at Bhotekoshi-4, Sindhupalchok",2026-07-30 01:05 NPT
2026-07-30 01:05 NPT,698494a,road,NH38 – BP Hwy,बीपी राजमार्ग,open,,2026-07-30 01:05 NPT
2026-07-30 01:05 NPT,698494a,road,NH41 – Tribhuvan Hwy,त्रिभुवन राजमार्ग,partial,"Landslide at Bhimphedi-9, Makwanpur",2026-07-30 01:05 NPT
2026-07-30 01:05 NPT,698494a,road,NH42 – Prithvi Hwy,पृथ्वी राजमार्ग,partial,"stone fall at Bandipur-4, Tanahu",2026-07-30 01:05 NPT
2026-07-30 01:05 NPT,698494a,road,NH43 – Narayanghat-Mugling,नारायणगढ–मुग्लिन,open,,2026-07-30 01:05 NPT
2026-07-30 01:05 NPT,698494a,airport,Tribhuvan Intl (KTM),त्रिभुवन अन्तर्राष्ट्रिय,open,Normal operations,2026-07-30 01:05 NPT
2026-07-30 01:05 NPT,698494a,airport,Gautam Buddha Intl (BWA),गौतम बुद्ध विमानस्थल,open,,2026-07-30 01:05 NPT
2026-07-30 01:05 NPT,698494a,airport,Pokhara Regional (PKR),पोखरा विमानस्थल,open,,2026-07-30 01:05 NPT
2026-07-30 01:05 NPT,698494a,airport,Bharatpur (BHR),भरतपुर विमानस्थल,open,,2026-07-30 01:05 NPT
2026-07-30 01:05 NPT,698494a,airport,Dhangadhi (DHI),धनगढी विमानस्थल,open,,2026-07-30 01:05 NPT
2026-07-30 01:05 NPT,698494a,airport,Biratnagar (BIR),विराटनगर विमानस्थल,open,,2026-07-30 01:05 NPT
2026-07-30 01:05 NPT,698494a,airport,Nepalgunj (KEP),नेपालगञ्ज विमानस्थल,open,,2026-07-30 01:05 NPT
2026-07-30 01:05 NPT,698494a,airport,Chandragadhi (BDP),चन्द्रगढी विमानस्थल,open,,2026-07-30 01:05 NPT
2026-07-30 01:05 NPT,698494a,airport,Janakpur (JKR),जनकपुर विमानस्थल,open,,2026-07-30 01:05 NPT
2026-07-30 01:05 NPT,698494a,airport,Simara (SIF),सिमरा विमानस्थल,open,,2026-07-30 01:05 NPT
2026-07-30 01:05 NPT,698494a,hospital,"Bir Hospital, Kathmandu",बीर अस्पताल,open,120 beds,2026-07-30 01:05 NPT
2026-07-30 01:05 NPT,698494a,hospital,"TU Teaching Hospital, KTM",त्रिवि शिक्षण अस्पताल,open,95 beds,2026-07-30 01:05 NPT
2026-07-30 01:05 NPT,698494a,hospital,"Patan Hospital, Lalitpur",पाटन अस्पताल,open,60 beds,2026-07-30 01:05 NPT
2026-07-30 01:05 NPT,698494a,hospital,"Manipal College Hospital, PKR",मणिपाल अस्पताल,open,45 beds,2026-07-30 01:05 NPT
2026-07-30 01:05 NPT,698494a,hospital,"Gandaki Medical College, PKR",गण्डकी अस्पताल,open,38 beds,2026-07-30 01:05 NPT
2026-07-30 01:05 NPT,698494a,hospital,"BPKIHS, Dharan",बीपी कोइराला स्वास्थ्य,open,150 beds,2026-07-30 01:05 NPT
2026-07-30 01:05 NPT,698494a,hospital,"Koshi Hospital, Biratnagar",कोशी अस्पताल,open,80 beds,2026-07-30 01:05 NPT
2026-07-30 01:05 NPT,698494a,hospital,"Bheri Hospital, Nepalgunj",भेरी अस्पताल,open,70 beds,2026-07-30 01:05 NPT
2026-07-30 01:05 NPT,698494a,hospital,Chitwan Medical College,चितवन मेडिकल कलेज,open,100 beds,2026-07-30 01:05 NPT
2026-07-30 01:05 NPT,698494a,hospital,Lumbini Provincial Hospital,लुम्बिनी प्रादेशिक,open,110 beds,2026-07-30 01:05 NPT
2026-07-29 23:33 NPT,b32e85f,road,NH01 – Mahendra Rajmarg,महेन्द्र राजमार्ग,open,,2026-07-29 23:33 NPT
2026-07-29 23:33 NPT,b32e85f,road,NH02 – Mechi Rajmarg,मेची राजमार्ग,partial,"Landslide at Ilam-9, Ilam",2026-07-29 23:33 NPT
2026-07-29 23:33 NPT,b32e85f,road,NH03 – Puspalal Hwy (Mid-Hill),पुष्पलाल राजमार्ग,partial,"Landslide at Kanthekhola-5, Baglung",2026-07-29 23:33 NPT
2026-07-29 23:33 NPT,b32e85f,road,NH04 – Birtamod-Chandragadhi,विर्तामोड–चन्द्रगढी,open,,2026-07-29 23:33 NPT
2026-07-29 23:33 NPT,b32e85f,road,NH05 – Postal Hwy,हुलाकी राजमार्ग,open,,2026-07-29 23:33 NPT
2026-07-29 23:33 NPT,b32e85f,road,NH06 – Koshi Rajmarg,कोशी राजमार्ग,open,,2026-07-29 23:33 NPT
2026-07-29 23:33 NPT,b32e85f,road,NH08 – Sagarmatha Rajmarg,सगरमाथा राजमार्ग,open,,2026-07-29 23:33 NPT
2026-07-29 23:33 NPT,b32e85f,road,NH09 – Madan Bhandari Hwy,मदन भण्डारी राजमार्ग,open,,2026-07-29 23:33 NPT
2026-07-29 23:33 NPT,b32e85f,road,NH10 – Siddhartha Hwy,सिद्धार्थ राजमार्ग,open,,2026-07-29 23:33 NPT
2026-07-29 23:33 NPT,b32e85f,road,NH11 – Rapti Rajmarg,राप्ती राजमार्ग,open,,2026-07-29 23:33 NPT
2026-07-29 23:33 NPT,b32e85f,road,NH12 – Ratna Rajmarg,रत्न राजमार्ग,open,,2026-07-29 23:33 NPT
2026-07-29 23:33 NPT,b32e85f,road,NH13 – Karnali Rajmarg,कर्णाली राजमार्ग,open,,2026-07-29 23:33 NPT
2026-07-29 23:33 NPT,b32e85f,road,NH14 – Mahakali Rajmarg,महाकाली राजमार्ग,open,,2026-07-29 23:33 NPT
2026-07-29 23:33 NPT,b32e85f,road,NH15 – Seti Rajmarg,सेती राजमार्ग,open,,2026-07-29 23:33 NPT
2026-07-29 23:33 NPT,b32e85f,road,NH16 – Rapti-Lumbini Hwy,राप्ती-लुम्बिनी,open,,2026-07-29 23:33 NPT
2026-07-29 23:33 NPT,b32e85f,road,NH34 – Araniko Hwy,अरनिको राजमार्ग,closed,"Landslide at Bhotekoshi-4, Sindhupalchok",2026-07-29 23:33 NPT
2026-07-29 23:33 NPT,b32e85f,road,NH38 – BP Hwy,बीपी राजमार्ग,open,,2026-07-29 23:33 NPT
2026-07-29 23:33 NPT,b32e85f,road,NH41 – Tribhuvan Hwy,त्रिभुवन राजमार्ग,partial,"Landslide at Bhimphedi-9, Makwanpur",2026-07-29 23:33 NPT
2026-07-29 23:33 NPT,b32e85f,road,NH42 – Prithvi Hwy,पृथ्वी राजमार्ग,partial,"stone fall at Bandipur-4, Tanahu",2026-07-29 23:33 NPT
2026-07-29 23:33 NPT,b32e85f,road,NH43 – Narayanghat-Mugling,नारायणगढ–मुग्लिन,open,,2026-07-29 23:33 NPT
2026-07-29 23:33 NPT,b32e85f,airport,Tribhuvan Intl (KTM),त्रिभुवन अन्तर्राष्ट्रिय,open,Normal operations,2026-07-29 23:33 NPT
2026-07-29 23:33 NPT,b32e85f,airport,Gautam Buddha Intl (BWA),गौतम बुद्ध विमानस्थल,open,,2026-07-29 23:33 NPT
2026-07-29 23:33 NPT,b32e85f,airport,Pokhara Regional (PKR),पोखरा विमानस्थल,open,,2026-07-29 23:33 NPT
2026-07-29 23:33 NPT,b32e85f,airport,Bharatpur (BHR),भरतपुर विमानस्थल,open,,2026-07-29 23:33 NPT
2026-07-29 23:33 NPT,b32e85f,airport,Dhangadhi (DHI),धनगढी विमानस्थल,open,,2026-07-29 23:33 NPT
2026-07-29 23:33 NPT,b32e85f,airport,Biratnagar (BIR),विराटनगर विमानस्थल,open,,2026-07-29 23:33 NPT
2026-07-29 23:33 NPT,b32e85f,airport,Nepalgunj (KEP),नेपालगञ्ज विमानस्थल,open,,2026-07-29 23:33 NPT
2026-07-29 23:33 NPT,b32e85f,airport,Chandragadhi (BDP),चन्द्रगढी विमानस्थल,open,,2026-07-29 23:33 NPT
2026-07-29 23:33 NPT,b32e85f,airport,Janakpur (JKR),जनकपुर विमानस्थल,open,,2026-07-29 23:33 NPT
2026-07-29 23:33 NPT,b32e85f,airport,Simara (SIF),सिमरा विमानस्थल,open,,2026-07-29 23:33 NPT
2026-07-29 23:33 NPT,b32e85f,hospital,"Bir Hospital, Kathmandu",बीर अस्पताल,open,120 beds,2026-07-29 23:33 NPT
2026-07-29 23:33 NPT,b32e85f,hospital,"TU Teaching Hospital, KTM",त्रिवि शिक्षण अस्पताल,open,95 beds,2026-07-29 23:33 NPT
2026-07-29 23:33 NPT,b32e85f,hospital,"Patan Hospital, Lalitpur",पाटन अस्पताल,open,60 beds,2026-07-29 23:33 NPT
2026-07-29 23:33 NPT,b32e85f,hospital,"Manipal College Hospital, PKR",मणिपाल अस्पताल,open,45 beds,2026-07-29 23:33 NPT
2026-07-29 23:33 NPT,b32e85f,hospital,"Gandaki Medical College, PKR",गण्डकी अस्पताल,open,38 beds,2026-07-29 23:33 NPT
2026-07-29 23:33 NPT,b32e85f,hospital,"BPKIHS, Dharan",बीपी कोइराला स्वास्थ्य,open,150 beds,2026-07-29 23:33 NPT
2026-07-29 23:33 NPT,b32e85f,hospital,"Koshi Hospital, Biratnagar",कोशी अस्पताल,open,80 beds,2026-07-29 23:33 NPT
2026-07-29 23:33 NPT,b32e85f,hospital,"Bheri Hospital, Nepalgunj",भेरी अस्पताल,open,70 beds,2026-07-29 23:33 NPT
2026-07-29 23:33 NPT,b32e85f,hospital,Chitwan Medical College,चितवन मेडिकल कलेज,open,100 beds,2026-07-29 23:33 NPT
2026-07-29 23:33 NPT,b32e85f,hospital,Lumbini Provincial Hospital,लुम्बिनी प्रादेशिक,open,110 beds,2026-07-29 23:33 NPT
2026-07-29 22:08 NPT,a358f6c,road,NH01 – Mahendra Rajmarg,महेन्द्र राजमार्ग,open,,2026-07-29 22:08 NPT
2026-07-29 22:08 NPT,a358f6c,road,NH02 – Mechi Rajmarg,मेची राजमार्ग,partial,"Landslide at Ilam-9, Ilam",2026-07-29 22:08 NPT
2026-07-29 22:08 NPT,a358f6c,road,NH03 – Puspalal Hwy (Mid-Hill),पुष्पलाल राजमार्ग,partial,"Landslide at Kanthekhola-5, Baglung",2026-07-29 22:08 NPT
2026-07-29 22:08 NPT,a358f6c,road,NH04 – Birtamod-Chandragadhi,विर्तामोड–चन्द्रगढी,open,,2026-07-29 22:08 NPT
2026-07-29 22:08 NPT,a358f6c,road,NH05 – Postal Hwy,हुलाकी राजमार्ग,open,,2026-07-29 22:08 NPT
2026-07-29 22:08 NPT,a358f6c,road,NH06 – Koshi Rajmarg,कोशी राजमार्ग,open,,2026-07-29 22:08 NPT
2026-07-29 22:08 NPT,a358f6c,road,NH08 – Sagarmatha Rajmarg,सगरमाथा राजमार्ग,open,,2026-07-29 22:08 NPT
2026-07-29 22:08 NPT,a358f6c,road,NH09 – Madan Bhandari Hwy,मदन भण्डारी राजमार्ग,open,,2026-07-29 22:08 NPT
2026-07-29 22:08 NPT,a358f6c,road,NH10 – Siddhartha Hwy,सिद्धार्थ राजमार्ग,open,,2026-07-29 22:08 NPT
2026-07-29 22:08 NPT,a358f6c,road,NH11 – Rapti Rajmarg,राप्ती राजमार्ग,open,,2026-07-29 22:08 NPT
2026-07-29 22:08 NPT,a358f6c,road,NH12 – Ratna Rajmarg,रत्न राजमार्ग,open,,2026-07-29 22:08 NPT
2026-07-29 22:08 NPT,a358f6c,road,NH13 – Karnali Rajmarg,कर्णाली राजमार्ग,open,,2026-07-29 22:08 NPT
2026-07-29 22:08 NPT,a358f6c,road,NH14 – Mahakali Rajmarg,महाकाली राजमार्ग,open,,2026-07-29 22:08 NPT
2026-07-29 22:08 NPT,a358f6c,road,NH15 – Seti Rajmarg,सेती राजमार्ग,open,,2026-07-29 22:08 NPT
2026-07-29 22:08 NPT,a358f6c,road,NH16 – Rapti-Lumbini Hwy,राप्ती-लुम्बिनी,open,,2026-07-29 22:08 NPT
2026-07-29 22:08 NPT,a358f6c,road,NH34 – Araniko Hwy,अरनिको राजमार्ग,closed,"Landslide at Bhotekoshi-4, Sindhupalchok",2026-07-29 22:08 NPT
2026-07-29 22:08 NPT,a358f6c,road,NH38 – BP Hwy,बीपी राजमार्ग,open,,2026-07-29 22:08 NPT
2026-07-29 22:08 NPT,a358f6c,road,NH41 – Tribhuvan Hwy,त्रिभुवन राजमार्ग,partial,"Landslide at Bhimphedi-9, Makwanpur",2026-07-29 22:08 NPT
2026-07-29 22:08 NPT,a358f6c,road,NH42 – Prithvi Hwy,पृथ्वी राजमार्ग,partial,"stone fall at Bandipur-4, Tanahu",2026-07-29 22:08 NPT
2026-07-29 22:08 NPT,a358f6c,road,NH43 – Narayanghat-Mugling,नारायणगढ–मुग्लिन,open,,2026-07-29 22:08 NPT
2026-07-29 22:08 NPT,a358f6c,airport,Tribhuvan Intl (KTM),त्रिभुवन अन्तर्राष्ट्रिय,open,Normal operations,2026-07-29 22:08 NPT
2026-07-29 22:08 NPT,a358f6c,airport,Gautam Buddha Intl (BWA),गौतम बुद्ध विमानस्थल,open,,2026-07-29 22:08 NPT
2026-07-29 22:08 NPT,a358f6c,airport,Pokhara Regional (PKR),पोखरा विमानस्थल,open,,2026-07-29 22:08 NPT
2026-07-29 22:08 NPT,a358f6c,airport,Bharatpur (BHR),भरतपुर विमानस्थल,open,,2026-07-29 22:08 NPT
2026-07-29 22:08 NPT,a358f6c,airport,Dhangadhi (DHI),धनगढी विमानस्थल,open,,2026-07-29 22:08 NPT
2026-07-29 22:08 NPT,a358f6c,airport,Biratnagar (BIR),विराटनगर विमानस्थल,open,,2026-07-29 22:08 NPT
2026-07-29 22:08 NPT,a358f6c,airport,Nepalgunj (KEP),नेपालगञ्ज विमानस्थल,open,,2026-07-29 22:08 NPT
2026-07-29 22:08 NPT,a358f6c,airport,Chandragadhi (BDP),चन्द्रगढी विमानस्थल,open,,2026-07-29 22:08 NPT
2026-07-29 22:08 NPT,a358f6c,airport,Janakpur (JKR),जनकपुर विमानस्थल,open,,2026-07-29 22:08 NPT
2026-07-29 22:08 NPT,a358f6c,airport,Simara (SIF),सिमरा विमानस्थल,open,,2026-07-29 22:08 NPT
2026-07-29 22:08 NPT,a358f6c,hospital,"Bir Hospital, Kathmandu",बीर अस्पताल,open,120 beds,2026-07-29 22:08 NPT
2026-07-29 22:08 NPT,a358f6c,hospital,"TU Teaching Hospital, KTM",त्रिवि शिक्षण अस्पताल,open,95 beds,2026-07-29 22:08 NPT
2026-07-29 22:08 NPT,a358f6c,hospital,"Patan Hospital, Lalitpur",पाटन अस्पताल,open,60 beds,2026-07-29 22:08 NPT
2026-07-29 22:08 NPT,a358f6c,hospital,"Manipal College Hospital, PKR",मणिपाल अस्पताल,open,45 beds,2026-07-29 22:08 NPT
2026-07-29 22:08 NPT,a358f6c,hospital,"Gandaki Medical College, PKR",गण्डकी अस्पताल,open,38 beds,2026-07-29 22:08 NPT
2026-07-29 22:08 NPT,a358f6c,hospital,"BPKIHS, Dharan",बीपी कोइराला स्वास्थ्य,open,150 beds,2026-07-29 22:08 NPT
2026-07-29 22:08 NPT,a358f6c,hospital,"Koshi Hospital, Biratnagar",कोशी अस्पताल,open,80 beds,2026-07-29 22:08 NPT
2026-07-29 22:08 NPT,a358f6c,hospital,"Bheri Hospital, Nepalgunj",भेरी अस्पताल,open,70 beds,2026-07-29 22:08 NPT
2026-07-29 22:08 NPT,a358f6c,hospital,Chitwan Medical College,चितवन मेडिकल कलेज,open,100 beds,2026-07-29 22:08 NPT
2026-07-29 22:08 NPT,a358f6c,hospital,Lumbini Provincial Hospital,लुम्बिनी प्रादेशिक,open,110 beds,2026-07-29 22:08 NPT
2026-07-29 20:47 NPT,aec8f55,road,NH01 – Mahendra Rajmarg,महेन्द्र राजमार्ग,open,,2026-07-29 20:47 NPT
2026-07-29 20:47 NPT,aec8f55,road,NH02 – Mechi Rajmarg,मेची राजमार्ग,partial,"Landslide at Ilam-9, Ilam",2026-07-29 20:47 NPT
2026-07-29 20:47 NPT,aec8f55,road,NH03 – Puspalal Hwy (Mid-Hill),पुष्पलाल राजमार्ग,partial,"Landslide at Kanthekhola-5, Baglung",2026-07-29 20:47 NPT
2026-07-29 20:47 NPT,aec8f55,road,NH04 – Birtamod-Chandragadhi,विर्तामोड–चन्द्रगढी,open,,2026-07-29 20:47 NPT
2026-07-29 20:47 NPT,aec8f55,road,NH05 – Postal Hwy,हुलाकी राजमार्ग,open,,2026-07-29 20:47 NPT
2026-07-29 20:47 NPT,aec8f55,road,NH06 – Koshi Rajmarg,कोशी राजमार्ग,open,,2026-07-29 20:47 NPT
2026-07-29 20:47 NPT,aec8f55,road,NH08 – Sagarmatha Rajmarg,सगरमाथा राजमार्ग,open,,2026-07-29 20:47 NPT
2026-07-29 20:47 NPT,aec8f55,road,NH09 – Madan Bhandari Hwy,मदन भण्डारी राजमार्ग,open,,2026-07-29 20:47 NPT
2026-07-29 20:47 NPT,aec8f55,road,NH10 – Siddhartha Hwy,सिद्धार्थ राजमार्ग,open,,2026-07-29 20:47 NPT
2026-07-29 20:47 NPT,aec8f55,road,NH11 – Rapti Rajmarg,राप्ती राजमार्ग,open,,2026-07-29 20:47 NPT
2026-07-29 20:47 NPT,aec8f55,road,NH12 – Ratna Rajmarg,रत्न राजमार्ग,open,,2026-07-29 20:47 NPT
2026-07-29 20:47 NPT,aec8f55,road,NH13 – Karnali Rajmarg,कर्णाली राजमार्ग,open,,2026-07-29 20:47 NPT
2026-07-29 20:47 NPT,aec8f55,road,NH14 – Mahakali Rajmarg,महाकाली राजमार्ग,open,,2026-07-29 20:47 NPT
2026-07-29 20:47 NPT,aec8f55,road,NH15 – Seti Rajmarg,सेती राजमार्ग,open,,2026-07-29 20:47 NPT
2026-07-29 20:47 NPT,aec8f55,road,NH16 – Rapti-Lumbini Hwy,राप्ती-लुम्बिनी,open,,2026-07-29 20:47 NPT
2026-07-29 20:47 NPT,aec8f55,road,NH34 – Araniko Hwy,अरनिको राजमार्ग,closed,"Landslide at Bhotekoshi-4, Sindhupalchok",2026-07-29 20:47 NPT
2026-07-29 20:47 NPT,aec8f55,road,NH38 – BP Hwy,बीपी राजमार्ग,open,,2026-07-29 20:47 NPT
2026-07-29 20:47 NPT,aec8f55,road,NH41 – Tribhuvan Hwy,त्रिभुवन राजमार्ग,partial,"Landslide at Bhimphedi-9, Makwanpur",2026-07-29 20:47 NPT
2026-07-29 20:47 NPT,aec8f55,road,NH42 – Prithvi Hwy,पृथ्वी राजमार्ग,partial,"stone fall at Bandipur-4, Tanahu",2026-07-29 20:47 NPT
2026-07-29 20:47 NPT,aec8f55,road,NH43 – Narayanghat-Mugling,नारायणगढ–मुग्लिन,open,,2026-07-29 20:47 NPT
2026-07-29 20:47 NPT,aec8f55,airport,Tribhuvan Intl (KTM),त्रिभुवन अन्तर्राष्ट्रिय,open,Normal operations,2026-07-29 20:47 NPT
2026-07-29 20:47 NPT,aec8f55,airport,Gautam Buddha Intl (BWA),गौतम बुद्ध विमानस्थल,open,,2026-07-29 20:47 NPT
2026-07-29 20:47 NPT,aec8f55,airport,Pokhara Regional (PKR),पोखरा विमानस्थल,open,,2026-07-29 20:47 NPT
2026-07-29 20:47 NPT,aec8f55,airport,Bharatpur (BHR),भरतपुर विमानस्थल,open,,2026-07-29 20:47 NPT
2026-07-29 20:47 NPT,aec8f55,airport,Dhangadhi (DHI),धनगढी विमानस्थल,open,,2026-07-29 20:47 NPT
2026-07-29 20:47 NPT,aec8f55,airport,Biratnagar (BIR),विराटनगर विमानस्थल,open,,2026-07-29 20:47 NPT
2026-07-29 20:47 NPT,aec8f55,airport,Nepalgunj (KEP),नेपालगञ्ज विमानस्थल,open,,2026-07-29 20:47 NPT
2026-07-29 20:47 NPT,aec8f55,airport,Chandragadhi (BDP),चन्द्रगढी विमानस्थल,open,,2026-07-29 20:47 NPT
2026-07-29 20:47 NPT,aec8f55,airport,Janakpur (JKR),जनकपुर विमानस्थल,open,,2026-07-29 20:47 NPT
2026-07-29 20:47 NPT,aec8f55,airport,Simara (SIF),सिमरा विमानस्थल,open,,2026-07-29 20:47 NPT
2026-07-29 20:47 NPT,aec8f55,hospital,"Bir Hospital, Kathmandu",बीर अस्पताल,open,120 beds,2026-07-29 20:47 NPT
2026-07-29 20:47 NPT,aec8f55,hospital,"TU Teaching Hospital, KTM",त्रिवि शिक्षण अस्पताल,open,95 beds,2026-07-29 20:47 NPT
2026-07-29 20:47 NPT,aec8f55,hospital,"Patan Hospital, Lalitpur",पाटन अस्पताल,open,60 beds,2026-07-29 20:47 NPT
2026-07-29 20:47 NPT,aec8f55,hospital,"Manipal College Hospital, PKR",मणिपाल अस्पताल,open,45 beds,2026-07-29 20:47 NPT
2026-07-29 20:47 NPT,aec8f55,hospital,"Gandaki Medical College, PKR",गण्डकी अस्पताल,open,38 beds,2026-07-29 20:47 NPT
2026-07-29 20:47 NPT,aec8f55,hospital,"BPKIHS, Dharan",बीपी कोइराला स्वास्थ्य,open,150 beds,2026-07-29 20:47 NPT
2026-07-29 20:47 NPT,aec8f55,hospital,"Koshi Hospital, Biratnagar",कोशी अस्पताल,open,80 beds,2026-07-29 20:47 NPT
2026-07-29 20:47 NPT,aec8f55,hospital,"Bheri Hospital, Nepalgunj",भेरी अस्पताल,open,70 beds,2026-07-29 20:47 NPT
2026-07-29 20:47 NPT,aec8f55,hospital,Chitwan Medical College,चितवन मेडिकल कलेज,open,100 beds,2026-07-29 20:47 NPT
2026-07-29 20:47 NPT,aec8f55,hospital,Lumbini Provincial Hospital,लुम्बिनी प्रादेशिक,open,110 beds,2026-07-29 20:47 NPT
2026-07-29 18:14 NPT,cf80441,road,NH01 – Mahendra Rajmarg,महेन्द्र राजमार्ग,open,,2026-07-29 18:14 NPT
2026-07-29 18:14 NPT,cf80441,road,NH02 – Mechi Rajmarg,मेची राजमार्ग,partial,"Landslide at Ilam-9, Ilam",2026-07-29 18:14 NPT
2026-07-29 18:14 NPT,cf80441,road,NH03 – Puspalal Hwy (Mid-Hill),पुष्पलाल राजमार्ग,partial,"Landslide at Kanthekhola-5, Baglung",2026-07-29 18:14 NPT
2026-07-29 18:14 NPT,cf80441,road,NH04 – Birtamod-Chandragadhi,विर्तामोड–चन्द्रगढी,open,,2026-07-29 18:14 NPT
2026-07-29 18:14 NPT,cf80441,road,NH05 – Postal Hwy,हुलाकी राजमार्ग,open,,2026-07-29 18:14 NPT
2026-07-29 18:14 NPT,cf80441,road,NH06 – Koshi Rajmarg,कोशी राजमार्ग,open,,2026-07-29 18:14 NPT
2026-07-29 18:14 NPT,cf80441,road,NH08 – Sagarmatha Rajmarg,सगरमाथा राजमार्ग,open,,2026-07-29 18:14 NPT
2026-07-29 18:14 NPT,cf80441,road,NH09 – Madan Bhandari Hwy,मदन भण्डारी राजमार्ग,open,,2026-07-29 18:14 NPT
2026-07-29 18:14 NPT,cf80441,road,NH10 – Siddhartha Hwy,सिद्धार्थ राजमार्ग,open,,2026-07-29 18:14 NPT
2026-07-29 18:14 NPT,cf80441,road,NH11 – Rapti Rajmarg,राप्ती राजमार्ग,open,,2026-07-29 18:14 NPT
2026-07-29 18:14 NPT,cf80441,road,NH12 – Ratna Rajmarg,रत्न राजमार्ग,open,,2026-07-29 18:14 NPT
2026-07-29 18:14 NPT,cf80441,road,NH13 – Karnali Rajmarg,कर्णाली राजमार्ग,open,,2026-07-29 18:14 NPT
2026-07-29 18:14 NPT,cf80441,road,NH14 – Mahakali Rajmarg,महाकाली राजमार्ग,open,,2026-07-29 18:14 NPT
2026-07-29 18:14 NPT,cf80441,road,NH15 – Seti Rajmarg,सेती राजमार्ग,open,,2026-07-29 18:14 NPT
2026-07-29 18:14 NPT,cf80441,road,NH16 – Rapti-Lumbini Hwy,राप्ती-लुम्बिनी,open,,2026-07-29 18:14 NPT
2026-07-29 18:14 NPT,cf80441,road,NH34 – Araniko Hwy,अरनिको राजमार्ग,closed,"Landslide at Bhotekoshi-4, Sindhupalchok",2026-07-29 18:14 NPT
2026-07-29 18:14 NPT,cf80441,road,NH38 – BP Hwy,बीपी राजमार्ग,open,,2026-07-29 18:14 NPT
2026-07-29 18:14 NPT,cf80441,road,NH41 – Tribhuvan Hwy,त्रिभुवन राजमार्ग,partial,"Landslide at Bhimphedi-9, Makwanpur",2026-07-29 18:14 NPT
2026-07-29 18:14 NPT,cf80441,road,NH42 – Prithvi Hwy,पृथ्वी राजमार्ग,partial,"stone fall at Bandipur-4, Tanahu",2026-07-29 18:14 NPT
2026-07-29 18:14 NPT,cf80441,road,NH43 – Narayanghat-Mugling,नारायणगढ–मुग्लिन,open,,2026-07-29 18:14 NPT
2026-07-29 18:14 NPT,cf80441,airport,Tribhuvan Intl (KTM),त्रिभुवन अन्तर्राष्ट्रिय,open,Normal operations,2026-07-29 18:14 NPT
2026-07-29 18:14 NPT,cf80441,airport,Gautam Buddha Intl (BWA),गौतम बुद्ध विमानस्थल,open,,2026-07-29 18:14 NPT
2026-07-29 18:14 NPT,cf80441,airport,Pokhara Regional (PKR),पोखरा विमानस्थल,open,,2026-07-29 18:14 NPT
2026-07-29 18:14 NPT,cf80441,airport,Bharatpur (BHR),भरतपुर विमानस्थल,open,,2026-07-29 18:14 NPT
2026-07-29 18:14 NPT,cf80441,airport,Dhangadhi (DHI),धनगढी विमानस्थल,open,,2026-07-29 18:14 NPT
2026-07-29 18:14 NPT,cf80441,airport,Biratnagar (BIR),विराटनगर विमानस्थल,open,,2026-07-29 18:14 NPT
2026-07-29 18:14 NPT,cf80441,airport,Nepalgunj (KEP),नेपालगञ्ज विमानस्थल,open,,2026-07-29 18:14 NPT
2026-07-29 18:14 NPT,cf80441,airport,Chandragadhi (BDP),चन्द्रगढी विमानस्थल,open,,2026-07-29 18:14 NPT
2026-07-29 18:14 NPT,cf80441,airport,Janakpur (JKR),जनकपुर विमानस्थल,open,,2026-07-29 18:14 NPT
2026-07-29 18:14 NPT,cf80441,airport,Simara (SIF),सिमरा विमानस्थल,open,,2026-07-29 18:14 NPT
2026-07-29 18:14 NPT,cf80441,hospital,"Bir Hospital, Kathmandu",बीर अस्पताल,open,120 beds,2026-07-29 18:14 NPT
2026-07-29 18:14 NPT,cf80441,hospital,"TU Teaching Hospital, KTM",त्रिवि शिक्षण अस्पताल,open,95 beds,2026-07-29 18:14 NPT
2026-07-29 18:14 NPT,cf80441,hospital,"Patan Hospital, Lalitpur",पाटन अस्पताल,open,60 beds,2026-07-29 18:14 NPT
2026-07-29 18:14 NPT,cf80441,hospital,"Manipal College Hospital, PKR",मणिपाल अस्पताल,open,45 beds,2026-07-29 18:14 NPT
2026-07-29 18:14 NPT,cf80441,hospital,"Gandaki Medical College, PKR",गण्डकी अस्पताल,open,38 beds,2026-07-29 18:14 NPT
2026-07-29 18:14 NPT,cf80441,hospital,"BPKIHS, Dharan",बीपी कोइराला स्वास्थ्य,open,150 beds,2026-07-29 18:14 NPT
2026-07-29 18:14 NPT,cf80441,hospital,"Koshi Hospital, Biratnagar",कोशी अस्पताल,open,80 beds,2026-07-29 18:14 NPT
2026-07-29 18:14 NPT,cf80441,hospital,"Bheri Hospital, Nepalgunj",भेरी अस्पताल,open,70 beds,2026-07-29 18:14 NPT
2026-07-29 18:14 NPT,cf80441,hospital,Chitwan Medical College,चितवन मेडिकल कलेज,open,100 beds,2026-07-29 18:14 NPT
2026-07-29 18:14 NPT,cf80441,hospital,Lumbini Provincial Hospital,लुम्बिनी प्रादेशिक,open,110 beds,2026-07-29 18:14 NPT
2026-07-29 15:54 NPT,2305f67,road,NH01 – Mahendra Rajmarg,महेन्द्र राजमार्ग,open,,2026-07-29 15:54 NPT
2026-07-29 15:54 NPT,2305f67,road,NH02 – Mechi Rajmarg,मेची राजमार्ग,partial,"Landslide at Ilam-9, Ilam",2026-07-29 15:54 NPT
2026-07-29 15:54 NPT,2305f67,road,NH03 – Puspalal Hwy (Mid-Hill),पुष्पलाल राजमार्ग,partial,"Landslide at Kanthekhola-5, Baglung",2026-07-29 15:54 NPT
2026-07-29 15:54 NPT,2305f67,road,NH04 – Birtamod-Chandragadhi,विर्तामोड–चन्द्रगढी,open,,2026-07-29 15:54 NPT
2026-07-29 15:54 NPT,2305f67,road,NH05 – Postal Hwy,हुलाकी राजमार्ग,open,,2026-07-29 15:54 NPT
2026-07-29 15:54 NPT,2305f67,road,NH06 – Koshi Rajmarg,कोशी राजमार्ग,open,,2026-07-29 15:54 NPT
2026-07-29 15:54 NPT,2305f67,road,NH08 – Sagarmatha Rajmarg,सगरमाथा राजमार्ग,open,,2026-07-29 15:54 NPT
2026-07-29 15:54 NPT,2305f67,road,NH09 – Madan Bhandari Hwy,मदन भण्डारी राजमार्ग,open,,2026-07-29 15:54 NPT
2026-07-29 15:54 NPT,2305f67,road,NH10 – Siddhartha Hwy,सिद्धार्थ राजमार्ग,open,,2026-07-29 15:54 NPT
2026-07-29 15:54 NPT,2305f67,road,NH11 – Rapti Rajmarg,राप्ती राजमार्ग,open,,2026-07-29 15:54 NPT
2026-07-29 15:54 NPT,2305f67,road,NH12 – Ratna Rajmarg,रत्न राजमार्ग,open,,2026-07-29 15:54 NPT
2026-07-29 15:54 NPT,2305f67,road,NH13 – Karnali Rajmarg,कर्णाली राजमार्ग,open,,2026-07-29 15:54 NPT
2026-07-29 15:54 NPT,2305f67,road,NH14 – Mahakali Rajmarg,महाकाली राजमार्ग,open,,2026-07-29 15:54 NPT
2026-07-29 15:54 NPT,2305f67,road,NH15 – Seti Rajmarg,सेती राजमार्ग,open,,2026-07-29 15:54 NPT
2026-07-29 15:54 NPT,2305f67,road,NH16 – Rapti-Lumbini Hwy,राप्ती-लुम्बिनी,open,,2026-07-29 15:54 NPT
2026-07-29 15:54 NPT,2305f67,road,NH34 – Araniko Hwy,अरनिको राजमार्ग,closed,"Landslide at Bhotekoshi-4, Sindhupalchok",2026-07-29 15:54 NPT
2026-07-29 15:54 NPT,2305f67,road,NH38 – BP Hwy,बीपी राजमार्ग,open,,2026-07-29 15:54 NPT
2026-07-29 15:54 NPT,2305f67,road,NH41 – Tribhuvan Hwy,त्रिभुवन राजमार्ग,partial,"Landslide at Bhimphedi-9, Makwanpur",2026-07-29 15:54 NPT
2026-07-29 15:54 NPT,2305f67,road,NH42 – Prithvi Hwy,पृथ्वी राजमार्ग,partial,"stone fall at Bandipur-4, Tanahu",2026-07-29 15:54 NPT
2026-07-29 15:54 NPT,2305f67,road,NH43 – Narayanghat-Mugling,नारायणगढ–मुग्लिन,open,,2026-07-29 15:54 NPT
2026-07-29 15:54 NPT,2305f67,airport,Tribhuvan Intl (KTM),त्रिभुवन अन्तर्राष्ट्रिय,open,Normal operations,2026-07-29 15:54 NPT
2026-07-29 15:54 NPT,2305f67,airport,Gautam Buddha Intl (BWA),गौतम बुद्ध विमानस्थल,open,,2026-07-29 15:54 NPT
2026-07-29 15:54 NPT,2305f67,airport,Pokhara Regional (PKR),पोखरा विमानस्थल,open,,2026-07-29 15:54 NPT
2026-07-29 15:54 NPT,2305f67,airport,Bharatpur (BHR),भरतपुर विमानस्थल,open,,2026-07-29 15:54 NPT
2026-07-29 15:54 NPT,2305f67,airport,Dhangadhi (DHI),धनगढी विमानस्थल,open,,2026-07-29 15:54 NPT
2026-07-29 15:54 NPT,2305f67,airport,Biratnagar (BIR),विराटनगर विमानस्थल,open,,2026-07-29 15:54 NPT
2026-07-29 15:54 NPT,2305f67,airport,Nepalgunj (KEP),नेपालगञ्ज विमानस्थल,open,,2026-07-29 15:54 NPT
2026-07-29 15:54 NPT,2305f67,airport,Chandragadhi (BDP),चन्द्रगढी विमानस्थल,open,,2026-07-29 15:54 NPT
2026-07-29 15:54 NPT,2305f67,airport,Janakpur (JKR),जनकपुर विमानस्थल,open,,2026-07-29 15:54 NPT
2026-07-29 15:54 NPT,2305f67,airport,Simara (SIF),सिमरा विमानस्थल,open,,2026-07-29 15:54 NPT
2026-07-29 15:54 NPT,2305f67,hospital,"Bir Hospital, Kathmandu",बीर अस्पताल,open,120 beds,2026-07-29 15:54 NPT
2026-07-29 15:54 NPT,2305f67,hospital,"TU Teaching Hospital, KTM",त्रिवि शिक्षण अस्पताल,open,95 beds,2026-07-29 15:54 NPT
2026-07-29 15:54 NPT,2305f67,hospital,"Patan Hospital, Lalitpur",पाटन अस्पताल,open,60 beds,2026-07-29 15:54 NPT
2026-07-29 15:54 NPT,2305f67,hospital,"Manipal College Hospital, PKR",मणिपाल अस्पताल,open,45 beds,2026-07-29 15:54 NPT
2026-07-29 15:54 NPT,2305f67,hospital,"Gandaki Medical College, PKR",गण्डकी अस्पताल,open,38 beds,2026-07-29 15:54 NPT
2026-07-29 15:54 NPT,2305f67,hospital,"BPKIHS, Dharan",बीपी कोइराला स्वास्थ्य,open,150 beds,2026-07-29 15:54 NPT
2026-07-29 15:54 NPT,2305f67,hospital,"Koshi Hospital, Biratnagar",कोशी अस्पताल,open,80 beds,2026-07-29 15:54 NPT
2026-07-29 15:54 NPT,2305f67,hospital,"Bheri Hospital, Nepalgunj",भेरी अस्पताल,open,70 beds,2026-07-29 15:54 NPT
2026-07-29 15:54 NPT,2305f67,hospital,Chitwan Medical College,चितवन मेडिकल कलेज,open,100 beds,2026-07-29 15:54 NPT
2026-07-29 15:54 NPT,2305f67,hospital,Lumbini Provincial Hospital,लुम्बिनी प्रादेशिक,open,110 beds,2026-07-29 15:54 NPT
2026-07-29 13:05 NPT,af03060,road,NH01 – Mahendra Rajmarg,महेन्द्र राजमार्ग,open,,2026-07-29 13:05 NPT
2026-07-29 13:05 NPT,af03060,road,NH02 – Mechi Rajmarg,मेची राजमार्ग,partial,"Landslide at Ilam-9, Ilam",2026-07-29 13:05 NPT
2026-07-29 13:05 NPT,af03060,road,NH03 – Puspalal Hwy (Mid-Hill),पुष्पलाल राजमार्ग,partial,"Landslide at Kanthekhola-5, Baglung",2026-07-29 13:05 NPT
2026-07-29 13:05 NPT,af03060,road,NH04 – Birtamod-Chandragadhi,विर्तामोड–चन्द्रगढी,open,,2026-07-29 13:05 NPT
2026-07-29 13:05 NPT,af03060,road,NH05 – Postal Hwy,हुलाकी राजमार्ग,open,,2026-07-29 13:05 NPT
2026-07-29 13:05 NPT,af03060,road,NH06 – Koshi Rajmarg,कोशी राजमार्ग,closed,"Landslide at Bhotkhola-2, Sankhuwasabha",2026-07-29 13:05 NPT
2026-07-29 13:05 NPT,af03060,road,NH08 – Sagarmatha Rajmarg,सगरमाथा राजमार्ग,closed,"Landslide at Bhotkhola-2, Sankhuwasabha",2026-07-29 13:05 NPT
2026-07-29 13:05 NPT,af03060,road,NH09 – Madan Bhandari Hwy,मदन भण्डारी राजमार्ग,open,,2026-07-29 13:05 NPT
2026-07-29 13:05 NPT,af03060,road,NH10 – Siddhartha Hwy,सिद्धार्थ राजमार्ग,open,,2026-07-29 13:05 NPT
2026-07-29 13:05 NPT,af03060,road,NH11 – Rapti Rajmarg,राप्ती राजमार्ग,open,,2026-07-29 13:05 NPT
2026-07-29 13:05 NPT,af03060,road,NH12 – Ratna Rajmarg,रत्न राजमार्ग,closed,"Landslide at Bhotkhola-2, Sankhuwasabha",2026-07-29 13:05 NPT
2026-07-29 13:05 NPT,af03060,road,NH13 – Karnali Rajmarg,कर्णाली राजमार्ग,open,,2026-07-29 13:05 NPT
2026-07-29 13:05 NPT,af03060,road,NH14 – Mahakali Rajmarg,महाकाली राजमार्ग,open,,2026-07-29 13:05 NPT
2026-07-29 13:05 NPT,af03060,road,NH15 – Seti Rajmarg,सेती राजमार्ग,open,,2026-07-29 13:05 NPT
2026-07-29 13:05 NPT,af03060,road,NH16 – Rapti-Lumbini Hwy,राप्ती-लुम्बिनी,open,,2026-07-29 13:05 NPT
2026-07-29 13:05 NPT,af03060,road,NH34 – Araniko Hwy,अरनिको राजमार्ग,closed,"Landslide at Bhotekoshi-4, Sindhupalchok",2026-07-29 13:05 NPT
2026-07-29 13:05 NPT,af03060,road,NH38 – BP Hwy,बीपी राजमार्ग,open,,2026-07-29 13:05 NPT
2026-07-29 13:05 NPT,af03060,road,NH41 – Tribhuvan Hwy,त्रिभुवन राजमार्ग,partial,"Landslide at Bhimphedi-9, Makwanpur",2026-07-29 13:05 NPT
2026-07-29 13:05 NPT,af03060,road,NH42 – Prithvi Hwy,पृथ्वी राजमार्ग,partial,"stone fall at Bandipur-4, Tanahu",2026-07-29 13:05 NPT
2026-07-29 13:05 NPT,af03060,road,NH43 – Narayanghat-Mugling,नारायणगढ–मुग्लिन,open,,2026-07-29 13:05 NPT
2026-07-29 13:05 NPT,af03060,airport,Tribhuvan Intl (KTM),त्रिभुवन अन्तर्राष्ट्रिय,open,Normal operations,2026-07-29 13:05 NPT
2026-07-29 13:05 NPT,af03060,airport,Gautam Buddha Intl (BWA),गौतम बुद्ध विमानस्थल,open,,2026-07-29 13:05 NPT
2026-07-29 13:05 NPT,af03060,airport,Pokhara Regional (PKR),पोखरा विमानस्थल,open,,2026-07-29 13:05 NPT
2026-07-29 13:05 NPT,af03060,airport,Bharatpur (BHR),भरतपुर विमानस्थल,open,,2026-07-29 13:05 NPT
2026-07-29 13:05 NPT,af03060,airport,Dhangadhi (DHI),धनगढी विमानस्थल,open,,2026-07-29 13:05 NPT
2026-07-29 13:05 NPT,af03060,airport,Biratnagar (BIR),विराटनगर विमानस्थल,open,,2026-07-29 13:05 NPT
2026-07-29 13:05 NPT,af03060,airport,Nepalgunj (KEP),नेपालगञ्ज विमानस्थल,open,,2026-07-29 13:05 NPT
2026-07-29 13:05 NPT,af03060,airport,Chandragadhi (BDP),चन्द्रगढी विमानस्थल,open,,2026-07-29 13:05 NPT
2026-07-29 13:05 NPT,af03060,airport,Janakpur (JKR),जनकपुर विमानस्थल,open,,2026-07-29 13:05 NPT
2026-07-29 13:05 NPT,af03060,airport,Simara (SIF),सिमरा विमानस्थल,open,,2026-07-29 13:05 NPT
2026-07-29 13:05 NPT,af03060,hospital,"Bir Hospital, Kathmandu",बीर अस्पताल,open,120 beds,2026-07-29 13:05 NPT
2026-07-29 13:05 NPT,af03060,hospital,"TU Teaching Hospital, KTM",त्रिवि शिक्षण अस्पताल,open,95 beds,2026-07-29 13:05 NPT
2026-07-29 13:05 NPT,af03060,hospital,"Patan Hospital, Lalitpur",पाटन अस्पताल,open,60 beds,2026-07-29 13:05 NPT
2026-07-29 13:05 NPT,af03060,hospital,"Manipal College Hospital, PKR",मणिपाल अस्पताल,open,45 beds,2026-07-29 13:05 NPT
2026-07-29 13:05 NPT,af03060,hospital,"Gandaki Medical College, PKR",गण्डकी अस्पताल,open,38 beds,2026-07-29 13:05 NPT
2026-07-29 13:05 NPT,af03060,hospital,"BPKIHS, Dharan",बीपी कोइराला स्वास्थ्य,open,150 beds,2026-07-29 13:05 NPT
2026-07-29 13:05 NPT,af03060,hospital,"Koshi Hospital, Biratnagar",कोशी अस्पताल,open,80 beds,2026-07-29 13:05 NPT
2026-07-29 13:05 NPT,af03060,hospital,"Bheri Hospital, Nepalgunj",भेरी अस्पताल,open,70 beds,2026-07-29 13:05 NPT
2026-07-29 13:05 NPT,af03060,hospital,Chitwan Medical College,चितवन मेडिकल कलेज,open,100 beds,2026-07-29 13:05 NPT
2026-07-29 13:05 NPT,af03060,hospital,Lumbini Provincial Hospital,लुम्बिनी प्रादेशिक,open,110 beds,2026-07-29 13:05 NPT
2026-07-29 10:04 NPT,eceabfb,road,NH01 – Mahendra Rajmarg,महेन्द्र राजमार्ग,open,,2026-07-29 10:04 NPT
2026-07-29 10:04 NPT,eceabfb,road,NH02 – Mechi Rajmarg,मेची राजमार्ग,partial,"Landslide at Ilam-9, Ilam",2026-07-29 10:04 NPT
2026-07-29 10:04 NPT,eceabfb,road,NH03 – Puspalal Hwy (Mid-Hill),पुष्पलाल राजमार्ग,partial,"Landslide at Kanthekhola-5, Baglung",2026-07-29 10:04 NPT
2026-07-29 10:04 NPT,eceabfb,road,NH04 – Birtamod-Chandragadhi,विर्तामोड–चन्द्रगढी,open,,2026-07-29 10:04 NPT
2026-07-29 10:04 NPT,eceabfb,road,NH05 – Postal Hwy,हुलाकी राजमार्ग,open,,2026-07-29 10:04 NPT
2026-07-29 10:04 NPT,eceabfb,road,NH06 – Koshi Rajmarg,कोशी राजमार्ग,closed,"Landslide at Bhotkhola-2, Sankhuwasabha",2026-07-29 10:04 NPT
2026-07-29 10:04 NPT,eceabfb,road,NH08 – Sagarmatha Rajmarg,सगरमाथा राजमार्ग,closed,"Landslide at Bhotkhola-2, Sankhuwasabha",2026-07-29 10:04 NPT
2026-07-29 10:04 NPT,eceabfb,road,NH09 – Madan Bhandari Hwy,मदन भण्डारी राजमार्ग,open,,2026-07-29 10:04 NPT
2026-07-29 10:04 NPT,eceabfb,road,NH10 – Siddhartha Hwy,सिद्धार्थ राजमार्ग,open,,2026-07-29 10:04 NPT
2026-07-29 10:04 NPT,eceabfb,road,NH11 – Rapti Rajmarg,राप्ती राजमार्ग,open,,2026-07-29 10:04 NPT
2026-07-29 10:04 NPT,eceabfb,road,NH12 – Ratna Rajmarg,रत्न राजमार्ग,closed,"Landslide at Bhotkhola-2, Sankhuwasabha",2026-07-29 10:04 NPT
2026-07-29 10:04 NPT,eceabfb,road,NH13 – Karnali Rajmarg,कर्णाली राजमार्ग,open,,2026-07-29 10:04 NPT
2026-07-29 10:04 NPT,eceabfb,road,NH14 – Mahakali Rajmarg,महाकाली राजमार्ग,open,,2026-07-29 10:04 NPT
2026-07-29 10:04 NPT,eceabfb,road,NH15 – Seti Rajmarg,सेती राजमार्ग,open,,2026-07-29 10:04 NPT
2026-07-29 10:04 NPT,eceabfb,road,NH16 – Rapti-Lumbini Hwy,राप्ती-लुम्बिनी,open,,2026-07-29 10:04 NPT
2026-07-29 10:04 NPT,eceabfb,road,NH34 – Araniko Hwy,अरनिको राजमार्ग,closed,"Landslide at Bhotekoshi-4, Sindhupalchok",2026-07-29 10:04 NPT
2026-07-29 10:04 NPT,eceabfb,road,NH38 – BP Hwy,बीपी राजमार्ग,open,,2026-07-29 10:04 NPT
2026-07-29 10:04 NPT,eceabfb,road,NH41 – Tribhuvan Hwy,त्रिभुवन राजमार्ग,partial,"Landslide at Bhimphedi-9, Makwanpur",2026-07-29 10:04 NPT
2026-07-29 10:04 NPT,eceabfb,road,NH42 – Prithvi Hwy,पृथ्वी राजमार्ग,partial,"stone fall at Bandipur-4, Tanahu",2026-07-29 10:04 NPT
2026-07-29 10:04 NPT,eceabfb,road,NH43 – Narayanghat-Mugling,नारायणगढ–मुग्लिन,open,,2026-07-29 10:04 NPT
2026-07-29 10:04 NPT,eceabfb,airport,Tribhuvan Intl (KTM),त्रिभुवन अन्तर्राष्ट्रिय,open,Normal operations,2026-07-29 10:04 NPT
2026-07-29 10:04 NPT,eceabfb,airport,Gautam Buddha Intl (BWA),गौतम बुद्ध विमानस्थल,open,,2026-07-29 10:04 NPT
2026-07-29 10:04 NPT,eceabfb,airport,Pokhara Regional (PKR),पोखरा विमानस्थल,open,,2026-07-29 10:04 NPT
2026-07-29 10:04 NPT,eceabfb,airport,Bharatpur (BHR),भरतपुर विमानस्थल,open,,2026-07-29 10:04 NPT
2026-07-29 10:04 NPT,eceabfb,airport,Dhangadhi (DHI),धनगढी विमानस्थल,open,,2026-07-29 10:04 NPT
2026-07-29 10:04 NPT,eceabfb,airport,Biratnagar (BIR),विराटनगर विमानस्थल,open,,2026-07-29 10:04 NPT
2026-07-29 10:04 NPT,eceabfb,airport,Nepalgunj (KEP),नेपालगञ्ज विमानस्थल,open,,2026-07-29 10:04 NPT
2026-07-29 10:04 NPT,eceabfb,airport,Chandragadhi (BDP),चन्द्रगढी विमानस्थल,open,,2026-07-29 10:04 NPT
2026-07-29 10:04 NPT,eceabfb,airport,Janakpur (JKR),जनकपुर विमानस्थल,open,,2026-07-29 10:04 NPT
2026-07-29 10:04 NPT,eceabfb,airport,Simara (SIF),सिमरा विमानस्थल,open,,2026-07-29 10:04 NPT
2026-07-29 10:04 NPT,eceabfb,hospital,"Bir Hospital, Kathmandu",बीर अस्पताल,open,120 beds,2026-07-29 10:04 NPT
2026-07-29 10:04 NPT,eceabfb,hospital,"TU Teaching Hospital, KTM",त्रिवि शिक्षण अस्पताल,open,95 beds,2026-07-29 10:04 NPT
2026-07-29 10:04 NPT,eceabfb,hospital,"Patan Hospital, Lalitpur",पाटन अस्पताल,open,60 beds,2026-07-29 10:04 NPT
2026-07-29 10:04 NPT,eceabfb,hospital,"Manipal College Hospital, PKR",मणिपाल अस्पताल,open,45 beds,2026-07-29 10:04 NPT
2026-07-29 10:04 NPT,eceabfb,hospital,"Gandaki Medical College, PKR",गण्डकी अस्पताल,open,38 beds,2026-07-29 10:04 NPT
2026-07-29 10:04 NPT,eceabfb,hospital,"BPKIHS, Dharan",बीपी कोइराला स्वास्थ्य,open,150 beds,2026-07-29 10:04 NPT
2026-07-29 10:04 NPT,eceabfb,hospital,"Koshi Hospital, Biratnagar",कोशी अस्पताल,open,80 beds,2026-07-29 10:04 NPT
2026-07-29 10:04 NPT,eceabfb,hospital,"Bheri Hospital, Nepalgunj",भेरी अस्पताल,open,70 beds,2026-07-29 10:04 NPT
2026-07-29 10:04 NPT,eceabfb,hospital,Chitwan Medical College,चितवन मेडिकल कलेज,open,100 beds,2026-07-29 10:04 NPT
2026-07-29 10:04 NPT,eceabfb,hospital,Lumbini Provincial Hospital,लुम्बिनी प्रादेशिक,open,110 beds,2026-07-29 10:04 NPT
2026-07-29 06:42 NPT,70cb967,road,NH01 – Mahendra Rajmarg,महेन्द्र राजमार्ग,open,,2026-07-29 06:42 NPT
2026-07-29 06:42 NPT,70cb967,road,NH02 – Mechi Rajmarg,मेची राजमार्ग,partial,"Landslide at Ilam-9, Ilam",2026-07-29 06:42 NPT
2026-07-29 06:42 NPT,70cb967,road,NH03 – Puspalal Hwy (Mid-Hill),पुष्पलाल राजमार्ग,partial,"Landslide at Kanthekhola-5, Baglung",2026-07-29 06:42 NPT
2026-07-29 06:42 NPT,70cb967,road,NH04 – Birtamod-Chandragadhi,विर्तामोड–चन्द्रगढी,open,,2026-07-29 06:42 NPT
2026-07-29 06:42 NPT,70cb967,road,NH05 – Postal Hwy,हुलाकी राजमार्ग,open,,2026-07-29 06:42 NPT
2026-07-29 06:42 NPT,70cb967,road,NH06 – Koshi Rajmarg,कोशी राजमार्ग,closed,"Landslide at Bhotkhola-2, Sankhuwasabha",2026-07-29 06:42 NPT
2026-07-29 06:42 NPT,70cb967,road,NH08 – Sagarmatha Rajmarg,सगरमाथा राजमार्ग,closed,"Landslide at Bhotkhola-2, Sankhuwasabha",2026-07-29 06:42 NPT
2026-07-29 06:42 NPT,70cb967,road,NH09 – Madan Bhandari Hwy,मदन भण्डारी राजमार्ग,open,,2026-07-29 06:42 NPT
2026-07-29 06:42 NPT,70cb967,road,NH10 – Siddhartha Hwy,सिद्धार्थ राजमार्ग,open,,2026-07-29 06:42 NPT
2026-07-29 06:42 NPT,70cb967,road,NH11 – Rapti Rajmarg,राप्ती राजमार्ग,open,,2026-07-29 06:42 NPT
2026-07-29 06:42 NPT,70cb967,road,NH12 – Ratna Rajmarg,रत्न राजमार्ग,closed,"Landslide at Bhotkhola-2, Sankhuwasabha",2026-07-29 06:42 NPT
2026-07-29 06:42 NPT,70cb967,road,NH13 – Karnali Rajmarg,कर्णाली राजमार्ग,open,,2026-07-29 06:42 NPT
2026-07-29 06:42 NPT,70cb967,road,NH14 – Mahakali Rajmarg,महाकाली राजमार्ग,open,,2026-07-29 06:42 NPT
2026-07-29 06:42 NPT,70cb967,road,NH15 – Seti Rajmarg,सेती राजमार्ग,open,,2026-07-29 06:42 NPT
2026-07-29 06:42 NPT,70cb967,road,NH16 – Rapti-Lumbini Hwy,राप्ती-लुम्बिनी,open,,2026-07-29 06:42 NPT
2026-07-29 06:42 NPT,70cb967,road,NH34 – Araniko Hwy,अरनिको राजमार्ग,closed,"Landslide at Bhotekoshi-4, Sindhupalchok",2026-07-29 06:42 NPT
2026-07-29 06:42 NPT,70cb967,road,NH38 – BP Hwy,बीपी राजमार्ग,open,,2026-07-29 06:42 NPT
2026-07-29 06:42 NPT,70cb967,road,NH41 – Tribhuvan Hwy,त्रिभुवन राजमार्ग,partial,"Landslide at Bhimphedi-9, Makwanpur",2026-07-29 06:42 NPT
2026-07-29 06:42 NPT,70cb967,road,NH42 – Prithvi Hwy,पृथ्वी राजमार्ग,partial,"stone fall at Bandipur-4, Tanahu",2026-07-29 06:42 NPT
2026-07-29 06:42 NPT,70cb967,road,NH43 – Narayanghat-Mugling,नारायणगढ–मुग्लिन,open,,2026-07-29 06:42 NPT
2026-07-29 06:42 NPT,70cb967,airport,Tribhuvan Intl (KTM),त्रिभुवन अन्तर्राष्ट्रिय,open,Normal operations,2026-07-29 06:42 NPT
2026-07-29 06:42 NPT,70cb967,airport,Gautam Buddha Intl (BWA),गौतम बुद्ध विमानस्थल,open,,2026-07-29 06:42 NPT
2026-07-29 06:42 NPT,70cb967,airport,Pokhara Regional (PKR),पोखरा विमानस्थल,open,,2026-07-29 06:42 NPT
2026-07-29 06:42 NPT,70cb967,airport,Bharatpur (BHR),भरतपुर विमानस्थल,open,,2026-07-29 06:42 NPT
2026-07-29 06:42 NPT,70cb967,airport,Dhangadhi (DHI),धनगढी विमानस्थल,open,,2026-07-29 06:42 NPT
2026-07-29 06:42 NPT,70cb967,airport,Biratnagar (BIR),विराटनगर विमानस्थल,open,,2026-07-29 06:42 NPT
2026-07-29 06:42 NPT,70cb967,airport,Nepalgunj (KEP),नेपालगञ्ज विमानस्थल,open,,2026-07-29 06:42 NPT
2026-07-29 06:42 NPT,70cb967,airport,Chandragadhi (BDP),चन्द्रगढी विमानस्थल,open,,2026-07-29 06:42 NPT
2026-07-29 06:42 NPT,70cb967,airport,Janakpur (JKR),जनकपुर विमानस्थल,open,,2026-07-29 06:42 NPT
2026-07-29 06:42 NPT,70cb967,airport,Simara (SIF),सिमरा विमानस्थल,open,,2026-07-29 06:42 NPT
2026-07-29 06:42 NPT,70cb967,hospital,"Bir Hospital, Kathmandu",बीर अस्पताल,open,120 beds,2026-07-29 06:42 NPT
2026-07-29 06:42 NPT,70cb967,hospital,"TU Teaching Hospital, KTM",त्रिवि शिक्षण अस्पताल,open,95 beds,2026-07-29 06:42 NPT
2026-07-29 06:42 NPT,70cb967,hospital,"Patan Hospital, Lalitpur",पाटन अस्पताल,open,60 beds,2026-07-29 06:42 NPT
2026-07-29 06:42 NPT,70cb967,hospital,"Manipal College Hospital, PKR",मणिपाल अस्पताल,open,45 beds,2026-07-29 06:42 NPT
2026-07-29 06:42 NPT,70cb967,hospital,"Gandaki Medical College, PKR",गण्डकी अस्पताल,open,38 beds,2026-07-29 06:42 NPT
2026-07-29 06:42 NPT,70cb967,hospital,"BPKIHS, Dharan",बीपी कोइराला स्वास्थ्य,open,150 beds,2026-07-29 06:42 NPT
2026-07-29 06:42 NPT,70cb967,hospital,"Koshi Hospital, Biratnagar",कोशी अस्पताल,open,80 beds,2026-07-29 06:42 NPT
2026-07-29 06:42 NPT,70cb967,hospital,"Bheri Hospital, Nepalgunj",भेरी अस्पताल,open,70 beds,2026-07-29 06:42 NPT
2026-07-29 06:42 NPT,70cb967,hospital,Chitwan Medical College,चितवन मेडिकल कलेज,open,100 beds,2026-07-29 06:42 NPT
2026-07-29 06:42 NPT,70cb967,hospital,Lumbini Provincial Hospital,लुम्बिनी प्रादेशिक,open,110 beds,2026-07-29 06:42 NPT
2026-07-29 04:46 NPT,780a29c,road,NH01 – Mahendra Rajmarg,महेन्द्र राजमार्ग,open,,2026-07-29 04:46 NPT
2026-07-29 04:46 NPT,780a29c,road,NH02 – Mechi Rajmarg,मेची राजमार्ग,open,,2026-07-29 04:46 NPT
2026-07-29 04:46 NPT,780a29c,road,NH03 – Puspalal Hwy (Mid-Hill),पुष्पलाल राजमार्ग,partial,"Landslide at Kanthekhola-5, Baglung",2026-07-29 04:46 NPT
2026-07-29 04:46 NPT,780a29c,road,NH04 – Birtamod-Chandragadhi,विर्तामोड–चन्द्रगढी,open,,2026-07-29 04:46 NPT
2026-07-29 04:46 NPT,780a29c,road,NH05 – Postal Hwy,हुलाकी राजमार्ग,open,,2026-07-29 04:46 NPT
2026-07-29 04:46 NPT,780a29c,road,NH06 – Koshi Rajmarg,कोशी राजमार्ग,closed,"Landslide at Bhotkhola-2, Sankhuwasabha",2026-07-29 04:46 NPT
2026-07-29 04:46 NPT,780a29c,road,NH08 – Sagarmatha Rajmarg,सगरमाथा राजमार्ग,closed,"Landslide at Bhotkhola-2, Sankhuwasabha",2026-07-29 04:46 NPT
2026-07-29 04:46 NPT,780a29c,road,NH09 – Madan Bhandari Hwy,मदन भण्डारी राजमार्ग,open,,2026-07-29 04:46 NPT
2026-07-29 04:46 NPT,780a29c,road,NH10 – Siddhartha Hwy,सिद्धार्थ राजमार्ग,open,,2026-07-29 04:46 NPT
2026-07-29 04:46 NPT,780a29c,road,NH11 – Rapti Rajmarg,राप्ती राजमार्ग,open,,2026-07-29 04:46 NPT
2026-07-29 04:46 NPT,780a29c,road,NH12 – Ratna Rajmarg,रत्न राजमार्ग,closed,"Landslide at Bhotkhola-2, Sankhuwasabha",2026-07-29 04:46 NPT
2026-07-29 04:46 NPT,780a29c,road,NH13 – Karnali Rajmarg,कर्णाली राजमार्ग,open,,2026-07-29 04:46 NPT
2026-07-29 04:46 NPT,780a29c,road,NH14 – Mahakali Rajmarg,महाकाली राजमार्ग,open,,2026-07-29 04:46 NPT
2026-07-29 04:46 NPT,780a29c,road,NH15 – Seti Rajmarg,सेती राजमार्ग,open,,2026-07-29 04:46 NPT
2026-07-29 04:46 NPT,780a29c,road,NH16 – Rapti-Lumbini Hwy,राप्ती-लुम्बिनी,open,,2026-07-29 04:46 NPT
2026-07-29 04:46 NPT,780a29c,road,NH34 – Araniko Hwy,अरनिको राजमार्ग,closed,"Landslide at Bhotekoshi-4, Sindhupalchok",2026-07-29 04:46 NPT
2026-07-29 04:46 NPT,780a29c,road,NH38 – BP Hwy,बीपी राजमार्ग,open,,2026-07-29 04:46 NPT
2026-07-29 04:46 NPT,780a29c,road,NH41 – Tribhuvan Hwy,त्रिभुवन राजमार्ग,partial,"Landslide at Bhimphedi-9, Makwanpur",2026-07-29 04:46 NPT
2026-07-29 04:46 NPT,780a29c,road,NH42 – Prithvi Hwy,पृथ्वी राजमार्ग,partial,"stone fall at Bandipur-4, Tanahu",2026-07-29 04:46 NPT
2026-07-29 04:46 NPT,780a29c,road,NH43 – Narayanghat-Mugling,नारायणगढ–मुग्लिन,open,,2026-07-29 04:46 NPT
2026-07-29 04:46 NPT,780a29c,airport,Tribhuvan Intl (KTM),त्रिभुवन अन्तर्राष्ट्रिय,open,Normal operations,2026-07-29 04:46 NPT
2026-07-29 04:46 NPT,780a29c,airport,Gautam Buddha Intl (BWA),गौतम बुद्ध विमानस्थल,open,,2026-07-29 04:46 NPT
2026-07-29 04:46 NPT,780a29c,airport,Pokhara Regional (PKR),पोखरा विमानस्थल,open,,2026-07-29 04:46 NPT
2026-07-29 04:46 NPT,780a29c,airport,Bharatpur (BHR),भरतपुर विमानस्थल,open,,2026-07-29 04:46 NPT
2026-07-29 04:46 NPT,780a29c,airport,Dhangadhi (DHI),धनगढी विमानस्थल,open,,2026-07-29 04:46 NPT
2026-07-29 04:46 NPT,780a29c,airport,Biratnagar (BIR),विराटनगर विमानस्थल,open,,2026-07-29 04:46 NPT
2026-07-29 04:46 NPT,780a29c,airport,Nepalgunj (KEP),नेपालगञ्ज विमानस्थल,open,,2026-07-29 04:46 NPT
2026-07-29 04:46 NPT,780a29c,airport,Chandragadhi (BDP),चन्द्रगढी विमानस्थल,open,,2026-07-29 04:46 NPT
2026-07-29 04:46 NPT,780a29c,airport,Janakpur (JKR),जनकपुर विमानस्थल,open,,2026-07-29 04:46 NPT
2026-07-29 04:46 NPT,780a29c,airport,Simara (SIF),सिमरा विमानस्थल,open,,2026-07-29 04:46 NPT
2026-07-29 04:46 NPT,780a29c,hospital,"Bir Hospital, Kathmandu",बीर अस्पताल,open,120 beds,2026-07-29 04:46 NPT
2026-07-29 04:46 NPT,780a29c,hospital,"TU Teaching Hospital, KTM",त्रिवि शिक्षण अस्पताल,open,95 beds,2026-07-29 04:46 NPT
2026-07-29 04:46 NPT,780a29c,hospital,"Patan Hospital, Lalitpur",पाटन अस्पताल,open,60 beds,2026-07-29 04:46 NPT
2026-07-29 04:46 NPT,780a29c,hospital,"Manipal College Hospital, PKR",मणिपाल अस्पताल,open,45 beds,2026-07-29 04:46 NPT
2026-07-29 04:46 NPT,780a29c,hospital,"Gandaki Medical College, PKR",गण्डकी अस्पताल,open,38 beds,2026-07-29 04:46 NPT
2026-07-29 04:46 NPT,780a29c,hospital,"BPKIHS, Dharan",बीपी कोइराला स्वास्थ्य,open,150 beds,2026-07-29 04:46 NPT
2026-07-29 04:46 NPT,780a29c,hospital,"Koshi Hospital, Biratnagar",कोशी अस्पताल,open,80 beds,2026-07-29 04:46 NPT
2026-07-29 04:46 NPT,780a29c,hospital,"Bheri Hospital, Nepalgunj",भेरी अस्पताल,open,70 beds,2026-07-29 04:46 NPT
2026-07-29 04:46 NPT,780a29c,hospital,Chitwan Medical College,चितवन मेडिकल कलेज,open,100 beds,2026-07-29 04:46 NPT
2026-07-29 04:46 NPT,780a29c,hospital,Lumbini Provincial Hospital,लुम्बिनी प्रादेशिक,open,110 beds,2026-07-29 04:46 NPT
2026-07-29 03:24 NPT,aed793d,road,NH01 – Mahendra Rajmarg,महेन्द्र राजमार्ग,open,,2026-07-29 03:24 NPT
2026-07-29 03:24 NPT,aed793d,road,NH02 – Mechi Rajmarg,मेची राजमार्ग,open,,2026-07-29 03:24 NPT
2026-07-29 03:24 NPT,aed793d,road,NH03 – Puspalal Hwy (Mid-Hill),पुष्पलाल राजमार्ग,partial,"Landslide at Kanthekhola-5, Baglung",2026-07-29 03:24 NPT
2026-07-29 03:24 NPT,aed793d,road,NH04 – Birtamod-Chandragadhi,विर्तामोड–चन्द्रगढी,open,,2026-07-29 03:24 NPT
2026-07-29 03:24 NPT,aed793d,road,NH05 – Postal Hwy,हुलाकी राजमार्ग,open,,2026-07-29 03:24 NPT
2026-07-29 03:24 NPT,aed793d,road,NH06 – Koshi Rajmarg,कोशी राजमार्ग,closed,"Landslide at Bhotkhola-2, Sankhuwasabha",2026-07-29 03:24 NPT
2026-07-29 03:24 NPT,aed793d,road,NH08 – Sagarmatha Rajmarg,सगरमाथा राजमार्ग,closed,"Landslide at Bhotkhola-2, Sankhuwasabha",2026-07-29 03:24 NPT
2026-07-29 03:24 NPT,aed793d,road,NH09 – Madan Bhandari Hwy,मदन भण्डारी राजमार्ग,open,,2026-07-29 03:24 NPT
2026-07-29 03:24 NPT,aed793d,road,NH10 – Siddhartha Hwy,सिद्धार्थ राजमार्ग,open,,2026-07-29 03:24 NPT
2026-07-29 03:24 NPT,aed793d,road,NH11 – Rapti Rajmarg,राप्ती राजमार्ग,open,,2026-07-29 03:24 NPT
2026-07-29 03:24 NPT,aed793d,road,NH12 – Ratna Rajmarg,रत्न राजमार्ग,closed,"Landslide at Bhotkhola-2, Sankhuwasabha",2026-07-29 03:24 NPT
2026-07-29 03:24 NPT,aed793d,road,NH13 – Karnali Rajmarg,कर्णाली राजमार्ग,open,,2026-07-29 03:24 NPT
2026-07-29 03:24 NPT,aed793d,road,NH14 – Mahakali Rajmarg,महाकाली राजमार्ग,open,,2026-07-29 03:24 NPT
2026-07-29 03:24 NPT,aed793d,road,NH15 – Seti Rajmarg,सेती राजमार्ग,open,,2026-07-29 03:24 NPT
2026-07-29 03:24 NPT,aed793d,road,NH16 – Rapti-Lumbini Hwy,राप्ती-लुम्बिनी,open,,2026-07-29 03:24 NPT
2026-07-29 03:24 NPT,aed793d,road,NH34 – Araniko Hwy,अरनिको राजमार्ग,closed,"Landslide at Bhotekoshi-4, Sindhupalchok",2026-07-29 03:24 NPT
2026-07-29 03:24 NPT,aed793d,road,NH38 – BP Hwy,बीपी राजमार्ग,open,,2026-07-29 03:24 NPT
2026-07-29 03:24 NPT,aed793d,road,NH41 – Tribhuvan Hwy,त्रिभुवन राजमार्ग,partial,"Landslide at Bhimphedi-9, Makwanpur",2026-07-29 03:24 NPT
2026-07-29 03:24 NPT,aed793d,road,NH42 – Prithvi Hwy,पृथ्वी राजमार्ग,partial,"stone fall at Bandipur-4, Tanahu",2026-07-29 03:24 NPT
2026-07-29 03:24 NPT,aed793d,road,NH43 – Narayanghat-Mugling,नारायणगढ–मुग्लिन,open,,2026-07-29 03:24 NPT
2026-07-29 03:24 NPT,aed793d,airport,Tribhuvan Intl (KTM),त्रिभुवन अन्तर्राष्ट्रिय,open,Normal operations,2026-07-29 03:24 NPT
2026-07-29 03:24 NPT,aed793d,airport,Gautam Buddha Intl (BWA),गौतम बुद्ध विमानस्थल,open,,2026-07-29 03:24 NPT
2026-07-29 03:24 NPT,aed793d,airport,Pokhara Regional (PKR),पोखरा विमानस्थल,open,,2026-07-29 03:24 NPT
2026-07-29 03:24 NPT,aed793d,airport,Bharatpur (BHR),भरतपुर विमानस्थल,open,,2026-07-29 03:24 NPT
2026-07-29 03:24 NPT,aed793d,airport,Dhangadhi (DHI),धनगढी विमानस्थल,open,,2026-07-29 03:24 NPT
2026-07-29 03:24 NPT,aed793d,airport,Biratnagar (BIR),विराटनगर विमानस्थल,open,,2026-07-29 03:24 NPT
2026-07-29 03:24 NPT,aed793d,airport,Nepalgunj (KEP),नेपालगञ्ज विमानस्थल,open,,2026-07-29 03:24 NPT
2026-07-29 03:24 NPT,aed793d,airport,Chandragadhi (BDP),चन्द्रगढी विमानस्थल,open,,2026-07-29 03:24 NPT
2026-07-29 03:24 NPT,aed793d,airport,Janakpur (JKR),जनकपुर विमानस्थल,open,,2026-07-29 03:24 NPT
2026-07-29 03:24 NPT,aed793d,airport,Simara (SIF),सिमरा विमानस्थल,open,,2026-07-29 03:24 NPT
2026-07-29 03:24 NPT,aed793d,hospital,"Bir Hospital, Kathmandu",बीर अस्पताल,open,120 beds,2026-07-29 03:24 NPT
2026-07-29 03:24 NPT,aed793d,hospital,"TU Teaching Hospital, KTM",त्रिवि शिक्षण अस्पताल,open,95 beds,2026-07-29 03:24 NPT
2026-07-29 03:24 NPT,aed793d,hospital,"Patan Hospital, Lalitpur",पाटन अस्पताल,open,60 beds,2026-07-29 03:24 NPT
2026-07-29 03:24 NPT,aed793d,hospital,"Manipal College Hospital, PKR",मणिपाल अस्पताल,open,45 beds,2026-07-29 03:24 NPT
2026-07-29 03:24 NPT,aed793d,hospital,"Gandaki Medical College, PKR",गण्डकी अस्पताल,open,38 beds,2026-07-29 03:24 NPT
2026-07-29 03:24 NPT,aed793d,hospital,"BPKIHS, Dharan",बीपी कोइराला स्वास्थ्य,open,150 beds,2026-07-29 03:24 NPT
2026-07-29 03:24 NPT,aed793d,hospital,"Koshi Hospital, Biratnagar",कोशी अस्पताल,open,80 beds,2026-07-29 03:24 NPT
2026-07-29 03:24 NPT,aed793d,hospital,"Bheri Hospital, Nepalgunj",भेरी अस्पताल,open,70 beds,2026-07-29 03:24 NPT
2026-07-29 03:24 NPT,aed793d,hospital,Chitwan Medical College,चितवन मेडिकल कलेज,open,100 beds,2026-07-29 03:24 NPT
2026-07-29 03:24 NPT,aed793d,hospital,Lumbini Provincial Hospital,लुम्बिनी प्रादेशिक,open,110 beds,2026-07-29 03:24 NPT
2026-07-29 01:46 NPT,3d00db1,road,NH01 – Mahendra Rajmarg,महेन्द्र राजमार्ग,open,,2026-07-29 01:46 NPT
2026-07-29 01:46 NPT,3d00db1,road,NH02 – Mechi Rajmarg,मेची राजमार्ग,open,,2026-07-29 01:46 NPT
2026-07-29 01:46 NPT,3d00db1,road,NH03 – Puspalal Hwy (Mid-Hill),पुष्पलाल राजमार्ग,partial,"Landslide at Kanthekhola-5, Baglung",2026-07-29 01:46 NPT
2026-07-29 01:46 NPT,3d00db1,road,NH04 – Birtamod-Chandragadhi,विर्तामोड–चन्द्रगढी,open,,2026-07-29 01:46 NPT
2026-07-29 01:46 NPT,3d00db1,road,NH05 – Postal Hwy,हुलाकी राजमार्ग,open,,2026-07-29 01:46 NPT
2026-07-29 01:46 NPT,3d00db1,road,NH06 – Koshi Rajmarg,कोशी राजमार्ग,closed,"Landslide at Bhotkhola-2, Sankhuwasabha",2026-07-29 01:46 NPT
2026-07-29 01:46 NPT,3d00db1,road,NH08 – Sagarmatha Rajmarg,सगरमाथा राजमार्ग,closed,"Landslide at Bhotkhola-2, Sankhuwasabha",2026-07-29 01:46 NPT
2026-07-29 01:46 NPT,3d00db1,road,NH09 – Madan Bhandari Hwy,मदन भण्डारी राजमार्ग,open,,2026-07-29 01:46 NPT
2026-07-29 01:46 NPT,3d00db1,road,NH10 – Siddhartha Hwy,सिद्धार्थ राजमार्ग,open,,2026-07-29 01:46 NPT
2026-07-29 01:46 NPT,3d00db1,road,NH11 – Rapti Rajmarg,राप्ती राजमार्ग,open,,2026-07-29 01:46 NPT
2026-07-29 01:46 NPT,3d00db1,road,NH12 – Ratna Rajmarg,रत्न राजमार्ग,closed,"Landslide at Bhotkhola-2, Sankhuwasabha",2026-07-29 01:46 NPT
2026-07-29 01:46 NPT,3d00db1,road,NH13 – Karnali Rajmarg,कर्णाली राजमार्ग,open,,2026-07-29 01:46 NPT
2026-07-29 01:46 NPT,3d00db1,road,NH14 – Mahakali Rajmarg,महाकाली राजमार्ग,open,,2026-07-29 01:46 NPT
2026-07-29 01:46 NPT,3d00db1,road,NH15 – Seti Rajmarg,सेती राजमार्ग,open,,2026-07-29 01:46 NPT
2026-07-29 01:46 NPT,3d00db1,road,NH16 – Rapti-Lumbini Hwy,राप्ती-लुम्बिनी,open,,2026-07-29 01:46 NPT
2026-07-29 01:46 NPT,3d00db1,road,NH34 – Araniko Hwy,अरनिको राजमार्ग,closed,"Landslide at Bhotekoshi-4, Sindhupalchok",2026-07-29 01:46 NPT
2026-07-29 01:46 NPT,3d00db1,road,NH38 – BP Hwy,बीपी राजमार्ग,open,,2026-07-29 01:46 NPT
2026-07-29 01:46 NPT,3d00db1,road,NH41 – Tribhuvan Hwy,त्रिभुवन राजमार्ग,partial,"Landslide at Bhimphedi-9, Makwanpur",2026-07-29 01:46 NPT
2026-07-29 01:46 NPT,3d00db1,road,NH42 – Prithvi Hwy,पृथ्वी राजमार्ग,partial,"stone fall at Bandipur-4, Tanahu",2026-07-29 01:46 NPT
2026-07-29 01:46 NPT,3d00db1,road,NH43 – Narayanghat-Mugling,नारायणगढ–मुग्लिन,open,,2026-07-29 01:46 NPT
2026-07-29 01:46 NPT,3d00db1,airport,Tribhuvan Intl (KTM),त्रिभुवन अन्तर्राष्ट्रिय,open,Normal operations,2026-07-29 01:46 NPT
2026-07-29 01:46 NPT,3d00db1,airport,Gautam Buddha Intl (BWA),गौतम बुद्ध विमानस्थल,open,,2026-07-29 01:46 NPT
2026-07-29 01:46 NPT,3d00db1,airport,Pokhara Regional (PKR),पोखरा विमानस्थल,open,,2026-07-29 01:46 NPT
2026-07-29 01:46 NPT,3d00db1,airport,Bharatpur (BHR),भरतपुर विमानस्थल,open,,2026-07-29 01:46 NPT
2026-07-29 01:46 NPT,3d00db1,airport,Dhangadhi (DHI),धनगढी विमानस्थल,open,,2026-07-29 01:46 NPT
2026-07-29 01:46 NPT,3d00db1,airport,Biratnagar (BIR),विराटनगर विमानस्थल,open,,2026-07-29 01:46 NPT
2026-07-29 01:46 NPT,3d00db1,airport,Nepalgunj (KEP),नेपालगञ्ज विमानस्थल,open,,2026-07-29 01:46 NPT
2026-07-29 01:46 NPT,3d00db1,airport,Chandragadhi (BDP),चन्द्रगढी विमानस्थल,open,,2026-07-29 01:46 NPT
2026-07-29 01:46 NPT,3d00db1,airport,Janakpur (JKR),जनकपुर विमानस्थल,open,,2026-07-29 01:46 NPT
2026-07-29 01:46 NPT,3d00db1,airport,Simara (SIF),सिमरा विमानस्थल,open,,2026-07-29 01:46 NPT
2026-07-29 01:46 NPT,3d00db1,hospital,"Bir Hospital, Kathmandu",बीर अस्पताल,open,120 beds,2026-07-29 01:46 NPT
2026-07-29 01:46 NPT,3d00db1,hospital,"TU Teaching Hospital, KTM",त्रिवि शिक्षण अस्पताल,open,95 beds,2026-07-29 01:46 NPT
2026-07-29 01:46 NPT,3d00db1,hospital,"Patan Hospital, Lalitpur",पाटन अस्पताल,open,60 beds,2026-07-29 01:46 NPT
2026-07-29 01:46 NPT,3d00db1,hospital,"Manipal College Hospital, PKR",मणिपाल अस्पताल,open,45 beds,2026-07-29 01:46 NPT
2026-07-29 01:46 NPT,3d00db1,hospital,"Gandaki Medical College, PKR",गण्डकी अस्पताल,open,38 beds,2026-07-29 01:46 NPT
2026-07-29 01:46 NPT,3d00db1,hospital,"BPKIHS, Dharan",बीपी कोइराला स्वास्थ्य,open,150 beds,2026-07-29 01:46 NPT
2026-07-29 01:46 NPT,3d00db1,hospital,"Koshi Hospital, Biratnagar",कोशी अस्पताल,open,80 beds,2026-07-29 01:46 NPT
2026-07-29 01:46 NPT,3d00db1,hospital,"Bheri Hospital, Nepalgunj",भेरी अस्पताल,open,70 beds,2026-07-29 01:46 NPT
2026-07-29 01:46 NPT,3d00db1,hospital,Chitwan Medical College,चितवन मेडिकल कलेज,open,100 beds,2026-07-29 01:46 NPT
2026-07-29 01:46 NPT,3d00db1,hospital,Lumbini Provincial Hospital,लुम्बिनी प्रादेशिक,open,110 beds,2026-07-29 01:46 NPT
2026-07-29 00:01 NPT,1e6a33f,road,NH01 – Mahendra Rajmarg,महेन्द्र राजमार्ग,open,,2026-07-29 00:01 NPT
2026-07-29 00:01 NPT,1e6a33f,road,NH02 – Mechi Rajmarg,मेची राजमार्ग,open,,2026-07-29 00:01 NPT
2026-07-29 00:01 NPT,1e6a33f,road,NH03 – Puspalal Hwy (Mid-Hill),पुष्पलाल राजमार्ग,partial,"Landslide at Kanthekhola-5, Baglung",2026-07-29 00:01 NPT
2026-07-29 00:01 NPT,1e6a33f,road,NH04 – Birtamod-Chandragadhi,विर्तामोड–चन्द्रगढी,open,,2026-07-29 00:01 NPT
2026-07-29 00:01 NPT,1e6a33f,road,NH05 – Postal Hwy,हुलाकी राजमार्ग,open,,2026-07-29 00:01 NPT
2026-07-29 00:01 NPT,1e6a33f,road,NH06 – Koshi Rajmarg,कोशी राजमार्ग,closed,"Landslide at Bhotkhola-2, Sankhuwasabha",2026-07-29 00:01 NPT
2026-07-29 00:01 NPT,1e6a33f,road,NH08 – Sagarmatha Rajmarg,सगरमाथा राजमार्ग,closed,"Landslide at Bhotkhola-2, Sankhuwasabha",2026-07-29 00:01 NPT
2026-07-29 00:01 NPT,1e6a33f,road,NH09 – Madan Bhandari Hwy,मदन भण्डारी राजमार्ग,open,,2026-07-29 00:01 NPT
2026-07-29 00:01 NPT,1e6a33f,road,NH10 – Siddhartha Hwy,सिद्धार्थ राजमार्ग,open,,2026-07-29 00:01 NPT
2026-07-29 00:01 NPT,1e6a33f,road,NH11 – Rapti Rajmarg,राप्ती राजमार्ग,open,,2026-07-29 00:01 NPT
2026-07-29 00:01 NPT,1e6a33f,road,NH12 – Ratna Rajmarg,रत्न राजमार्ग,closed,"Landslide at Bhotkhola-2, Sankhuwasabha",2026-07-29 00:01 NPT
2026-07-29 00:01 NPT,1e6a33f,road,NH13 – Karnali Rajmarg,कर्णाली राजमार्ग,open,,2026-07-29 00:01 NPT
2026-07-29 00:01 NPT,1e6a33f,road,NH14 – Mahakali Rajmarg,महाकाली राजमार्ग,open,,2026-07-29 00:01 NPT
2026-07-29 00:01 NPT,1e6a33f,road,NH15 – Seti Rajmarg,सेती राजमार्ग,open,,2026-07-29 00:01 NPT
2026-07-29 00:01 NPT,1e6a33f,road,NH16 – Rapti-Lumbini Hwy,राप्ती-लुम्बिनी,open,,2026-07-29 00:01 NPT
2026-07-29 00:01 NPT,1e6a33f,road,NH34 – Araniko Hwy,अरनिको राजमार्ग,closed,"Landslide at Bhotekoshi-4, Sindhupalchok",2026-07-29 00:01 NPT
2026-07-29 00:01 NPT,1e6a33f,road,NH38 – BP Hwy,बीपी राजमार्ग,open,,2026-07-29 00:01 NPT
2026-07-29 00:01 NPT,1e6a33f,road,NH41 – Tribhuvan Hwy,त्रिभुवन राजमार्ग,partial,"Landslide at Bhimphedi-9, Makwanpur",2026-07-29 00:01 NPT
2026-07-29 00:01 NPT,1e6a33f,road,NH42 – Prithvi Hwy,पृथ्वी राजमार्ग,partial,"stone fall at Bandipur-4, Tanahu",2026-07-29 00:01 NPT
2026-07-29 00:01 NPT,1e6a33f,road,NH43 – Narayanghat-Mugling,नारायणगढ–मुग्लिन,open,,2026-07-29 00:01 NPT
2026-07-29 00:01 NPT,1e6a33f,airport,Tribhuvan Intl (KTM),त्रिभुवन अन्तर्राष्ट्रिय,open,Normal operations,2026-07-29 00:01 NPT
2026-07-29 00:01 NPT,1e6a33f,airport,Gautam Buddha Intl (BWA),गौतम बुद्ध विमानस्थल,open,,2026-07-29 00:01 NPT
2026-07-29 00:01 NPT,1e6a33f,airport,Pokhara Regional (PKR),पोखरा विमानस्थल,open,,2026-07-29 00:01 NPT
2026-07-29 00:01 NPT,1e6a33f,airport,Bharatpur (BHR),भरतपुर विमानस्थल,open,,2026-07-29 00:01 NPT
2026-07-29 00:01 NPT,1e6a33f,airport,Dhangadhi (DHI),धनगढी विमानस्थल,open,,2026-07-29 00:01 NPT
2026-07-29 00:01 NPT,1e6a33f,airport,Biratnagar (BIR),विराटनगर विमानस्थल,open,,2026-07-29 00:01 NPT
2026-07-29 00:01 NPT,1e6a33f,airport,Nepalgunj (KEP),नेपालगञ्ज विमानस्थल,open,,2026-07-29 00:01 NPT
2026-07-29 00:01 NPT,1e6a33f,airport,Chandragadhi (BDP),चन्द्रगढी विमानस्थल,open,,2026-07-29 00:01 NPT
2026-07-29 00:01 NPT,1e6a33f,airport,Janakpur (JKR),जनकपुर विमानस्थल,open,,2026-07-29 00:01 NPT
2026-07-29 00:01 NPT,1e6a33f,airport,Simara (SIF),सिमरा विमानस्थल,open,,2026-07-29 00:01 NPT
2026-07-29 00:01 NPT,1e6a33f,hospital,"Bir Hospital, Kathmandu",बीर अस्पताल,open,120 beds,2026-07-29 00:01 NPT
2026-07-29 00:01 NPT,1e6a33f,hospital,"TU Teaching Hospital, KTM",त्रिवि शिक्षण अस्पताल,open,95 beds,2026-07-29 00:01 NPT
2026-07-29 00:01 NPT,1e6a33f,hospital,"Patan Hospital, Lalitpur",पाटन अस्पताल,open,60 beds,2026-07-29 00:01 NPT
2026-07-29 00:01 NPT,1e6a33f,hospital,"Manipal College Hospital, PKR",मणिपाल अस्पताल,open,45 beds,2026-07-29 00:01 NPT
2026-07-29 00:01 NPT,1e6a33f,hospital,"Gandaki Medical College, PKR",गण्डकी अस्पताल,open,38 beds,2026-07-29 00:01 NPT
2026-07-29 00:01 NPT,1e6a33f,hospital,"BPKIHS, Dharan",बीपी कोइराला स्वास्थ्य,open,150 beds,2026-07-29 00:01 NPT
2026-07-29 00:01 NPT,1e6a33f,hospital,"Koshi Hospital, Biratnagar",कोशी अस्पताल,open,80 beds,2026-07-29 00:01 NPT
2026-07-29 00:01 NPT,1e6a33f,hospital,"Bheri Hospital, Nepalgunj",भेरी अस्पताल,open,70 beds,2026-07-29 00:01 NPT
2026-07-29 00:01 NPT,1e6a33f,hospital,Chitwan Medical College,चितवन मेडिकल कलेज,open,100 beds,2026-07-29 00:01 NPT
2026-07-29 00:01 NPT,1e6a33f,hospital,Lumbini Provincial Hospital,लुम्बिनी प्रादेशिक,open,110 beds,2026-07-29 00:01 NPT
2026-07-28 22:32 NPT,3680110,road,NH01 – Mahendra Rajmarg,महेन्द्र राजमार्ग,open,,2026-07-28 22:32 NPT
2026-07-28 22:32 NPT,3680110,road,NH02 – Mechi Rajmarg,मेची राजमार्ग,open,,2026-07-28 22:32 NPT
2026-07-28 22:32 NPT,3680110,road,NH03 – Puspalal Hwy (Mid-Hill),पुष्पलाल राजमार्ग,partial,"Landslide at Kanthekhola-5, Baglung",2026-07-28 22:32 NPT
2026-07-28 22:32 NPT,3680110,road,NH04 – Birtamod-Chandragadhi,विर्तामोड–चन्द्रगढी,open,,2026-07-28 22:32 NPT
2026-07-28 22:32 NPT,3680110,road,NH05 – Postal Hwy,हुलाकी राजमार्ग,open,,2026-07-28 22:32 NPT
2026-07-28 22:32 NPT,3680110,road,NH06 – Koshi Rajmarg,कोशी राजमार्ग,closed,"Landslide at Bhotkhola-2, Sankhuwasabha",2026-07-28 22:32 NPT
2026-07-28 22:32 NPT,3680110,road,NH08 – Sagarmatha Rajmarg,सगरमाथा राजमार्ग,closed,"Landslide at Bhotkhola-2, Sankhuwasabha",2026-07-28 22:32 NPT
2026-07-28 22:32 NPT,3680110,road,NH09 – Madan Bhandari Hwy,मदन भण्डारी राजमार्ग,open,,2026-07-28 22:32 NPT
2026-07-28 22:32 NPT,3680110,road,NH10 – Siddhartha Hwy,सिद्धार्थ राजमार्ग,open,,2026-07-28 22:32 NPT
2026-07-28 22:32 NPT,3680110,road,NH11 – Rapti Rajmarg,राप्ती राजमार्ग,open,,2026-07-28 22:32 NPT
2026-07-28 22:32 NPT,3680110,road,NH12 – Ratna Rajmarg,रत्न राजमार्ग,closed,"Landslide at Bhotkhola-2, Sankhuwasabha",2026-07-28 22:32 NPT
2026-07-28 22:32 NPT,3680110,road,NH13 – Karnali Rajmarg,कर्णाली राजमार्ग,open,,2026-07-28 22:32 NPT
2026-07-28 22:32 NPT,3680110,road,NH14 – Mahakali Rajmarg,महाकाली राजमार्ग,open,,2026-07-28 22:32 NPT
2026-07-28 22:32 NPT,3680110,road,NH15 – Seti Rajmarg,सेती राजमार्ग,open,,2026-07-28 22:32 NPT
2026-07-28 22:32 NPT,3680110,road,NH16 – Rapti-Lumbini Hwy,राप्ती-लुम्बिनी,open,,2026-07-28 22:32 NPT
2026-07-28 22:32 NPT,3680110,road,NH34 – Araniko Hwy,अरनिको राजमार्ग,closed,"Landslide at Bhotekoshi-4, Sindhupalchok",2026-07-28 22:32 NPT
2026-07-28 22:32 NPT,3680110,road,NH38 – BP Hwy,बीपी राजमार्ग,open,,2026-07-28 22:32 NPT
2026-07-28 22:32 NPT,3680110,road,NH41 – Tribhuvan Hwy,त्रिभुवन राजमार्ग,partial,"Landslide at Bhimphedi-9, Makwanpur",2026-07-28 22:32 NPT
2026-07-28 22:32 NPT,3680110,road,NH42 – Prithvi Hwy,पृथ्वी राजमार्ग,partial,"stone fall at Bandipur-4, Tanahu",2026-07-28 22:32 NPT
2026-07-28 22:32 NPT,3680110,road,NH43 – Narayanghat-Mugling,नारायणगढ–मुग्लिन,open,,2026-07-28 22:32 NPT
2026-07-28 22:32 NPT,3680110,airport,Tribhuvan Intl (KTM),त्रिभुवन अन्तर्राष्ट्रिय,open,Normal operations,2026-07-28 22:32 NPT
2026-07-28 22:32 NPT,3680110,airport,Gautam Buddha Intl (BWA),गौतम बुद्ध विमानस्थल,open,,2026-07-28 22:32 NPT
2026-07-28 22:32 NPT,3680110,airport,Pokhara Regional (PKR),पोखरा विमानस्थल,open,,2026-07-28 22:32 NPT
2026-07-28 22:32 NPT,3680110,airport,Bharatpur (BHR),भरतपुर विमानस्थल,open,,2026-07-28 22:32 NPT
2026-07-28 22:32 NPT,3680110,airport,Dhangadhi (DHI),धनगढी विमानस्थल,open,,2026-07-28 22:32 NPT
2026-07-28 22:32 NPT,3680110,airport,Biratnagar (BIR),विराटनगर विमानस्थल,open,,2026-07-28 22:32 NPT
2026-07-28 22:32 NPT,3680110,airport,Nepalgunj (KEP),नेपालगञ्ज विमानस्थल,open,,2026-07-28 22:32 NPT
2026-07-28 22:32 NPT,3680110,airport,Chandragadhi (BDP),चन्द्रगढी विमानस्थल,open,,2026-07-28 22:32 NPT
2026-07-28 22:32 NPT,3680110,airport,Janakpur (JKR),जनकपुर विमानस्थल,open,,2026-07-28 22:32 NPT
2026-07-28 22:32 NPT,3680110,airport,Simara (SIF),सिमरा विमानस्थल,open,,2026-07-28 22:32 NPT
2026-07-28 22:32 NPT,3680110,hospital,"Bir Hospital, Kathmandu",बीर अस्पताल,open,120 beds,2026-07-28 22:32 NPT
2026-07-28 22:32 NPT,3680110,hospital,"TU Teaching Hospital, KTM",त्रिवि शिक्षण अस्पताल,open,95 beds,2026-07-28 22:32 NPT
2026-07-28 22:32 NPT,3680110,hospital,"Patan Hospital, Lalitpur",पाटन अस्पताल,open,60 beds,2026-07-28 22:32 NPT
2026-07-28 22:32 NPT,3680110,hospital,"Manipal College Hospital, PKR",मणिपाल अस्पताल,open,45 beds,2026-07-28 22:32 NPT
2026-07-28 22:32 NPT,3680110,hospital,"Gandaki Medical College, PKR",गण्डकी अस्पताल,open,38 beds,2026-07-28 22:32 NPT
2026-07-28 22:32 NPT,3680110,hospital,"BPKIHS, Dharan",बीपी कोइराला स्वास्थ्य,open,150 beds,2026-07-28 22:32 NPT
2026-07-28 22:32 NPT,3680110,hospital,"Koshi Hospital, Biratnagar",कोशी अस्पताल,open,80 beds,2026-07-28 22:32 NPT
2026-07-28 22:32 NPT,3680110,hospital,"Bheri Hospital, Nepalgunj",भेरी अस्पताल,open,70 beds,2026-07-28 22:32 NPT
2026-07-28 22:32 NPT,3680110,hospital,Chitwan Medical College,चितवन मेडिकल कलेज,open,100 beds,2026-07-28 22:32 NPT
2026-07-28 22:32 NPT,3680110,hospital,Lumbini Provincial Hospital,लुम्बिनी प्रादेशिक,open,110 beds,2026-07-28 22:32 NPT
2026-07-28 20:44 NPT,1a3524a,road,NH01 – Mahendra Rajmarg,महेन्द्र राजमार्ग,open,,2026-07-28 20:44 NPT
2026-07-28 20:44 NPT,1a3524a,road,NH02 – Mechi Rajmarg,मेची राजमार्ग,open,,2026-07-28 20:44 NPT
2026-07-28 20:44 NPT,1a3524a,road,NH03 – Puspalal Hwy (Mid-Hill),पुष्पलाल राजमार्ग,partial,"Landslide at Kanthekhola-5, Baglung",2026-07-28 20:44 NPT
2026-07-28 20:44 NPT,1a3524a,road,NH04 – Birtamod-Chandragadhi,विर्तामोड–चन्द्रगढी,open,,2026-07-28 20:44 NPT
2026-07-28 20:44 NPT,1a3524a,road,NH05 – Postal Hwy,हुलाकी राजमार्ग,open,,2026-07-28 20:44 NPT
2026-07-28 20:44 NPT,1a3524a,road,NH06 – Koshi Rajmarg,कोशी राजमार्ग,closed,"Landslide at Bhotkhola-2, Sankhuwasabha",2026-07-28 20:44 NPT
2026-07-28 20:44 NPT,1a3524a,road,NH08 – Sagarmatha Rajmarg,सगरमाथा राजमार्ग,closed,"Landslide at Bhotkhola-2, Sankhuwasabha",2026-07-28 20:44 NPT
2026-07-28 20:44 NPT,1a3524a,road,NH09 – Madan Bhandari Hwy,मदन भण्डारी राजमार्ग,open,,2026-07-28 20:44 NPT
2026-07-28 20:44 NPT,1a3524a,road,NH10 – Siddhartha Hwy,सिद्धार्थ राजमार्ग,open,,2026-07-28 20:44 NPT
2026-07-28 20:44 NPT,1a3524a,road,NH11 – Rapti Rajmarg,राप्ती राजमार्ग,open,,2026-07-28 20:44 NPT
2026-07-28 20:44 NPT,1a3524a,road,NH12 – Ratna Rajmarg,रत्न राजमार्ग,closed,"Landslide at Bhotkhola-2, Sankhuwasabha",2026-07-28 20:44 NPT
2026-07-28 20:44 NPT,1a3524a,road,NH13 – Karnali Rajmarg,कर्णाली राजमार्ग,open,,2026-07-28 20:44 NPT
2026-07-28 20:44 NPT,1a3524a,road,NH14 – Mahakali Rajmarg,महाकाली राजमार्ग,open,,2026-07-28 20:44 NPT
2026-07-28 20:44 NPT,1a3524a,road,NH15 – Seti Rajmarg,सेती राजमार्ग,open,,2026-07-28 20:44 NPT
2026-07-28 20:44 NPT,1a3524a,road,NH16 – Rapti-Lumbini Hwy,राप्ती-लुम्बिनी,open,,2026-07-28 20:44 NPT
2026-07-28 20:44 NPT,1a3524a,road,NH34 – Araniko Hwy,अरनिको राजमार्ग,closed,"Landslide at Bhotekoshi-4, Sindhupalchok",2026-07-28 20:44 NPT
2026-07-28 20:44 NPT,1a3524a,road,NH38 – BP Hwy,बीपी राजमार्ग,open,,2026-07-28 20:44 NPT
2026-07-28 20:44 NPT,1a3524a,road,NH41 – Tribhuvan Hwy,त्रिभुवन राजमार्ग,partial,"Landslide at Bhimphedi-9, Makwanpur",2026-07-28 20:44 NPT
2026-07-28 20:44 NPT,1a3524a,road,NH42 – Prithvi Hwy,पृथ्वी राजमार्ग,partial,"stone fall at Bandipur-4, Tanahu",2026-07-28 20:44 NPT
2026-07-28 20:44 NPT,1a3524a,road,NH43 – Narayanghat-Mugling,नारायणगढ–मुग्लिन,open,,2026-07-28 20:44 NPT
2026-07-28 20:44 NPT,1a3524a,airport,Tribhuvan Intl (KTM),त्रिभुवन अन्तर्राष्ट्रिय,open,Normal operations,2026-07-28 20:44 NPT
2026-07-28 20:44 NPT,1a3524a,airport,Gautam Buddha Intl (BWA),गौतम बुद्ध विमानस्थल,open,,2026-07-28 20:44 NPT
2026-07-28 20:44 NPT,1a3524a,airport,Pokhara Regional (PKR),पोखरा विमानस्थल,open,,2026-07-28 20:44 NPT
2026-07-28 20:44 NPT,1a3524a,airport,Bharatpur (BHR),भरतपुर विमानस्थल,open,,2026-07-28 20:44 NPT
2026-07-28 20:44 NPT,1a3524a,airport,Dhangadhi (DHI),धनगढी विमानस्थल,open,,2026-07-28 20:44 NPT
2026-07-28 20:44 NPT,1a3524a,airport,Biratnagar (BIR),विराटनगर विमानस्थल,open,,2026-07-28 20:44 NPT
2026-07-28 20:44 NPT,1a3524a,airport,Nepalgunj (KEP),नेपालगञ्ज विमानस्थल,open,,2026-07-28 20:44 NPT
2026-07-28 20:44 NPT,1a3524a,airport,Chandragadhi (BDP),चन्द्रगढी विमानस्थल,open,,2026-07-28 20:44 NPT
2026-07-28 20:44 NPT,1a3524a,airport,Janakpur (JKR),जनकपुर विमानस्थल,open,,2026-07-28 20:44 NPT
2026-07-28 20:44 NPT,1a3524a,airport,Simara (SIF),सिमरा विमानस्थल,open,,2026-07-28 20:44 NPT
2026-07-28 20:44 NPT,1a3524a,hospital,"Bir Hospital, Kathmandu",बीर अस्पताल,open,120 beds,2026-07-28 20:44 NPT
2026-07-28 20:44 NPT,1a3524a,hospital,"TU Teaching Hospital, KTM",त्रिवि शिक्षण अस्पताल,open,95 beds,2026-07-28 20:44 NPT
2026-07-28 20:44 NPT,1a3524a,hospital,"Patan Hospital, Lalitpur",पाटन अस्पताल,open,60 beds,2026-07-28 20:44 NPT
2026-07-28 20:44 NPT,1a3524a,hospital,"Manipal College Hospital, PKR",मणिपाल अस्पताल,open,45 beds,2026-07-28 20:44 NPT
2026-07-28 20:44 NPT,1a3524a,hospital,"Gandaki Medical College, PKR",गण्डकी अस्पताल,open,38 beds,2026-07-28 20:44 NPT
2026-07-28 20:44 NPT,1a3524a,hospital,"BPKIHS, Dharan",बीपी कोइराला स्वास्थ्य,open,150 beds,2026-07-28 20:44 NPT
2026-07-28 20:44 NPT,1a3524a,hospital,"Koshi Hospital, Biratnagar",कोशी अस्पताल,open,80 beds,2026-07-28 20:44 NPT
2026-07-28 20:44 NPT,1a3524a,hospital,"Bheri Hospital, Nepalgunj",भेरी अस्पताल,open,70 beds,2026-07-28 20:44 NPT
2026-07-28 20:44 NPT,1a3524a,hospital,Chitwan Medical College,चितवन मेडिकल कलेज,open,100 beds,2026-07-28 20:44 NPT
2026-07-28 20:44 NPT,1a3524a,hospital,Lumbini Provincial Hospital,लुम्बिनी प्रादेशिक,open,110 beds,2026-07-28 20:44 NPT
2026-07-28 18:06 NPT,3271ddc,road,NH01 – Mahendra Rajmarg,महेन्द्र राजमार्ग,open,,2026-07-28 18:06 NPT
2026-07-28 18:06 NPT,3271ddc,road,NH02 – Mechi Rajmarg,मेची राजमार्ग,open,,2026-07-28 18:06 NPT
2026-07-28 18:06 NPT,3271ddc,road,NH03 – Puspalal Hwy (Mid-Hill),पुष्पलाल राजमार्ग,open,,2026-07-28 18:06 NPT
2026-07-28 18:06 NPT,3271ddc,road,NH04 – Birtamod-Chandragadhi,विर्तामोड–चन्द्रगढी,open,,2026-07-28 18:06 NPT
2026-07-28 18:06 NPT,3271ddc,road,NH05 – Postal Hwy,हुलाकी राजमार्ग,open,,2026-07-28 18:06 NPT
2026-07-28 18:06 NPT,3271ddc,road,NH06 – Koshi Rajmarg,कोशी राजमार्ग,closed,"Landslide at Bhotkhola-2, Sankhuwasabha",2026-07-28 18:06 NPT
2026-07-28 18:06 NPT,3271ddc,road,NH08 – Sagarmatha Rajmarg,सगरमाथा राजमार्ग,closed,"Landslide at Bhotkhola-2, Sankhuwasabha",2026-07-28 18:06 NPT
2026-07-28 18:06 NPT,3271ddc,road,NH09 – Madan Bhandari Hwy,मदन भण्डारी राजमार्ग,open,,2026-07-28 18:06 NPT
2026-07-28 18:06 NPT,3271ddc,road,NH10 – Siddhartha Hwy,सिद्धार्थ राजमार्ग,open,,2026-07-28 18:06 NPT
2026-07-28 18:06 NPT,3271ddc,road,NH11 – Rapti Rajmarg,राप्ती राजमार्ग,open,,2026-07-28 18:06 NPT
2026-07-28 18:06 NPT,3271ddc,road,NH12 – Ratna Rajmarg,रत्न राजमार्ग,closed,"Landslide at Bhotkhola-2, Sankhuwasabha",2026-07-28 18:06 NPT
2026-07-28 18:06 NPT,3271ddc,road,NH13 – Karnali Rajmarg,कर्णाली राजमार्ग,open,,2026-07-28 18:06 NPT
2026-07-28 18:06 NPT,3271ddc,road,NH14 – Mahakali Rajmarg,महाकाली राजमार्ग,open,,2026-07-28 18:06 NPT
2026-07-28 18:06 NPT,3271ddc,road,NH15 – Seti Rajmarg,सेती राजमार्ग,open,,2026-07-28 18:06 NPT
2026-07-28 18:06 NPT,3271ddc,road,NH16 – Rapti-Lumbini Hwy,राप्ती-लुम्बिनी,open,,2026-07-28 18:06 NPT
2026-07-28 18:06 NPT,3271ddc,road,NH34 – Araniko Hwy,अरनिको राजमार्ग,closed,"Landslide at Bhotekoshi-4, Sindhupalchok",2026-07-28 18:06 NPT
2026-07-28 18:06 NPT,3271ddc,road,NH38 – BP Hwy,बीपी राजमार्ग,open,,2026-07-28 18:06 NPT
2026-07-28 18:06 NPT,3271ddc,road,NH41 – Tribhuvan Hwy,त्रिभुवन राजमार्ग,partial,"Landslide at Bhimphedi-9, Makwanpur",2026-07-28 18:06 NPT
2026-07-28 18:06 NPT,3271ddc,road,NH42 – Prithvi Hwy,पृथ्वी राजमार्ग,partial,"stone fall at Bandipur-4, Tanahu",2026-07-28 18:06 NPT
2026-07-28 18:06 NPT,3271ddc,road,NH43 – Narayanghat-Mugling,नारायणगढ–मुग्लिन,open,,2026-07-28 18:06 NPT
2026-07-28 18:06 NPT,3271ddc,airport,Tribhuvan Intl (KTM),त्रिभुवन अन्तर्राष्ट्रिय,open,Normal operations,2026-07-28 18:06 NPT
2026-07-28 18:06 NPT,3271ddc,airport,Gautam Buddha Intl (BWA),गौतम बुद्ध विमानस्थल,open,,2026-07-28 18:06 NPT
2026-07-28 18:06 NPT,3271ddc,airport,Pokhara Regional (PKR),पोखरा विमानस्थल,open,,2026-07-28 18:06 NPT
2026-07-28 18:06 NPT,3271ddc,airport,Bharatpur (BHR),भरतपुर विमानस्थल,open,,2026-07-28 18:06 NPT
2026-07-28 18:06 NPT,3271ddc,airport,Dhangadhi (DHI),धनगढी विमानस्थल,open,,2026-07-28 18:06 NPT
2026-07-28 18:06 NPT,3271ddc,airport,Biratnagar (BIR),विराटनगर विमानस्थल,open,,2026-07-28 18:06 NPT
2026-07-28 18:06 NPT,3271ddc,airport,Nepalgunj (KEP),नेपालगञ्ज विमानस्थल,open,,2026-07-28 18:06 NPT
2026-07-28 18:06 NPT,3271ddc,airport,Chandragadhi (BDP),चन्द्रगढी विमानस्थल,open,,2026-07-28 18:06 NPT
2026-07-28 18:06 NPT,3271ddc,airport,Janakpur (JKR),जनकपुर विमानस्थल,open,,2026-07-28 18:06 NPT
2026-07-28 18:06 NPT,3271ddc,airport,Simara (SIF),सिमरा विमानस्थल,open,,2026-07-28 18:06 NPT
2026-07-28 18:06 NPT,3271ddc,hospital,"Bir Hospital, Kathmandu",बीर अस्पताल,open,120 beds,2026-07-28 18:06 NPT
2026-07-28 18:06 NPT,3271ddc,hospital,"TU Teaching Hospital, KTM",त्रिवि शिक्षण अस्पताल,open,95 beds,2026-07-28 18:06 NPT
2026-07-28 18:06 NPT,3271ddc,hospital,"Patan Hospital, Lalitpur",पाटन अस्पताल,open,60 beds,2026-07-28 18:06 NPT
2026-07-28 18:06 NPT,3271ddc,hospital,"Manipal College Hospital, PKR",मणिपाल अस्पताल,open,45 beds,2026-07-28 18:06 NPT
2026-07-28 18:06 NPT,3271ddc,hospital,"Gandaki Medical College, PKR",गण्डकी अस्पताल,open,38 beds,2026-07-28 18:06 NPT
2026-07-28 18:06 NPT,3271ddc,hospital,"BPKIHS, Dharan",बीपी कोइराला स्वास्थ्य,open,150 beds,2026-07-28 18:06 NPT
2026-07-28 18:06 NPT,3271ddc,hospital,"Koshi Hospital, Biratnagar",कोशी अस्पताल,open,80 beds,2026-07-28 18:06 NPT
2026-07-28 18:06 NPT,3271ddc,hospital,"Bheri Hospital, Nepalgunj",भेरी अस्पताल,open,70 beds,2026-07-28 18:06 NPT
2026-07-28 18:06 NPT,3271ddc,hospital,Chitwan Medical College,चितवन मेडिकल कलेज,open,100 beds,2026-07-28 18:06 NPT
2026-07-28 18:06 NPT,3271ddc,hospital,Lumbini Provincial Hospital,लुम्बिनी प्रादेशिक,open,110 beds,2026-07-28 18:06 NPT
2026-07-28 15:53 NPT,36aad2c,road,NH01 – Mahendra Rajmarg,महेन्द्र राजमार्ग,open,,2026-07-28 15:53 NPT
2026-07-28 15:53 NPT,36aad2c,road,NH02 – Mechi Rajmarg,मेची राजमार्ग,open,,2026-07-28 15:53 NPT
2026-07-28 15:53 NPT,36aad2c,road,NH03 – Puspalal Hwy (Mid-Hill),पुष्पलाल राजमार्ग,partial,"Landslide at Kanthekhola-5, Baglung",2026-07-28 15:53 NPT
2026-07-28 15:53 NPT,36aad2c,road,NH04 – Birtamod-Chandragadhi,विर्तामोड–चन्द्रगढी,open,,2026-07-28 15:53 NPT
2026-07-28 15:53 NPT,36aad2c,road,NH05 – Postal Hwy,हुलाकी राजमार्ग,open,,2026-07-28 15:53 NPT
2026-07-28 15:53 NPT,36aad2c,road,NH06 – Koshi Rajmarg,कोशी राजमार्ग,closed,"Landslide at Bhotkhola-2, Sankhuwasabha",2026-07-28 15:53 NPT
2026-07-28 15:53 NPT,36aad2c,road,NH08 – Sagarmatha Rajmarg,सगरमाथा राजमार्ग,closed,"Landslide at Bhotkhola-2, Sankhuwasabha",2026-07-28 15:53 NPT
2026-07-28 15:53 NPT,36aad2c,road,NH09 – Madan Bhandari Hwy,मदन भण्डारी राजमार्ग,open,,2026-07-28 15:53 NPT
2026-07-28 15:53 NPT,36aad2c,road,NH10 – Siddhartha Hwy,सिद्धार्थ राजमार्ग,open,,2026-07-28 15:53 NPT
2026-07-28 15:53 NPT,36aad2c,road,NH11 – Rapti Rajmarg,राप्ती राजमार्ग,open,,2026-07-28 15:53 NPT
2026-07-28 15:53 NPT,36aad2c,road,NH12 – Ratna Rajmarg,रत्न राजमार्ग,closed,"Landslide at Bhotkhola-2, Sankhuwasabha",2026-07-28 15:53 NPT
2026-07-28 15:53 NPT,36aad2c,road,NH13 – Karnali Rajmarg,कर्णाली राजमार्ग,open,,2026-07-28 15:53 NPT
2026-07-28 15:53 NPT,36aad2c,road,NH14 – Mahakali Rajmarg,महाकाली राजमार्ग,open,,2026-07-28 15:53 NPT
2026-07-28 15:53 NPT,36aad2c,road,NH15 – Seti Rajmarg,सेती राजमार्ग,open,,2026-07-28 15:53 NPT
2026-07-28 15:53 NPT,36aad2c,road,NH16 – Rapti-Lumbini Hwy,राप्ती-लुम्बिनी,open,,2026-07-28 15:53 NPT
2026-07-28 15:53 NPT,36aad2c,road,NH34 – Araniko Hwy,अरनिको राजमार्ग,closed,"Landslide at Bhotekoshi-2, Sindhupalchok",2026-07-28 15:53 NPT
2026-07-28 15:53 NPT,36aad2c,road,NH38 – BP Hwy,बीपी राजमार्ग,open,,2026-07-28 15:53 NPT
2026-07-28 15:53 NPT,36aad2c,road,NH41 – Tribhuvan Hwy,त्रिभुवन राजमार्ग,partial,"Landslide at Bhimphedi-9, Makwanpur",2026-07-28 15:53 NPT
2026-07-28 15:53 NPT,36aad2c,road,NH42 – Prithvi Hwy,पृथ्वी राजमार्ग,partial,"stone fall at Bandipur-4, Tanahu",2026-07-28 15:53 NPT
2026-07-28 15:53 NPT,36aad2c,road,NH43 – Narayanghat-Mugling,नारायणगढ–मुग्लिन,open,,2026-07-28 15:53 NPT
2026-07-28 15:53 NPT,36aad2c,airport,Tribhuvan Intl (KTM),त्रिभुवन अन्तर्राष्ट्रिय,open,Normal operations,2026-07-28 15:53 NPT
2026-07-28 15:53 NPT,36aad2c,airport,Gautam Buddha Intl (BWA),गौतम बुद्ध विमानस्थल,open,,2026-07-28 15:53 NPT
2026-07-28 15:53 NPT,36aad2c,airport,Pokhara Regional (PKR),पोखरा विमानस्थल,open,,2026-07-28 15:53 NPT
2026-07-28 15:53 NPT,36aad2c,airport,Bharatpur (BHR),भरतपुर विमानस्थल,open,,2026-07-28 15:53 NPT
2026-07-28 15:53 NPT,36aad2c,airport,Dhangadhi (DHI),धनगढी विमानस्थल,open,,2026-07-28 15:53 NPT
2026-07-28 15:53 NPT,36aad2c,airport,Biratnagar (BIR),विराटनगर विमानस्थल,open,,2026-07-28 15:53 NPT
2026-07-28 15:53 NPT,36aad2c,airport,Nepalgunj (KEP),नेपालगञ्ज विमानस्थल,open,,2026-07-28 15:53 NPT
2026-07-28 15:53 NPT,36aad2c,airport,Chandragadhi (BDP),चन्द्रगढी विमानस्थल,open,,2026-07-28 15:53 NPT
2026-07-28 15:53 NPT,36aad2c,airport,Janakpur (JKR),जनकपुर विमानस्थल,open,,2026-07-28 15:53 NPT
2026-07-28 15:53 NPT,36aad2c,airport,Simara (SIF),सिमरा विमानस्थल,open,,2026-07-28 15:53 NPT
2026-07-28 15:53 NPT,36aad2c,hospital,"Bir Hospital, Kathmandu",बीर अस्पताल,open,120 beds,2026-07-28 15:53 NPT
2026-07-28 15:53 NPT,36aad2c,hospital,"TU Teaching Hospital, KTM",त्रिवि शिक्षण अस्पताल,open,95 beds,2026-07-28 15:53 NPT
2026-07-28 15:53 NPT,36aad2c,hospital,"Patan Hospital, Lalitpur",पाटन अस्पताल,open,60 beds,2026-07-28 15:53 NPT
2026-07-28 15:53 NPT,36aad2c,hospital,"Manipal College Hospital, PKR",मणिपाल अस्पताल,open,45 beds,2026-07-28 15:53 NPT
2026-07-28 15:53 NPT,36aad2c,hospital,"Gandaki Medical College, PKR",गण्डकी अस्पताल,open,38 beds,2026-07-28 15:53 NPT
2026-07-28 15:53 NPT,36aad2c,hospital,"BPKIHS, Dharan",बीपी कोइराला स्वास्थ्य,open,150 beds,2026-07-28 15:53 NPT
2026-07-28 15:53 NPT,36aad2c,hospital,"Koshi Hospital, Biratnagar",कोशी अस्पताल,open,80 beds,2026-07-28 15:53 NPT
2026-07-28 15:53 NPT,36aad2c,hospital,"Bheri Hospital, Nepalgunj",भेरी अस्पताल,open,70 beds,2026-07-28 15:53 NPT
2026-07-28 15:53 NPT,36aad2c,hospital,Chitwan Medical College,चितवन मेडिकल कलेज,open,100 beds,2026-07-28 15:53 NPT
2026-07-28 15:53 NPT,36aad2c,hospital,Lumbini Provincial Hospital,लुम्बिनी प्रादेशिक,open,110 beds,2026-07-28 15:53 NPT
2026-07-28 13:00 NPT,813e16d,road,NH01 – Mahendra Rajmarg,महेन्द्र राजमार्ग,open,,2026-07-28 13:00 NPT
2026-07-28 13:00 NPT,813e16d,road,NH02 – Mechi Rajmarg,मेची राजमार्ग,open,,2026-07-28 13:00 NPT
2026-07-28 13:00 NPT,813e16d,road,NH03 – Puspalal Hwy (Mid-Hill),पुष्पलाल राजमार्ग,partial,"Landslide at Kanthekhola-5, Baglung",2026-07-28 13:00 NPT
2026-07-28 13:00 NPT,813e16d,road,NH04 – Birtamod-Chandragadhi,विर्तामोड–चन्द्रगढी,open,,2026-07-28 13:00 NPT
2026-07-28 13:00 NPT,813e16d,road,NH05 – Postal Hwy,हुलाकी राजमार्ग,open,,2026-07-28 13:00 NPT
2026-07-28 13:00 NPT,813e16d,road,NH06 – Koshi Rajmarg,कोशी राजमार्ग,closed,"Landslide at Bhotkhola-2, Sankhuwasabha",2026-07-28 13:00 NPT
2026-07-28 13:00 NPT,813e16d,road,NH08 – Sagarmatha Rajmarg,सगरमाथा राजमार्ग,closed,"Landslide at Bhotkhola-2, Sankhuwasabha",2026-07-28 13:00 NPT
2026-07-28 13:00 NPT,813e16d,road,NH09 – Madan Bhandari Hwy,मदन भण्डारी राजमार्ग,open,,2026-07-28 13:00 NPT
2026-07-28 13:00 NPT,813e16d,road,NH10 – Siddhartha Hwy,सिद्धार्थ राजमार्ग,open,,2026-07-28 13:00 NPT
2026-07-28 13:00 NPT,813e16d,road,NH11 – Rapti Rajmarg,राप्ती राजमार्ग,open,,2026-07-28 13:00 NPT
2026-07-28 13:00 NPT,813e16d,road,NH12 – Ratna Rajmarg,रत्न राजमार्ग,closed,"Landslide at Bhotkhola-2, Sankhuwasabha",2026-07-28 13:00 NPT
2026-07-28 13:00 NPT,813e16d,road,NH13 – Karnali Rajmarg,कर्णाली राजमार्ग,open,,2026-07-28 13:00 NPT
2026-07-28 13:00 NPT,813e16d,road,NH14 – Mahakali Rajmarg,महाकाली राजमार्ग,open,,2026-07-28 13:00 NPT
2026-07-28 13:00 NPT,813e16d,road,NH15 – Seti Rajmarg,सेती राजमार्ग,open,,2026-07-28 13:00 NPT
2026-07-28 13:00 NPT,813e16d,road,NH16 – Rapti-Lumbini Hwy,राप्ती-लुम्बिनी,open,,2026-07-28 13:00 NPT
2026-07-28 13:00 NPT,813e16d,road,NH34 – Araniko Hwy,अरनिको राजमार्ग,closed,"Landslide at Bhotekoshi-2, Sindhupalchok",2026-07-28 13:00 NPT
2026-07-28 13:00 NPT,813e16d,road,NH38 – BP Hwy,बीपी राजमार्ग,open,,2026-07-28 13:00 NPT
2026-07-28 13:00 NPT,813e16d,road,NH41 – Tribhuvan Hwy,त्रिभुवन राजमार्ग,partial,"Landslide at Bhimphedi-9, Makwanpur",2026-07-28 13:00 NPT
2026-07-28 13:00 NPT,813e16d,road,NH42 – Prithvi Hwy,पृथ्वी राजमार्ग,partial,"stone fall at Bandipur-4, Tanahu",2026-07-28 13:00 NPT
2026-07-28 13:00 NPT,813e16d,road,NH43 – Narayanghat-Mugling,नारायणगढ–मुग्लिन,open,,2026-07-28 13:00 NPT
2026-07-28 13:00 NPT,813e16d,airport,Tribhuvan Intl (KTM),त्रिभुवन अन्तर्राष्ट्रिय,open,Normal operations,2026-07-28 13:00 NPT
2026-07-28 13:00 NPT,813e16d,airport,Gautam Buddha Intl (BWA),गौतम बुद्ध विमानस्थल,open,,2026-07-28 13:00 NPT
2026-07-28 13:00 NPT,813e16d,airport,Pokhara Regional (PKR),पोखरा विमानस्थल,open,,2026-07-28 13:00 NPT
2026-07-28 13:00 NPT,813e16d,airport,Bharatpur (BHR),भरतपुर विमानस्थल,open,,2026-07-28 13:00 NPT
2026-07-28 13:00 NPT,813e16d,airport,Dhangadhi (DHI),धनगढी विमानस्थल,open,,2026-07-28 13:00 NPT
2026-07-28 13:00 NPT,813e16d,airport,Biratnagar (BIR),विराटनगर विमानस्थल,open,,2026-07-28 13:00 NPT
2026-07-28 13:00 NPT,813e16d,airport,Nepalgunj (KEP),नेपालगञ्ज विमानस्थल,open,,2026-07-28 13:00 NPT
2026-07-28 13:00 NPT,813e16d,airport,Chandragadhi (BDP),चन्द्रगढी विमानस्थल,open,,2026-07-28 13:00 NPT
2026-07-28 13:00 NPT,813e16d,airport,Janakpur (JKR),जनकपुर विमानस्थल,open,,2026-07-28 13:00 NPT
2026-07-28 13:00 NPT,813e16d,airport,Simara (SIF),सिमरा विमानस्थल,open,,2026-07-28 13:00 NPT
2026-07-28 13:00 NPT,813e16d,hospital,"Bir Hospital, Kathmandu",बीर अस्पताल,open,120 beds,2026-07-28 13:00 NPT
2026-07-28 13:00 NPT,813e16d,hospital,"TU Teaching Hospital, KTM",त्रिवि शिक्षण अस्पताल,open,95 beds,2026-07-28 13:00 NPT
2026-07-28 13:00 NPT,813e16d,hospital,"Patan Hospital, Lalitpur",पाटन अस्पताल,open,60 beds,2026-07-28 13:00 NPT
2026-07-28 13:00 NPT,813e16d,hospital,"Manipal College Hospital, PKR",मणिपाल अस्पताल,open,45 beds,2026-07-28 13:00 NPT
2026-07-28 13:00 NPT,813e16d,hospital,"Gandaki Medical College, PKR",गण्डकी अस्पताल,open,38 beds,2026-07-28 13:00 NPT
2026-07-28 13:00 NPT,813e16d,hospital,"BPKIHS, Dharan",बीपी कोइराला स्वास्थ्य,open,150 beds,2026-07-28 13:00 NPT
2026-07-28 13:00 NPT,813e16d,hospital,"Koshi Hospital, Biratnagar",कोशी अस्पताल,open,80 beds,2026-07-28 13:00 NPT
2026-07-28 13:00 NPT,813e16d,hospital,"Bheri Hospital, Nepalgunj",भेरी अस्पताल,open,70 beds,2026-07-28 13:00 NPT
2026-07-28 13:00 NPT,813e16d,hospital,Chitwan Medical College,चितवन मेडिकल कलेज,open,100 beds,2026-07-28 13:00 NPT
2026-07-28 13:00 NPT,813e16d,hospital,Lumbini Provincial Hospital,लुम्बिनी प्रादेशिक,open,110 beds,2026-07-28 13:00 NPT
2026-07-28 09:58 NPT,3748575,road,NH01 – Mahendra Rajmarg,महेन्द्र राजमार्ग,open,,2026-07-28 09:58 NPT
2026-07-28 09:58 NPT,3748575,road,NH02 – Mechi Rajmarg,मेची राजमार्ग,open,,2026-07-28 09:58 NPT
2026-07-28 09:58 NPT,3748575,road,NH03 – Puspalal Hwy (Mid-Hill),पुष्पलाल राजमार्ग,partial,"Landslide at Kanthekhola-5, Baglung",2026-07-28 09:58 NPT
2026-07-28 09:58 NPT,3748575,road,NH04 – Birtamod-Chandragadhi,विर्तामोड–चन्द्रगढी,open,,2026-07-28 09:58 NPT
2026-07-28 09:58 NPT,3748575,road,NH05 – Postal Hwy,हुलाकी राजमार्ग,open,,2026-07-28 09:58 NPT
2026-07-28 09:58 NPT,3748575,road,NH06 – Koshi Rajmarg,कोशी राजमार्ग,closed,"Landslide at Bhotkhola-2, Sankhuwasabha",2026-07-28 09:58 NPT
2026-07-28 09:58 NPT,3748575,road,NH08 – Sagarmatha Rajmarg,सगरमाथा राजमार्ग,closed,"Landslide at Bhotkhola-2, Sankhuwasabha",2026-07-28 09:58 NPT
2026-07-28 09:58 NPT,3748575,road,NH09 – Madan Bhandari Hwy,मदन भण्डारी राजमार्ग,open,,2026-07-28 09:58 NPT
2026-07-28 09:58 NPT,3748575,road,NH10 – Siddhartha Hwy,सिद्धार्थ राजमार्ग,open,,2026-07-28 09:58 NPT
2026-07-28 09:58 NPT,3748575,road,NH11 – Rapti Rajmarg,राप्ती राजमार्ग,open,,2026-07-28 09:58 NPT
2026-07-28 09:58 NPT,3748575,road,NH12 – Ratna Rajmarg,रत्न राजमार्ग,closed,"Landslide at Bhotkhola-2, Sankhuwasabha",2026-07-28 09:58 NPT
2026-07-28 09:58 NPT,3748575,road,NH13 – Karnali Rajmarg,कर्णाली राजमार्ग,open,,2026-07-28 09:58 NPT
2026-07-28 09:58 NPT,3748575,road,NH14 – Mahakali Rajmarg,महाकाली राजमार्ग,open,,2026-07-28 09:58 NPT
2026-07-28 09:58 NPT,3748575,road,NH15 – Seti Rajmarg,सेती राजमार्ग,open,,2026-07-28 09:58 NPT
2026-07-28 09:58 NPT,3748575,road,NH16 – Rapti-Lumbini Hwy,राप्ती-लुम्बिनी,open,,2026-07-28 09:58 NPT
2026-07-28 09:58 NPT,3748575,road,NH34 – Araniko Hwy,अरनिको राजमार्ग,closed,"Landslide at Bhotekoshi-2, Sindhupalchok",2026-07-28 09:58 NPT
2026-07-28 09:58 NPT,3748575,road,NH38 – BP Hwy,बीपी राजमार्ग,open,,2026-07-28 09:58 NPT
2026-07-28 09:58 NPT,3748575,road,NH41 – Tribhuvan Hwy,त्रिभुवन राजमार्ग,partial,"Landslide at Bhimphedi-9, Makwanpur",2026-07-28 09:58 NPT
2026-07-28 09:58 NPT,3748575,road,NH42 – Prithvi Hwy,पृथ्वी राजमार्ग,partial,"stone fall at Bandipur-4, Tanahu",2026-07-28 09:58 NPT
2026-07-28 09:58 NPT,3748575,road,NH43 – Narayanghat-Mugling,नारायणगढ–मुग्लिन,open,,2026-07-28 09:58 NPT
2026-07-28 09:58 NPT,3748575,airport,Tribhuvan Intl (KTM),त्रिभुवन अन्तर्राष्ट्रिय,open,Normal operations,2026-07-28 09:58 NPT
2026-07-28 09:58 NPT,3748575,airport,Gautam Buddha Intl (BWA),गौतम बुद्ध विमानस्थल,open,,2026-07-28 09:58 NPT
2026-07-28 09:58 NPT,3748575,airport,Pokhara Regional (PKR),पोखरा विमानस्थल,open,,2026-07-28 09:58 NPT
2026-07-28 09:58 NPT,3748575,airport,Bharatpur (BHR),भरतपुर विमानस्थल,open,,2026-07-28 09:58 NPT
2026-07-28 09:58 NPT,3748575,airport,Dhangadhi (DHI),धनगढी विमानस्थल,open,,2026-07-28 09:58 NPT
2026-07-28 09:58 NPT,3748575,airport,Biratnagar (BIR),विराटनगर विमानस्थल,open,,2026-07-28 09:58 NPT
2026-07-28 09:58 NPT,3748575,airport,Nepalgunj (KEP),नेपालगञ्ज विमानस्थल,open,,2026-07-28 09:58 NPT
2026-07-28 09:58 NPT,3748575,airport,Chandragadhi (BDP),चन्द्रगढी विमानस्थल,open,,2026-07-28 09:58 NPT
2026-07-28 09:58 NPT,3748575,airport,Janakpur (JKR),जनकपुर विमानस्थल,open,,2026-07-28 09:58 NPT
2026-07-28 09:58 NPT,3748575,airport,Simara (SIF),सिमरा विमानस्थल,open,,2026-07-28 09:58 NPT
2026-07-28 09:58 NPT,3748575,hospital,"Bir Hospital, Kathmandu",बीर अस्पताल,open,120 beds,2026-07-28 09:58 NPT
2026-07-28 09:58 NPT,3748575,hospital,"TU Teaching Hospital, KTM",त्रिवि शिक्षण अस्पताल,open,95 beds,2026-07-28 09:58 NPT
2026-07-28 09:58 NPT,3748575,hospital,"Patan Hospital, Lalitpur",पाटन अस्पताल,open,60 beds,2026-07-28 09:58 NPT
2026-07-28 09:58 NPT,3748575,hospital,"Manipal College Hospital, PKR",मणिपाल अस्पताल,open,45 beds,2026-07-28 09:58 NPT
2026-07-28 09:58 NPT,3748575,hospital,"Gandaki Medical College, PKR",गण्डकी अस्पताल,open,38 beds,2026-07-28 09:58 NPT
2026-07-28 09:58 NPT,3748575,hospital,"BPKIHS, Dharan",बीपी कोइराला स्वास्थ्य,open,150 beds,2026-07-28 09:58 NPT
2026-07-28 09:58 NPT,3748575,hospital,"Koshi Hospital, Biratnagar",कोशी अस्पताल,open,80 beds,2026-07-28 09:58 NPT
2026-07-28 09:58 NPT,3748575,hospital,"Bheri Hospital, Nepalgunj",भेरी अस्पताल,open,70 beds,2026-07-28 09:58 NPT
2026-07-28 09:58 NPT,3748575,hospital,Chitwan Medical College,चितवन मेडिकल कलेज,open,100 beds,2026-07-28 09:58 NPT
2026-07-28 09:58 NPT,3748575,hospital,Lumbini Provincial Hospital,लुम्बिनी प्रादेशिक,open,110 beds,2026-07-28 09:58 NPT
2026-07-28 06:40 NPT,b9b50b3,road,NH01 – Mahendra Rajmarg,महेन्द्र राजमार्ग,open,,2026-07-28 06:40 NPT
2026-07-28 06:40 NPT,b9b50b3,road,NH02 – Mechi Rajmarg,मेची राजमार्ग,open,,2026-07-28 06:40 NPT
2026-07-28 06:40 NPT,b9b50b3,road,NH03 – Puspalal Hwy (Mid-Hill),पुष्पलाल राजमार्ग,partial,"Landslide at Kanthekhola-5, Baglung",2026-07-28 06:40 NPT
2026-07-28 06:40 NPT,b9b50b3,road,NH04 – Birtamod-Chandragadhi,विर्तामोड–चन्द्रगढी,open,,2026-07-28 06:40 NPT
2026-07-28 06:40 NPT,b9b50b3,road,NH05 – Postal Hwy,हुलाकी राजमार्ग,open,,2026-07-28 06:40 NPT
2026-07-28 06:40 NPT,b9b50b3,road,NH06 – Koshi Rajmarg,कोशी राजमार्ग,closed,"Landslide at Bhotkhola-2, Sankhuwasabha",2026-07-28 06:40 NPT
2026-07-28 06:40 NPT,b9b50b3,road,NH08 – Sagarmatha Rajmarg,सगरमाथा राजमार्ग,closed,"Landslide at Bhotkhola-2, Sankhuwasabha",2026-07-28 06:40 NPT
2026-07-28 06:40 NPT,b9b50b3,road,NH09 – Madan Bhandari Hwy,मदन भण्डारी राजमार्ग,open,,2026-07-28 06:40 NPT
2026-07-28 06:40 NPT,b9b50b3,road,NH10 – Siddhartha Hwy,सिद्धार्थ राजमार्ग,open,,2026-07-28 06:40 NPT
2026-07-28 06:40 NPT,b9b50b3,road,NH11 – Rapti Rajmarg,राप्ती राजमार्ग,open,,2026-07-28 06:40 NPT
2026-07-28 06:40 NPT,b9b50b3,road,NH12 – Ratna Rajmarg,रत्न राजमार्ग,closed,"Landslide at Bhotkhola-2, Sankhuwasabha",2026-07-28 06:40 NPT
2026-07-28 06:40 NPT,b9b50b3,road,NH13 – Karnali Rajmarg,कर्णाली राजमार्ग,open,,2026-07-28 06:40 NPT
2026-07-28 06:40 NPT,b9b50b3,road,NH14 – Mahakali Rajmarg,महाकाली राजमार्ग,open,,2026-07-28 06:40 NPT
2026-07-28 06:40 NPT,b9b50b3,road,NH15 – Seti Rajmarg,सेती राजमार्ग,open,,2026-07-28 06:40 NPT
2026-07-28 06:40 NPT,b9b50b3,road,NH16 – Rapti-Lumbini Hwy,राप्ती-लुम्बिनी,open,,2026-07-28 06:40 NPT
2026-07-28 06:40 NPT,b9b50b3,road,NH34 – Araniko Hwy,अरनिको राजमार्ग,closed,"Landslide at Bhotekoshi-2, Sindhupalchok",2026-07-28 06:40 NPT
2026-07-28 06:40 NPT,b9b50b3,road,NH38 – BP Hwy,बीपी राजमार्ग,open,,2026-07-28 06:40 NPT
2026-07-28 06:40 NPT,b9b50b3,road,NH41 – Tribhuvan Hwy,त्रिभुवन राजमार्ग,partial,"Landslide at Bhimphedi-9, Makwanpur",2026-07-28 06:40 NPT
2026-07-28 06:40 NPT,b9b50b3,road,NH42 – Prithvi Hwy,पृथ्वी राजमार्ग,partial,"stone fall at Bandipur-4, Tanahu",2026-07-28 06:40 NPT
2026-07-28 06:40 NPT,b9b50b3,road,NH43 – Narayanghat-Mugling,नारायणगढ–मुग्लिन,open,,2026-07-28 06:40 NPT
2026-07-28 06:40 NPT,b9b50b3,airport,Tribhuvan Intl (KTM),त्रिभुवन अन्तर्राष्ट्रिय,open,Normal operations,2026-07-28 06:40 NPT
2026-07-28 06:40 NPT,b9b50b3,airport,Gautam Buddha Intl (BWA),गौतम बुद्ध विमानस्थल,open,,2026-07-28 06:40 NPT
2026-07-28 06:40 NPT,b9b50b3,airport,Pokhara Regional (PKR),पोखरा विमानस्थल,open,,2026-07-28 06:40 NPT
2026-07-28 06:40 NPT,b9b50b3,airport,Bharatpur (BHR),भरतपुर विमानस्थल,open,,2026-07-28 06:40 NPT
2026-07-28 06:40 NPT,b9b50b3,airport,Dhangadhi (DHI),धनगढी विमानस्थल,open,,2026-07-28 06:40 NPT
2026-07-28 06:40 NPT,b9b50b3,airport,Biratnagar (BIR),विराटनगर विमानस्थल,open,,2026-07-28 06:40 NPT
2026-07-28 06:40 NPT,b9b50b3,airport,Nepalgunj (KEP),नेपालगञ्ज विमानस्थल,open,,2026-07-28 06:40 NPT
2026-07-28 06:40 NPT,b9b50b3,airport,Chandragadhi (BDP),चन्द्रगढी विमानस्थल,open,,2026-07-28 06:40 NPT
2026-07-28 06:40 NPT,b9b50b3,airport,Janakpur (JKR),जनकपुर विमानस्थल,open,,2026-07-28 06:40 NPT
2026-07-28 06:40 NPT,b9b50b3,airport,Simara (SIF),सिमरा विमानस्थल,open,,2026-07-28 06:40 NPT
2026-07-28 06:40 NPT,b9b50b3,hospital,"Bir Hospital, Kathmandu",बीर अस्पताल,open,120 beds,2026-07-28 06:40 NPT
2026-07-28 06:40 NPT,b9b50b3,hospital,"TU Teaching Hospital, KTM",त्रिवि शिक्षण अस्पताल,open,95 beds,2026-07-28 06:40 NPT
2026-07-28 06:40 NPT,b9b50b3,hospital,"Patan Hospital, Lalitpur",पाटन अस्पताल,open,60 beds,2026-07-28 06:40 NPT
2026-07-28 06:40 NPT,b9b50b3,hospital,"Manipal College Hospital, PKR",मणिपाल अस्पताल,open,45 beds,2026-07-28 06:40 NPT
2026-07-28 06:40 NPT,b9b50b3,hospital,"Gandaki Medical College, PKR",गण्डकी अस्पताल,open,38 beds,2026-07-28 06:40 NPT
2026-07-28 06:40 NPT,b9b50b3,hospital,"BPKIHS, Dharan",बीपी कोइराला स्वास्थ्य,open,150 beds,2026-07-28 06:40 NPT
2026-07-28 06:40 NPT,b9b50b3,hospital,"Koshi Hospital, Biratnagar",कोशी अस्पताल,open,80 beds,2026-07-28 06:40 NPT
2026-07-28 06:40 NPT,b9b50b3,hospital,"Bheri Hospital, Nepalgunj",भेरी अस्पताल,open,70 beds,2026-07-28 06:40 NPT
2026-07-28 06:40 NPT,b9b50b3,hospital,Chitwan Medical College,चितवन मेडिकल कलेज,open,100 beds,2026-07-28 06:40 NPT
2026-07-28 06:40 NPT,b9b50b3,hospital,Lumbini Provincial Hospital,लुम्बिनी प्रादेशिक,open,110 beds,2026-07-28 06:40 NPT
2026-07-28 04:49 NPT,9a387be,road,NH01 – Mahendra Rajmarg,महेन्द्र राजमार्ग,open,,2026-07-28 04:49 NPT
2026-07-28 04:49 NPT,9a387be,road,NH02 – Mechi Rajmarg,मेची राजमार्ग,open,,2026-07-28 04:49 NPT
2026-07-28 04:49 NPT,9a387be,road,NH03 – Puspalal Hwy (Mid-Hill),पुष्पलाल राजमार्ग,partial,"Landslide at Kanthekhola-5, Baglung",2026-07-28 04:49 NPT
2026-07-28 04:49 NPT,9a387be,road,NH04 – Birtamod-Chandragadhi,विर्तामोड–चन्द्रगढी,open,,2026-07-28 04:49 NPT
2026-07-28 04:49 NPT,9a387be,road,NH05 – Postal Hwy,हुलाकी राजमार्ग,open,,2026-07-28 04:49 NPT
2026-07-28 04:49 NPT,9a387be,road,NH06 – Koshi Rajmarg,कोशी राजमार्ग,closed,"Landslide at Bhotkhola-2, Sankhuwasabha",2026-07-28 04:49 NPT
2026-07-28 04:49 NPT,9a387be,road,NH08 – Sagarmatha Rajmarg,सगरमाथा राजमार्ग,closed,"Landslide at Bhotkhola-2, Sankhuwasabha",2026-07-28 04:49 NPT
2026-07-28 04:49 NPT,9a387be,road,NH09 – Madan Bhandari Hwy,मदन भण्डारी राजमार्ग,open,,2026-07-28 04:49 NPT
2026-07-28 04:49 NPT,9a387be,road,NH10 – Siddhartha Hwy,सिद्धार्थ राजमार्ग,open,,2026-07-28 04:49 NPT
2026-07-28 04:49 NPT,9a387be,road,NH11 – Rapti Rajmarg,राप्ती राजमार्ग,open,,2026-07-28 04:49 NPT
2026-07-28 04:49 NPT,9a387be,road,NH12 – Ratna Rajmarg,रत्न राजमार्ग,closed,"Landslide at Bhotkhola-2, Sankhuwasabha",2026-07-28 04:49 NPT
2026-07-28 04:49 NPT,9a387be,road,NH13 – Karnali Rajmarg,कर्णाली राजमार्ग,open,,2026-07-28 04:49 NPT
2026-07-28 04:49 NPT,9a387be,road,NH14 – Mahakali Rajmarg,महाकाली राजमार्ग,open,,2026-07-28 04:49 NPT
2026-07-28 04:49 NPT,9a387be,road,NH15 – Seti Rajmarg,सेती राजमार्ग,open,,2026-07-28 04:49 NPT
2026-07-28 04:49 NPT,9a387be,road,NH16 – Rapti-Lumbini Hwy,राप्ती-लुम्बिनी,open,,2026-07-28 04:49 NPT
2026-07-28 04:49 NPT,9a387be,road,NH34 – Araniko Hwy,अरनिको राजमार्ग,closed,"Landslide at Bhotekoshi-2, Sindhupalchok",2026-07-28 04:49 NPT
2026-07-28 04:49 NPT,9a387be,road,NH38 – BP Hwy,बीपी राजमार्ग,open,,2026-07-28 04:49 NPT
2026-07-28 04:49 NPT,9a387be,road,NH41 – Tribhuvan Hwy,त्रिभुवन राजमार्ग,partial,"Landslide at Bhimphedi-9, Makwanpur",2026-07-28 04:49 NPT
2026-07-28 04:49 NPT,9a387be,road,NH42 – Prithvi Hwy,पृथ्वी राजमार्ग,partial,"stone fall at Bandipur-4, Tanahu",2026-07-28 04:49 NPT
2026-07-28 04:49 NPT,9a387be,road,NH43 – Narayanghat-Mugling,नारायणगढ–मुग्लिन,open,,2026-07-28 04:49 NPT
2026-07-28 04:49 NPT,9a387be,airport,Tribhuvan Intl (KTM),त्रिभुवन अन्तर्राष्ट्रिय,open,Normal operations,2026-07-28 04:49 NPT
2026-07-28 04:49 NPT,9a387be,airport,Gautam Buddha Intl (BWA),गौतम बुद्ध विमानस्थल,open,,2026-07-28 04:49 NPT
2026-07-28 04:49 NPT,9a387be,airport,Pokhara Regional (PKR),पोखरा विमानस्थल,open,,2026-07-28 04:49 NPT
2026-07-28 04:49 NPT,9a387be,airport,Bharatpur (BHR),भरतपुर विमानस्थल,open,,2026-07-28 04:49 NPT
2026-07-28 04:49 NPT,9a387be,airport,Dhangadhi (DHI),धनगढी विमानस्थल,open,,2026-07-28 04:49 NPT
2026-07-28 04:49 NPT,9a387be,airport,Biratnagar (BIR),विराटनगर विमानस्थल,open,,2026-07-28 04:49 NPT
2026-07-28 04:49 NPT,9a387be,airport,Nepalgunj (KEP),नेपालगञ्ज विमानस्थल,open,,2026-07-28 04:49 NPT
2026-07-28 04:49 NPT,9a387be,airport,Chandragadhi (BDP),चन्द्रगढी विमानस्थल,open,,2026-07-28 04:49 NPT
2026-07-28 04:49 NPT,9a387be,airport,Janakpur (JKR),जनकपुर विमानस्थल,open,,2026-07-28 04:49 NPT
2026-07-28 04:49 NPT,9a387be,airport,Simara (SIF),सिमरा विमानस्थल,open,,2026-07-28 04:49 NPT
2026-07-28 04:49 NPT,9a387be,hospital,"Bir Hospital, Kathmandu",बीर अस्पताल,open,120 beds,2026-07-28 04:49 NPT
2026-07-28 04:49 NPT,9a387be,hospital,"TU Teaching Hospital, KTM",त्रिवि शिक्षण अस्पताल,open,95 beds,2026-07-28 04:49 NPT
2026-07-28 04:49 NPT,9a387be,hospital,"Patan Hospital, Lalitpur",पाटन अस्पताल,open,60 beds,2026-07-28 04:49 NPT
2026-07-28 04:49 NPT,9a387be,hospital,"Manipal College Hospital, PKR",मणिपाल अस्पताल,open,45 beds,2026-07-28 04:49 NPT
2026-07-28 04:49 NPT,9a387be,hospital,"Gandaki Medical College, PKR",गण्डकी अस्पताल,open,38 beds,2026-07-28 04:49 NPT
2026-07-28 04:49 NPT,9a387be,hospital,"BPKIHS, Dharan",बीपी कोइराला स्वास्थ्य,open,150 beds,2026-07-28 04:49 NPT
2026-07-28 04:49 NPT,9a387be,hospital,"Koshi Hospital, Biratnagar",कोशी अस्पताल,open,80 beds,2026-07-28 04:49 NPT
2026-07-28 04:49 NPT,9a387be,hospital,"Bheri Hospital, Nepalgunj",भेरी अस्पताल,open,70 beds,2026-07-28 04:49 NPT
2026-07-28 04:49 NPT,9a387be,hospital,Chitwan Medical College,चितवन मेडिकल कलेज,open,100 beds,2026-07-28 04:49 NPT
2026-07-28 04:49 NPT,9a387be,hospital,Lumbini Provincial Hospital,लुम्बिनी प्रादेशिक,open,110 beds,2026-07-28 04:49 NPT
2026-07-28 03:24 NPT,07bf8e2,road,NH01 – Mahendra Rajmarg,महेन्द्र राजमार्ग,open,,2026-07-28 03:24 NPT
2026-07-28 03:24 NPT,07bf8e2,road,NH02 – Mechi Rajmarg,मेची राजमार्ग,open,,2026-07-28 03:24 NPT
2026-07-28 03:24 NPT,07bf8e2,road,NH03 – Puspalal Hwy (Mid-Hill),पुष्पलाल राजमार्ग,partial,"Landslide at Kanthekhola-5, Baglung",2026-07-28 03:24 NPT
2026-07-28 03:24 NPT,07bf8e2,road,NH04 – Birtamod-Chandragadhi,विर्तामोड–चन्द्रगढी,open,,2026-07-28 03:24 NPT
2026-07-28 03:24 NPT,07bf8e2,road,NH05 – Postal Hwy,हुलाकी राजमार्ग,open,,2026-07-28 03:24 NPT
2026-07-28 03:24 NPT,07bf8e2,road,NH06 – Koshi Rajmarg,कोशी राजमार्ग,closed,"Landslide at Bhotkhola-2, Sankhuwasabha",2026-07-28 03:24 NPT
2026-07-28 03:24 NPT,07bf8e2,road,NH08 – Sagarmatha Rajmarg,सगरमाथा राजमार्ग,closed,"Landslide at Bhotkhola-2, Sankhuwasabha",2026-07-28 03:24 NPT
2026-07-28 03:24 NPT,07bf8e2,road,NH09 – Madan Bhandari Hwy,मदन भण्डारी राजमार्ग,open,,2026-07-28 03:24 NPT
2026-07-28 03:24 NPT,07bf8e2,road,NH10 – Siddhartha Hwy,सिद्धार्थ राजमार्ग,open,,2026-07-28 03:24 NPT
2026-07-28 03:24 NPT,07bf8e2,road,NH11 – Rapti Rajmarg,राप्ती राजमार्ग,open,,2026-07-28 03:24 NPT
2026-07-28 03:24 NPT,07bf8e2,road,NH12 – Ratna Rajmarg,रत्न राजमार्ग,closed,"Landslide at Bhotkhola-2, Sankhuwasabha",2026-07-28 03:24 NPT
2026-07-28 03:24 NPT,07bf8e2,road,NH13 – Karnali Rajmarg,कर्णाली राजमार्ग,open,,2026-07-28 03:24 NPT
2026-07-28 03:24 NPT,07bf8e2,road,NH14 – Mahakali Rajmarg,महाकाली राजमार्ग,open,,2026-07-28 03:24 NPT
2026-07-28 03:24 NPT,07bf8e2,road,NH15 – Seti Rajmarg,सेती राजमार्ग,open,,2026-07-28 03:24 NPT
2026-07-28 03:24 NPT,07bf8e2,road,NH16 – Rapti-Lumbini Hwy,राप्ती-लुम्बिनी,open,,2026-07-28 03:24 NPT
2026-07-28 03:24 NPT,07bf8e2,road,NH34 – Araniko Hwy,अरनिको राजमार्ग,closed,"Landslide at Bhotekoshi-2, Sindhupalchok",2026-07-28 03:24 NPT
2026-07-28 03:24 NPT,07bf8e2,road,NH38 – BP Hwy,बीपी राजमार्ग,open,,2026-07-28 03:24 NPT
2026-07-28 03:24 NPT,07bf8e2,road,NH41 – Tribhuvan Hwy,त्रिभुवन राजमार्ग,partial,"Landslide at Bhimphedi-9, Makwanpur",2026-07-28 03:24 NPT
2026-07-28 03:24 NPT,07bf8e2,road,NH42 – Prithvi Hwy,पृथ्वी राजमार्ग,partial,"stone fall at Bandipur-4, Tanahu",2026-07-28 03:24 NPT
2026-07-28 03:24 NPT,07bf8e2,road,NH43 – Narayanghat-Mugling,नारायणगढ–मुग्लिन,open,,2026-07-28 03:24 NPT
2026-07-28 03:24 NPT,07bf8e2,airport,Tribhuvan Intl (KTM),त्रिभुवन अन्तर्राष्ट्रिय,open,Normal operations,2026-07-28 03:24 NPT
2026-07-28 03:24 NPT,07bf8e2,airport,Gautam Buddha Intl (BWA),गौतम बुद्ध विमानस्थल,open,,2026-07-28 03:24 NPT
2026-07-28 03:24 NPT,07bf8e2,airport,Pokhara Regional (PKR),पोखरा विमानस्थल,open,,2026-07-28 03:24 NPT
2026-07-28 03:24 NPT,07bf8e2,airport,Bharatpur (BHR),भरतपुर विमानस्थल,open,,2026-07-28 03:24 NPT
2026-07-28 03:24 NPT,07bf8e2,airport,Dhangadhi (DHI),धनगढी विमानस्थल,open,,2026-07-28 03:24 NPT
2026-07-28 03:24 NPT,07bf8e2,airport,Biratnagar (BIR),विराटनगर विमानस्थल,open,,2026-07-28 03:24 NPT
2026-07-28 03:24 NPT,07bf8e2,airport,Nepalgunj (KEP),नेपालगञ्ज विमानस्थल,open,,2026-07-28 03:24 NPT
2026-07-28 03:24 NPT,07bf8e2,airport,Chandragadhi (BDP),चन्द्रगढी विमानस्थल,open,,2026-07-28 03:24 NPT
2026-07-28 03:24 NPT,07bf8e2,airport,Janakpur (JKR),जनकपुर विमानस्थल,open,,2026-07-28 03:24 NPT
2026-07-28 03:24 NPT,07bf8e2,airport,Simara (SIF),सिमरा विमानस्थल,open,,2026-07-28 03:24 NPT
2026-07-28 03:24 NPT,07bf8e2,hospital,"Bir Hospital, Kathmandu",बीर अस्पताल,open,120 beds,2026-07-28 03:24 NPT
2026-07-28 03:24 NPT,07bf8e2,hospital,"TU Teaching Hospital, KTM",त्रिवि शिक्षण अस्पताल,open,95 beds,2026-07-28 03:24 NPT
2026-07-28 03:24 NPT,07bf8e2,hospital,"Patan Hospital, Lalitpur",पाटन अस्पताल,open,60 beds,2026-07-28 03:24 NPT
2026-07-28 03:24 NPT,07bf8e2,hospital,"Manipal College Hospital, PKR",मणिपाल अस्पताल,open,45 beds,2026-07-28 03:24 NPT
2026-07-28 03:24 NPT,07bf8e2,hospital,"Gandaki Medical College, PKR",गण्डकी अस्पताल,open,38 beds,2026-07-28 03:24 NPT
2026-07-28 03:24 NPT,07bf8e2,hospital,"BPKIHS, Dharan",बीपी कोइराला स्वास्थ्य,open,150 beds,2026-07-28 03:24 NPT
2026-07-28 03:24 NPT,07bf8e2,hospital,"Koshi Hospital, Biratnagar",कोशी अस्पताल,open,80 beds,2026-07-28 03:24 NPT
2026-07-28 03:24 NPT,07bf8e2,hospital,"Bheri Hospital, Nepalgunj",भेरी अस्पताल,open,70 beds,2026-07-28 03:24 NPT
2026-07-28 03:24 NPT,07bf8e2,hospital,Chitwan Medical College,चितवन मेडिकल कलेज,open,100 beds,2026-07-28 03:24 NPT
2026-07-28 03:24 NPT,07bf8e2,hospital,Lumbini Provincial Hospital,लुम्बिनी प्रादेशिक,open,110 beds,2026-07-28 03:24 NPT
2026-07-28 02:09 NPT,0fa4f4b,road,NH01 – Mahendra Rajmarg,महेन्द्र राजमार्ग,open,,2026-07-28 02:09 NPT
2026-07-28 02:09 NPT,0fa4f4b,road,NH02 – Mechi Rajmarg,मेची राजमार्ग,open,,2026-07-28 02:09 NPT
2026-07-28 02:09 NPT,0fa4f4b,road,NH03 – Puspalal Hwy (Mid-Hill),पुष्पलाल राजमार्ग,partial,"Landslide at Kanthekhola-5, Baglung",2026-07-28 02:09 NPT
2026-07-28 02:09 NPT,0fa4f4b,road,NH04 – Birtamod-Chandragadhi,विर्तामोड–चन्द्रगढी,open,,2026-07-28 02:09 NPT
2026-07-28 02:09 NPT,0fa4f4b,road,NH05 – Postal Hwy,हुलाकी राजमार्ग,open,,2026-07-28 02:09 NPT
2026-07-28 02:09 NPT,0fa4f4b,road,NH06 – Koshi Rajmarg,कोशी राजमार्ग,closed,"Landslide at Bhotkhola-2, Sankhuwasabha",2026-07-28 02:09 NPT
2026-07-28 02:09 NPT,0fa4f4b,road,NH08 – Sagarmatha Rajmarg,सगरमाथा राजमार्ग,closed,"Landslide at Bhotkhola-2, Sankhuwasabha",2026-07-28 02:09 NPT
2026-07-28 02:09 NPT,0fa4f4b,road,NH09 – Madan Bhandari Hwy,मदन भण्डारी राजमार्ग,open,,2026-07-28 02:09 NPT
2026-07-28 02:09 NPT,0fa4f4b,road,NH10 – Siddhartha Hwy,सिद्धार्थ राजमार्ग,open,,2026-07-28 02:09 NPT
2026-07-28 02:09 NPT,0fa4f4b,road,NH11 – Rapti Rajmarg,राप्ती राजमार्ग,open,,2026-07-28 02:09 NPT
2026-07-28 02:09 NPT,0fa4f4b,road,NH12 – Ratna Rajmarg,रत्न राजमार्ग,closed,"Landslide at Bhotkhola-2, Sankhuwasabha",2026-07-28 02:09 NPT
2026-07-28 02:09 NPT,0fa4f4b,road,NH13 – Karnali Rajmarg,कर्णाली राजमार्ग,open,,2026-07-28 02:09 NPT
2026-07-28 02:09 NPT,0fa4f4b,road,NH14 – Mahakali Rajmarg,महाकाली राजमार्ग,open,,2026-07-28 02:09 NPT
2026-07-28 02:09 NPT,0fa4f4b,road,NH15 – Seti Rajmarg,सेती राजमार्ग,open,,2026-07-28 02:09 NPT
2026-07-28 02:09 NPT,0fa4f4b,road,NH16 – Rapti-Lumbini Hwy,राप्ती-लुम्बिनी,open,,2026-07-28 02:09 NPT
2026-07-28 02:09 NPT,0fa4f4b,road,NH34 – Araniko Hwy,अरनिको राजमार्ग,closed,"Landslide at Bhotekoshi-2, Sindhupalchok",2026-07-28 02:09 NPT
2026-07-28 02:09 NPT,0fa4f4b,road,NH38 – BP Hwy,बीपी राजमार्ग,open,,2026-07-28 02:09 NPT
2026-07-28 02:09 NPT,0fa4f4b,road,NH41 – Tribhuvan Hwy,त्रिभुवन राजमार्ग,partial,"Landslide at Bhimphedi-9, Makwanpur",2026-07-28 02:09 NPT
2026-07-28 02:09 NPT,0fa4f4b,road,NH42 – Prithvi Hwy,पृथ्वी राजमार्ग,partial,"stone fall at Bandipur-4, Tanahu",2026-07-28 02:09 NPT
2026-07-28 02:09 NPT,0fa4f4b,road,NH43 – Narayanghat-Mugling,नारायणगढ–मुग्लिन,open,,2026-07-28 02:09 NPT
2026-07-28 02:09 NPT,0fa4f4b,airport,Tribhuvan Intl (KTM),त्रिभुवन अन्तर्राष्ट्रिय,open,Normal operations,2026-07-28 02:09 NPT
2026-07-28 02:09 NPT,0fa4f4b,airport,Gautam Buddha Intl (BWA),गौतम बुद्ध विमानस्थल,open,,2026-07-28 02:09 NPT
2026-07-28 02:09 NPT,0fa4f4b,airport,Pokhara Regional (PKR),पोखरा विमानस्थल,open,,2026-07-28 02:09 NPT
2026-07-28 02:09 NPT,0fa4f4b,airport,Bharatpur (BHR),भरतपुर विमानस्थल,open,,2026-07-28 02:09 NPT
2026-07-28 02:09 NPT,0fa4f4b,airport,Dhangadhi (DHI),धनगढी विमानस्थल,open,,2026-07-28 02:09 NPT
2026-07-28 02:09 NPT,0fa4f4b,airport,Biratnagar (BIR),विराटनगर विमानस्थल,open,,2026-07-28 02:09 NPT
2026-07-28 02:09 NPT,0fa4f4b,airport,Nepalgunj (KEP),नेपालगञ्ज विमानस्थल,open,,2026-07-28 02:09 NPT
2026-07-28 02:09 NPT,0fa4f4b,airport,Chandragadhi (BDP),चन्द्रगढी विमानस्थल,open,,2026-07-28 02:09 NPT
2026-07-28 02:09 NPT,0fa4f4b,airport,Janakpur (JKR),जनकपुर विमानस्थल,open,,2026-07-28 02:09 NPT
2026-07-28 02:09 NPT,0fa4f4b,airport,Simara (SIF),सिमरा विमानस्थल,open,,2026-07-28 02:09 NPT
2026-07-28 02:09 NPT,0fa4f4b,hospital,"Bir Hospital, Kathmandu",बीर अस्पताल,open,120 beds,2026-07-28 02:09 NPT
2026-07-28 02:09 NPT,0fa4f4b,hospital,"TU Teaching Hospital, KTM",त्रिवि शिक्षण अस्पताल,open,95 beds,2026-07-28 02:09 NPT
2026-07-28 02:09 NPT,0fa4f4b,hospital,"Patan Hospital, Lalitpur",पाटन अस्पताल,open,60 beds,2026-07-28 02:09 NPT
2026-07-28 02:09 NPT,0fa4f4b,hospital,"Manipal College Hospital, PKR",मणिपाल अस्पताल,open,45 beds,2026-07-28 02:09 NPT
2026-07-28 02:09 NPT,0fa4f4b,hospital,"Gandaki Medical College, PKR",गण्डकी अस्पताल,open,38 beds,2026-07-28 02:09 NPT
2026-07-28 02:09 NPT,0fa4f4b,hospital,"BPKIHS, Dharan",बीपी कोइराला स्वास्थ्य,open,150 beds,2026-07-28 02:09 NPT
2026-07-28 02:09 NPT,0fa4f4b,hospital,"Koshi Hospital, Biratnagar",कोशी अस्पताल,open,80 beds,2026-07-28 02:09 NPT
2026-07-28 02:09 NPT,0fa4f4b,hospital,"Bheri Hospital, Nepalgunj",भेरी अस्पताल,open,70 beds,2026-07-28 02:09 NPT
2026-07-28 02:09 NPT,0fa4f4b,hospital,Chitwan Medical College,चितवन मेडिकल कलेज,open,100 beds,2026-07-28 02:09 NPT
2026-07-28 02:09 NPT,0fa4f4b,hospital,Lumbini Provincial Hospital,लुम्बिनी प्रादेशिक,open,110 beds,2026-07-28 02:09 NPT
2026-07-28 00:27 NPT,05f8512,road,NH01 – Mahendra Rajmarg,महेन्द्र राजमार्ग,open,,2026-07-28 00:27 NPT
2026-07-28 00:27 NPT,05f8512,road,NH02 – Mechi Rajmarg,मेची राजमार्ग,open,,2026-07-28 00:27 NPT
2026-07-28 00:27 NPT,05f8512,road,NH03 – Puspalal Hwy (Mid-Hill),पुष्पलाल राजमार्ग,partial,"Landslide at Kanthekhola-5, Baglung",2026-07-28 00:27 NPT
2026-07-28 00:27 NPT,05f8512,road,NH04 – Birtamod-Chandragadhi,विर्तामोड–चन्द्रगढी,open,,2026-07-28 00:27 NPT
2026-07-28 00:27 NPT,05f8512,road,NH05 – Postal Hwy,हुलाकी राजमार्ग,open,,2026-07-28 00:27 NPT
2026-07-28 00:27 NPT,05f8512,road,NH06 – Koshi Rajmarg,कोशी राजमार्ग,closed,"Landslide at Bhotkhola-2, Sankhuwasabha",2026-07-28 00:27 NPT
2026-07-28 00:27 NPT,05f8512,road,NH08 – Sagarmatha Rajmarg,सगरमाथा राजमार्ग,closed,"Landslide at Bhotkhola-2, Sankhuwasabha",2026-07-28 00:27 NPT
2026-07-28 00:27 NPT,05f8512,road,NH09 – Madan Bhandari Hwy,मदन भण्डारी राजमार्ग,open,,2026-07-28 00:27 NPT
2026-07-28 00:27 NPT,05f8512,road,NH10 – Siddhartha Hwy,सिद्धार्थ राजमार्ग,open,,2026-07-28 00:27 NPT
2026-07-28 00:27 NPT,05f8512,road,NH11 – Rapti Rajmarg,राप्ती राजमार्ग,open,,2026-07-28 00:27 NPT
2026-07-28 00:27 NPT,05f8512,road,NH12 – Ratna Rajmarg,रत्न राजमार्ग,closed,"Landslide at Bhotkhola-2, Sankhuwasabha",2026-07-28 00:27 NPT
2026-07-28 00:27 NPT,05f8512,road,NH13 – Karnali Rajmarg,कर्णाली राजमार्ग,open,,2026-07-28 00:27 NPT
2026-07-28 00:27 NPT,05f8512,road,NH14 – Mahakali Rajmarg,महाकाली राजमार्ग,open,,2026-07-28 00:27 NPT
2026-07-28 00:27 NPT,05f8512,road,NH15 – Seti Rajmarg,सेती राजमार्ग,open,,2026-07-28 00:27 NPT
2026-07-28 00:27 NPT,05f8512,road,NH16 – Rapti-Lumbini Hwy,राप्ती-लुम्बिनी,open,,2026-07-28 00:27 NPT
2026-07-28 00:27 NPT,05f8512,road,NH34 – Araniko Hwy,अरनिको राजमार्ग,closed,"Landslide at Bhotekoshi-2, Sindhupalchok",2026-07-28 00:27 NPT
2026-07-28 00:27 NPT,05f8512,road,NH38 – BP Hwy,बीपी राजमार्ग,open,,2026-07-28 00:27 NPT
2026-07-28 00:27 NPT,05f8512,road,NH41 – Tribhuvan Hwy,त्रिभुवन राजमार्ग,partial,"Landslide at Bhimphedi-9, Makwanpur",2026-07-28 00:27 NPT
2026-07-28 00:27 NPT,05f8512,road,NH42 – Prithvi Hwy,पृथ्वी राजमार्ग,partial,"stone fall at Bandipur-4, Tanahu",2026-07-28 00:27 NPT
2026-07-28 00:27 NPT,05f8512,road,NH43 – Narayanghat-Mugling,नारायणगढ–मुग्लिन,open,,2026-07-28 00:27 NPT
2026-07-28 00:27 NPT,05f8512,airport,Tribhuvan Intl (KTM),त्रिभुवन अन्तर्राष्ट्रिय,open,Normal operations,2026-07-28 00:27 NPT
2026-07-28 00:27 NPT,05f8512,airport,Gautam Buddha Intl (BWA),गौतम बुद्ध विमानस्थल,open,,2026-07-28 00:27 NPT
2026-07-28 00:27 NPT,05f8512,airport,Pokhara Regional (PKR),पोखरा विमानस्थल,open,,2026-07-28 00:27 NPT
2026-07-28 00:27 NPT,05f8512,airport,Bharatpur (BHR),भरतपुर विमानस्थल,open,,2026-07-28 00:27 NPT
2026-07-28 00:27 NPT,05f8512,airport,Dhangadhi (DHI),धनगढी विमानस्थल,open,,2026-07-28 00:27 NPT
2026-07-28 00:27 NPT,05f8512,airport,Biratnagar (BIR),विराटनगर विमानस्थल,open,,2026-07-28 00:27 NPT
2026-07-28 00:27 NPT,05f8512,airport,Nepalgunj (KEP),नेपालगञ्ज विमानस्थल,open,,2026-07-28 00:27 NPT
2026-07-28 00:27 NPT,05f8512,airport,Chandragadhi (BDP),चन्द्रगढी विमानस्थल,open,,2026-07-28 00:27 NPT
2026-07-28 00:27 NPT,05f8512,airport,Janakpur (JKR),जनकपुर विमानस्थल,open,,2026-07-28 00:27 NPT
2026-07-28 00:27 NPT,05f8512,airport,Simara (SIF),सिमरा विमानस्थल,open,,2026-07-28 00:27 NPT
2026-07-28 00:27 NPT,05f8512,hospital,"Bir Hospital, Kathmandu",बीर अस्पताल,open,120 beds,2026-07-28 00:27 NPT
2026-07-28 00:27 NPT,05f8512,hospital,"TU Teaching Hospital, KTM",त्रिवि शिक्षण अस्पताल,open,95 beds,2026-07-28 00:27 NPT
2026-07-28 00:27 NPT,05f8512,hospital,"Patan Hospital, Lalitpur",पाटन अस्पताल,open,60 beds,2026-07-28 00:27 NPT
2026-07-28 00:27 NPT,05f8512,hospital,"Manipal College Hospital, PKR",मणिपाल अस्पताल,open,45 beds,2026-07-28 00:27 NPT
2026-07-28 00:27 NPT,05f8512,hospital,"Gandaki Medical College, PKR",गण्डकी अस्पताल,open,38 beds,2026-07-28 00:27 NPT
2026-07-28 00:27 NPT,05f8512,hospital,"BPKIHS, Dharan",बीपी कोइराला स्वास्थ्य,open,150 beds,2026-07-28 00:27 NPT
2026-07-28 00:27 NPT,05f8512,hospital,"Koshi Hospital, Biratnagar",कोशी अस्पताल,open,80 beds,2026-07-28 00:27 NPT
2026-07-28 00:27 NPT,05f8512,hospital,"Bheri Hospital, Nepalgunj",भेरी अस्पताल,open,70 beds,2026-07-28 00:27 NPT
2026-07-28 00:27 NPT,05f8512,hospital,Chitwan Medical College,चितवन मेडिकल कलेज,open,100 beds,2026-07-28 00:27 NPT
2026-07-28 00:27 NPT,05f8512,hospital,Lumbini Provincial Hospital,लुम्बिनी प्रादेशिक,open,110 beds,2026-07-28 00:27 NPT
2026-07-27 22:45 NPT,3673a8b,road,NH01 – Mahendra Rajmarg,महेन्द्र राजमार्ग,open,,2026-07-27 22:45 NPT
2026-07-27 22:45 NPT,3673a8b,road,NH02 – Mechi Rajmarg,मेची राजमार्ग,open,,2026-07-27 22:45 NPT
2026-07-27 22:45 NPT,3673a8b,road,NH03 – Puspalal Hwy (Mid-Hill),पुष्पलाल राजमार्ग,partial,"Landslide at Kanthekhola-5, Baglung",2026-07-27 22:45 NPT
2026-07-27 22:45 NPT,3673a8b,road,NH04 – Birtamod-Chandragadhi,विर्तामोड–चन्द्रगढी,open,,2026-07-27 22:45 NPT
2026-07-27 22:45 NPT,3673a8b,road,NH05 – Postal Hwy,हुलाकी राजमार्ग,open,,2026-07-27 22:45 NPT
2026-07-27 22:45 NPT,3673a8b,road,NH06 – Koshi Rajmarg,कोशी राजमार्ग,closed,"Landslide at Bhotkhola-2, Sankhuwasabha",2026-07-27 22:45 NPT
2026-07-27 22:45 NPT,3673a8b,road,NH08 – Sagarmatha Rajmarg,सगरमाथा राजमार्ग,closed,"Landslide at Bhotkhola-2, Sankhuwasabha",2026-07-27 22:45 NPT
2026-07-27 22:45 NPT,3673a8b,road,NH09 – Madan Bhandari Hwy,मदन भण्डारी राजमार्ग,open,,2026-07-27 22:45 NPT
2026-07-27 22:45 NPT,3673a8b,road,NH10 – Siddhartha Hwy,सिद्धार्थ राजमार्ग,open,,2026-07-27 22:45 NPT
2026-07-27 22:45 NPT,3673a8b,road,NH11 – Rapti Rajmarg,राप्ती राजमार्ग,open,,2026-07-27 22:45 NPT
2026-07-27 22:45 NPT,3673a8b,road,NH12 – Ratna Rajmarg,रत्न राजमार्ग,closed,"Landslide at Bhotkhola-2, Sankhuwasabha",2026-07-27 22:45 NPT
2026-07-27 22:45 NPT,3673a8b,road,NH13 – Karnali Rajmarg,कर्णाली राजमार्ग,open,,2026-07-27 22:45 NPT
2026-07-27 22:45 NPT,3673a8b,road,NH14 – Mahakali Rajmarg,महाकाली राजमार्ग,open,,2026-07-27 22:45 NPT
2026-07-27 22:45 NPT,3673a8b,road,NH15 – Seti Rajmarg,सेती राजमार्ग,open,,2026-07-27 22:45 NPT
2026-07-27 22:45 NPT,3673a8b,road,NH16 – Rapti-Lumbini Hwy,राप्ती-लुम्बिनी,open,,2026-07-27 22:45 NPT
2026-07-27 22:45 NPT,3673a8b,road,NH34 – Araniko Hwy,अरनिको राजमार्ग,closed,"Landslide at Bhotekoshi-2, Sindhupalchok",2026-07-27 22:45 NPT
2026-07-27 22:45 NPT,3673a8b,road,NH38 – BP Hwy,बीपी राजमार्ग,open,,2026-07-27 22:45 NPT
2026-07-27 22:45 NPT,3673a8b,road,NH41 – Tribhuvan Hwy,त्रिभुवन राजमार्ग,partial,"Landslide at Bhimphedi-9, Makwanpur",2026-07-27 22:45 NPT
2026-07-27 22:45 NPT,3673a8b,road,NH42 – Prithvi Hwy,पृथ्वी राजमार्ग,partial,"stone fall at Bandipur-4, Tanahu",2026-07-27 22:45 NPT
2026-07-27 22:45 NPT,3673a8b,road,NH43 – Narayanghat-Mugling,नारायणगढ–मुग्लिन,open,,2026-07-27 22:45 NPT
2026-07-27 22:45 NPT,3673a8b,airport,Tribhuvan Intl (KTM),त्रिभुवन अन्तर्राष्ट्रिय,open,Normal operations,2026-07-27 22:45 NPT
2026-07-27 22:45 NPT,3673a8b,airport,Gautam Buddha Intl (BWA),गौतम बुद्ध विमानस्थल,open,,2026-07-27 22:45 NPT
2026-07-27 22:45 NPT,3673a8b,airport,Pokhara Regional (PKR),पोखरा विमानस्थल,open,,2026-07-27 22:45 NPT
2026-07-27 22:45 NPT,3673a8b,airport,Bharatpur (BHR),भरतपुर विमानस्थल,open,,2026-07-27 22:45 NPT
2026-07-27 22:45 NPT,3673a8b,airport,Dhangadhi (DHI),धनगढी विमानस्थल,open,,2026-07-27 22:45 NPT
2026-07-27 22:45 NPT,3673a8b,airport,Biratnagar (BIR),विराटनगर विमानस्थल,open,,2026-07-27 22:45 NPT
2026-07-27 22:45 NPT,3673a8b,airport,Nepalgunj (KEP),नेपालगञ्ज विमानस्थल,open,,2026-07-27 22:45 NPT
2026-07-27 22:45 NPT,3673a8b,airport,Chandragadhi (BDP),चन्द्रगढी विमानस्थल,open,,2026-07-27 22:45 NPT
2026-07-27 22:45 NPT,3673a8b,airport,Janakpur (JKR),जनकपुर विमानस्थल,open,,2026-07-27 22:45 NPT
2026-07-27 22:45 NPT,3673a8b,airport,Simara (SIF),सिमरा विमानस्थल,open,,2026-07-27 22:45 NPT
2026-07-27 22:45 NPT,3673a8b,hospital,"Bir Hospital, Kathmandu",बीर अस्पताल,open,120 beds,2026-07-27 22:45 NPT
2026-07-27 22:45 NPT,3673a8b,hospital,"TU Teaching Hospital, KTM",त्रिवि शिक्षण अस्पताल,open,95 beds,2026-07-27 22:45 NPT
2026-07-27 22:45 NPT,3673a8b,hospital,"Patan Hospital, Lalitpur",पाटन अस्पताल,open,60 beds,2026-07-27 22:45 NPT
2026-07-27 22:45 NPT,3673a8b,hospital,"Manipal College Hospital, PKR",मणिपाल अस्पताल,open,45 beds,2026-07-27 22:45 NPT
2026-07-27 22:45 NPT,3673a8b,hospital,"Gandaki Medical College, PKR",गण्डकी अस्पताल,open,38 beds,2026-07-27 22:45 NPT
2026-07-27 22:45 NPT,3673a8b,hospital,"BPKIHS, Dharan",बीपी कोइराला स्वास्थ्य,open,150 beds,2026-07-27 22:45 NPT
2026-07-27 22:45 NPT,3673a8b,hospital,"Koshi Hospital, Biratnagar",कोशी अस्पताल,open,80 beds,2026-07-27 22:45 NPT
2026-07-27 22:45 NPT,3673a8b,hospital,"Bheri Hospital, Nepalgunj",भेरी अस्पताल,open,70 beds,2026-07-27 22:45 NPT
2026-07-27 22:45 NPT,3673a8b,hospital,Chitwan Medical College,चितवन मेडिकल कलेज,open,100 beds,2026-07-27 22:45 NPT
2026-07-27 22:45 NPT,3673a8b,hospital,Lumbini Provincial Hospital,लुम्बिनी प्रादेशिक,open,110 beds,2026-07-27 22:45 NPT
2026-07-27 20:25 NPT,5214f7a,road,NH01 – Mahendra Rajmarg,महेन्द्र राजमार्ग,open,,2026-07-27 20:25 NPT
2026-07-27 20:25 NPT,5214f7a,road,NH02 – Mechi Rajmarg,मेची राजमार्ग,open,,2026-07-27 20:25 NPT
2026-07-27 20:25 NPT,5214f7a,road,NH03 – Puspalal Hwy (Mid-Hill),पुष्पलाल राजमार्ग,open,,2026-07-27 20:25 NPT
2026-07-27 20:25 NPT,5214f7a,road,NH04 – Birtamod-Chandragadhi,विर्तामोड–चन्द्रगढी,open,,2026-07-27 20:25 NPT
2026-07-27 20:25 NPT,5214f7a,road,NH05 – Postal Hwy,हुलाकी राजमार्ग,open,,2026-07-27 20:25 NPT
2026-07-27 20:25 NPT,5214f7a,road,NH06 – Koshi Rajmarg,कोशी राजमार्ग,open,,2026-07-27 20:25 NPT
2026-07-27 20:25 NPT,5214f7a,road,NH08 – Sagarmatha Rajmarg,सगरमाथा राजमार्ग,open,,2026-07-27 20:25 NPT
2026-07-27 20:25 NPT,5214f7a,road,NH09 – Madan Bhandari Hwy,मदन भण्डारी राजमार्ग,open,,2026-07-27 20:25 NPT
2026-07-27 20:25 NPT,5214f7a,road,NH10 – Siddhartha Hwy,सिद्धार्थ राजमार्ग,open,,2026-07-27 20:25 NPT
2026-07-27 20:25 NPT,5214f7a,road,NH11 – Rapti Rajmarg,राप्ती राजमार्ग,open,,2026-07-27 20:25 NPT
2026-07-27 20:25 NPT,5214f7a,road,NH12 – Ratna Rajmarg,रत्न राजमार्ग,open,,2026-07-27 20:25 NPT
2026-07-27 20:25 NPT,5214f7a,road,NH13 – Karnali Rajmarg,कर्णाली राजमार्ग,closed,Blocked by landslide (Fallback),2026-07-27 20:25 NPT
2026-07-27 20:25 NPT,5214f7a,road,NH14 – Mahakali Rajmarg,महाकाली राजमार्ग,open,,2026-07-27 20:25 NPT
2026-07-27 20:25 NPT,5214f7a,road,NH15 – Seti Rajmarg,सेती राजमार्ग,open,,2026-07-27 20:25 NPT
2026-07-27 20:25 NPT,5214f7a,road,NH16 – Rapti-Lumbini Hwy,राप्ती-लुम्बिनी,open,,2026-07-27 20:25 NPT
2026-07-27 20:25 NPT,5214f7a,road,NH34 – Araniko Hwy,अरनिको राजमार्ग,open,,2026-07-27 20:25 NPT
2026-07-27 20:25 NPT,5214f7a,road,NH38 – BP Hwy,बीपी राजमार्ग,open,,2026-07-27 20:25 NPT
2026-07-27 20:25 NPT,5214f7a,road,NH41 – Tribhuvan Hwy,त्रिभुवन राजमार्ग,open,,2026-07-27 20:25 NPT
2026-07-27 20:25 NPT,5214f7a,road,NH42 – Prithvi Hwy,पृथ्वी राजमार्ग,open,,2026-07-27 20:25 NPT
2026-07-27 20:25 NPT,5214f7a,road,NH43 – Narayanghat-Mugling,नारायणगढ–मुग्लिन,open,,2026-07-27 20:25 NPT
2026-07-27 20:25 NPT,5214f7a,airport,Tribhuvan Intl (KTM),त्रिभुवन अन्तर्राष्ट्रिय,open,Normal operations,2026-07-27 20:25 NPT
2026-07-27 20:25 NPT,5214f7a,airport,Gautam Buddha Intl (BWA),गौतम बुद्ध विमानस्थल,open,,2026-07-27 20:25 NPT
2026-07-27 20:25 NPT,5214f7a,airport,Pokhara Regional (PKR),पोखरा विमानस्थल,open,,2026-07-27 20:25 NPT
2026-07-27 20:25 NPT,5214f7a,airport,Bharatpur (BHR),भरतपुर विमानस्थल,open,,2026-07-27 20:25 NPT
2026-07-27 20:25 NPT,5214f7a,airport,Dhangadhi (DHI),धनगढी विमानस्थल,open,,2026-07-27 20:25 NPT
2026-07-27 20:25 NPT,5214f7a,airport,Biratnagar (BIR),विराटनगर विमानस्थल,open,,2026-07-27 20:25 NPT
2026-07-27 20:25 NPT,5214f7a,airport,Nepalgunj (KEP),नेपालगञ्ज विमानस्थल,open,,2026-07-27 20:25 NPT
2026-07-27 20:25 NPT,5214f7a,airport,Chandragadhi (BDP),चन्द्रगढी विमानस्थल,open,,2026-07-27 20:25 NPT
2026-07-27 20:25 NPT,5214f7a,airport,Janakpur (JKR),जनकपुर विमानस्थल,open,,2026-07-27 20:25 NPT
2026-07-27 20:25 NPT,5214f7a,airport,Simara (SIF),सिमरा विमानस्थल,open,,2026-07-27 20:25 NPT
2026-07-27 20:25 NPT,5214f7a,hospital,"Bir Hospital, Kathmandu",बीर अस्पताल,open,120 beds,2026-07-27 20:25 NPT
2026-07-27 20:25 NPT,5214f7a,hospital,"TU Teaching Hospital, KTM",त्रिवि शिक्षण अस्पताल,open,95 beds,2026-07-27 20:25 NPT
2026-07-27 20:25 NPT,5214f7a,hospital,"Patan Hospital, Lalitpur",पाटन अस्पताल,open,60 beds,2026-07-27 20:25 NPT
2026-07-27 20:25 NPT,5214f7a,hospital,"Manipal College Hospital, PKR",मणिपाल अस्पताल,open,45 beds,2026-07-27 20:25 NPT
2026-07-27 20:25 NPT,5214f7a,hospital,"Gandaki Medical College, PKR",गण्डकी अस्पताल,open,38 beds,2026-07-27 20:25 NPT
2026-07-27 20:25 NPT,5214f7a,hospital,"BPKIHS, Dharan",बीपी कोइराला स्वास्थ्य,open,150 beds,2026-07-27 20:25 NPT
2026-07-27 20:25 NPT,5214f7a,hospital,"Koshi Hospital, Biratnagar",कोशी अस्पताल,open,80 beds,2026-07-27 20:25 NPT
2026-07-27 20:25 NPT,5214f7a,hospital,"Bheri Hospital, Nepalgunj",भेरी अस्पताल,open,70 beds,2026-07-27 20:25 NPT
2026-07-27 20:25 NPT,5214f7a,hospital,Chitwan Medical College,चितवन मेडिकल कलेज,open,100 beds,2026-07-27 20:25 NPT
2026-07-27 20:25 NPT,5214f7a,hospital,Lumbini Provincial Hospital,लुम्बिनी प्रादेशिक,open,110 beds,2026-07-27 20:25 NPT
2026-07-27 17:37 NPT,be25c81,road,NH01 – Mahendra Rajmarg,महेन्द्र राजमार्ग,open,,2026-07-27 17:37 NPT
2026-07-27 17:37 NPT,be25c81,road,NH02 – Mechi Rajmarg,मेची राजमार्ग,open,,2026-07-27 17:37 NPT
2026-07-27 17:37 NPT,be25c81,road,NH03 – Puspalal Hwy (Mid-Hill),पुष्पलाल राजमार्ग,partial,"Landslide at Sanibheri-2, Rukum West",2026-07-27 17:37 NPT
2026-07-27 17:37 NPT,be25c81,road,NH04 – Birtamod-Chandragadhi,विर्तामोड–चन्द्रगढी,open,,2026-07-27 17:37 NPT
2026-07-27 17:37 NPT,be25c81,road,NH05 – Postal Hwy,हुलाकी राजमार्ग,open,,2026-07-27 17:37 NPT
2026-07-27 17:37 NPT,be25c81,road,NH06 – Koshi Rajmarg,कोशी राजमार्ग,closed,"Landslide at Bhotkhola-2, Sankhuwasabha",2026-07-27 17:37 NPT
2026-07-27 17:37 NPT,be25c81,road,NH08 – Sagarmatha Rajmarg,सगरमाथा राजमार्ग,closed,"Landslide at Bhotkhola-2, Sankhuwasabha",2026-07-27 17:37 NPT
2026-07-27 17:37 NPT,be25c81,road,NH09 – Madan Bhandari Hwy,मदन भण्डारी राजमार्ग,open,,2026-07-27 17:37 NPT
2026-07-27 17:37 NPT,be25c81,road,NH10 – Siddhartha Hwy,सिद्धार्थ राजमार्ग,open,,2026-07-27 17:37 NPT
2026-07-27 17:37 NPT,be25c81,road,NH11 – Rapti Rajmarg,राप्ती राजमार्ग,open,,2026-07-27 17:37 NPT
2026-07-27 17:37 NPT,be25c81,road,NH12 – Ratna Rajmarg,रत्न राजमार्ग,closed,"Landslide at Bhotkhola-2, Sankhuwasabha",2026-07-27 17:37 NPT
2026-07-27 17:37 NPT,be25c81,road,NH13 – Karnali Rajmarg,कर्णाली राजमार्ग,open,,2026-07-27 17:37 NPT
2026-07-27 17:37 NPT,be25c81,road,NH14 – Mahakali Rajmarg,महाकाली राजमार्ग,open,,2026-07-27 17:37 NPT
2026-07-27 17:37 NPT,be25c81,road,NH15 – Seti Rajmarg,सेती राजमार्ग,open,,2026-07-27 17:37 NPT
2026-07-27 17:37 NPT,be25c81,road,NH16 – Rapti-Lumbini Hwy,राप्ती-लुम्बिनी,open,,2026-07-27 17:37 NPT
2026-07-27 17:37 NPT,be25c81,road,NH34 – Araniko Hwy,अरनिको राजमार्ग,closed,"Landslide at Bhotekoshi-4, Sindhupalchok",2026-07-27 17:37 NPT
2026-07-27 17:37 NPT,be25c81,road,NH38 – BP Hwy,बीपी राजमार्ग,open,,2026-07-27 17:37 NPT
2026-07-27 17:37 NPT,be25c81,road,NH41 – Tribhuvan Hwy,त्रिभुवन राजमार्ग,partial,"Landslide at Bhimphedi-9, Makwanpur",2026-07-27 17:37 NPT
2026-07-27 17:37 NPT,be25c81,road,NH42 – Prithvi Hwy,पृथ्वी राजमार्ग,closed,"Landslide at Uttargaya-5, Rasuwa",2026-07-27 17:37 NPT
2026-07-27 17:37 NPT,be25c81,road,NH43 – Narayanghat-Mugling,नारायणगढ–मुग्लिन,open,,2026-07-27 17:37 NPT
2026-07-27 17:37 NPT,be25c81,airport,Tribhuvan Intl (KTM),त्रिभुवन अन्तर्राष्ट्रिय,open,Normal operations,2026-07-27 17:37 NPT
2026-07-27 17:37 NPT,be25c81,airport,Gautam Buddha Intl (BWA),गौतम बुद्ध विमानस्थल,open,,2026-07-27 17:37 NPT
2026-07-27 17:37 NPT,be25c81,airport,Pokhara Regional (PKR),पोखरा विमानस्थल,open,,2026-07-27 17:37 NPT
2026-07-27 17:37 NPT,be25c81,airport,Bharatpur (BHR),भरतपुर विमानस्थल,open,,2026-07-27 17:37 NPT
2026-07-27 17:37 NPT,be25c81,airport,Dhangadhi (DHI),धनगढी विमानस्थल,open,,2026-07-27 17:37 NPT
2026-07-27 17:37 NPT,be25c81,airport,Biratnagar (BIR),विराटनगर विमानस्थल,open,,2026-07-27 17:37 NPT
2026-07-27 17:37 NPT,be25c81,airport,Nepalgunj (KEP),नेपालगञ्ज विमानस्थल,open,,2026-07-27 17:37 NPT
2026-07-27 17:37 NPT,be25c81,airport,Chandragadhi (BDP),चन्द्रगढी विमानस्थल,open,,2026-07-27 17:37 NPT
2026-07-27 17:37 NPT,be25c81,airport,Janakpur (JKR),जनकपुर विमानस्थल,open,,2026-07-27 17:37 NPT
2026-07-27 17:37 NPT,be25c81,airport,Simara (SIF),सिमरा विमानस्थल,open,,2026-07-27 17:37 NPT
2026-07-27 17:37 NPT,be25c81,hospital,"Bir Hospital, Kathmandu",बीर अस्पताल,open,120 beds,2026-07-27 17:37 NPT
2026-07-27 17:37 NPT,be25c81,hospital,"TU Teaching Hospital, KTM",त्रिवि शिक्षण अस्पताल,open,95 beds,2026-07-27 17:37 NPT
2026-07-27 17:37 NPT,be25c81,hospital,"Patan Hospital, Lalitpur",पाटन अस्पताल,open,60 beds,2026-07-27 17:37 NPT
2026-07-27 17:37 NPT,be25c81,hospital,"Manipal College Hospital, PKR",मणिपाल अस्पताल,open,45 beds,2026-07-27 17:37 NPT
2026-07-27 17:37 NPT,be25c81,hospital,"Gandaki Medical College, PKR",गण्डकी अस्पताल,open,38 beds,2026-07-27 17:37 NPT
2026-07-27 17:37 NPT,be25c81,hospital,"BPKIHS, Dharan",बीपी कोइराला स्वास्थ्य,open,150 beds,2026-07-27 17:37 NPT
2026-07-27 17:37 NPT,be25c81,hospital,"Koshi Hospital, Biratnagar",कोशी अस्पताल,open,80 beds,2026-07-27 17:37 NPT
2026-07-27 17:37 NPT,be25c81,hospital,"Bheri Hospital, Nepalgunj",भेरी अस्पताल,open,70 beds,2026-07-27 17:37 NPT
2026-07-27 17:37 NPT,be25c81,hospital,Chitwan Medical College,चितवन मेडिकल कलेज,open,100 beds,2026-07-27 17:37 NPT
2026-07-27 17:37 NPT,be25c81,hospital,Lumbini Provincial Hospital,लुम्बिनी प्रादेशिक,open,110 beds,2026-07-27 17:37 NPT
2026-07-27 13:47 NPT,061d7ac,road,NH01 – Mahendra Rajmarg,महेन्द्र राजमार्ग,open,,2026-07-27 13:47 NPT
2026-07-27 13:47 NPT,061d7ac,road,NH02 – Mechi Rajmarg,मेची राजमार्ग,open,,2026-07-27 13:47 NPT
2026-07-27 13:47 NPT,061d7ac,road,NH03 – Puspalal Hwy (Mid-Hill),पुष्पलाल राजमार्ग,partial,"Landslide at Sanibheri-2, Rukum West",2026-07-27 13:47 NPT
2026-07-27 13:47 NPT,061d7ac,road,NH04 – Birtamod-Chandragadhi,विर्तामोड–चन्द्रगढी,open,,2026-07-27 13:47 NPT
2026-07-27 13:47 NPT,061d7ac,road,NH05 – Postal Hwy,हुलाकी राजमार्ग,open,,2026-07-27 13:47 NPT
2026-07-27 13:47 NPT,061d7ac,road,NH06 – Koshi Rajmarg,कोशी राजमार्ग,closed,"Landslide at Bhotkhola-2, Sankhuwasabha",2026-07-27 13:47 NPT
2026-07-27 13:47 NPT,061d7ac,road,NH08 – Sagarmatha Rajmarg,सगरमाथा राजमार्ग,closed,"Landslide at Bhotkhola-2, Sankhuwasabha",2026-07-27 13:47 NPT
2026-07-27 13:47 NPT,061d7ac,road,NH09 – Madan Bhandari Hwy,मदन भण्डारी राजमार्ग,open,,2026-07-27 13:47 NPT
2026-07-27 13:47 NPT,061d7ac,road,NH10 – Siddhartha Hwy,सिद्धार्थ राजमार्ग,open,,2026-07-27 13:47 NPT
2026-07-27 13:47 NPT,061d7ac,road,NH11 – Rapti Rajmarg,राप्ती राजमार्ग,open,,2026-07-27 13:47 NPT
2026-07-27 13:47 NPT,061d7ac,road,NH12 – Ratna Rajmarg,रत्न राजमार्ग,closed,"Landslide at Bhotkhola-2, Sankhuwasabha",2026-07-27 13:47 NPT
2026-07-27 13:47 NPT,061d7ac,road,NH13 – Karnali Rajmarg,कर्णाली राजमार्ग,open,,2026-07-27 13:47 NPT
2026-07-27 13:47 NPT,061d7ac,road,NH14 – Mahakali Rajmarg,महाकाली राजमार्ग,open,,2026-07-27 13:47 NPT
2026-07-27 13:47 NPT,061d7ac,road,NH15 – Seti Rajmarg,सेती राजमार्ग,open,,2026-07-27 13:47 NPT
2026-07-27 13:47 NPT,061d7ac,road,NH16 – Rapti-Lumbini Hwy,राप्ती-लुम्बिनी,open,,2026-07-27 13:47 NPT
2026-07-27 13:47 NPT,061d7ac,road,NH34 – Araniko Hwy,अरनिको राजमार्ग,open,,2026-07-27 13:47 NPT
2026-07-27 13:47 NPT,061d7ac,road,NH38 – BP Hwy,बीपी राजमार्ग,open,,2026-07-27 13:47 NPT
2026-07-27 13:47 NPT,061d7ac,road,NH41 – Tribhuvan Hwy,त्रिभुवन राजमार्ग,partial,"Landslide at Bhimphedi-9, Makwanpur",2026-07-27 13:47 NPT
2026-07-27 13:47 NPT,061d7ac,road,NH42 – Prithvi Hwy,पृथ्वी राजमार्ग,open,,2026-07-27 13:47 NPT
2026-07-27 13:47 NPT,061d7ac,road,NH43 – Narayanghat-Mugling,नारायणगढ–मुग्लिन,open,,2026-07-27 13:47 NPT
2026-07-27 13:47 NPT,061d7ac,airport,Tribhuvan Intl (KTM),त्रिभुवन अन्तर्राष्ट्रिय,open,Normal operations,2026-07-27 13:47 NPT
2026-07-27 13:47 NPT,061d7ac,airport,Gautam Buddha Intl (BWA),गौतम बुद्ध विमानस्थल,open,,2026-07-27 13:47 NPT
2026-07-27 13:47 NPT,061d7ac,airport,Pokhara Regional (PKR),पोखरा विमानस्थल,open,,2026-07-27 13:47 NPT
2026-07-27 13:47 NPT,061d7ac,airport,Bharatpur (BHR),भरतपुर विमानस्थल,open,,2026-07-27 13:47 NPT
2026-07-27 13:47 NPT,061d7ac,airport,Dhangadhi (DHI),धनगढी विमानस्थल,open,,2026-07-27 13:47 NPT
2026-07-27 13:47 NPT,061d7ac,airport,Biratnagar (BIR),विराटनगर विमानस्थल,open,,2026-07-27 13:47 NPT
2026-07-27 13:47 NPT,061d7ac,airport,Nepalgunj (KEP),नेपालगञ्ज विमानस्थल,open,,2026-07-27 13:47 NPT
2026-07-27 13:47 NPT,061d7ac,airport,Chandragadhi (BDP),चन्द्रगढी विमानस्थल,open,,2026-07-27 13:47 NPT
2026-07-27 13:47 NPT,061d7ac,airport,Janakpur (JKR),जनकपुर विमानस्थल,open,,2026-07-27 13:47 NPT
2026-07-27 13:47 NPT,061d7ac,airport,Simara (SIF),सिमरा विमानस्थल,open,,2026-07-27 13:47 NPT
2026-07-27 13:47 NPT,061d7ac,hospital,"Bir Hospital, Kathmandu",बीर अस्पताल,open,120 beds,2026-07-27 13:47 NPT
2026-07-27 13:47 NPT,061d7ac,hospital,"TU Teaching Hospital, KTM",त्रिवि शिक्षण अस्पताल,open,95 beds,2026-07-27 13:47 NPT
2026-07-27 13:47 NPT,061d7ac,hospital,"Patan Hospital, Lalitpur",पाटन अस्पताल,open,60 beds,2026-07-27 13:47 NPT
2026-07-27 13:47 NPT,061d7ac,hospital,"Manipal College Hospital, PKR",मणिपाल अस्पताल,open,45 beds,2026-07-27 13:47 NPT
2026-07-27 13:47 NPT,061d7ac,hospital,"Gandaki Medical College, PKR",गण्डकी अस्पताल,open,38 beds,2026-07-27 13:47 NPT
2026-07-27 13:47 NPT,061d7ac,hospital,"BPKIHS, Dharan",बीपी कोइराला स्वास्थ्य,open,150 beds,2026-07-27 13:47 NPT
2026-07-27 13:47 NPT,061d7ac,hospital,"Koshi Hospital, Biratnagar",कोशी अस्पताल,open,80 beds,2026-07-27 13:47 NPT
2026-07-27 13:47 NPT,061d7ac,hospital,"Bheri Hospital, Nepalgunj",भेरी अस्पताल,open,70 beds,2026-07-27 13:47 NPT
2026-07-27 13:47 NPT,061d7ac,hospital,Chitwan Medical College,चितवन मेडिकल कलेज,open,100 beds,2026-07-27 13:47 NPT
2026-07-27 13:47 NPT,061d7ac,hospital,Lumbini Provincial Hospital,लुम्बिनी प्रादेशिक,open,110 beds,2026-07-27 13:47 NPT
2026-07-27 10:07 NPT,172ecd7,road,NH01 – Mahendra Rajmarg,महेन्द्र राजमार्ग,open,,2026-07-27 10:07 NPT
2026-07-27 10:07 NPT,172ecd7,road,NH02 – Mechi Rajmarg,मेची राजमार्ग,open,,2026-07-27 10:07 NPT
2026-07-27 10:07 NPT,172ecd7,road,NH03 – Puspalal Hwy (Mid-Hill),पुष्पलाल राजमार्ग,partial,"Landslide at Sanibheri-2, Rukum West",2026-07-27 10:07 NPT
2026-07-27 10:07 NPT,172ecd7,road,NH04 – Birtamod-Chandragadhi,विर्तामोड–चन्द्रगढी,open,,2026-07-27 10:07 NPT
2026-07-27 10:07 NPT,172ecd7,road,NH05 – Postal Hwy,हुलाकी राजमार्ग,open,,2026-07-27 10:07 NPT
2026-07-27 10:07 NPT,172ecd7,road,NH06 – Koshi Rajmarg,कोशी राजमार्ग,closed,"Landslide at Bhotkhola-2, Sankhuwasabha",2026-07-27 10:07 NPT
2026-07-27 10:07 NPT,172ecd7,road,NH08 – Sagarmatha Rajmarg,सगरमाथा राजमार्ग,closed,"Landslide at Bhotkhola-2, Sankhuwasabha",2026-07-27 10:07 NPT
2026-07-27 10:07 NPT,172ecd7,road,NH09 – Madan Bhandari Hwy,मदन भण्डारी राजमार्ग,open,,2026-07-27 10:07 NPT
2026-07-27 10:07 NPT,172ecd7,road,NH10 – Siddhartha Hwy,सिद्धार्थ राजमार्ग,open,,2026-07-27 10:07 NPT
2026-07-27 10:07 NPT,172ecd7,road,NH11 – Rapti Rajmarg,राप्ती राजमार्ग,open,,2026-07-27 10:07 NPT
2026-07-27 10:07 NPT,172ecd7,road,NH12 – Ratna Rajmarg,रत्न राजमार्ग,closed,"Landslide at Bhotkhola-2, Sankhuwasabha",2026-07-27 10:07 NPT
2026-07-27 10:07 NPT,172ecd7,road,NH13 – Karnali Rajmarg,कर्णाली राजमार्ग,open,,2026-07-27 10:07 NPT
2026-07-27 10:07 NPT,172ecd7,road,NH14 – Mahakali Rajmarg,महाकाली राजमार्ग,open,,2026-07-27 10:07 NPT
2026-07-27 10:07 NPT,172ecd7,road,NH15 – Seti Rajmarg,सेती राजमार्ग,open,,2026-07-27 10:07 NPT
2026-07-27 10:07 NPT,172ecd7,road,NH16 – Rapti-Lumbini Hwy,राप्ती-लुम्बिनी,open,,2026-07-27 10:07 NPT
2026-07-27 10:07 NPT,172ecd7,road,NH34 – Araniko Hwy,अरनिको राजमार्ग,closed,"Landslide at Bhotekoshi-4, Sindhupalchok",2026-07-27 10:07 NPT
2026-07-27 10:07 NPT,172ecd7,road,NH38 – BP Hwy,बीपी राजमार्ग,open,,2026-07-27 10:07 NPT
2026-07-27 10:07 NPT,172ecd7,road,NH41 – Tribhuvan Hwy,त्रिभुवन राजमार्ग,partial,"Landslide at Bhimphedi-9, Makwanpur",2026-07-27 10:07 NPT
2026-07-27 10:07 NPT,172ecd7,road,NH42 – Prithvi Hwy,पृथ्वी राजमार्ग,partial,"stone fall at Bandipur-4, Tanahu",2026-07-27 10:07 NPT
2026-07-27 10:07 NPT,172ecd7,road,NH43 – Narayanghat-Mugling,नारायणगढ–मुग्लिन,open,,2026-07-27 10:07 NPT
2026-07-27 10:07 NPT,172ecd7,airport,Tribhuvan Intl (KTM),त्रिभुवन अन्तर्राष्ट्रिय,open,Normal operations,2026-07-27 10:07 NPT
2026-07-27 10:07 NPT,172ecd7,airport,Gautam Buddha Intl (BWA),गौतम बुद्ध विमानस्थल,open,,2026-07-27 10:07 NPT
2026-07-27 10:07 NPT,172ecd7,airport,Pokhara Regional (PKR),पोखरा विमानस्थल,open,,2026-07-27 10:07 NPT
2026-07-27 10:07 NPT,172ecd7,airport,Bharatpur (BHR),भरतपुर विमानस्थल,open,,2026-07-27 10:07 NPT
2026-07-27 10:07 NPT,172ecd7,airport,Dhangadhi (DHI),धनगढी विमानस्थल,open,,2026-07-27 10:07 NPT
2026-07-27 10:07 NPT,172ecd7,airport,Biratnagar (BIR),विराटनगर विमानस्थल,open,,2026-07-27 10:07 NPT
2026-07-27 10:07 NPT,172ecd7,airport,Nepalgunj (KEP),नेपालगञ्ज विमानस्थल,open,,2026-07-27 10:07 NPT
2026-07-27 10:07 NPT,172ecd7,airport,Chandragadhi (BDP),चन्द्रगढी विमानस्थल,open,,2026-07-27 10:07 NPT
2026-07-27 10:07 NPT,172ecd7,airport,Janakpur (JKR),जनकपुर विमानस्थल,open,,2026-07-27 10:07 NPT
2026-07-27 10:07 NPT,172ecd7,airport,Simara (SIF),सिमरा विमानस्थल,open,,2026-07-27 10:07 NPT
2026-07-27 10:07 NPT,172ecd7,hospital,"Bir Hospital, Kathmandu",बीर अस्पताल,open,120 beds,2026-07-27 10:07 NPT
2026-07-27 10:07 NPT,172ecd7,hospital,"TU Teaching Hospital, KTM",त्रिवि शिक्षण अस्पताल,open,95 beds,2026-07-27 10:07 NPT
2026-07-27 10:07 NPT,172ecd7,hospital,"Patan Hospital, Lalitpur",पाटन अस्पताल,open,60 beds,2026-07-27 10:07 NPT
2026-07-27 10:07 NPT,172ecd7,hospital,"Manipal College Hospital, PKR",मणिपाल अस्पताल,open,45 beds,2026-07-27 10:07 NPT
2026-07-27 10:07 NPT,172ecd7,hospital,"Gandaki Medical College, PKR",गण्डकी अस्पताल,open,38 beds,2026-07-27 10:07 NPT
2026-07-27 10:07 NPT,172ecd7,hospital,"BPKIHS, Dharan",बीपी कोइराला स्वास्थ्य,open,150 beds,2026-07-27 10:07 NPT
2026-07-27 10:07 NPT,172ecd7,hospital,"Koshi Hospital, Biratnagar",कोशी अस्पताल,open,80 beds,2026-07-27 10:07 NPT
2026-07-27 10:07 NPT,172ecd7,hospital,"Bheri Hospital, Nepalgunj",भेरी अस्पताल,open,70 beds,2026-07-27 10:07 NPT
2026-07-27 10:07 NPT,172ecd7,hospital,Chitwan Medical College,चितवन मेडिकल कलेज,open,100 beds,2026-07-27 10:07 NPT
2026-07-27 10:07 NPT,172ecd7,hospital,Lumbini Provincial Hospital,लुम्बिनी प्रादेशिक,open,110 beds,2026-07-27 10:07 NPT
2026-07-27 05:46 NPT,88d724d,road,NH01 – Mahendra Rajmarg,महेन्द्र राजमार्ग,open,,2026-07-27 05:46 NPT
2026-07-27 05:46 NPT,88d724d,road,NH02 – Mechi Rajmarg,मेची राजमार्ग,open,,2026-07-27 05:46 NPT
2026-07-27 05:46 NPT,88d724d,road,NH03 – Puspalal Hwy (Mid-Hill),पुष्पलाल राजमार्ग,partial,"Landslide at Sanibheri-2, Rukum West",2026-07-27 05:46 NPT
2026-07-27 05:46 NPT,88d724d,road,NH04 – Birtamod-Chandragadhi,विर्तामोड–चन्द्रगढी,open,,2026-07-27 05:46 NPT
2026-07-27 05:46 NPT,88d724d,road,NH05 – Postal Hwy,हुलाकी राजमार्ग,open,,2026-07-27 05:46 NPT
2026-07-27 05:46 NPT,88d724d,road,NH06 – Koshi Rajmarg,कोशी राजमार्ग,closed,"Landslide at Bhotkhola-2, Sankhuwasabha",2026-07-27 05:46 NPT
2026-07-27 05:46 NPT,88d724d,road,NH08 – Sagarmatha Rajmarg,सगरमाथा राजमार्ग,closed,"Landslide at Bhotkhola-2, Sankhuwasabha",2026-07-27 05:46 NPT
2026-07-27 05:46 NPT,88d724d,road,NH09 – Madan Bhandari Hwy,मदन भण्डारी राजमार्ग,open,,2026-07-27 05:46 NPT
2026-07-27 05:46 NPT,88d724d,road,NH10 – Siddhartha Hwy,सिद्धार्थ राजमार्ग,open,,2026-07-27 05:46 NPT
2026-07-27 05:46 NPT,88d724d,road,NH11 – Rapti Rajmarg,राप्ती राजमार्ग,open,,2026-07-27 05:46 NPT
2026-07-27 05:46 NPT,88d724d,road,NH12 – Ratna Rajmarg,रत्न राजमार्ग,closed,"Landslide at Bhotkhola-2, Sankhuwasabha",2026-07-27 05:46 NPT
2026-07-27 05:46 NPT,88d724d,road,NH13 – Karnali Rajmarg,कर्णाली राजमार्ग,open,,2026-07-27 05:46 NPT
2026-07-27 05:46 NPT,88d724d,road,NH14 – Mahakali Rajmarg,महाकाली राजमार्ग,open,,2026-07-27 05:46 NPT
2026-07-27 05:46 NPT,88d724d,road,NH15 – Seti Rajmarg,सेती राजमार्ग,open,,2026-07-27 05:46 NPT
2026-07-27 05:46 NPT,88d724d,road,NH16 – Rapti-Lumbini Hwy,राप्ती-लुम्बिनी,open,,2026-07-27 05:46 NPT
2026-07-27 05:46 NPT,88d724d,road,NH34 – Araniko Hwy,अरनिको राजमार्ग,closed,"Landslide at Bhotekoshi-4, Sindhupalchok",2026-07-27 05:46 NPT
2026-07-27 05:46 NPT,88d724d,road,NH38 – BP Hwy,बीपी राजमार्ग,open,,2026-07-27 05:46 NPT
2026-07-27 05:46 NPT,88d724d,road,NH41 – Tribhuvan Hwy,त्रिभुवन राजमार्ग,partial,"Landslide at Bhimphedi-9, Makwanpur",2026-07-27 05:46 NPT
2026-07-27 05:46 NPT,88d724d,road,NH42 – Prithvi Hwy,पृथ्वी राजमार्ग,open,,2026-07-27 05:46 NPT
2026-07-27 05:46 NPT,88d724d,road,NH43 – Narayanghat-Mugling,नारायणगढ–मुग्लिन,open,,2026-07-27 05:46 NPT
2026-07-27 05:46 NPT,88d724d,airport,Tribhuvan Intl (KTM),त्रिभुवन अन्तर्राष्ट्रिय,open,Normal operations,2026-07-27 05:46 NPT
2026-07-27 05:46 NPT,88d724d,airport,Gautam Buddha Intl (BWA),गौतम बुद्ध विमानस्थल,open,,2026-07-27 05:46 NPT
2026-07-27 05:46 NPT,88d724d,airport,Pokhara Regional (PKR),पोखरा विमानस्थल,open,,2026-07-27 05:46 NPT
2026-07-27 05:46 NPT,88d724d,airport,Bharatpur (BHR),भरतपुर विमानस्थल,open,,2026-07-27 05:46 NPT
2026-07-27 05:46 NPT,88d724d,airport,Dhangadhi (DHI),धनगढी विमानस्थल,open,,2026-07-27 05:46 NPT
2026-07-27 05:46 NPT,88d724d,airport,Biratnagar (BIR),विराटनगर विमानस्थल,open,,2026-07-27 05:46 NPT
2026-07-27 05:46 NPT,88d724d,airport,Nepalgunj (KEP),नेपालगञ्ज विमानस्थल,open,,2026-07-27 05:46 NPT
2026-07-27 05:46 NPT,88d724d,airport,Chandragadhi (BDP),चन्द्रगढी विमानस्थल,open,,2026-07-27 05:46 NPT
2026-07-27 05:46 NPT,88d724d,airport,Janakpur (JKR),जनकपुर विमानस्थल,open,,2026-07-27 05:46 NPT
2026-07-27 05:46 NPT,88d724d,airport,Simara (SIF),सिमरा विमानस्थल,open,,2026-07-27 05:46 NPT
2026-07-27 05:46 NPT,88d724d,hospital,"Bir Hospital, Kathmandu",बीर अस्पताल,open,120 beds,2026-07-27 05:46 NPT
2026-07-27 05:46 NPT,88d724d,hospital,"TU Teaching Hospital, KTM",त्रिवि शिक्षण अस्पताल,open,95 beds,2026-07-27 05:46 NPT
2026-07-27 05:46 NPT,88d724d,hospital,"Patan Hospital, Lalitpur",पाटन अस्पताल,open,60 beds,2026-07-27 05:46 NPT
2026-07-27 05:46 NPT,88d724d,hospital,"Manipal College Hospital, PKR",मणिपाल अस्पताल,open,45 beds,2026-07-27 05:46 NPT
2026-07-27 05:46 NPT,88d724d,hospital,"Gandaki Medical College, PKR",गण्डकी अस्पताल,open,38 beds,2026-07-27 05:46 NPT
2026-07-27 05:46 NPT,88d724d,hospital,"BPKIHS, Dharan",बीपी कोइराला स्वास्थ्य,open,150 beds,2026-07-27 05:46 NPT
2026-07-27 05:46 NPT,88d724d,hospital,"Koshi Hospital, Biratnagar",कोशी अस्पताल,open,80 beds,2026-07-27 05:46 NPT
2026-07-27 05:46 NPT,88d724d,hospital,"Bheri Hospital, Nepalgunj",भेरी अस्पताल,open,70 beds,2026-07-27 05:46 NPT
2026-07-27 05:46 NPT,88d724d,hospital,Chitwan Medical College,चितवन मेडिकल कलेज,open,100 beds,2026-07-27 05:46 NPT
2026-07-27 05:46 NPT,88d724d,hospital,Lumbini Provincial Hospital,लुम्बिनी प्रादेशिक,open,110 beds,2026-07-27 05:46 NPT
2026-07-27 04:17 NPT,d453247,road,NH01 – Mahendra Rajmarg,महेन्द्र राजमार्ग,open,,2026-07-27 04:17 NPT
2026-07-27 04:17 NPT,d453247,road,NH02 – Mechi Rajmarg,मेची राजमार्ग,open,,2026-07-27 04:17 NPT
2026-07-27 04:17 NPT,d453247,road,NH03 – Puspalal Hwy (Mid-Hill),पुष्पलाल राजमार्ग,partial,"Landslide at Sanibheri-2, Rukum West",2026-07-27 04:17 NPT
2026-07-27 04:17 NPT,d453247,road,NH04 – Birtamod-Chandragadhi,विर्तामोड–चन्द्रगढी,open,,2026-07-27 04:17 NPT
2026-07-27 04:17 NPT,d453247,road,NH05 – Postal Hwy,हुलाकी राजमार्ग,open,,2026-07-27 04:17 NPT
2026-07-27 04:17 NPT,d453247,road,NH06 – Koshi Rajmarg,कोशी राजमार्ग,closed,"Landslide at Bhotkhola-2, Sankhuwasabha",2026-07-27 04:17 NPT
2026-07-27 04:17 NPT,d453247,road,NH08 – Sagarmatha Rajmarg,सगरमाथा राजमार्ग,closed,"Landslide at Bhotkhola-2, Sankhuwasabha",2026-07-27 04:17 NPT
2026-07-27 04:17 NPT,d453247,road,NH09 – Madan Bhandari Hwy,मदन भण्डारी राजमार्ग,open,,2026-07-27 04:17 NPT
2026-07-27 04:17 NPT,d453247,road,NH10 – Siddhartha Hwy,सिद्धार्थ राजमार्ग,open,,2026-07-27 04:17 NPT
2026-07-27 04:17 NPT,d453247,road,NH11 – Rapti Rajmarg,राप्ती राजमार्ग,open,,2026-07-27 04:17 NPT
2026-07-27 04:17 NPT,d453247,road,NH12 – Ratna Rajmarg,रत्न राजमार्ग,closed,"Landslide at Bhotkhola-2, Sankhuwasabha",2026-07-27 04:17 NPT
2026-07-27 04:17 NPT,d453247,road,NH13 – Karnali Rajmarg,कर्णाली राजमार्ग,open,,2026-07-27 04:17 NPT
2026-07-27 04:17 NPT,d453247,road,NH14 – Mahakali Rajmarg,महाकाली राजमार्ग,open,,2026-07-27 04:17 NPT
2026-07-27 04:17 NPT,d453247,road,NH15 – Seti Rajmarg,सेती राजमार्ग,open,,2026-07-27 04:17 NPT
2026-07-27 04:17 NPT,d453247,road,NH16 – Rapti-Lumbini Hwy,राप्ती-लुम्बिनी,open,,2026-07-27 04:17 NPT
2026-07-27 04:17 NPT,d453247,road,NH34 – Araniko Hwy,अरनिको राजमार्ग,closed,"Landslide at Bhotekoshi-2, Sindhupalchok",2026-07-27 04:17 NPT
2026-07-27 04:17 NPT,d453247,road,NH38 – BP Hwy,बीपी राजमार्ग,open,,2026-07-27 04:17 NPT
2026-07-27 04:17 NPT,d453247,road,NH41 – Tribhuvan Hwy,त्रिभुवन राजमार्ग,partial,"Landslide at Bhimphedi-9, Makwanpur",2026-07-27 04:17 NPT
2026-07-27 04:17 NPT,d453247,road,NH42 – Prithvi Hwy,पृथ्वी राजमार्ग,partial,"Landslide at Aanbookhaireni-2, Tanahu",2026-07-27 04:17 NPT
2026-07-27 04:17 NPT,d453247,road,NH43 – Narayanghat-Mugling,नारायणगढ–मुग्लिन,open,,2026-07-27 04:17 NPT
2026-07-27 04:17 NPT,d453247,airport,Tribhuvan Intl (KTM),त्रिभुवन अन्तर्राष्ट्रिय,open,Normal operations,2026-07-27 04:17 NPT
2026-07-27 04:17 NPT,d453247,airport,Gautam Buddha Intl (BWA),गौतम बुद्ध विमानस्थल,open,,2026-07-27 04:17 NPT
2026-07-27 04:17 NPT,d453247,airport,Pokhara Regional (PKR),पोखरा विमानस्थल,open,,2026-07-27 04:17 NPT
2026-07-27 04:17 NPT,d453247,airport,Bharatpur (BHR),भरतपुर विमानस्थल,open,,2026-07-27 04:17 NPT
2026-07-27 04:17 NPT,d453247,airport,Dhangadhi (DHI),धनगढी विमानस्थल,open,,2026-07-27 04:17 NPT
2026-07-27 04:17 NPT,d453247,airport,Biratnagar (BIR),विराटनगर विमानस्थल,open,,2026-07-27 04:17 NPT
2026-07-27 04:17 NPT,d453247,airport,Nepalgunj (KEP),नेपालगञ्ज विमानस्थल,open,,2026-07-27 04:17 NPT
2026-07-27 04:17 NPT,d453247,airport,Chandragadhi (BDP),चन्द्रगढी विमानस्थल,open,,2026-07-27 04:17 NPT
2026-07-27 04:17 NPT,d453247,airport,Janakpur (JKR),जनकपुर विमानस्थल,open,,2026-07-27 04:17 NPT
2026-07-27 04:17 NPT,d453247,airport,Simara (SIF),सिमरा विमानस्थल,open,,2026-07-27 04:17 NPT
2026-07-27 04:17 NPT,d453247,hospital,"Bir Hospital, Kathmandu",बीर अस्पताल,open,120 beds,2026-07-27 04:17 NPT
2026-07-27 04:17 NPT,d453247,hospital,"TU Teaching Hospital, KTM",त्रिवि शिक्षण अस्पताल,open,95 beds,2026-07-27 04:17 NPT
2026-07-27 04:17 NPT,d453247,hospital,"Patan Hospital, Lalitpur",पाटन अस्पताल,open,60 beds,2026-07-27 04:17 NPT
2026-07-27 04:17 NPT,d453247,hospital,"Manipal College Hospital, PKR",मणिपाल अस्पताल,open,45 beds,2026-07-27 04:17 NPT
2026-07-27 04:17 NPT,d453247,hospital,"Gandaki Medical College, PKR",गण्डकी अस्पताल,open,38 beds,2026-07-27 04:17 NPT
2026-07-27 04:17 NPT,d453247,hospital,"BPKIHS, Dharan",बीपी कोइराला स्वास्थ्य,open,150 beds,2026-07-27 04:17 NPT
2026-07-27 04:17 NPT,d453247,hospital,"Koshi Hospital, Biratnagar",कोशी अस्पताल,open,80 beds,2026-07-27 04:17 NPT
2026-07-27 04:17 NPT,d453247,hospital,"Bheri Hospital, Nepalgunj",भेरी अस्पताल,open,70 beds,2026-07-27 04:17 NPT
2026-07-27 04:17 NPT,d453247,hospital,Chitwan Medical College,चितवन मेडिकल कलेज,open,100 beds,2026-07-27 04:17 NPT
2026-07-27 04:17 NPT,d453247,hospital,Lumbini Provincial Hospital,लुम्बिनी प्रादेशिक,open,110 beds,2026-07-27 04:17 NPT
2026-07-27 03:12 NPT,bb82ab6,road,NH01 – Mahendra Rajmarg,महेन्द्र राजमार्ग,open,,2026-07-27 03:12 NPT
2026-07-27 03:12 NPT,bb82ab6,road,NH02 – Mechi Rajmarg,मेची राजमार्ग,open,,2026-07-27 03:12 NPT
2026-07-27 03:12 NPT,bb82ab6,road,NH03 – Puspalal Hwy (Mid-Hill),पुष्पलाल राजमार्ग,partial,"Landslide at Kanthekhola-5, Baglung",2026-07-27 03:12 NPT
2026-07-27 03:12 NPT,bb82ab6,road,NH04 – Birtamod-Chandragadhi,विर्तामोड–चन्द्रगढी,open,,2026-07-27 03:12 NPT
2026-07-27 03:12 NPT,bb82ab6,road,NH05 – Postal Hwy,हुलाकी राजमार्ग,open,,2026-07-27 03:12 NPT
2026-07-27 03:12 NPT,bb82ab6,road,NH06 – Koshi Rajmarg,कोशी राजमार्ग,closed,"Landslide at Bhotkhola-2, Sankhuwasabha",2026-07-27 03:12 NPT
2026-07-27 03:12 NPT,bb82ab6,road,NH08 – Sagarmatha Rajmarg,सगरमाथा राजमार्ग,closed,"Landslide at Bhotkhola-2, Sankhuwasabha",2026-07-27 03:12 NPT
2026-07-27 03:12 NPT,bb82ab6,road,NH09 – Madan Bhandari Hwy,मदन भण्डारी राजमार्ग,open,,2026-07-27 03:12 NPT
2026-07-27 03:12 NPT,bb82ab6,road,NH10 – Siddhartha Hwy,सिद्धार्थ राजमार्ग,open,,2026-07-27 03:12 NPT
2026-07-27 03:12 NPT,bb82ab6,road,NH11 – Rapti Rajmarg,राप्ती राजमार्ग,open,,2026-07-27 03:12 NPT
2026-07-27 03:12 NPT,bb82ab6,road,NH12 – Ratna Rajmarg,रत्न राजमार्ग,closed,"Landslide at Bhotkhola-2, Sankhuwasabha",2026-07-27 03:12 NPT
2026-07-27 03:12 NPT,bb82ab6,road,NH13 – Karnali Rajmarg,कर्णाली राजमार्ग,open,,2026-07-27 03:12 NPT
2026-07-27 03:12 NPT,bb82ab6,road,NH14 – Mahakali Rajmarg,महाकाली राजमार्ग,open,,2026-07-27 03:12 NPT
2026-07-27 03:12 NPT,bb82ab6,road,NH15 – Seti Rajmarg,सेती राजमार्ग,open,,2026-07-27 03:12 NPT
2026-07-27 03:12 NPT,bb82ab6,road,NH16 – Rapti-Lumbini Hwy,राप्ती-लुम्बिनी,open,,2026-07-27 03:12 NPT
2026-07-27 03:12 NPT,bb82ab6,road,NH34 – Araniko Hwy,अरनिको राजमार्ग,closed,"Landslide at Bhotekoshi-4, Sindhupalchok",2026-07-27 03:12 NPT
2026-07-27 03:12 NPT,bb82ab6,road,NH38 – BP Hwy,बीपी राजमार्ग,open,,2026-07-27 03:12 NPT
2026-07-27 03:12 NPT,bb82ab6,road,NH41 – Tribhuvan Hwy,त्रिभुवन राजमार्ग,partial,"Landslide at Bhimphedi-9, Makwanpur",2026-07-27 03:12 NPT
2026-07-27 03:12 NPT,bb82ab6,road,NH42 – Prithvi Hwy,पृथ्वी राजमार्ग,partial,"stone fall at Bandipur-4, Tanahu",2026-07-27 03:12 NPT
2026-07-27 03:12 NPT,bb82ab6,road,NH43 – Narayanghat-Mugling,नारायणगढ–मुग्लिन,open,,2026-07-27 03:12 NPT
2026-07-27 03:12 NPT,bb82ab6,airport,Tribhuvan Intl (KTM),त्रिभुवन अन्तर्राष्ट्रिय,open,Normal operations,2026-07-27 03:12 NPT
2026-07-27 03:12 NPT,bb82ab6,airport,Gautam Buddha Intl (BWA),गौतम बुद्ध विमानस्थल,open,,2026-07-27 03:12 NPT
2026-07-27 03:12 NPT,bb82ab6,airport,Pokhara Regional (PKR),पोखरा विमानस्थल,open,,2026-07-27 03:12 NPT
2026-07-27 03:12 NPT,bb82ab6,airport,Bharatpur (BHR),भरतपुर विमानस्थल,open,,2026-07-27 03:12 NPT
2026-07-27 03:12 NPT,bb82ab6,airport,Dhangadhi (DHI),धनगढी विमानस्थल,open,,2026-07-27 03:12 NPT
2026-07-27 03:12 NPT,bb82ab6,airport,Biratnagar (BIR),विराटनगर विमानस्थल,open,,2026-07-27 03:12 NPT
2026-07-27 03:12 NPT,bb82ab6,airport,Nepalgunj (KEP),नेपालगञ्ज विमानस्थल,open,,2026-07-27 03:12 NPT
2026-07-27 03:12 NPT,bb82ab6,airport,Chandragadhi (BDP),चन्द्रगढी विमानस्थल,open,,2026-07-27 03:12 NPT
2026-07-27 03:12 NPT,bb82ab6,airport,Janakpur (JKR),जनकपुर विमानस्थल,open,,2026-07-27 03:12 NPT
2026-07-27 03:12 NPT,bb82ab6,airport,Simara (SIF),सिमरा विमानस्थल,open,,2026-07-27 03:12 NPT
2026-07-27 03:12 NPT,bb82ab6,hospital,"Bir Hospital, Kathmandu",बीर अस्पताल,open,120 beds,2026-07-27 03:12 NPT
2026-07-27 03:12 NPT,bb82ab6,hospital,"TU Teaching Hospital, KTM",त्रिवि शिक्षण अस्पताल,open,95 beds,2026-07-27 03:12 NPT
2026-07-27 03:12 NPT,bb82ab6,hospital,"Patan Hospital, Lalitpur",पाटन अस्पताल,open,60 beds,2026-07-27 03:12 NPT
2026-07-27 03:12 NPT,bb82ab6,hospital,"Manipal College Hospital, PKR",मणिपाल अस्पताल,open,45 beds,2026-07-27 03:12 NPT
2026-07-27 03:12 NPT,bb82ab6,hospital,"Gandaki Medical College, PKR",गण्डकी अस्पताल,open,38 beds,2026-07-27 03:12 NPT
2026-07-27 03:12 NPT,bb82ab6,hospital,"BPKIHS, Dharan",बीपी कोइराला स्वास्थ्य,open,150 beds,2026-07-27 03:12 NPT
2026-07-27 03:12 NPT,bb82ab6,hospital,"Koshi Hospital, Biratnagar",कोशी अस्पताल,open,80 beds,2026-07-27 03:12 NPT
2026-07-27 03:12 NPT,bb82ab6,hospital,"Bheri Hospital, Nepalgunj",भेरी अस्पताल,open,70 beds,2026-07-27 03:12 NPT
2026-07-27 03:12 NPT,bb82ab6,hospital,Chitwan Medical College,चितवन मेडिकल कलेज,open,100 beds,2026-07-27 03:12 NPT
2026-07-27 03:12 NPT,bb82ab6,hospital,Lumbini Provincial Hospital,लुम्बिनी प्रादेशिक,open,110 beds,2026-07-27 03:12 NPT
2026-07-27 01:55 NPT,88cac01,road,NH01 – Mahendra Rajmarg,महेन्द्र राजमार्ग,open,,2026-07-27 01:55 NPT
2026-07-27 01:55 NPT,88cac01,road,NH02 – Mechi Rajmarg,मेची राजमार्ग,open,,2026-07-27 01:55 NPT
2026-07-27 01:55 NPT,88cac01,road,NH03 – Puspalal Hwy (Mid-Hill),पुष्पलाल राजमार्ग,partial,"Landslide at Kanthekhola-5, Baglung",2026-07-27 01:55 NPT
2026-07-27 01:55 NPT,88cac01,road,NH04 – Birtamod-Chandragadhi,विर्तामोड–चन्द्रगढी,open,,2026-07-27 01:55 NPT
2026-07-27 01:55 NPT,88cac01,road,NH05 – Postal Hwy,हुलाकी राजमार्ग,open,,2026-07-27 01:55 NPT
2026-07-27 01:55 NPT,88cac01,road,NH06 – Koshi Rajmarg,कोशी राजमार्ग,closed,"Landslide at Bhotkhola-2, Sankhuwasabha",2026-07-27 01:55 NPT
2026-07-27 01:55 NPT,88cac01,road,NH08 – Sagarmatha Rajmarg,सगरमाथा राजमार्ग,closed,"Landslide at Bhotkhola-2, Sankhuwasabha",2026-07-27 01:55 NPT
2026-07-27 01:55 NPT,88cac01,road,NH09 – Madan Bhandari Hwy,मदन भण्डारी राजमार्ग,open,,2026-07-27 01:55 NPT
2026-07-27 01:55 NPT,88cac01,road,NH10 – Siddhartha Hwy,सिद्धार्थ राजमार्ग,open,,2026-07-27 01:55 NPT
2026-07-27 01:55 NPT,88cac01,road,NH11 – Rapti Rajmarg,राप्ती राजमार्ग,open,,2026-07-27 01:55 NPT
2026-07-27 01:55 NPT,88cac01,road,NH12 – Ratna Rajmarg,रत्न राजमार्ग,closed,"Landslide at Bhotkhola-2, Sankhuwasabha",2026-07-27 01:55 NPT
2026-07-27 01:55 NPT,88cac01,road,NH13 – Karnali Rajmarg,कर्णाली राजमार्ग,open,,2026-07-27 01:55 NPT
2026-07-27 01:55 NPT,88cac01,road,NH14 – Mahakali Rajmarg,महाकाली राजमार्ग,open,,2026-07-27 01:55 NPT
2026-07-27 01:55 NPT,88cac01,road,NH15 – Seti Rajmarg,सेती राजमार्ग,open,,2026-07-27 01:55 NPT
2026-07-27 01:55 NPT,88cac01,road,NH16 – Rapti-Lumbini Hwy,राप्ती-लुम्बिनी,open,,2026-07-27 01:55 NPT
2026-07-27 01:55 NPT,88cac01,road,NH34 – Araniko Hwy,अरनिको राजमार्ग,closed,"Landslide at Bhotekoshi-2, Sindhupalchok",2026-07-27 01:55 NPT
2026-07-27 01:55 NPT,88cac01,road,NH38 – BP Hwy,बीपी राजमार्ग,open,,2026-07-27 01:55 NPT
2026-07-27 01:55 NPT,88cac01,road,NH41 – Tribhuvan Hwy,त्रिभुवन राजमार्ग,partial,"Landslide at Bhimphedi-9, Makwanpur",2026-07-27 01:55 NPT
2026-07-27 01:55 NPT,88cac01,road,NH42 – Prithvi Hwy,पृथ्वी राजमार्ग,partial,"Landslide at Aanbookhaireni-2, Tanahu",2026-07-27 01:55 NPT
2026-07-27 01:55 NPT,88cac01,road,NH43 – Narayanghat-Mugling,नारायणगढ–मुग्लिन,open,,2026-07-27 01:55 NPT
2026-07-27 01:55 NPT,88cac01,airport,Tribhuvan Intl (KTM),त्रिभुवन अन्तर्राष्ट्रिय,open,Normal operations,2026-07-27 01:55 NPT
2026-07-27 01:55 NPT,88cac01,airport,Gautam Buddha Intl (BWA),गौतम बुद्ध विमानस्थल,open,,2026-07-27 01:55 NPT
2026-07-27 01:55 NPT,88cac01,airport,Pokhara Regional (PKR),पोखरा विमानस्थल,open,,2026-07-27 01:55 NPT
2026-07-27 01:55 NPT,88cac01,airport,Bharatpur (BHR),भरतपुर विमानस्थल,open,,2026-07-27 01:55 NPT
2026-07-27 01:55 NPT,88cac01,airport,Dhangadhi (DHI),धनगढी विमानस्थल,open,,2026-07-27 01:55 NPT
2026-07-27 01:55 NPT,88cac01,airport,Biratnagar (BIR),विराटनगर विमानस्थल,open,,2026-07-27 01:55 NPT
2026-07-27 01:55 NPT,88cac01,airport,Nepalgunj (KEP),नेपालगञ्ज विमानस्थल,open,,2026-07-27 01:55 NPT
2026-07-27 01:55 NPT,88cac01,airport,Chandragadhi (BDP),चन्द्रगढी विमानस्थल,open,,2026-07-27 01:55 NPT
2026-07-27 01:55 NPT,88cac01,airport,Janakpur (JKR),जनकपुर विमानस्थल,open,,2026-07-27 01:55 NPT
2026-07-27 01:55 NPT,88cac01,airport,Simara (SIF),सिमरा विमानस्थल,open,,2026-07-27 01:55 NPT
2026-07-27 01:55 NPT,88cac01,hospital,"Bir Hospital, Kathmandu",बीर अस्पताल,open,120 beds,2026-07-27 01:55 NPT
2026-07-27 01:55 NPT,88cac01,hospital,"TU Teaching Hospital, KTM",त्रिवि शिक्षण अस्पताल,open,95 beds,2026-07-27 01:55 NPT
2026-07-27 01:55 NPT,88cac01,hospital,"Patan Hospital, Lalitpur",पाटन अस्पताल,open,60 beds,2026-07-27 01:55 NPT
2026-07-27 01:55 NPT,88cac01,hospital,"Manipal College Hospital, PKR",मणिपाल अस्पताल,open,45 beds,2026-07-27 01:55 NPT
2026-07-27 01:55 NPT,88cac01,hospital,"Gandaki Medical College, PKR",गण्डकी अस्पताल,open,38 beds,2026-07-27 01:55 NPT
2026-07-27 01:55 NPT,88cac01,hospital,"BPKIHS, Dharan",बीपी कोइराला स्वास्थ्य,open,150 beds,2026-07-27 01:55 NPT
2026-07-27 01:55 NPT,88cac01,hospital,"Koshi Hospital, Biratnagar",कोशी अस्पताल,open,80 beds,2026-07-27 01:55 NPT
2026-07-27 01:55 NPT,88cac01,hospital,"Bheri Hospital, Nepalgunj",भेरी अस्पताल,open,70 beds,2026-07-27 01:55 NPT
2026-07-27 01:55 NPT,88cac01,hospital,Chitwan Medical College,चितवन मेडिकल कलेज,open,100 beds,2026-07-27 01:55 NPT
2026-07-27 01:55 NPT,88cac01,hospital,Lumbini Provincial Hospital,लुम्बिनी प्रादेशिक,open,110 beds,2026-07-27 01:55 NPT
2026-07-27 00:17 NPT,736fe8e,road,NH01 – Mahendra Rajmarg,महेन्द्र राजमार्ग,open,,2026-07-27 00:17 NPT
2026-07-27 00:17 NPT,736fe8e,road,NH02 – Mechi Rajmarg,मेची राजमार्ग,open,,2026-07-27 00:17 NPT
2026-07-27 00:17 NPT,736fe8e,road,NH03 – Puspalal Hwy (Mid-Hill),पुष्पलाल राजमार्ग,partial,"Landslide at Sanibheri-2, Rukum West",2026-07-27 00:17 NPT
2026-07-27 00:17 NPT,736fe8e,road,NH04 – Birtamod-Chandragadhi,विर्तामोड–चन्द्रगढी,open,,2026-07-27 00:17 NPT
2026-07-27 00:17 NPT,736fe8e,road,NH05 – Postal Hwy,हुलाकी राजमार्ग,open,,2026-07-27 00:17 NPT
2026-07-27 00:17 NPT,736fe8e,road,NH06 – Koshi Rajmarg,कोशी राजमार्ग,closed,"Landslide at Bhotkhola-2, Sankhuwasabha",2026-07-27 00:17 NPT
2026-07-27 00:17 NPT,736fe8e,road,NH08 – Sagarmatha Rajmarg,सगरमाथा राजमार्ग,closed,"Landslide at Bhotkhola-2, Sankhuwasabha",2026-07-27 00:17 NPT
2026-07-27 00:17 NPT,736fe8e,road,NH09 – Madan Bhandari Hwy,मदन भण्डारी राजमार्ग,open,,2026-07-27 00:17 NPT
2026-07-27 00:17 NPT,736fe8e,road,NH10 – Siddhartha Hwy,सिद्धार्थ राजमार्ग,open,,2026-07-27 00:17 NPT
2026-07-27 00:17 NPT,736fe8e,road,NH11 – Rapti Rajmarg,राप्ती राजमार्ग,open,,2026-07-27 00:17 NPT
2026-07-27 00:17 NPT,736fe8e,road,NH12 – Ratna Rajmarg,रत्न राजमार्ग,closed,"Landslide at Bhotkhola-2, Sankhuwasabha",2026-07-27 00:17 NPT
2026-07-27 00:17 NPT,736fe8e,road,NH13 – Karnali Rajmarg,कर्णाली राजमार्ग,open,,2026-07-27 00:17 NPT
2026-07-27 00:17 NPT,736fe8e,road,NH14 – Mahakali Rajmarg,महाकाली राजमार्ग,open,,2026-07-27 00:17 NPT
2026-07-27 00:17 NPT,736fe8e,road,NH15 – Seti Rajmarg,सेती राजमार्ग,open,,2026-07-27 00:17 NPT
2026-07-27 00:17 NPT,736fe8e,road,NH16 – Rapti-Lumbini Hwy,राप्ती-लुम्बिनी,open,,2026-07-27 00:17 NPT
2026-07-27 00:17 NPT,736fe8e,road,NH34 – Araniko Hwy,अरनिको राजमार्ग,closed,"Landslide at Bhotekoshi-2, Sindhupalchok",2026-07-27 00:17 NPT
2026-07-27 00:17 NPT,736fe8e,road,NH38 – BP Hwy,बीपी राजमार्ग,open,,2026-07-27 00:17 NPT
2026-07-27 00:17 NPT,736fe8e,road,NH41 – Tribhuvan Hwy,त्रिभुवन राजमार्ग,partial,"Landslide at Bhimphedi-9, Makwanpur",2026-07-27 00:17 NPT
2026-07-27 00:17 NPT,736fe8e,road,NH42 – Prithvi Hwy,पृथ्वी राजमार्ग,partial,"stone fall at Bandipur-4, Tanahu",2026-07-27 00:17 NPT
2026-07-27 00:17 NPT,736fe8e,road,NH43 – Narayanghat-Mugling,नारायणगढ–मुग्लिन,open,,2026-07-27 00:17 NPT
2026-07-27 00:17 NPT,736fe8e,airport,Tribhuvan Intl (KTM),त्रिभुवन अन्तर्राष्ट्रिय,open,Normal operations,2026-07-27 00:17 NPT
2026-07-27 00:17 NPT,736fe8e,airport,Gautam Buddha Intl (BWA),गौतम बुद्ध विमानस्थल,open,,2026-07-27 00:17 NPT
2026-07-27 00:17 NPT,736fe8e,airport,Pokhara Regional (PKR),पोखरा विमानस्थल,open,,2026-07-27 00:17 NPT
2026-07-27 00:17 NPT,736fe8e,airport,Bharatpur (BHR),भरतपुर विमानस्थल,open,,2026-07-27 00:17 NPT
2026-07-27 00:17 NPT,736fe8e,airport,Dhangadhi (DHI),धनगढी विमानस्थल,open,,2026-07-27 00:17 NPT
2026-07-27 00:17 NPT,736fe8e,airport,Biratnagar (BIR),विराटनगर विमानस्थल,open,,2026-07-27 00:17 NPT
2026-07-27 00:17 NPT,736fe8e,airport,Nepalgunj (KEP),नेपालगञ्ज विमानस्थल,open,,2026-07-27 00:17 NPT
2026-07-27 00:17 NPT,736fe8e,airport,Chandragadhi (BDP),चन्द्रगढी विमानस्थल,open,,2026-07-27 00:17 NPT
2026-07-27 00:17 NPT,736fe8e,airport,Janakpur (JKR),जनकपुर विमानस्थल,open,,2026-07-27 00:17 NPT
2026-07-27 00:17 NPT,736fe8e,airport,Simara (SIF),सिमरा विमानस्थल,open,,2026-07-27 00:17 NPT
2026-07-27 00:17 NPT,736fe8e,hospital,"Bir Hospital, Kathmandu",बीर अस्पताल,open,120 beds,2026-07-27 00:17 NPT
2026-07-27 00:17 NPT,736fe8e,hospital,"TU Teaching Hospital, KTM",त्रिवि शिक्षण अस्पताल,open,95 beds,2026-07-27 00:17 NPT
2026-07-27 00:17 NPT,736fe8e,hospital,"Patan Hospital, Lalitpur",पाटन अस्पताल,open,60 beds,2026-07-27 00:17 NPT
2026-07-27 00:17 NPT,736fe8e,hospital,"Manipal College Hospital, PKR",मणिपाल अस्पताल,open,45 beds,2026-07-27 00:17 NPT
2026-07-27 00:17 NPT,736fe8e,hospital,"Gandaki Medical College, PKR",गण्डकी अस्पताल,open,38 beds,2026-07-27 00:17 NPT
2026-07-27 00:17 NPT,736fe8e,hospital,"BPKIHS, Dharan",बीपी कोइराला स्वास्थ्य,open,150 beds,2026-07-27 00:17 NPT
2026-07-27 00:17 NPT,736fe8e,hospital,"Koshi Hospital, Biratnagar",कोशी अस्पताल,open,80 beds,2026-07-27 00:17 NPT
2026-07-27 00:17 NPT,736fe8e,hospital,"Bheri Hospital, Nepalgunj",भेरी अस्पताल,open,70 beds,2026-07-27 00:17 NPT
2026-07-27 00:17 NPT,736fe8e,hospital,Chitwan Medical College,चितवन मेडिकल कलेज,open,100 beds,2026-07-27 00:17 NPT
2026-07-27 00:17 NPT,736fe8e,hospital,Lumbini Provincial Hospital,लुम्बिनी प्रादेशिक,open,110 beds,2026-07-27 00:17 NPT
2026-07-26 22:49 NPT,42e2fd5,road,NH01 – Mahendra Rajmarg,महेन्द्र राजमार्ग,open,,2026-07-26 22:49 NPT
2026-07-26 22:49 NPT,42e2fd5,road,NH02 – Mechi Rajmarg,मेची राजमार्ग,open,,2026-07-26 22:49 NPT
2026-07-26 22:49 NPT,42e2fd5,road,NH03 – Puspalal Hwy (Mid-Hill),पुष्पलाल राजमार्ग,partial,"Landslide at Sanibheri-2, Rukum West",2026-07-26 22:49 NPT
2026-07-26 22:49 NPT,42e2fd5,road,NH04 – Birtamod-Chandragadhi,विर्तामोड–चन्द्रगढी,open,,2026-07-26 22:49 NPT
2026-07-26 22:49 NPT,42e2fd5,road,NH05 – Postal Hwy,हुलाकी राजमार्ग,open,,2026-07-26 22:49 NPT
2026-07-26 22:49 NPT,42e2fd5,road,NH06 – Koshi Rajmarg,कोशी राजमार्ग,closed,"Landslide at Bhotkhola-2, Sankhuwasabha",2026-07-26 22:49 NPT
2026-07-26 22:49 NPT,42e2fd5,road,NH08 – Sagarmatha Rajmarg,सगरमाथा राजमार्ग,closed,"Landslide at Bhotkhola-2, Sankhuwasabha",2026-07-26 22:49 NPT
2026-07-26 22:49 NPT,42e2fd5,road,NH09 – Madan Bhandari Hwy,मदन भण्डारी राजमार्ग,open,,2026-07-26 22:49 NPT
2026-07-26 22:49 NPT,42e2fd5,road,NH10 – Siddhartha Hwy,सिद्धार्थ राजमार्ग,open,,2026-07-26 22:49 NPT
2026-07-26 22:49 NPT,42e2fd5,road,NH11 – Rapti Rajmarg,राप्ती राजमार्ग,open,,2026-07-26 22:49 NPT
2026-07-26 22:49 NPT,42e2fd5,road,NH12 – Ratna Rajmarg,रत्न राजमार्ग,closed,"Landslide at Bhotkhola-2, Sankhuwasabha",2026-07-26 22:49 NPT
2026-07-26 22:49 NPT,42e2fd5,road,NH13 – Karnali Rajmarg,कर्णाली राजमार्ग,open,,2026-07-26 22:49 NPT
2026-07-26 22:49 NPT,42e2fd5,road,NH14 – Mahakali Rajmarg,महाकाली राजमार्ग,open,,2026-07-26 22:49 NPT
2026-07-26 22:49 NPT,42e2fd5,road,NH15 – Seti Rajmarg,सेती राजमार्ग,open,,2026-07-26 22:49 NPT
2026-07-26 22:49 NPT,42e2fd5,road,NH16 – Rapti-Lumbini Hwy,राप्ती-लुम्बिनी,open,,2026-07-26 22:49 NPT
2026-07-26 22:49 NPT,42e2fd5,road,NH34 – Araniko Hwy,अरनिको राजमार्ग,closed,"Landslide at Bhotekoshi-2, Sindhupalchok",2026-07-26 22:49 NPT
2026-07-26 22:49 NPT,42e2fd5,road,NH38 – BP Hwy,बीपी राजमार्ग,open,,2026-07-26 22:49 NPT
2026-07-26 22:49 NPT,42e2fd5,road,NH41 – Tribhuvan Hwy,त्रिभुवन राजमार्ग,partial,"Landslide at Bhimphedi-9, Makwanpur",2026-07-26 22:49 NPT
2026-07-26 22:49 NPT,42e2fd5,road,NH42 – Prithvi Hwy,पृथ्वी राजमार्ग,partial,"Landslide at Aanbookhaireni-2, Tanahu",2026-07-26 22:49 NPT
2026-07-26 22:49 NPT,42e2fd5,road,NH43 – Narayanghat-Mugling,नारायणगढ–मुग्लिन,open,,2026-07-26 22:49 NPT
2026-07-26 22:49 NPT,42e2fd5,airport,Tribhuvan Intl (KTM),त्रिभुवन अन्तर्राष्ट्रिय,open,Normal operations,2026-07-26 22:49 NPT
2026-07-26 22:49 NPT,42e2fd5,airport,Gautam Buddha Intl (BWA),गौतम बुद्ध विमानस्थल,open,,2026-07-26 22:49 NPT
2026-07-26 22:49 NPT,42e2fd5,airport,Pokhara Regional (PKR),पोखरा विमानस्थल,open,,2026-07-26 22:49 NPT
2026-07-26 22:49 NPT,42e2fd5,airport,Bharatpur (BHR),भरतपुर विमानस्थल,open,,2026-07-26 22:49 NPT
2026-07-26 22:49 NPT,42e2fd5,airport,Dhangadhi (DHI),धनगढी विमानस्थल,open,,2026-07-26 22:49 NPT
2026-07-26 22:49 NPT,42e2fd5,airport,Biratnagar (BIR),विराटनगर विमानस्थल,open,,2026-07-26 22:49 NPT
2026-07-26 22:49 NPT,42e2fd5,airport,Nepalgunj (KEP),नेपालगञ्ज विमानस्थल,open,,2026-07-26 22:49 NPT
2026-07-26 22:49 NPT,42e2fd5,airport,Chandragadhi (BDP),चन्द्रगढी विमानस्थल,open,,2026-07-26 22:49 NPT
2026-07-26 22:49 NPT,42e2fd5,airport,Janakpur (JKR),जनकपुर विमानस्थल,open,,2026-07-26 22:49 NPT
2026-07-26 22:49 NPT,42e2fd5,airport,Simara (SIF),सिमरा विमानस्थल,open,,2026-07-26 22:49 NPT
2026-07-26 22:49 NPT,42e2fd5,hospital,"Bir Hospital, Kathmandu",बीर अस्पताल,open,120 beds,2026-07-26 22:49 NPT
2026-07-26 22:49 NPT,42e2fd5,hospital,"TU Teaching Hospital, KTM",त्रिवि शिक्षण अस्पताल,open,95 beds,2026-07-26 22:49 NPT
2026-07-26 22:49 NPT,42e2fd5,hospital,"Patan Hospital, Lalitpur",पाटन अस्पताल,open,60 beds,2026-07-26 22:49 NPT
2026-07-26 22:49 NPT,42e2fd5,hospital,"Manipal College Hospital, PKR",मणिपाल अस्पताल,open,45 beds,2026-07-26 22:49 NPT
2026-07-26 22:49 NPT,42e2fd5,hospital,"Gandaki Medical College, PKR",गण्डकी अस्पताल,open,38 beds,2026-07-26 22:49 NPT
2026-07-26 22:49 NPT,42e2fd5,hospital,"BPKIHS, Dharan",बीपी कोइराला स्वास्थ्य,open,150 beds,2026-07-26 22:49 NPT
2026-07-26 22:49 NPT,42e2fd5,hospital,"Koshi Hospital, Biratnagar",कोशी अस्पताल,open,80 beds,2026-07-26 22:49 NPT
2026-07-26 22:49 NPT,42e2fd5,hospital,"Bheri Hospital, Nepalgunj",भेरी अस्पताल,open,70 beds,2026-07-26 22:49 NPT
2026-07-26 22:49 NPT,42e2fd5,hospital,Chitwan Medical College,चितवन मेडिकल कलेज,open,100 beds,2026-07-26 22:49 NPT
2026-07-26 22:49 NPT,42e2fd5,hospital,Lumbini Provincial Hospital,लुम्बिनी प्रादेशिक,open,110 beds,2026-07-26 22:49 NPT
2026-07-26 21:24 NPT,cbd1c11,road,NH01 – Mahendra Rajmarg,महेन्द्र राजमार्ग,open,,2026-07-26 21:24 NPT
2026-07-26 21:24 NPT,cbd1c11,road,NH02 – Mechi Rajmarg,मेची राजमार्ग,open,,2026-07-26 21:24 NPT
2026-07-26 21:24 NPT,cbd1c11,road,NH03 – Puspalal Hwy (Mid-Hill),पुष्पलाल राजमार्ग,partial,"Landslide at Kanthekhola-5, Baglung",2026-07-26 21:24 NPT
2026-07-26 21:24 NPT,cbd1c11,road,NH04 – Birtamod-Chandragadhi,विर्तामोड–चन्द्रगढी,open,,2026-07-26 21:24 NPT
2026-07-26 21:24 NPT,cbd1c11,road,NH05 – Postal Hwy,हुलाकी राजमार्ग,open,,2026-07-26 21:24 NPT
2026-07-26 21:24 NPT,cbd1c11,road,NH06 – Koshi Rajmarg,कोशी राजमार्ग,closed,"Landslide at Bhotkhola-2, Sankhuwasabha",2026-07-26 21:24 NPT
2026-07-26 21:24 NPT,cbd1c11,road,NH08 – Sagarmatha Rajmarg,सगरमाथा राजमार्ग,closed,"Landslide at Bhotkhola-2, Sankhuwasabha",2026-07-26 21:24 NPT
2026-07-26 21:24 NPT,cbd1c11,road,NH09 – Madan Bhandari Hwy,मदन भण्डारी राजमार्ग,open,,2026-07-26 21:24 NPT
2026-07-26 21:24 NPT,cbd1c11,road,NH10 – Siddhartha Hwy,सिद्धार्थ राजमार्ग,open,,2026-07-26 21:24 NPT
2026-07-26 21:24 NPT,cbd1c11,road,NH11 – Rapti Rajmarg,राप्ती राजमार्ग,open,,2026-07-26 21:24 NPT
2026-07-26 21:24 NPT,cbd1c11,road,NH12 – Ratna Rajmarg,रत्न राजमार्ग,closed,"Landslide at Bhotkhola-2, Sankhuwasabha",2026-07-26 21:24 NPT
2026-07-26 21:24 NPT,cbd1c11,road,NH13 – Karnali Rajmarg,कर्णाली राजमार्ग,open,,2026-07-26 21:24 NPT
2026-07-26 21:24 NPT,cbd1c11,road,NH14 – Mahakali Rajmarg,महाकाली राजमार्ग,open,,2026-07-26 21:24 NPT
2026-07-26 21:24 NPT,cbd1c11,road,NH15 – Seti Rajmarg,सेती राजमार्ग,open,,2026-07-26 21:24 NPT
2026-07-26 21:24 NPT,cbd1c11,road,NH16 – Rapti-Lumbini Hwy,राप्ती-लुम्बिनी,open,,2026-07-26 21:24 NPT
2026-07-26 21:24 NPT,cbd1c11,road,NH34 – Araniko Hwy,अरनिको राजमार्ग,closed,"Landslide at Bhotekoshi-2, Sindhupalchok",2026-07-26 21:24 NPT
2026-07-26 21:24 NPT,cbd1c11,road,NH38 – BP Hwy,बीपी राजमार्ग,open,,2026-07-26 21:24 NPT
2026-07-26 21:24 NPT,cbd1c11,road,NH41 – Tribhuvan Hwy,त्रिभुवन राजमार्ग,partial,"Landslide at Bhimphedi-9, Makwanpur",2026-07-26 21:24 NPT
2026-07-26 21:24 NPT,cbd1c11,road,NH42 – Prithvi Hwy,पृथ्वी राजमार्ग,partial,"stone fall at Bandipur-4, Tanahu",2026-07-26 21:24 NPT
2026-07-26 21:24 NPT,cbd1c11,road,NH43 – Narayanghat-Mugling,नारायणगढ–मुग्लिन,open,,2026-07-26 21:24 NPT
2026-07-26 21:24 NPT,cbd1c11,airport,Tribhuvan Intl (KTM),त्रिभुवन अन्तर्राष्ट्रिय,open,Normal operations,2026-07-26 21:24 NPT
2026-07-26 21:24 NPT,cbd1c11,airport,Gautam Buddha Intl (BWA),गौतम बुद्ध विमानस्थल,open,,2026-07-26 21:24 NPT
2026-07-26 21:24 NPT,cbd1c11,airport,Pokhara Regional (PKR),पोखरा विमानस्थल,open,,2026-07-26 21:24 NPT
2026-07-26 21:24 NPT,cbd1c11,airport,Bharatpur (BHR),भरतपुर विमानस्थल,open,,2026-07-26 21:24 NPT
2026-07-26 21:24 NPT,cbd1c11,airport,Dhangadhi (DHI),धनगढी विमानस्थल,open,,2026-07-26 21:24 NPT
2026-07-26 21:24 NPT,cbd1c11,airport,Biratnagar (BIR),विराटनगर विमानस्थल,open,,2026-07-26 21:24 NPT
2026-07-26 21:24 NPT,cbd1c11,airport,Nepalgunj (KEP),नेपालगञ्ज विमानस्थल,open,,2026-07-26 21:24 NPT
2026-07-26 21:24 NPT,cbd1c11,airport,Chandragadhi (BDP),चन्द्रगढी विमानस्थल,open,,2026-07-26 21:24 NPT
2026-07-26 21:24 NPT,cbd1c11,airport,Janakpur (JKR),जनकपुर विमानस्थल,open,,2026-07-26 21:24 NPT
2026-07-26 21:24 NPT,cbd1c11,airport,Simara (SIF),सिमरा विमानस्थल,open,,2026-07-26 21:24 NPT
2026-07-26 21:24 NPT,cbd1c11,hospital,"Bir Hospital, Kathmandu",बीर अस्पताल,open,120 beds,2026-07-26 21:24 NPT
2026-07-26 21:24 NPT,cbd1c11,hospital,"TU Teaching Hospital, KTM",त्रिवि शिक्षण अस्पताल,open,95 beds,2026-07-26 21:24 NPT
2026-07-26 21:24 NPT,cbd1c11,hospital,"Patan Hospital, Lalitpur",पाटन अस्पताल,open,60 beds,2026-07-26 21:24 NPT
2026-07-26 21:24 NPT,cbd1c11,hospital,"Manipal College Hospital, PKR",मणिपाल अस्पताल,open,45 beds,2026-07-26 21:24 NPT
2026-07-26 21:24 NPT,cbd1c11,hospital,"Gandaki Medical College, PKR",गण्डकी अस्पताल,open,38 beds,2026-07-26 21:24 NPT
2026-07-26 21:24 NPT,cbd1c11,hospital,"BPKIHS, Dharan",बीपी कोइराला स्वास्थ्य,open,150 beds,2026-07-26 21:24 NPT
2026-07-26 21:24 NPT,cbd1c11,hospital,"Koshi Hospital, Biratnagar",कोशी अस्पताल,open,80 beds,2026-07-26 21:24 NPT
2026-07-26 21:24 NPT,cbd1c11,hospital,"Bheri Hospital, Nepalgunj",भेरी अस्पताल,open,70 beds,2026-07-26 21:24 NPT
2026-07-26 21:24 NPT,cbd1c11,hospital,Chitwan Medical College,चितवन मेडिकल कलेज,open,100 beds,2026-07-26 21:24 NPT
2026-07-26 21:24 NPT,cbd1c11,hospital,Lumbini Provincial Hospital,लुम्बिनी प्रादेशिक,open,110 beds,2026-07-26 21:24 NPT
2026-07-26 19:54 NPT,43aedb9,road,NH01 – Mahendra Rajmarg,महेन्द्र राजमार्ग,open,,2026-07-26 19:54 NPT
2026-07-26 19:54 NPT,43aedb9,road,NH02 – Mechi Rajmarg,मेची राजमार्ग,open,,2026-07-26 19:54 NPT
2026-07-26 19:54 NPT,43aedb9,road,NH03 – Puspalal Hwy (Mid-Hill),पुष्पलाल राजमार्ग,partial,"Landslide at Kanthekhola-5, Baglung",2026-07-26 19:54 NPT
2026-07-26 19:54 NPT,43aedb9,road,NH04 – Birtamod-Chandragadhi,विर्तामोड–चन्द्रगढी,open,,2026-07-26 19:54 NPT
2026-07-26 19:54 NPT,43aedb9,road,NH05 – Postal Hwy,हुलाकी राजमार्ग,open,,2026-07-26 19:54 NPT
2026-07-26 19:54 NPT,43aedb9,road,NH06 – Koshi Rajmarg,कोशी राजमार्ग,closed,"Landslide at Bhotkhola-2, Sankhuwasabha",2026-07-26 19:54 NPT
2026-07-26 19:54 NPT,43aedb9,road,NH08 – Sagarmatha Rajmarg,सगरमाथा राजमार्ग,closed,"Landslide at Bhotkhola-2, Sankhuwasabha",2026-07-26 19:54 NPT
2026-07-26 19:54 NPT,43aedb9,road,NH09 – Madan Bhandari Hwy,मदन भण्डारी राजमार्ग,open,,2026-07-26 19:54 NPT
2026-07-26 19:54 NPT,43aedb9,road,NH10 – Siddhartha Hwy,सिद्धार्थ राजमार्ग,open,,2026-07-26 19:54 NPT
2026-07-26 19:54 NPT,43aedb9,road,NH11 – Rapti Rajmarg,राप्ती राजमार्ग,open,,2026-07-26 19:54 NPT
2026-07-26 19:54 NPT,43aedb9,road,NH12 – Ratna Rajmarg,रत्न राजमार्ग,closed,"Landslide at Bhotkhola-2, Sankhuwasabha",2026-07-26 19:54 NPT
2026-07-26 19:54 NPT,43aedb9,road,NH13 – Karnali Rajmarg,कर्णाली राजमार्ग,open,,2026-07-26 19:54 NPT
2026-07-26 19:54 NPT,43aedb9,road,NH14 – Mahakali Rajmarg,महाकाली राजमार्ग,open,,2026-07-26 19:54 NPT
2026-07-26 19:54 NPT,43aedb9,road,NH15 – Seti Rajmarg,सेती राजमार्ग,open,,2026-07-26 19:54 NPT
2026-07-26 19:54 NPT,43aedb9,road,NH16 – Rapti-Lumbini Hwy,राप्ती-लुम्बिनी,open,,2026-07-26 19:54 NPT
2026-07-26 19:54 NPT,43aedb9,road,NH34 – Araniko Hwy,अरनिको राजमार्ग,closed,"Landslide at Bhotekoshi-2, Sindhupalchok",2026-07-26 19:54 NPT
2026-07-26 19:54 NPT,43aedb9,road,NH38 – BP Hwy,बीपी राजमार्ग,open,,2026-07-26 19:54 NPT
2026-07-26 19:54 NPT,43aedb9,road,NH41 – Tribhuvan Hwy,त्रिभुवन राजमार्ग,partial,"Landslide at Bhimphedi-9, Makwanpur",2026-07-26 19:54 NPT
2026-07-26 19:54 NPT,43aedb9,road,NH42 – Prithvi Hwy,पृथ्वी राजमार्ग,partial,"Landslide at Aanbookhaireni-2, Tanahu",2026-07-26 19:54 NPT
2026-07-26 19:54 NPT,43aedb9,road,NH43 – Narayanghat-Mugling,नारायणगढ–मुग्लिन,open,,2026-07-26 19:54 NPT
2026-07-26 19:54 NPT,43aedb9,airport,Tribhuvan Intl (KTM),त्रिभुवन अन्तर्राष्ट्रिय,open,Normal operations,2026-07-26 19:54 NPT
2026-07-26 19:54 NPT,43aedb9,airport,Gautam Buddha Intl (BWA),गौतम बुद्ध विमानस्थल,open,,2026-07-26 19:54 NPT
2026-07-26 19:54 NPT,43aedb9,airport,Pokhara Regional (PKR),पोखरा विमानस्थल,open,,2026-07-26 19:54 NPT
2026-07-26 19:54 NPT,43aedb9,airport,Bharatpur (BHR),भरतपुर विमानस्थल,open,,2026-07-26 19:54 NPT
2026-07-26 19:54 NPT,43aedb9,airport,Dhangadhi (DHI),धनगढी विमानस्थल,open,,2026-07-26 19:54 NPT
2026-07-26 19:54 NPT,43aedb9,airport,Biratnagar (BIR),विराटनगर विमानस्थल,open,,2026-07-26 19:54 NPT
2026-07-26 19:54 NPT,43aedb9,airport,Nepalgunj (KEP),नेपालगञ्ज विमानस्थल,open,,2026-07-26 19:54 NPT
2026-07-26 19:54 NPT,43aedb9,airport,Chandragadhi (BDP),चन्द्रगढी विमानस्थल,open,,2026-07-26 19:54 NPT
2026-07-26 19:54 NPT,43aedb9,airport,Janakpur (JKR),जनकपुर विमानस्थल,open,,2026-07-26 19:54 NPT
2026-07-26 19:54 NPT,43aedb9,airport,Simara (SIF),सिमरा विमानस्थल,open,,2026-07-26 19:54 NPT
2026-07-26 19:54 NPT,43aedb9,hospital,"Bir Hospital, Kathmandu",बीर अस्पताल,open,120 beds,2026-07-26 19:54 NPT
2026-07-26 19:54 NPT,43aedb9,hospital,"TU Teaching Hospital, KTM",त्रिवि शिक्षण अस्पताल,open,95 beds,2026-07-26 19:54 NPT
2026-07-26 19:54 NPT,43aedb9,hospital,"Patan Hospital, Lalitpur",पाटन अस्पताल,open,60 beds,2026-07-26 19:54 NPT
2026-07-26 19:54 NPT,43aedb9,hospital,"Manipal College Hospital, PKR",मणिपाल अस्पताल,open,45 beds,2026-07-26 19:54 NPT
2026-07-26 19:54 NPT,43aedb9,hospital,"Gandaki Medical College, PKR",गण्डकी अस्पताल,open,38 beds,2026-07-26 19:54 NPT
2026-07-26 19:54 NPT,43aedb9,hospital,"BPKIHS, Dharan",बीपी कोइराला स्वास्थ्य,open,150 beds,2026-07-26 19:54 NPT
2026-07-26 19:54 NPT,43aedb9,hospital,"Koshi Hospital, Biratnagar",कोशी अस्पताल,open,80 beds,2026-07-26 19:54 NPT
2026-07-26 19:54 NPT,43aedb9,hospital,"Bheri Hospital, Nepalgunj",भेरी अस्पताल,open,70 beds,2026-07-26 19:54 NPT
2026-07-26 19:54 NPT,43aedb9,hospital,Chitwan Medical College,चितवन मेडिकल कलेज,open,100 beds,2026-07-26 19:54 NPT
2026-07-26 19:54 NPT,43aedb9,hospital,Lumbini Provincial Hospital,लुम्बिनी प्रादेशिक,open,110 beds,2026-07-26 19:54 NPT
2026-07-26 17:49 NPT,8a9f223,road,NH01 – Mahendra Rajmarg,महेन्द्र राजमार्ग,open,,2026-07-26 17:49 NPT
2026-07-26 17:49 NPT,8a9f223,road,NH02 – Mechi Rajmarg,मेची राजमार्ग,open,,2026-07-26 17:49 NPT
2026-07-26 17:49 NPT,8a9f223,road,NH03 – Puspalal Hwy (Mid-Hill),पुष्पलाल राजमार्ग,partial,"Landslide at Sanibheri-2, Rukum West",2026-07-26 17:49 NPT
2026-07-26 17:49 NPT,8a9f223,road,NH04 – Birtamod-Chandragadhi,विर्तामोड–चन्द्रगढी,open,,2026-07-26 17:49 NPT
2026-07-26 17:49 NPT,8a9f223,road,NH05 – Postal Hwy,हुलाकी राजमार्ग,open,,2026-07-26 17:49 NPT
2026-07-26 17:49 NPT,8a9f223,road,NH06 – Koshi Rajmarg,कोशी राजमार्ग,closed,"Landslide at Bhotkhola-2, Sankhuwasabha",2026-07-26 17:49 NPT
2026-07-26 17:49 NPT,8a9f223,road,NH08 – Sagarmatha Rajmarg,सगरमाथा राजमार्ग,closed,"Landslide at Bhotkhola-2, Sankhuwasabha",2026-07-26 17:49 NPT
2026-07-26 17:49 NPT,8a9f223,road,NH09 – Madan Bhandari Hwy,मदन भण्डारी राजमार्ग,open,,2026-07-26 17:49 NPT
2026-07-26 17:49 NPT,8a9f223,road,NH10 – Siddhartha Hwy,सिद्धार्थ राजमार्ग,open,,2026-07-26 17:49 NPT
2026-07-26 17:49 NPT,8a9f223,road,NH11 – Rapti Rajmarg,राप्ती राजमार्ग,open,,2026-07-26 17:49 NPT
2026-07-26 17:49 NPT,8a9f223,road,NH12 – Ratna Rajmarg,रत्न राजमार्ग,closed,"Landslide at Bhotkhola-2, Sankhuwasabha",2026-07-26 17:49 NPT
2026-07-26 17:49 NPT,8a9f223,road,NH13 – Karnali Rajmarg,कर्णाली राजमार्ग,open,,2026-07-26 17:49 NPT
2026-07-26 17:49 NPT,8a9f223,road,NH14 – Mahakali Rajmarg,महाकाली राजमार्ग,open,,2026-07-26 17:49 NPT
2026-07-26 17:49 NPT,8a9f223,road,NH15 – Seti Rajmarg,सेती राजमार्ग,open,,2026-07-26 17:49 NPT
2026-07-26 17:49 NPT,8a9f223,road,NH16 – Rapti-Lumbini Hwy,राप्ती-लुम्बिनी,open,,2026-07-26 17:49 NPT
2026-07-26 17:49 NPT,8a9f223,road,NH34 – Araniko Hwy,अरनिको राजमार्ग,closed,"Landslide at Bhotekoshi-2, Sindhupalchok",2026-07-26 17:49 NPT
2026-07-26 17:49 NPT,8a9f223,road,NH38 – BP Hwy,बीपी राजमार्ग,open,,2026-07-26 17:49 NPT
2026-07-26 17:49 NPT,8a9f223,road,NH41 – Tribhuvan Hwy,त्रिभुवन राजमार्ग,partial,"Landslide at Bhimphedi-9, Makwanpur",2026-07-26 17:49 NPT
2026-07-26 17:49 NPT,8a9f223,road,NH42 – Prithvi Hwy,पृथ्वी राजमार्ग,partial,"stone fall at Bandipur-4, Tanahu",2026-07-26 17:49 NPT
2026-07-26 17:49 NPT,8a9f223,road,NH43 – Narayanghat-Mugling,नारायणगढ–मुग्लिन,open,,2026-07-26 17:49 NPT
2026-07-26 17:49 NPT,8a9f223,airport,Tribhuvan Intl (KTM),त्रिभुवन अन्तर्राष्ट्रिय,open,Normal operations,2026-07-26 17:49 NPT
2026-07-26 17:49 NPT,8a9f223,airport,Gautam Buddha Intl (BWA),गौतम बुद्ध विमानस्थल,open,,2026-07-26 17:49 NPT
2026-07-26 17:49 NPT,8a9f223,airport,Pokhara Regional (PKR),पोखरा विमानस्थल,open,,2026-07-26 17:49 NPT
2026-07-26 17:49 NPT,8a9f223,airport,Bharatpur (BHR),भरतपुर विमानस्थल,open,,2026-07-26 17:49 NPT
2026-07-26 17:49 NPT,8a9f223,airport,Dhangadhi (DHI),धनगढी विमानस्थल,open,,2026-07-26 17:49 NPT
2026-07-26 17:49 NPT,8a9f223,airport,Biratnagar (BIR),विराटनगर विमानस्थल,open,,2026-07-26 17:49 NPT
2026-07-26 17:49 NPT,8a9f223,airport,Nepalgunj (KEP),नेपालगञ्ज विमानस्थल,open,,2026-07-26 17:49 NPT
2026-07-26 17:49 NPT,8a9f223,airport,Chandragadhi (BDP),चन्द्रगढी विमानस्थल,open,,2026-07-26 17:49 NPT
2026-07-26 17:49 NPT,8a9f223,airport,Janakpur (JKR),जनकपुर विमानस्थल,open,,2026-07-26 17:49 NPT
2026-07-26 17:49 NPT,8a9f223,airport,Simara (SIF),सिमरा विमानस्थल,open,,2026-07-26 17:49 NPT
2026-07-26 17:49 NPT,8a9f223,hospital,"Bir Hospital, Kathmandu",बीर अस्पताल,open,120 beds,2026-07-26 17:49 NPT
2026-07-26 17:49 NPT,8a9f223,hospital,"TU Teaching Hospital, KTM",त्रिवि शिक्षण अस्पताल,open,95 beds,2026-07-26 17:49 NPT
2026-07-26 17:49 NPT,8a9f223,hospital,"Patan Hospital, Lalitpur",पाटन अस्पताल,open,60 beds,2026-07-26 17:49 NPT
2026-07-26 17:49 NPT,8a9f223,hospital,"Manipal College Hospital, PKR",मणिपाल अस्पताल,open,45 beds,2026-07-26 17:49 NPT
2026-07-26 17:49 NPT,8a9f223,hospital,"Gandaki Medical College, PKR",गण्डकी अस्पताल,open,38 beds,2026-07-26 17:49 NPT
2026-07-26 17:49 NPT,8a9f223,hospital,"BPKIHS, Dharan",बीपी कोइराला स्वास्थ्य,open,150 beds,2026-07-26 17:49 NPT
2026-07-26 17:49 NPT,8a9f223,hospital,"Koshi Hospital, Biratnagar",कोशी अस्पताल,open,80 beds,2026-07-26 17:49 NPT
2026-07-26 17:49 NPT,8a9f223,hospital,"Bheri Hospital, Nepalgunj",भेरी अस्पताल,open,70 beds,2026-07-26 17:49 NPT
2026-07-26 17:49 NPT,8a9f223,hospital,Chitwan Medical College,चितवन मेडिकल कलेज,open,100 beds,2026-07-26 17:49 NPT
2026-07-26 17:49 NPT,8a9f223,hospital,Lumbini Provincial Hospital,लुम्बिनी प्रादेशिक,open,110 beds,2026-07-26 17:49 NPT
2026-07-26 16:33 NPT,38393e4,road,NH01 – Mahendra Rajmarg,महेन्द्र राजमार्ग,open,,2026-07-26 16:33 NPT
2026-07-26 16:33 NPT,38393e4,road,NH02 – Mechi Rajmarg,मेची राजमार्ग,open,,2026-07-26 16:33 NPT
2026-07-26 16:33 NPT,38393e4,road,NH03 – Puspalal Hwy (Mid-Hill),पुष्पलाल राजमार्ग,partial,"Landslide at Sanibheri-2, Rukum West",2026-07-26 16:33 NPT
2026-07-26 16:33 NPT,38393e4,road,NH04 – Birtamod-Chandragadhi,विर्तामोड–चन्द्रगढी,open,,2026-07-26 16:33 NPT
2026-07-26 16:33 NPT,38393e4,road,NH05 – Postal Hwy,हुलाकी राजमार्ग,open,,2026-07-26 16:33 NPT
2026-07-26 16:33 NPT,38393e4,road,NH06 – Koshi Rajmarg,कोशी राजमार्ग,closed,"Landslide at Bhotkhola-2, Sankhuwasabha",2026-07-26 16:33 NPT
2026-07-26 16:33 NPT,38393e4,road,NH08 – Sagarmatha Rajmarg,सगरमाथा राजमार्ग,closed,"Landslide at Bhotkhola-2, Sankhuwasabha",2026-07-26 16:33 NPT
2026-07-26 16:33 NPT,38393e4,road,NH09 – Madan Bhandari Hwy,मदन भण्डारी राजमार्ग,open,,2026-07-26 16:33 NPT
2026-07-26 16:33 NPT,38393e4,road,NH10 – Siddhartha Hwy,सिद्धार्थ राजमार्ग,open,,2026-07-26 16:33 NPT
2026-07-26 16:33 NPT,38393e4,road,NH11 – Rapti Rajmarg,राप्ती राजमार्ग,open,,2026-07-26 16:33 NPT
2026-07-26 16:33 NPT,38393e4,road,NH12 – Ratna Rajmarg,रत्न राजमार्ग,closed,"Landslide at Bhotkhola-2, Sankhuwasabha",2026-07-26 16:33 NPT
2026-07-26 16:33 NPT,38393e4,road,NH13 – Karnali Rajmarg,कर्णाली राजमार्ग,open,,2026-07-26 16:33 NPT
2026-07-26 16:33 NPT,38393e4,road,NH14 – Mahakali Rajmarg,महाकाली राजमार्ग,open,,2026-07-26 16:33 NPT
2026-07-26 16:33 NPT,38393e4,road,NH15 – Seti Rajmarg,सेती राजमार्ग,open,,2026-07-26 16:33 NPT
2026-07-26 16:33 NPT,38393e4,road,NH16 – Rapti-Lumbini Hwy,राप्ती-लुम्बिनी,open,,2026-07-26 16:33 NPT
2026-07-26 16:33 NPT,38393e4,road,NH34 – Araniko Hwy,अरनिको राजमार्ग,closed,"Landslide at Bhotekoshi-2, Sindhupalchok",2026-07-26 16:33 NPT
2026-07-26 16:33 NPT,38393e4,road,NH38 – BP Hwy,बीपी राजमार्ग,open,,2026-07-26 16:33 NPT
2026-07-26 16:33 NPT,38393e4,road,NH41 – Tribhuvan Hwy,त्रिभुवन राजमार्ग,partial,"Landslide at Bhimphedi-9, Makwanpur",2026-07-26 16:33 NPT
2026-07-26 16:33 NPT,38393e4,road,NH42 – Prithvi Hwy,पृथ्वी राजमार्ग,partial,"Landslide at Aanbookhaireni-2, Tanahu",2026-07-26 16:33 NPT
2026-07-26 16:33 NPT,38393e4,road,NH43 – Narayanghat-Mugling,नारायणगढ–मुग्लिन,open,,2026-07-26 16:33 NPT
2026-07-26 16:33 NPT,38393e4,airport,Tribhuvan Intl (KTM),त्रिभुवन अन्तर्राष्ट्रिय,open,Normal operations,2026-07-26 16:33 NPT
2026-07-26 16:33 NPT,38393e4,airport,Gautam Buddha Intl (BWA),गौतम बुद्ध विमानस्थल,open,,2026-07-26 16:33 NPT
2026-07-26 16:33 NPT,38393e4,airport,Pokhara Regional (PKR),पोखरा विमानस्थल,open,,2026-07-26 16:33 NPT
2026-07-26 16:33 NPT,38393e4,airport,Bharatpur (BHR),भरतपुर विमानस्थल,open,,2026-07-26 16:33 NPT
2026-07-26 16:33 NPT,38393e4,airport,Dhangadhi (DHI),धनगढी विमानस्थल,open,,2026-07-26 16:33 NPT
2026-07-26 16:33 NPT,38393e4,airport,Biratnagar (BIR),विराटनगर विमानस्थल,open,,2026-07-26 16:33 NPT
2026-07-26 16:33 NPT,38393e4,airport,Nepalgunj (KEP),नेपालगञ्ज विमानस्थल,open,,2026-07-26 16:33 NPT
2026-07-26 16:33 NPT,38393e4,airport,Chandragadhi (BDP),चन्द्रगढी विमानस्थल,open,,2026-07-26 16:33 NPT
2026-07-26 16:33 NPT,38393e4,airport,Janakpur (JKR),जनकपुर विमानस्थल,open,,2026-07-26 16:33 NPT
2026-07-26 16:33 NPT,38393e4,airport,Simara (SIF),सिमरा विमानस्थल,open,,2026-07-26 16:33 NPT
2026-07-26 16:33 NPT,38393e4,hospital,"Bir Hospital, Kathmandu",बीर अस्पताल,open,120 beds,2026-07-26 16:33 NPT
2026-07-26 16:33 NPT,38393e4,hospital,"TU Teaching Hospital, KTM",त्रिवि शिक्षण अस्पताल,open,95 beds,2026-07-26 16:33 NPT
2026-07-26 16:33 NPT,38393e4,hospital,"Patan Hospital, Lalitpur",पाटन अस्पताल,open,60 beds,2026-07-26 16:33 NPT
2026-07-26 16:33 NPT,38393e4,hospital,"Manipal College Hospital, PKR",मणिपाल अस्पताल,open,45 beds,2026-07-26 16:33 NPT
2026-07-26 16:33 NPT,38393e4,hospital,"Gandaki Medical College, PKR",गण्डकी अस्पताल,open,38 beds,2026-07-26 16:33 NPT
2026-07-26 16:33 NPT,38393e4,hospital,"BPKIHS, Dharan",बीपी कोइराला स्वास्थ्य,open,150 beds,2026-07-26 16:33 NPT
2026-07-26 16:33 NPT,38393e4,hospital,"Koshi Hospital, Biratnagar",कोशी अस्पताल,open,80 beds,2026-07-26 16:33 NPT
2026-07-26 16:33 NPT,38393e4,hospital,"Bheri Hospital, Nepalgunj",भेरी अस्पताल,open,70 beds,2026-07-26 16:33 NPT
2026-07-26 16:33 NPT,38393e4,hospital,Chitwan Medical College,चितवन मेडिकल कलेज,open,100 beds,2026-07-26 16:33 NPT
2026-07-26 16:33 NPT,38393e4,hospital,Lumbini Provincial Hospital,लुम्बिनी प्रादेशिक,open,110 beds,2026-07-26 16:33 NPT
2026-07-26 14:42 NPT,5bf545c,road,NH01 – Mahendra Rajmarg,महेन्द्र राजमार्ग,open,,2026-07-26 14:42 NPT
2026-07-26 14:42 NPT,5bf545c,road,NH02 – Mechi Rajmarg,मेची राजमार्ग,open,,2026-07-26 14:42 NPT
2026-07-26 14:42 NPT,5bf545c,road,NH03 – Puspalal Hwy (Mid-Hill),पुष्पलाल राजमार्ग,partial,"Landslide at Kanthekhola-5, Baglung",2026-07-26 14:42 NPT
2026-07-26 14:42 NPT,5bf545c,road,NH04 – Birtamod-Chandragadhi,विर्तामोड–चन्द्रगढी,open,,2026-07-26 14:42 NPT
2026-07-26 14:42 NPT,5bf545c,road,NH05 – Postal Hwy,हुलाकी राजमार्ग,open,,2026-07-26 14:42 NPT
2026-07-26 14:42 NPT,5bf545c,road,NH06 – Koshi Rajmarg,कोशी राजमार्ग,closed,"Landslide at Bhotkhola-2, Sankhuwasabha",2026-07-26 14:42 NPT
2026-07-26 14:42 NPT,5bf545c,road,NH08 – Sagarmatha Rajmarg,सगरमाथा राजमार्ग,closed,"Landslide at Bhotkhola-2, Sankhuwasabha",2026-07-26 14:42 NPT
2026-07-26 14:42 NPT,5bf545c,road,NH09 – Madan Bhandari Hwy,मदन भण्डारी राजमार्ग,open,,2026-07-26 14:42 NPT
2026-07-26 14:42 NPT,5bf545c,road,NH10 – Siddhartha Hwy,सिद्धार्थ राजमार्ग,open,,2026-07-26 14:42 NPT
2026-07-26 14:42 NPT,5bf545c,road,NH11 – Rapti Rajmarg,राप्ती राजमार्ग,open,,2026-07-26 14:42 NPT
2026-07-26 14:42 NPT,5bf545c,road,NH12 – Ratna Rajmarg,रत्न राजमार्ग,closed,"Landslide at Bhotkhola-2, Sankhuwasabha",2026-07-26 14:42 NPT
2026-07-26 14:42 NPT,5bf545c,road,NH13 – Karnali Rajmarg,कर्णाली राजमार्ग,open,,2026-07-26 14:42 NPT
2026-07-26 14:42 NPT,5bf545c,road,NH14 – Mahakali Rajmarg,महाकाली राजमार्ग,open,,2026-07-26 14:42 NPT
2026-07-26 14:42 NPT,5bf545c,road,NH15 – Seti Rajmarg,सेती राजमार्ग,open,,2026-07-26 14:42 NPT
2026-07-26 14:42 NPT,5bf545c,road,NH16 – Rapti-Lumbini Hwy,राप्ती-लुम्बिनी,open,,2026-07-26 14:42 NPT
2026-07-26 14:42 NPT,5bf545c,road,NH34 – Araniko Hwy,अरनिको राजमार्ग,closed,"Landslide at Bhotekoshi-2, Sindhupalchok",2026-07-26 14:42 NPT
2026-07-26 14:42 NPT,5bf545c,road,NH38 – BP Hwy,बीपी राजमार्ग,open,,2026-07-26 14:42 NPT
2026-07-26 14:42 NPT,5bf545c,road,NH41 – Tribhuvan Hwy,त्रिभुवन राजमार्ग,partial,"Landslide at Bhimphedi-9, Makwanpur",2026-07-26 14:42 NPT
2026-07-26 14:42 NPT,5bf545c,road,NH42 – Prithvi Hwy,पृथ्वी राजमार्ग,partial,"Landslide at Aanbookhaireni-2, Tanahu",2026-07-26 14:42 NPT
2026-07-26 14:42 NPT,5bf545c,road,NH43 – Narayanghat-Mugling,नारायणगढ–मुग्लिन,open,,2026-07-26 14:42 NPT
2026-07-26 14:42 NPT,5bf545c,airport,Tribhuvan Intl (KTM),त्रिभुवन अन्तर्राष्ट्रिय,open,Normal operations,2026-07-26 14:42 NPT
2026-07-26 14:42 NPT,5bf545c,airport,Gautam Buddha Intl (BWA),गौतम बुद्ध विमानस्थल,open,,2026-07-26 14:42 NPT
2026-07-26 14:42 NPT,5bf545c,airport,Pokhara Regional (PKR),पोखरा विमानस्थल,open,,2026-07-26 14:42 NPT
2026-07-26 14:42 NPT,5bf545c,airport,Bharatpur (BHR),भरतपुर विमानस्थल,open,,2026-07-26 14:42 NPT
2026-07-26 14:42 NPT,5bf545c,airport,Dhangadhi (DHI),धनगढी विमानस्थल,open,,2026-07-26 14:42 NPT
2026-07-26 14:42 NPT,5bf545c,airport,Biratnagar (BIR),विराटनगर विमानस्थल,open,,2026-07-26 14:42 NPT
2026-07-26 14:42 NPT,5bf545c,airport,Nepalgunj (KEP),नेपालगञ्ज विमानस्थल,open,,2026-07-26 14:42 NPT
2026-07-26 14:42 NPT,5bf545c,airport,Chandragadhi (BDP),चन्द्रगढी विमानस्थल,open,,2026-07-26 14:42 NPT
2026-07-26 14:42 NPT,5bf545c,airport,Janakpur (JKR),जनकपुर विमानस्थल,open,,2026-07-26 14:42 NPT
2026-07-26 14:42 NPT,5bf545c,airport,Simara (SIF),सिमरा विमानस्थल,open,,2026-07-26 14:42 NPT
2026-07-26 14:42 NPT,5bf545c,hospital,"Bir Hospital, Kathmandu",बीर अस्पताल,open,120 beds,2026-07-26 14:42 NPT
2026-07-26 14:42 NPT,5bf545c,hospital,"TU Teaching Hospital, KTM",त्रिवि शिक्षण अस्पताल,open,95 beds,2026-07-26 14:42 NPT
2026-07-26 14:42 NPT,5bf545c,hospital,"Patan Hospital, Lalitpur",पाटन अस्पताल,open,60 beds,2026-07-26 14:42 NPT
2026-07-26 14:42 NPT,5bf545c,hospital,"Manipal College Hospital, PKR",मणिपाल अस्पताल,open,45 beds,2026-07-26 14:42 NPT
2026-07-26 14:42 NPT,5bf545c,hospital,"Gandaki Medical College, PKR",गण्डकी अस्पताल,open,38 beds,2026-07-26 14:42 NPT
2026-07-26 14:42 NPT,5bf545c,hospital,"BPKIHS, Dharan",बीपी कोइराला स्वास्थ्य,open,150 beds,2026-07-26 14:42 NPT
2026-07-26 14:42 NPT,5bf545c,hospital,"Koshi Hospital, Biratnagar",कोशी अस्पताल,open,80 beds,2026-07-26 14:42 NPT
2026-07-26 14:42 NPT,5bf545c,hospital,"Bheri Hospital, Nepalgunj",भेरी अस्पताल,open,70 beds,2026-07-26 14:42 NPT
2026-07-26 14:42 NPT,5bf545c,hospital,Chitwan Medical College,चितवन मेडिकल कलेज,open,100 beds,2026-07-26 14:42 NPT
2026-07-26 14:42 NPT,5bf545c,hospital,Lumbini Provincial Hospital,लुम्बिनी प्रादेशिक,open,110 beds,2026-07-26 14:42 NPT
2026-07-26 12:05 NPT,d044337,road,NH01 – Mahendra Rajmarg,महेन्द्र राजमार्ग,open,,2026-07-26 12:05 NPT
2026-07-26 12:05 NPT,d044337,road,NH02 – Mechi Rajmarg,मेची राजमार्ग,open,,2026-07-26 12:05 NPT
2026-07-26 12:05 NPT,d044337,road,NH03 – Puspalal Hwy (Mid-Hill),पुष्पलाल राजमार्ग,partial,"Landslide at Sanibheri-2, Rukum West",2026-07-26 12:05 NPT
2026-07-26 12:05 NPT,d044337,road,NH04 – Birtamod-Chandragadhi,विर्तामोड–चन्द्रगढी,open,,2026-07-26 12:05 NPT
2026-07-26 12:05 NPT,d044337,road,NH05 – Postal Hwy,हुलाकी राजमार्ग,open,,2026-07-26 12:05 NPT
2026-07-26 12:05 NPT,d044337,road,NH06 – Koshi Rajmarg,कोशी राजमार्ग,closed,"Landslide at Bhotkhola-2, Sankhuwasabha",2026-07-26 12:05 NPT
2026-07-26 12:05 NPT,d044337,road,NH08 – Sagarmatha Rajmarg,सगरमाथा राजमार्ग,closed,"Landslide at Bhotkhola-2, Sankhuwasabha",2026-07-26 12:05 NPT
2026-07-26 12:05 NPT,d044337,road,NH09 – Madan Bhandari Hwy,मदन भण्डारी राजमार्ग,open,,2026-07-26 12:05 NPT
2026-07-26 12:05 NPT,d044337,road,NH10 – Siddhartha Hwy,सिद्धार्थ राजमार्ग,open,,2026-07-26 12:05 NPT
2026-07-26 12:05 NPT,d044337,road,NH11 – Rapti Rajmarg,राप्ती राजमार्ग,open,,2026-07-26 12:05 NPT
2026-07-26 12:05 NPT,d044337,road,NH12 – Ratna Rajmarg,रत्न राजमार्ग,closed,"Landslide at Bhotkhola-2, Sankhuwasabha",2026-07-26 12:05 NPT
2026-07-26 12:05 NPT,d044337,road,NH13 – Karnali Rajmarg,कर्णाली राजमार्ग,open,,2026-07-26 12:05 NPT
2026-07-26 12:05 NPT,d044337,road,NH14 – Mahakali Rajmarg,महाकाली राजमार्ग,open,,2026-07-26 12:05 NPT
2026-07-26 12:05 NPT,d044337,road,NH15 – Seti Rajmarg,सेती राजमार्ग,open,,2026-07-26 12:05 NPT
2026-07-26 12:05 NPT,d044337,road,NH16 – Rapti-Lumbini Hwy,राप्ती-लुम्बिनी,open,,2026-07-26 12:05 NPT
2026-07-26 12:05 NPT,d044337,road,NH34 – Araniko Hwy,अरनिको राजमार्ग,closed,"Landslide at Bhotekoshi-2, Sindhupalchok",2026-07-26 12:05 NPT
2026-07-26 12:05 NPT,d044337,road,NH38 – BP Hwy,बीपी राजमार्ग,open,,2026-07-26 12:05 NPT
2026-07-26 12:05 NPT,d044337,road,NH41 – Tribhuvan Hwy,त्रिभुवन राजमार्ग,partial,"Landslide at Bhimphedi-9, Makwanpur",2026-07-26 12:05 NPT
2026-07-26 12:05 NPT,d044337,road,NH42 – Prithvi Hwy,पृथ्वी राजमार्ग,partial,"Landslide at Aanbookhaireni-2, Tanahu",2026-07-26 12:05 NPT
2026-07-26 12:05 NPT,d044337,road,NH43 – Narayanghat-Mugling,नारायणगढ–मुग्लिन,open,,2026-07-26 12:05 NPT
2026-07-26 12:05 NPT,d044337,airport,Tribhuvan Intl (KTM),त्रिभुवन अन्तर्राष्ट्रिय,open,Normal operations,2026-07-26 12:05 NPT
2026-07-26 12:05 NPT,d044337,airport,Gautam Buddha Intl (BWA),गौतम बुद्ध विमानस्थल,open,,2026-07-26 12:05 NPT
2026-07-26 12:05 NPT,d044337,airport,Pokhara Regional (PKR),पोखरा विमानस्थल,open,,2026-07-26 12:05 NPT
2026-07-26 12:05 NPT,d044337,airport,Bharatpur (BHR),भरतपुर विमानस्थल,open,,2026-07-26 12:05 NPT
2026-07-26 12:05 NPT,d044337,airport,Dhangadhi (DHI),धनगढी विमानस्थल,open,,2026-07-26 12:05 NPT
2026-07-26 12:05 NPT,d044337,airport,Biratnagar (BIR),विराटनगर विमानस्थल,open,,2026-07-26 12:05 NPT
2026-07-26 12:05 NPT,d044337,airport,Nepalgunj (KEP),नेपालगञ्ज विमानस्थल,open,,2026-07-26 12:05 NPT
2026-07-26 12:05 NPT,d044337,airport,Chandragadhi (BDP),चन्द्रगढी विमानस्थल,open,,2026-07-26 12:05 NPT
2026-07-26 12:05 NPT,d044337,airport,Janakpur (JKR),जनकपुर विमानस्थल,open,,2026-07-26 12:05 NPT
2026-07-26 12:05 NPT,d044337,airport,Simara (SIF),सिमरा विमानस्थल,open,,2026-07-26 12:05 NPT
2026-07-26 12:05 NPT,d044337,hospital,"Bir Hospital, Kathmandu",बीर अस्पताल,open,120 beds,2026-07-26 12:05 NPT
2026-07-26 12:05 NPT,d044337,hospital,"TU Teaching Hospital, KTM",त्रिवि शिक्षण अस्पताल,open,95 beds,2026-07-26 12:05 NPT
2026-07-26 12:05 NPT,d044337,hospital,"Patan Hospital, Lalitpur",पाटन अस्पताल,open,60 beds,2026-07-26 12:05 NPT
2026-07-26 12:05 NPT,d044337,hospital,"Manipal College Hospital, PKR",मणिपाल अस्पताल,open,45 beds,2026-07-26 12:05 NPT
2026-07-26 12:05 NPT,d044337,hospital,"Gandaki Medical College, PKR",गण्डकी अस्पताल,open,38 beds,2026-07-26 12:05 NPT
2026-07-26 12:05 NPT,d044337,hospital,"BPKIHS, Dharan",बीपी कोइराला स्वास्थ्य,open,150 beds,2026-07-26 12:05 NPT
2026-07-26 12:05 NPT,d044337,hospital,"Koshi Hospital, Biratnagar",कोशी अस्पताल,open,80 beds,2026-07-26 12:05 NPT
2026-07-26 12:05 NPT,d044337,hospital,"Bheri Hospital, Nepalgunj",भेरी अस्पताल,open,70 beds,2026-07-26 12:05 NPT
2026-07-26 12:05 NPT,d044337,hospital,Chitwan Medical College,चितवन मेडिकल कलेज,open,100 beds,2026-07-26 12:05 NPT
2026-07-26 12:05 NPT,d044337,hospital,Lumbini Provincial Hospital,लुम्बिनी प्रादेशिक,open,110 beds,2026-07-26 12:05 NPT
2026-07-26 09:00 NPT,21b5873,road,NH01 – Mahendra Rajmarg,महेन्द्र राजमार्ग,open,,2026-07-26 09:00 NPT
2026-07-26 09:00 NPT,21b5873,road,NH02 – Mechi Rajmarg,मेची राजमार्ग,open,,2026-07-26 09:00 NPT
2026-07-26 09:00 NPT,21b5873,road,NH03 – Puspalal Hwy (Mid-Hill),पुष्पलाल राजमार्ग,partial,"Landslide at Kanthekhola-5, Baglung",2026-07-26 09:00 NPT
2026-07-26 09:00 NPT,21b5873,road,NH04 – Birtamod-Chandragadhi,विर्तामोड–चन्द्रगढी,open,,2026-07-26 09:00 NPT
2026-07-26 09:00 NPT,21b5873,road,NH05 – Postal Hwy,हुलाकी राजमार्ग,open,,2026-07-26 09:00 NPT
2026-07-26 09:00 NPT,21b5873,road,NH06 – Koshi Rajmarg,कोशी राजमार्ग,closed,"Landslide at Bhotkhola-2, Sankhuwasabha",2026-07-26 09:00 NPT
2026-07-26 09:00 NPT,21b5873,road,NH08 – Sagarmatha Rajmarg,सगरमाथा राजमार्ग,closed,"Landslide at Bhotkhola-2, Sankhuwasabha",2026-07-26 09:00 NPT
2026-07-26 09:00 NPT,21b5873,road,NH09 – Madan Bhandari Hwy,मदन भण्डारी राजमार्ग,open,,2026-07-26 09:00 NPT
2026-07-26 09:00 NPT,21b5873,road,NH10 – Siddhartha Hwy,सिद्धार्थ राजमार्ग,open,,2026-07-26 09:00 NPT
2026-07-26 09:00 NPT,21b5873,road,NH11 – Rapti Rajmarg,राप्ती राजमार्ग,open,,2026-07-26 09:00 NPT
2026-07-26 09:00 NPT,21b5873,road,NH12 – Ratna Rajmarg,रत्न राजमार्ग,closed,"Landslide at Bhotkhola-2, Sankhuwasabha",2026-07-26 09:00 NPT
2026-07-26 09:00 NPT,21b5873,road,NH13 – Karnali Rajmarg,कर्णाली राजमार्ग,open,,2026-07-26 09:00 NPT
2026-07-26 09:00 NPT,21b5873,road,NH14 – Mahakali Rajmarg,महाकाली राजमार्ग,open,,2026-07-26 09:00 NPT
2026-07-26 09:00 NPT,21b5873,road,NH15 – Seti Rajmarg,सेती राजमार्ग,open,,2026-07-26 09:00 NPT
2026-07-26 09:00 NPT,21b5873,road,NH16 – Rapti-Lumbini Hwy,राप्ती-लुम्बिनी,open,,2026-07-26 09:00 NPT
2026-07-26 09:00 NPT,21b5873,road,NH34 – Araniko Hwy,अरनिको राजमार्ग,closed,"Landslide at Bhotekoshi-2, Sindhupalchok",2026-07-26 09:00 NPT
2026-07-26 09:00 NPT,21b5873,road,NH38 – BP Hwy,बीपी राजमार्ग,open,,2026-07-26 09:00 NPT
2026-07-26 09:00 NPT,21b5873,road,NH41 – Tribhuvan Hwy,त्रिभुवन राजमार्ग,partial,"Landslide at Bhimphedi-9, Makwanpur",2026-07-26 09:00 NPT
2026-07-26 09:00 NPT,21b5873,road,NH42 – Prithvi Hwy,पृथ्वी राजमार्ग,partial,"Landslide at Aanbookhaireni-2, Tanahu",2026-07-26 09:00 NPT
2026-07-26 09:00 NPT,21b5873,road,NH43 – Narayanghat-Mugling,नारायणगढ–मुग्लिन,open,,2026-07-26 09:00 NPT
2026-07-26 09:00 NPT,21b5873,airport,Tribhuvan Intl (KTM),त्रिभुवन अन्तर्राष्ट्रिय,open,Normal operations,2026-07-26 09:00 NPT
2026-07-26 09:00 NPT,21b5873,airport,Gautam Buddha Intl (BWA),गौतम बुद्ध विमानस्थल,open,,2026-07-26 09:00 NPT
2026-07-26 09:00 NPT,21b5873,airport,Pokhara Regional (PKR),पोखरा विमानस्थल,open,,2026-07-26 09:00 NPT
2026-07-26 09:00 NPT,21b5873,airport,Bharatpur (BHR),भरतपुर विमानस्थल,open,,2026-07-26 09:00 NPT
2026-07-26 09:00 NPT,21b5873,airport,Dhangadhi (DHI),धनगढी विमानस्थल,open,,2026-07-26 09:00 NPT
2026-07-26 09:00 NPT,21b5873,airport,Biratnagar (BIR),विराटनगर विमानस्थल,open,,2026-07-26 09:00 NPT
2026-07-26 09:00 NPT,21b5873,airport,Nepalgunj (KEP),नेपालगञ्ज विमानस्थल,open,,2026-07-26 09:00 NPT
2026-07-26 09:00 NPT,21b5873,airport,Chandragadhi (BDP),चन्द्रगढी विमानस्थल,open,,2026-07-26 09:00 NPT
2026-07-26 09:00 NPT,21b5873,airport,Janakpur (JKR),जनकपुर विमानस्थल,open,,2026-07-26 09:00 NPT
2026-07-26 09:00 NPT,21b5873,airport,Simara (SIF),सिमरा विमानस्थल,open,,2026-07-26 09:00 NPT
2026-07-26 09:00 NPT,21b5873,hospital,"Bir Hospital, Kathmandu",बीर अस्पताल,open,120 beds,2026-07-26 09:00 NPT
2026-07-26 09:00 NPT,21b5873,hospital,"TU Teaching Hospital, KTM",त्रिवि शिक्षण अस्पताल,open,95 beds,2026-07-26 09:00 NPT
2026-07-26 09:00 NPT,21b5873,hospital,"Patan Hospital, Lalitpur",पाटन अस्पताल,open,60 beds,2026-07-26 09:00 NPT
2026-07-26 09:00 NPT,21b5873,hospital,"Manipal College Hospital, PKR",मणिपाल अस्पताल,open,45 beds,2026-07-26 09:00 NPT
2026-07-26 09:00 NPT,21b5873,hospital,"Gandaki Medical College, PKR",गण्डकी अस्पताल,open,38 beds,2026-07-26 09:00 NPT
2026-07-26 09:00 NPT,21b5873,hospital,"BPKIHS, Dharan",बीपी कोइराला स्वास्थ्य,open,150 beds,2026-07-26 09:00 NPT
2026-07-26 09:00 NPT,21b5873,hospital,"Koshi Hospital, Biratnagar",कोशी अस्पताल,open,80 beds,2026-07-26 09:00 NPT
2026-07-26 09:00 NPT,21b5873,hospital,"Bheri Hospital, Nepalgunj",भेरी अस्पताल,open,70 beds,2026-07-26 09:00 NPT
2026-07-26 09:00 NPT,21b5873,hospital,Chitwan Medical College,चितवन मेडिकल कलेज,open,100 beds,2026-07-26 09:00 NPT
2026-07-26 09:00 NPT,21b5873,hospital,Lumbini Provincial Hospital,लुम्बिनी प्रादेशिक,open,110 beds,2026-07-26 09:00 NPT
2026-07-26 05:20 NPT,928cf9c,road,NH01 – Mahendra Rajmarg,महेन्द्र राजमार्ग,open,,2026-07-26 05:20 NPT
2026-07-26 05:20 NPT,928cf9c,road,NH02 – Mechi Rajmarg,मेची राजमार्ग,open,,2026-07-26 05:20 NPT
2026-07-26 05:20 NPT,928cf9c,road,NH03 – Puspalal Hwy (Mid-Hill),पुष्पलाल राजमार्ग,partial,"Landslide at Sanibheri-2, Rukum West",2026-07-26 05:20 NPT
2026-07-26 05:20 NPT,928cf9c,road,NH04 – Birtamod-Chandragadhi,विर्तामोड–चन्द्रगढी,open,,2026-07-26 05:20 NPT
2026-07-26 05:20 NPT,928cf9c,road,NH05 – Postal Hwy,हुलाकी राजमार्ग,open,,2026-07-26 05:20 NPT
2026-07-26 05:20 NPT,928cf9c,road,NH06 – Koshi Rajmarg,कोशी राजमार्ग,closed,"Landslide at Bhotkhola-2, Sankhuwasabha",2026-07-26 05:20 NPT
2026-07-26 05:20 NPT,928cf9c,road,NH08 – Sagarmatha Rajmarg,सगरमाथा राजमार्ग,closed,"Landslide at Bhotkhola-2, Sankhuwasabha",2026-07-26 05:20 NPT
2026-07-26 05:20 NPT,928cf9c,road,NH09 – Madan Bhandari Hwy,मदन भण्डारी राजमार्ग,open,,2026-07-26 05:20 NPT
2026-07-26 05:20 NPT,928cf9c,road,NH10 – Siddhartha Hwy,सिद्धार्थ राजमार्ग,open,,2026-07-26 05:20 NPT
2026-07-26 05:20 NPT,928cf9c,road,NH11 – Rapti Rajmarg,राप्ती राजमार्ग,open,,2026-07-26 05:20 NPT
2026-07-26 05:20 NPT,928cf9c,road,NH12 – Ratna Rajmarg,रत्न राजमार्ग,closed,"Landslide at Bhotkhola-2, Sankhuwasabha",2026-07-26 05:20 NPT
2026-07-26 05:20 NPT,928cf9c,road,NH13 – Karnali Rajmarg,कर्णाली राजमार्ग,open,,2026-07-26 05:20 NPT
2026-07-26 05:20 NPT,928cf9c,road,NH14 – Mahakali Rajmarg,महाकाली राजमार्ग,open,,2026-07-26 05:20 NPT
2026-07-26 05:20 NPT,928cf9c,road,NH15 – Seti Rajmarg,सेती राजमार्ग,open,,2026-07-26 05:20 NPT
2026-07-26 05:20 NPT,928cf9c,road,NH16 – Rapti-Lumbini Hwy,राप्ती-लुम्बिनी,open,,2026-07-26 05:20 NPT
2026-07-26 05:20 NPT,928cf9c,road,NH34 – Araniko Hwy,अरनिको राजमार्ग,closed,"Landslide at Bhotekoshi-2, Sindhupalchok",2026-07-26 05:20 NPT
2026-07-26 05:20 NPT,928cf9c,road,NH38 – BP Hwy,बीपी राजमार्ग,open,,2026-07-26 05:20 NPT
2026-07-26 05:20 NPT,928cf9c,road,NH41 – Tribhuvan Hwy,त्रिभुवन राजमार्ग,partial,"Landslide at Bhimphedi-9, Makwanpur",2026-07-26 05:20 NPT
2026-07-26 05:20 NPT,928cf9c,road,NH42 – Prithvi Hwy,पृथ्वी राजमार्ग,partial,"Landslide at Aanbookhaireni-2, Tanahu",2026-07-26 05:20 NPT
2026-07-26 05:20 NPT,928cf9c,road,NH43 – Narayanghat-Mugling,नारायणगढ–मुग्लिन,open,,2026-07-26 05:20 NPT
2026-07-26 05:20 NPT,928cf9c,airport,Tribhuvan Intl (KTM),त्रिभुवन अन्तर्राष्ट्रिय,open,Normal operations,2026-07-26 05:20 NPT
2026-07-26 05:20 NPT,928cf9c,airport,Gautam Buddha Intl (BWA),गौतम बुद्ध विमानस्थल,open,,2026-07-26 05:20 NPT
2026-07-26 05:20 NPT,928cf9c,airport,Pokhara Regional (PKR),पोखरा विमानस्थल,open,,2026-07-26 05:20 NPT
2026-07-26 05:20 NPT,928cf9c,airport,Bharatpur (BHR),भरतपुर विमानस्थल,open,,2026-07-26 05:20 NPT
2026-07-26 05:20 NPT,928cf9c,airport,Dhangadhi (DHI),धनगढी विमानस्थल,open,,2026-07-26 05:20 NPT
2026-07-26 05:20 NPT,928cf9c,airport,Biratnagar (BIR),विराटनगर विमानस्थल,open,,2026-07-26 05:20 NPT
2026-07-26 05:20 NPT,928cf9c,airport,Nepalgunj (KEP),नेपालगञ्ज विमानस्थल,open,,2026-07-26 05:20 NPT
2026-07-26 05:20 NPT,928cf9c,airport,Chandragadhi (BDP),चन्द्रगढी विमानस्थल,open,,2026-07-26 05:20 NPT
2026-07-26 05:20 NPT,928cf9c,airport,Janakpur (JKR),जनकपुर विमानस्थल,open,,2026-07-26 05:20 NPT
2026-07-26 05:20 NPT,928cf9c,airport,Simara (SIF),सिमरा विमानस्थल,open,,2026-07-26 05:20 NPT
2026-07-26 05:20 NPT,928cf9c,hospital,"Bir Hospital, Kathmandu",बीर अस्पताल,open,120 beds,2026-07-26 05:20 NPT
2026-07-26 05:20 NPT,928cf9c,hospital,"TU Teaching Hospital, KTM",त्रिवि शिक्षण अस्पताल,open,95 beds,2026-07-26 05:20 NPT
2026-07-26 05:20 NPT,928cf9c,hospital,"Patan Hospital, Lalitpur",पाटन अस्पताल,open,60 beds,2026-07-26 05:20 NPT
2026-07-26 05:20 NPT,928cf9c,hospital,"Manipal College Hospital, PKR",मणिपाल अस्पताल,open,45 beds,2026-07-26 05:20 NPT
2026-07-26 05:20 NPT,928cf9c,hospital,"Gandaki Medical College, PKR",गण्डकी अस्पताल,open,38 beds,2026-07-26 05:20 NPT
2026-07-26 05:20 NPT,928cf9c,hospital,"BPKIHS, Dharan",बीपी कोइराला स्वास्थ्य,open,150 beds,2026-07-26 05:20 NPT
2026-07-26 05:20 NPT,928cf9c,hospital,"Koshi Hospital, Biratnagar",कोशी अस्पताल,open,80 beds,2026-07-26 05:20 NPT
2026-07-26 05:20 NPT,928cf9c,hospital,"Bheri Hospital, Nepalgunj",भेरी अस्पताल,open,70 beds,2026-07-26 05:20 NPT
2026-07-26 05:20 NPT,928cf9c,hospital,Chitwan Medical College,चितवन मेडिकल कलेज,open,100 beds,2026-07-26 05:20 NPT
2026-07-26 05:20 NPT,928cf9c,hospital,Lumbini Provincial Hospital,लुम्बिनी प्रादेशिक,open,110 beds,2026-07-26 05:20 NPT
2026-07-26 04:14 NPT,5582203,road,NH01 – Mahendra Rajmarg,महेन्द्र राजमार्ग,open,,2026-07-26 04:14 NPT
2026-07-26 04:14 NPT,5582203,road,NH02 – Mechi Rajmarg,मेची राजमार्ग,open,,2026-07-26 04:14 NPT
2026-07-26 04:14 NPT,5582203,road,NH03 – Puspalal Hwy (Mid-Hill),पुष्पलाल राजमार्ग,partial,"Landslide at Sanibheri-2, Rukum West",2026-07-26 04:14 NPT
2026-07-26 04:14 NPT,5582203,road,NH04 – Birtamod-Chandragadhi,विर्तामोड–चन्द्रगढी,open,,2026-07-26 04:14 NPT
2026-07-26 04:14 NPT,5582203,road,NH05 – Postal Hwy,हुलाकी राजमार्ग,open,,2026-07-26 04:14 NPT
2026-07-26 04:14 NPT,5582203,road,NH06 – Koshi Rajmarg,कोशी राजमार्ग,closed,"Landslide at Bhotkhola-2, Sankhuwasabha",2026-07-26 04:14 NPT
2026-07-26 04:14 NPT,5582203,road,NH08 – Sagarmatha Rajmarg,सगरमाथा राजमार्ग,closed,"Landslide at Bhotkhola-2, Sankhuwasabha",2026-07-26 04:14 NPT
2026-07-26 04:14 NPT,5582203,road,NH09 – Madan Bhandari Hwy,मदन भण्डारी राजमार्ग,open,,2026-07-26 04:14 NPT
2026-07-26 04:14 NPT,5582203,road,NH10 – Siddhartha Hwy,सिद्धार्थ राजमार्ग,open,,2026-07-26 04:14 NPT
2026-07-26 04:14 NPT,5582203,road,NH11 – Rapti Rajmarg,राप्ती राजमार्ग,open,,2026-07-26 04:14 NPT
2026-07-26 04:14 NPT,5582203,road,NH12 – Ratna Rajmarg,रत्न राजमार्ग,closed,"Landslide at Bhotkhola-2, Sankhuwasabha",2026-07-26 04:14 NPT
2026-07-26 04:14 NPT,5582203,road,NH13 – Karnali Rajmarg,कर्णाली राजमार्ग,open,,2026-07-26 04:14 NPT
2026-07-26 04:14 NPT,5582203,road,NH14 – Mahakali Rajmarg,महाकाली राजमार्ग,open,,2026-07-26 04:14 NPT
2026-07-26 04:14 NPT,5582203,road,NH15 – Seti Rajmarg,सेती राजमार्ग,open,,2026-07-26 04:14 NPT
2026-07-26 04:14 NPT,5582203,road,NH16 – Rapti-Lumbini Hwy,राप्ती-लुम्बिनी,open,,2026-07-26 04:14 NPT
2026-07-26 04:14 NPT,5582203,road,NH34 – Araniko Hwy,अरनिको राजमार्ग,closed,"Landslide at Bhotekoshi-2, Sindhupalchok",2026-07-26 04:14 NPT
2026-07-26 04:14 NPT,5582203,road,NH38 – BP Hwy,बीपी राजमार्ग,open,,2026-07-26 04:14 NPT
2026-07-26 04:14 NPT,5582203,road,NH41 – Tribhuvan Hwy,त्रिभुवन राजमार्ग,partial,"Landslide at Bhimphedi-9, Makwanpur",2026-07-26 04:14 NPT
2026-07-26 04:14 NPT,5582203,road,NH42 – Prithvi Hwy,पृथ्वी राजमार्ग,partial,"Landslide at Aanbookhaireni-2, Tanahu",2026-07-26 04:14 NPT
2026-07-26 04:14 NPT,5582203,road,NH43 – Narayanghat-Mugling,नारायणगढ–मुग्लिन,open,,2026-07-26 04:14 NPT
2026-07-26 04:14 NPT,5582203,airport,Tribhuvan Intl (KTM),त्रिभुवन अन्तर्राष्ट्रिय,open,Normal operations,2026-07-26 04:14 NPT
2026-07-26 04:14 NPT,5582203,airport,Gautam Buddha Intl (BWA),गौतम बुद्ध विमानस्थल,open,,2026-07-26 04:14 NPT
2026-07-26 04:14 NPT,5582203,airport,Pokhara Regional (PKR),पोखरा विमानस्थल,open,,2026-07-26 04:14 NPT
2026-07-26 04:14 NPT,5582203,airport,Bharatpur (BHR),भरतपुर विमानस्थल,open,,2026-07-26 04:14 NPT
2026-07-26 04:14 NPT,5582203,airport,Dhangadhi (DHI),धनगढी विमानस्थल,open,,2026-07-26 04:14 NPT
2026-07-26 04:14 NPT,5582203,airport,Biratnagar (BIR),विराटनगर विमानस्थल,open,,2026-07-26 04:14 NPT
2026-07-26 04:14 NPT,5582203,airport,Nepalgunj (KEP),नेपालगञ्ज विमानस्थल,open,,2026-07-26 04:14 NPT
2026-07-26 04:14 NPT,5582203,airport,Chandragadhi (BDP),चन्द्रगढी विमानस्थल,open,,2026-07-26 04:14 NPT
2026-07-26 04:14 NPT,5582203,airport,Janakpur (JKR),जनकपुर विमानस्थल,open,,2026-07-26 04:14 NPT
2026-07-26 04:14 NPT,5582203,airport,Simara (SIF),सिमरा विमानस्थल,open,,2026-07-26 04:14 NPT
2026-07-26 04:14 NPT,5582203,hospital,"Bir Hospital, Kathmandu",बीर अस्पताल,open,120 beds,2026-07-26 04:14 NPT
2026-07-26 04:14 NPT,5582203,hospital,"TU Teaching Hospital, KTM",त्रिवि शिक्षण अस्पताल,open,95 beds,2026-07-26 04:14 NPT
2026-07-26 04:14 NPT,5582203,hospital,"Patan Hospital, Lalitpur",पाटन अस्पताल,open,60 beds,2026-07-26 04:14 NPT
2026-07-26 04:14 NPT,5582203,hospital,"Manipal College Hospital, PKR",मणिपाल अस्पताल,open,45 beds,2026-07-26 04:14 NPT
2026-07-26 04:14 NPT,5582203,hospital,"Gandaki Medical College, PKR",गण्डकी अस्पताल,open,38 beds,2026-07-26 04:14 NPT
2026-07-26 04:14 NPT,5582203,hospital,"BPKIHS, Dharan",बीपी कोइराला स्वास्थ्य,open,150 beds,2026-07-26 04:14 NPT
2026-07-26 04:14 NPT,5582203,hospital,"Koshi Hospital, Biratnagar",कोशी अस्पताल,open,80 beds,2026-07-26 04:14 NPT
2026-07-26 04:14 NPT,5582203,hospital,"Bheri Hospital, Nepalgunj",भेरी अस्पताल,open,70 beds,2026-07-26 04:14 NPT
2026-07-26 04:14 NPT,5582203,hospital,Chitwan Medical College,चितवन मेडिकल कलेज,open,100 beds,2026-07-26 04:14 NPT
2026-07-26 04:14 NPT,5582203,hospital,Lumbini Provincial Hospital,लुम्बिनी प्रादेशिक,open,110 beds,2026-07-26 04:14 NPT
2026-07-26 03:12 NPT,a52955f,road,NH01 – Mahendra Rajmarg,महेन्द्र राजमार्ग,open,,2026-07-26 03:12 NPT
2026-07-26 03:12 NPT,a52955f,road,NH02 – Mechi Rajmarg,मेची राजमार्ग,open,,2026-07-26 03:12 NPT
2026-07-26 03:12 NPT,a52955f,road,NH03 – Puspalal Hwy (Mid-Hill),पुष्पलाल राजमार्ग,partial,"Landslide at Kanthekhola-5, Baglung",2026-07-26 03:12 NPT
2026-07-26 03:12 NPT,a52955f,road,NH04 – Birtamod-Chandragadhi,विर्तामोड–चन्द्रगढी,open,,2026-07-26 03:12 NPT
2026-07-26 03:12 NPT,a52955f,road,NH05 – Postal Hwy,हुलाकी राजमार्ग,open,,2026-07-26 03:12 NPT
2026-07-26 03:12 NPT,a52955f,road,NH06 – Koshi Rajmarg,कोशी राजमार्ग,closed,"Landslide at Bhotkhola-2, Sankhuwasabha",2026-07-26 03:12 NPT
2026-07-26 03:12 NPT,a52955f,road,NH08 – Sagarmatha Rajmarg,सगरमाथा राजमार्ग,closed,"Landslide at Bhotkhola-2, Sankhuwasabha",2026-07-26 03:12 NPT
2026-07-26 03:12 NPT,a52955f,road,NH09 – Madan Bhandari Hwy,मदन भण्डारी राजमार्ग,open,,2026-07-26 03:12 NPT
2026-07-26 03:12 NPT,a52955f,road,NH10 – Siddhartha Hwy,सिद्धार्थ राजमार्ग,open,,2026-07-26 03:12 NPT
2026-07-26 03:12 NPT,a52955f,road,NH11 – Rapti Rajmarg,राप्ती राजमार्ग,open,,2026-07-26 03:12 NPT
2026-07-26 03:12 NPT,a52955f,road,NH12 – Ratna Rajmarg,रत्न राजमार्ग,closed,"Landslide at Bhotkhola-2, Sankhuwasabha",2026-07-26 03:12 NPT
2026-07-26 03:12 NPT,a52955f,road,NH13 – Karnali Rajmarg,कर्णाली राजमार्ग,open,,2026-07-26 03:12 NPT
2026-07-26 03:12 NPT,a52955f,road,NH14 – Mahakali Rajmarg,महाकाली राजमार्ग,open,,2026-07-26 03:12 NPT
2026-07-26 03:12 NPT,a52955f,road,NH15 – Seti Rajmarg,सेती राजमार्ग,open,,2026-07-26 03:12 NPT
2026-07-26 03:12 NPT,a52955f,road,NH16 – Rapti-Lumbini Hwy,राप्ती-लुम्बिनी,open,,2026-07-26 03:12 NPT
2026-07-26 03:12 NPT,a52955f,road,NH34 – Araniko Hwy,अरनिको राजमार्ग,closed,"Landslide at Bhotekoshi-2, Sindhupalchok",2026-07-26 03:12 NPT
2026-07-26 03:12 NPT,a52955f,road,NH38 – BP Hwy,बीपी राजमार्ग,open,,2026-07-26 03:12 NPT
2026-07-26 03:12 NPT,a52955f,road,NH41 – Tribhuvan Hwy,त्रिभुवन राजमार्ग,partial,"Landslide at Bhimphedi-9, Makwanpur",2026-07-26 03:12 NPT
2026-07-26 03:12 NPT,a52955f,road,NH42 – Prithvi Hwy,पृथ्वी राजमार्ग,partial,"Landslide at Aanbookhaireni-2, Tanahu",2026-07-26 03:12 NPT
2026-07-26 03:12 NPT,a52955f,road,NH43 – Narayanghat-Mugling,नारायणगढ–मुग्लिन,open,,2026-07-26 03:12 NPT
2026-07-26 03:12 NPT,a52955f,airport,Tribhuvan Intl (KTM),त्रिभुवन अन्तर्राष्ट्रिय,open,Normal operations,2026-07-26 03:12 NPT
2026-07-26 03:12 NPT,a52955f,airport,Gautam Buddha Intl (BWA),गौतम बुद्ध विमानस्थल,open,,2026-07-26 03:12 NPT
2026-07-26 03:12 NPT,a52955f,airport,Pokhara Regional (PKR),पोखरा विमानस्थल,open,,2026-07-26 03:12 NPT
2026-07-26 03:12 NPT,a52955f,airport,Bharatpur (BHR),भरतपुर विमानस्थल,open,,2026-07-26 03:12 NPT
2026-07-26 03:12 NPT,a52955f,airport,Dhangadhi (DHI),धनगढी विमानस्थल,open,,2026-07-26 03:12 NPT
2026-07-26 03:12 NPT,a52955f,airport,Biratnagar (BIR),विराटनगर विमानस्थल,open,,2026-07-26 03:12 NPT
2026-07-26 03:12 NPT,a52955f,airport,Nepalgunj (KEP),नेपालगञ्ज विमानस्थल,open,,2026-07-26 03:12 NPT
2026-07-26 03:12 NPT,a52955f,airport,Chandragadhi (BDP),चन्द्रगढी विमानस्थल,open,,2026-07-26 03:12 NPT
2026-07-26 03:12 NPT,a52955f,airport,Janakpur (JKR),जनकपुर विमानस्थल,open,,2026-07-26 03:12 NPT
2026-07-26 03:12 NPT,a52955f,airport,Simara (SIF),सिमरा विमानस्थल,open,,2026-07-26 03:12 NPT
2026-07-26 03:12 NPT,a52955f,hospital,"Bir Hospital, Kathmandu",बीर अस्पताल,open,120 beds,2026-07-26 03:12 NPT
2026-07-26 03:12 NPT,a52955f,hospital,"TU Teaching Hospital, KTM",त्रिवि शिक्षण अस्पताल,open,95 beds,2026-07-26 03:12 NPT
2026-07-26 03:12 NPT,a52955f,hospital,"Patan Hospital, Lalitpur",पाटन अस्पताल,open,60 beds,2026-07-26 03:12 NPT
2026-07-26 03:12 NPT,a52955f,hospital,"Manipal College Hospital, PKR",मणिपाल अस्पताल,open,45 beds,2026-07-26 03:12 NPT
2026-07-26 03:12 NPT,a52955f,hospital,"Gandaki Medical College, PKR",गण्डकी अस्पताल,open,38 beds,2026-07-26 03:12 NPT
2026-07-26 03:12 NPT,a52955f,hospital,"BPKIHS, Dharan",बीपी कोइराला स्वास्थ्य,open,150 beds,2026-07-26 03:12 NPT
2026-07-26 03:12 NPT,a52955f,hospital,"Koshi Hospital, Biratnagar",कोशी अस्पताल,open,80 beds,2026-07-26 03:12 NPT
2026-07-26 03:12 NPT,a52955f,hospital,"Bheri Hospital, Nepalgunj",भेरी अस्पताल,open,70 beds,2026-07-26 03:12 NPT
2026-07-26 03:12 NPT,a52955f,hospital,Chitwan Medical College,चितवन मेडिकल कलेज,open,100 beds,2026-07-26 03:12 NPT
2026-07-26 03:12 NPT,a52955f,hospital,Lumbini Provincial Hospital,लुम्बिनी प्रादेशिक,open,110 beds,2026-07-26 03:12 NPT
2026-07-26 02:12 NPT,de3ca03,road,NH01 – Mahendra Rajmarg,महेन्द्र राजमार्ग,open,,2026-07-26 02:12 NPT
2026-07-26 02:12 NPT,de3ca03,road,NH02 – Mechi Rajmarg,मेची राजमार्ग,open,,2026-07-26 02:12 NPT
2026-07-26 02:12 NPT,de3ca03,road,NH03 – Puspalal Hwy (Mid-Hill),पुष्पलाल राजमार्ग,partial,"Landslide at Kanthekhola-5, Baglung",2026-07-26 02:12 NPT
2026-07-26 02:12 NPT,de3ca03,road,NH04 – Birtamod-Chandragadhi,विर्तामोड–चन्द्रगढी,open,,2026-07-26 02:12 NPT
2026-07-26 02:12 NPT,de3ca03,road,NH05 – Postal Hwy,हुलाकी राजमार्ग,open,,2026-07-26 02:12 NPT
2026-07-26 02:12 NPT,de3ca03,road,NH06 – Koshi Rajmarg,कोशी राजमार्ग,closed,"Landslide at Bhotkhola-2, Sankhuwasabha",2026-07-26 02:12 NPT
2026-07-26 02:12 NPT,de3ca03,road,NH08 – Sagarmatha Rajmarg,सगरमाथा राजमार्ग,closed,"Landslide at Bhotkhola-2, Sankhuwasabha",2026-07-26 02:12 NPT
2026-07-26 02:12 NPT,de3ca03,road,NH09 – Madan Bhandari Hwy,मदन भण्डारी राजमार्ग,open,,2026-07-26 02:12 NPT
2026-07-26 02:12 NPT,de3ca03,road,NH10 – Siddhartha Hwy,सिद्धार्थ राजमार्ग,open,,2026-07-26 02:12 NPT
2026-07-26 02:12 NPT,de3ca03,road,NH11 – Rapti Rajmarg,राप्ती राजमार्ग,open,,2026-07-26 02:12 NPT
2026-07-26 02:12 NPT,de3ca03,road,NH12 – Ratna Rajmarg,रत्न राजमार्ग,closed,"Landslide at Bhotkhola-2, Sankhuwasabha",2026-07-26 02:12 NPT
2026-07-26 02:12 NPT,de3ca03,road,NH13 – Karnali Rajmarg,कर्णाली राजमार्ग,open,,2026-07-26 02:12 NPT
2026-07-26 02:12 NPT,de3ca03,road,NH14 – Mahakali Rajmarg,महाकाली राजमार्ग,open,,2026-07-26 02:12 NPT
2026-07-26 02:12 NPT,de3ca03,road,NH15 – Seti Rajmarg,सेती राजमार्ग,open,,2026-07-26 02:12 NPT
2026-07-26 02:12 NPT,de3ca03,road,NH16 – Rapti-Lumbini Hwy,राप्ती-लुम्बिनी,open,,2026-07-26 02:12 NPT
2026-07-26 02:12 NPT,de3ca03,road,NH34 – Araniko Hwy,अरनिको राजमार्ग,closed,"Landslide at Bhotekoshi-2, Sindhupalchok",2026-07-26 02:12 NPT
2026-07-26 02:12 NPT,de3ca03,road,NH38 – BP Hwy,बीपी राजमार्ग,open,,2026-07-26 02:12 NPT
2026-07-26 02:12 NPT,de3ca03,road,NH41 – Tribhuvan Hwy,त्रिभुवन राजमार्ग,partial,"Landslide at Bhimphedi-9, Makwanpur",2026-07-26 02:12 NPT
2026-07-26 02:12 NPT,de3ca03,road,NH42 – Prithvi Hwy,पृथ्वी राजमार्ग,partial,"Landslide at Aanbookhaireni-2, Tanahu",2026-07-26 02:12 NPT
2026-07-26 02:12 NPT,de3ca03,road,NH43 – Narayanghat-Mugling,नारायणगढ–मुग्लिन,open,,2026-07-26 02:12 NPT
2026-07-26 02:12 NPT,de3ca03,airport,Tribhuvan Intl (KTM),त्रिभुवन अन्तर्राष्ट्रिय,open,Normal operations,2026-07-26 02:12 NPT
2026-07-26 02:12 NPT,de3ca03,airport,Gautam Buddha Intl (BWA),गौतम बुद्ध विमानस्थल,open,,2026-07-26 02:12 NPT
2026-07-26 02:12 NPT,de3ca03,airport,Pokhara Regional (PKR),पोखरा विमानस्थल,open,,2026-07-26 02:12 NPT
2026-07-26 02:12 NPT,de3ca03,airport,Bharatpur (BHR),भरतपुर विमानस्थल,open,,2026-07-26 02:12 NPT
2026-07-26 02:12 NPT,de3ca03,airport,Dhangadhi (DHI),धनगढी विमानस्थल,open,,2026-07-26 02:12 NPT
2026-07-26 02:12 NPT,de3ca03,airport,Biratnagar (BIR),विराटनगर विमानस्थल,open,,2026-07-26 02:12 NPT
2026-07-26 02:12 NPT,de3ca03,airport,Nepalgunj (KEP),नेपालगञ्ज विमानस्थल,open,,2026-07-26 02:12 NPT
2026-07-26 02:12 NPT,de3ca03,airport,Chandragadhi (BDP),चन्द्रगढी विमानस्थल,open,,2026-07-26 02:12 NPT
2026-07-26 02:12 NPT,de3ca03,airport,Janakpur (JKR),जनकपुर विमानस्थल,open,,2026-07-26 02:12 NPT
2026-07-26 02:12 NPT,de3ca03,airport,Simara (SIF),सिमरा विमानस्थल,open,,2026-07-26 02:12 NPT
2026-07-26 02:12 NPT,de3ca03,hospital,"Bir Hospital, Kathmandu",बीर अस्पताल,open,120 beds,2026-07-26 02:12 NPT
2026-07-26 02:12 NPT,de3ca03,hospital,"TU Teaching Hospital, KTM",त्रिवि शिक्षण अस्पताल,open,95 beds,2026-07-26 02:12 NPT
2026-07-26 02:12 NPT,de3ca03,hospital,"Patan Hospital, Lalitpur",पाटन अस्पताल,open,60 beds,2026-07-26 02:12 NPT
2026-07-26 02:12 NPT,de3ca03,hospital,"Manipal College Hospital, PKR",मणिपाल अस्पताल,open,45 beds,2026-07-26 02:12 NPT
2026-07-26 02:12 NPT,de3ca03,hospital,"Gandaki Medical College, PKR",गण्डकी अस्पताल,open,38 beds,2026-07-26 02:12 NPT
2026-07-26 02:12 NPT,de3ca03,hospital,"BPKIHS, Dharan",बीपी कोइराला स्वास्थ्य,open,150 beds,2026-07-26 02:12 NPT
2026-07-26 02:12 NPT,de3ca03,hospital,"Koshi Hospital, Biratnagar",कोशी अस्पताल,open,80 beds,2026-07-26 02:12 NPT
2026-07-26 02:12 NPT,de3ca03,hospital,"Bheri Hospital, Nepalgunj",भेरी अस्पताल,open,70 beds,2026-07-26 02:12 NPT
2026-07-26 02:12 NPT,de3ca03,hospital,Chitwan Medical College,चितवन मेडिकल कलेज,open,100 beds,2026-07-26 02:12 NPT
2026-07-26 02:12 NPT,de3ca03,hospital,Lumbini Provincial Hospital,लुम्बिनी प्रादेशिक,open,110 beds,2026-07-26 02:12 NPT
2026-07-26 00:55 NPT,30f8dfd,road,NH01 – Mahendra Rajmarg,महेन्द्र राजमार्ग,open,,2026-07-26 00:55 NPT
2026-07-26 00:55 NPT,30f8dfd,road,NH02 – Mechi Rajmarg,मेची राजमार्ग,open,,2026-07-26 00:55 NPT
2026-07-26 00:55 NPT,30f8dfd,road,NH03 – Puspalal Hwy (Mid-Hill),पुष्पलाल राजमार्ग,partial,"Landslide at Sanibheri-2, Rukum West",2026-07-26 00:55 NPT
2026-07-26 00:55 NPT,30f8dfd,road,NH04 – Birtamod-Chandragadhi,विर्तामोड–चन्द्रगढी,open,,2026-07-26 00:55 NPT
2026-07-26 00:55 NPT,30f8dfd,road,NH05 – Postal Hwy,हुलाकी राजमार्ग,open,,2026-07-26 00:55 NPT
2026-07-26 00:55 NPT,30f8dfd,road,NH06 – Koshi Rajmarg,कोशी राजमार्ग,closed,"Landslide at Bhotkhola-2, Sankhuwasabha",2026-07-26 00:55 NPT
2026-07-26 00:55 NPT,30f8dfd,road,NH08 – Sagarmatha Rajmarg,सगरमाथा राजमार्ग,closed,"Landslide at Bhotkhola-2, Sankhuwasabha",2026-07-26 00:55 NPT
2026-07-26 00:55 NPT,30f8dfd,road,NH09 – Madan Bhandari Hwy,मदन भण्डारी राजमार्ग,open,,2026-07-26 00:55 NPT
2026-07-26 00:55 NPT,30f8dfd,road,NH10 – Siddhartha Hwy,सिद्धार्थ राजमार्ग,open,,2026-07-26 00:55 NPT
2026-07-26 00:55 NPT,30f8dfd,road,NH11 – Rapti Rajmarg,राप्ती राजमार्ग,open,,2026-07-26 00:55 NPT
2026-07-26 00:55 NPT,30f8dfd,road,NH12 – Ratna Rajmarg,रत्न राजमार्ग,closed,"Landslide at Bhotkhola-2, Sankhuwasabha",2026-07-26 00:55 NPT
2026-07-26 00:55 NPT,30f8dfd,road,NH13 – Karnali Rajmarg,कर्णाली राजमार्ग,open,,2026-07-26 00:55 NPT
2026-07-26 00:55 NPT,30f8dfd,road,NH14 – Mahakali Rajmarg,महाकाली राजमार्ग,open,,2026-07-26 00:55 NPT
2026-07-26 00:55 NPT,30f8dfd,road,NH15 – Seti Rajmarg,सेती राजमार्ग,open,,2026-07-26 00:55 NPT
2026-07-26 00:55 NPT,30f8dfd,road,NH16 – Rapti-Lumbini Hwy,राप्ती-लुम्बिनी,open,,2026-07-26 00:55 NPT
2026-07-26 00:55 NPT,30f8dfd,road,NH34 – Araniko Hwy,अरनिको राजमार्ग,closed,"Landslide at Bhotekoshi-2, Sindhupalchok",2026-07-26 00:55 NPT
2026-07-26 00:55 NPT,30f8dfd,road,NH38 – BP Hwy,बीपी राजमार्ग,open,,2026-07-26 00:55 NPT
2026-07-26 00:55 NPT,30f8dfd,road,NH41 – Tribhuvan Hwy,त्रिभुवन राजमार्ग,partial,"Landslide at Bhimphedi-9, Makwanpur",2026-07-26 00:55 NPT
2026-07-26 00:55 NPT,30f8dfd,road,NH42 – Prithvi Hwy,पृथ्वी राजमार्ग,partial,"Landslide at Aanbookhaireni-2, Tanahu",2026-07-26 00:55 NPT
2026-07-26 00:55 NPT,30f8dfd,road,NH43 – Narayanghat-Mugling,नारायणगढ–मुग्लिन,open,,2026-07-26 00:55 NPT
2026-07-26 00:55 NPT,30f8dfd,airport,Tribhuvan Intl (KTM),त्रिभुवन अन्तर्राष्ट्रिय,open,Normal operations,2026-07-26 00:55 NPT
2026-07-26 00:55 NPT,30f8dfd,airport,Gautam Buddha Intl (BWA),गौतम बुद्ध विमानस्थल,open,,2026-07-26 00:55 NPT
2026-07-26 00:55 NPT,30f8dfd,airport,Pokhara Regional (PKR),पोखरा विमानस्थल,open,,2026-07-26 00:55 NPT
2026-07-26 00:55 NPT,30f8dfd,airport,Bharatpur (BHR),भरतपुर विमानस्थल,open,,2026-07-26 00:55 NPT
2026-07-26 00:55 NPT,30f8dfd,airport,Dhangadhi (DHI),धनगढी विमानस्थल,open,,2026-07-26 00:55 NPT
2026-07-26 00:55 NPT,30f8dfd,airport,Biratnagar (BIR),विराटनगर विमानस्थल,open,,2026-07-26 00:55 NPT
2026-07-26 00:55 NPT,30f8dfd,airport,Nepalgunj (KEP),नेपालगञ्ज विमानस्थल,open,,2026-07-26 00:55 NPT
2026-07-26 00:55 NPT,30f8dfd,airport,Chandragadhi (BDP),चन्द्रगढी विमानस्थल,open,,2026-07-26 00:55 NPT
2026-07-26 00:55 NPT,30f8dfd,airport,Janakpur (JKR),जनकपुर विमानस्थल,open,,2026-07-26 00:55 NPT
2026-07-26 00:55 NPT,30f8dfd,airport,Simara (SIF),सिमरा विमानस्थल,open,,2026-07-26 00:55 NPT
2026-07-26 00:55 NPT,30f8dfd,hospital,"Bir Hospital, Kathmandu",बीर अस्पताल,open,120 beds,2026-07-26 00:55 NPT
2026-07-26 00:55 NPT,30f8dfd,hospital,"TU Teaching Hospital, KTM",त्रिवि शिक्षण अस्पताल,open,95 beds,2026-07-26 00:55 NPT
2026-07-26 00:55 NPT,30f8dfd,hospital,"Patan Hospital, Lalitpur",पाटन अस्पताल,open,60 beds,2026-07-26 00:55 NPT
2026-07-26 00:55 NPT,30f8dfd,hospital,"Manipal College Hospital, PKR",मणिपाल अस्पताल,open,45 beds,2026-07-26 00:55 NPT
2026-07-26 00:55 NPT,30f8dfd,hospital,"Gandaki Medical College, PKR",गण्डकी अस्पताल,open,38 beds,2026-07-26 00:55 NPT
2026-07-26 00:55 NPT,30f8dfd,hospital,"BPKIHS, Dharan",बीपी कोइराला स्वास्थ्य,open,150 beds,2026-07-26 00:55 NPT
2026-07-26 00:55 NPT,30f8dfd,hospital,"Koshi Hospital, Biratnagar",कोशी अस्पताल,open,80 beds,2026-07-26 00:55 NPT
2026-07-26 00:55 NPT,30f8dfd,hospital,"Bheri Hospital, Nepalgunj",भेरी अस्पताल,open,70 beds,2026-07-26 00:55 NPT
2026-07-26 00:55 NPT,30f8dfd,hospital,Chitwan Medical College,चितवन मेडिकल कलेज,open,100 beds,2026-07-26 00:55 NPT
2026-07-26 00:55 NPT,30f8dfd,hospital,Lumbini Provincial Hospital,लुम्बिनी प्रादेशिक,open,110 beds,2026-07-26 00:55 NPT
2026-07-25 23:17 NPT,36068a7,road,NH01 – Mahendra Rajmarg,महेन्द्र राजमार्ग,open,,2026-07-25 23:17 NPT
2026-07-25 23:17 NPT,36068a7,road,NH02 – Mechi Rajmarg,मेची राजमार्ग,open,,2026-07-25 23:17 NPT
2026-07-25 23:17 NPT,36068a7,road,NH03 – Puspalal Hwy (Mid-Hill),पुष्पलाल राजमार्ग,partial,"Landslide at Sanibheri-2, Rukum West",2026-07-25 23:17 NPT
2026-07-25 23:17 NPT,36068a7,road,NH04 – Birtamod-Chandragadhi,विर्तामोड–चन्द्रगढी,open,,2026-07-25 23:17 NPT
2026-07-25 23:17 NPT,36068a7,road,NH05 – Postal Hwy,हुलाकी राजमार्ग,open,,2026-07-25 23:17 NPT
2026-07-25 23:17 NPT,36068a7,road,NH06 – Koshi Rajmarg,कोशी राजमार्ग,closed,"Landslide at Bhotkhola-2, Sankhuwasabha",2026-07-25 23:17 NPT
2026-07-25 23:17 NPT,36068a7,road,NH08 – Sagarmatha Rajmarg,सगरमाथा राजमार्ग,closed,"Landslide at Bhotkhola-2, Sankhuwasabha",2026-07-25 23:17 NPT
2026-07-25 23:17 NPT,36068a7,road,NH09 – Madan Bhandari Hwy,मदन भण्डारी राजमार्ग,open,,2026-07-25 23:17 NPT
2026-07-25 23:17 NPT,36068a7,road,NH10 – Siddhartha Hwy,सिद्धार्थ राजमार्ग,open,,2026-07-25 23:17 NPT
2026-07-25 23:17 NPT,36068a7,road,NH11 – Rapti Rajmarg,राप्ती राजमार्ग,open,,2026-07-25 23:17 NPT
2026-07-25 23:17 NPT,36068a7,road,NH12 – Ratna Rajmarg,रत्न राजमार्ग,closed,"Landslide at Bhotkhola-2, Sankhuwasabha",2026-07-25 23:17 NPT
2026-07-25 23:17 NPT,36068a7,road,NH13 – Karnali Rajmarg,कर्णाली राजमार्ग,open,,2026-07-25 23:17 NPT
2026-07-25 23:17 NPT,36068a7,road,NH14 – Mahakali Rajmarg,महाकाली राजमार्ग,open,,2026-07-25 23:17 NPT
2026-07-25 23:17 NPT,36068a7,road,NH15 – Seti Rajmarg,सेती राजमार्ग,open,,2026-07-25 23:17 NPT
2026-07-25 23:17 NPT,36068a7,road,NH16 – Rapti-Lumbini Hwy,राप्ती-लुम्बिनी,open,,2026-07-25 23:17 NPT
2026-07-25 23:17 NPT,36068a7,road,NH34 – Araniko Hwy,अरनिको राजमार्ग,closed,"Landslide at Bhotekoshi-2, Sindhupalchok",2026-07-25 23:17 NPT
2026-07-25 23:17 NPT,36068a7,road,NH38 – BP Hwy,बीपी राजमार्ग,open,,2026-07-25 23:17 NPT
2026-07-25 23:17 NPT,36068a7,road,NH41 – Tribhuvan Hwy,त्रिभुवन राजमार्ग,partial,"Landslide at Bhimphedi-9, Makwanpur",2026-07-25 23:17 NPT
2026-07-25 23:17 NPT,36068a7,road,NH42 – Prithvi Hwy,पृथ्वी राजमार्ग,partial,"Landslide at Aanbookhaireni-2, Tanahu",2026-07-25 23:17 NPT
2026-07-25 23:17 NPT,36068a7,road,NH43 – Narayanghat-Mugling,नारायणगढ–मुग्लिन,open,,2026-07-25 23:17 NPT
2026-07-25 23:17 NPT,36068a7,airport,Tribhuvan Intl (KTM),त्रिभुवन अन्तर्राष्ट्रिय,open,Normal operations,2026-07-25 23:17 NPT
2026-07-25 23:17 NPT,36068a7,airport,Gautam Buddha Intl (BWA),गौतम बुद्ध विमानस्थल,open,,2026-07-25 23:17 NPT
2026-07-25 23:17 NPT,36068a7,airport,Pokhara Regional (PKR),पोखरा विमानस्थल,open,,2026-07-25 23:17 NPT
2026-07-25 23:17 NPT,36068a7,airport,Bharatpur (BHR),भरतपुर विमानस्थल,open,,2026-07-25 23:17 NPT
2026-07-25 23:17 NPT,36068a7,airport,Dhangadhi (DHI),धनगढी विमानस्थल,open,,2026-07-25 23:17 NPT
2026-07-25 23:17 NPT,36068a7,airport,Biratnagar (BIR),विराटनगर विमानस्थल,open,,2026-07-25 23:17 NPT
2026-07-25 23:17 NPT,36068a7,airport,Nepalgunj (KEP),नेपालगञ्ज विमानस्थल,open,,2026-07-25 23:17 NPT
2026-07-25 23:17 NPT,36068a7,airport,Chandragadhi (BDP),चन्द्रगढी विमानस्थल,open,,2026-07-25 23:17 NPT
2026-07-25 23:17 NPT,36068a7,airport,Janakpur (JKR),जनकपुर विमानस्थल,open,,2026-07-25 23:17 NPT
2026-07-25 23:17 NPT,36068a7,airport,Simara (SIF),सिमरा विमानस्थल,open,,2026-07-25 23:17 NPT
2026-07-25 23:17 NPT,36068a7,hospital,"Bir Hospital, Kathmandu",बीर अस्पताल,open,120 beds,2026-07-25 23:17 NPT
2026-07-25 23:17 NPT,36068a7,hospital,"TU Teaching Hospital, KTM",त्रिवि शिक्षण अस्पताल,open,95 beds,2026-07-25 23:17 NPT
2026-07-25 23:17 NPT,36068a7,hospital,"Patan Hospital, Lalitpur",पाटन अस्पताल,open,60 beds,2026-07-25 23:17 NPT
2026-07-25 23:17 NPT,36068a7,hospital,"Manipal College Hospital, PKR",मणिपाल अस्पताल,open,45 beds,2026-07-25 23:17 NPT
2026-07-25 23:17 NPT,36068a7,hospital,"Gandaki Medical College, PKR",गण्डकी अस्पताल,open,38 beds,2026-07-25 23:17 NPT
2026-07-25 23:17 NPT,36068a7,hospital,"BPKIHS, Dharan",बीपी कोइराला स्वास्थ्य,open,150 beds,2026-07-25 23:17 NPT
2026-07-25 23:17 NPT,36068a7,hospital,"Koshi Hospital, Biratnagar",कोशी अस्पताल,open,80 beds,2026-07-25 23:17 NPT
2026-07-25 23:17 NPT,36068a7,hospital,"Bheri Hospital, Nepalgunj",भेरी अस्पताल,open,70 beds,2026-07-25 23:17 NPT
2026-07-25 23:17 NPT,36068a7,hospital,Chitwan Medical College,चितवन मेडिकल कलेज,open,100 beds,2026-07-25 23:17 NPT
2026-07-25 23:17 NPT,36068a7,hospital,Lumbini Provincial Hospital,लुम्बिनी प्रादेशिक,open,110 beds,2026-07-25 23:17 NPT
2026-07-25 22:10 NPT,fcd1631,road,NH01 – Mahendra Rajmarg,महेन्द्र राजमार्ग,open,,2026-07-25 22:10 NPT
2026-07-25 22:10 NPT,fcd1631,road,NH02 – Mechi Rajmarg,मेची राजमार्ग,open,,2026-07-25 22:10 NPT
2026-07-25 22:10 NPT,fcd1631,road,NH03 – Puspalal Hwy (Mid-Hill),पुष्पलाल राजमार्ग,partial,"Landslide at Sanibheri-2, Rukum West",2026-07-25 22:10 NPT
2026-07-25 22:10 NPT,fcd1631,road,NH04 – Birtamod-Chandragadhi,विर्तामोड–चन्द्रगढी,open,,2026-07-25 22:10 NPT
2026-07-25 22:10 NPT,fcd1631,road,NH05 – Postal Hwy,हुलाकी राजमार्ग,open,,2026-07-25 22:10 NPT
2026-07-25 22:10 NPT,fcd1631,road,NH06 – Koshi Rajmarg,कोशी राजमार्ग,closed,"Landslide at Bhotkhola-2, Sankhuwasabha",2026-07-25 22:10 NPT
2026-07-25 22:10 NPT,fcd1631,road,NH08 – Sagarmatha Rajmarg,सगरमाथा राजमार्ग,closed,"Landslide at Bhotkhola-2, Sankhuwasabha",2026-07-25 22:10 NPT
2026-07-25 22:10 NPT,fcd1631,road,NH09 – Madan Bhandari Hwy,मदन भण्डारी राजमार्ग,open,,2026-07-25 22:10 NPT
2026-07-25 22:10 NPT,fcd1631,road,NH10 – Siddhartha Hwy,सिद्धार्थ राजमार्ग,open,,2026-07-25 22:10 NPT
2026-07-25 22:10 NPT,fcd1631,road,NH11 – Rapti Rajmarg,राप्ती राजमार्ग,open,,2026-07-25 22:10 NPT
2026-07-25 22:10 NPT,fcd1631,road,NH12 – Ratna Rajmarg,रत्न राजमार्ग,closed,"Landslide at Bhotkhola-2, Sankhuwasabha",2026-07-25 22:10 NPT
2026-07-25 22:10 NPT,fcd1631,road,NH13 – Karnali Rajmarg,कर्णाली राजमार्ग,open,,2026-07-25 22:10 NPT
2026-07-25 22:10 NPT,fcd1631,road,NH14 – Mahakali Rajmarg,महाकाली राजमार्ग,open,,2026-07-25 22:10 NPT
2026-07-25 22:10 NPT,fcd1631,road,NH15 – Seti Rajmarg,सेती राजमार्ग,open,,2026-07-25 22:10 NPT
2026-07-25 22:10 NPT,fcd1631,road,NH16 – Rapti-Lumbini Hwy,राप्ती-लुम्बिनी,open,,2026-07-25 22:10 NPT
2026-07-25 22:10 NPT,fcd1631,road,NH34 – Araniko Hwy,अरनिको राजमार्ग,closed,"Landslide at Bhotekoshi-2, Sindhupalchok",2026-07-25 22:10 NPT
2026-07-25 22:10 NPT,fcd1631,road,NH38 – BP Hwy,बीपी राजमार्ग,open,,2026-07-25 22:10 NPT
2026-07-25 22:10 NPT,fcd1631,road,NH41 – Tribhuvan Hwy,त्रिभुवन राजमार्ग,partial,"Landslide at Bhimphedi-9, Makwanpur",2026-07-25 22:10 NPT
2026-07-25 22:10 NPT,fcd1631,road,NH42 – Prithvi Hwy,पृथ्वी राजमार्ग,partial,"Landslide at Aanbookhaireni-2, Tanahu",2026-07-25 22:10 NPT
2026-07-25 22:10 NPT,fcd1631,road,NH43 – Narayanghat-Mugling,नारायणगढ–मुग्लिन,open,,2026-07-25 22:10 NPT
2026-07-25 22:10 NPT,fcd1631,airport,Tribhuvan Intl (KTM),त्रिभुवन अन्तर्राष्ट्रिय,open,Normal operations,2026-07-25 22:10 NPT
2026-07-25 22:10 NPT,fcd1631,airport,Gautam Buddha Intl (BWA),गौतम बुद्ध विमानस्थल,open,,2026-07-25 22:10 NPT
2026-07-25 22:10 NPT,fcd1631,airport,Pokhara Regional (PKR),पोखरा विमानस्थल,open,,2026-07-25 22:10 NPT
2026-07-25 22:10 NPT,fcd1631,airport,Bharatpur (BHR),भरतपुर विमानस्थल,open,,2026-07-25 22:10 NPT
2026-07-25 22:10 NPT,fcd1631,airport,Dhangadhi (DHI),धनगढी विमानस्थल,open,,2026-07-25 22:10 NPT
2026-07-25 22:10 NPT,fcd1631,airport,Biratnagar (BIR),विराटनगर विमानस्थल,open,,2026-07-25 22:10 NPT
2026-07-25 22:10 NPT,fcd1631,airport,Nepalgunj (KEP),नेपालगञ्ज विमानस्थल,open,,2026-07-25 22:10 NPT
2026-07-25 22:10 NPT,fcd1631,airport,Chandragadhi (BDP),चन्द्रगढी विमानस्थल,open,,2026-07-25 22:10 NPT
2026-07-25 22:10 NPT,fcd1631,airport,Janakpur (JKR),जनकपुर विमानस्थल,open,,2026-07-25 22:10 NPT
2026-07-25 22:10 NPT,fcd1631,airport,Simara (SIF),सिमरा विमानस्थल,open,,2026-07-25 22:10 NPT
2026-07-25 22:10 NPT,fcd1631,hospital,"Bir Hospital, Kathmandu",बीर अस्पताल,open,120 beds,2026-07-25 22:10 NPT
2026-07-25 22:10 NPT,fcd1631,hospital,"TU Teaching Hospital, KTM",त्रिवि शिक्षण अस्पताल,open,95 beds,2026-07-25 22:10 NPT
2026-07-25 22:10 NPT,fcd1631,hospital,"Patan Hospital, Lalitpur",पाटन अस्पताल,open,60 beds,2026-07-25 22:10 NPT
2026-07-25 22:10 NPT,fcd1631,hospital,"Manipal College Hospital, PKR",मणिपाल अस्पताल,open,45 beds,2026-07-25 22:10 NPT
2026-07-25 22:10 NPT,fcd1631,hospital,"Gandaki Medical College, PKR",गण्डकी अस्पताल,open,38 beds,2026-07-25 22:10 NPT
2026-07-25 22:10 NPT,fcd1631,hospital,"BPKIHS, Dharan",बीपी कोइराला स्वास्थ्य,open,150 beds,2026-07-25 22:10 NPT
2026-07-25 22:10 NPT,fcd1631,hospital,"Koshi Hospital, Biratnagar",कोशी अस्पताल,open,80 beds,2026-07-25 22:10 NPT
2026-07-25 22:10 NPT,fcd1631,hospital,"Bheri Hospital, Nepalgunj",भेरी अस्पताल,open,70 beds,2026-07-25 22:10 NPT
2026-07-25 22:10 NPT,fcd1631,hospital,Chitwan Medical College,चितवन मेडिकल कलेज,open,100 beds,2026-07-25 22:10 NPT
2026-07-25 22:10 NPT,fcd1631,hospital,Lumbini Provincial Hospital,लुम्बिनी प्रादेशिक,open,110 beds,2026-07-25 22:10 NPT
2026-07-25 20:50 NPT,4588aa5,road,NH01 – Mahendra Rajmarg,महेन्द्र राजमार्ग,open,,2026-07-25 20:50 NPT
2026-07-25 20:50 NPT,4588aa5,road,NH02 – Mechi Rajmarg,मेची राजमार्ग,open,,2026-07-25 20:50 NPT
2026-07-25 20:50 NPT,4588aa5,road,NH03 – Puspalal Hwy (Mid-Hill),पुष्पलाल राजमार्ग,partial,"Landslide at Kanthekhola-5, Baglung",2026-07-25 20:50 NPT
2026-07-25 20:50 NPT,4588aa5,road,NH04 – Birtamod-Chandragadhi,विर्तामोड–चन्द्रगढी,open,,2026-07-25 20:50 NPT
2026-07-25 20:50 NPT,4588aa5,road,NH05 – Postal Hwy,हुलाकी राजमार्ग,open,,2026-07-25 20:50 NPT
2026-07-25 20:50 NPT,4588aa5,road,NH06 – Koshi Rajmarg,कोशी राजमार्ग,closed,"Landslide at Bhotkhola-2, Sankhuwasabha",2026-07-25 20:50 NPT
2026-07-25 20:50 NPT,4588aa5,road,NH08 – Sagarmatha Rajmarg,सगरमाथा राजमार्ग,closed,"Landslide at Bhotkhola-2, Sankhuwasabha",2026-07-25 20:50 NPT
2026-07-25 20:50 NPT,4588aa5,road,NH09 – Madan Bhandari Hwy,मदन भण्डारी राजमार्ग,open,,2026-07-25 20:50 NPT
2026-07-25 20:50 NPT,4588aa5,road,NH10 – Siddhartha Hwy,सिद्धार्थ राजमार्ग,open,,2026-07-25 20:50 NPT
2026-07-25 20:50 NPT,4588aa5,road,NH11 – Rapti Rajmarg,राप्ती राजमार्ग,open,,2026-07-25 20:50 NPT
2026-07-25 20:50 NPT,4588aa5,road,NH12 – Ratna Rajmarg,रत्न राजमार्ग,closed,"Landslide at Bhotkhola-2, Sankhuwasabha",2026-07-25 20:50 NPT
2026-07-25 20:50 NPT,4588aa5,road,NH13 – Karnali Rajmarg,कर्णाली राजमार्ग,open,,2026-07-25 20:50 NPT
2026-07-25 20:50 NPT,4588aa5,road,NH14 – Mahakali Rajmarg,महाकाली राजमार्ग,open,,2026-07-25 20:50 NPT
2026-07-25 20:50 NPT,4588aa5,road,NH15 – Seti Rajmarg,सेती राजमार्ग,open,,2026-07-25 20:50 NPT
2026-07-25 20:50 NPT,4588aa5,road,NH16 – Rapti-Lumbini Hwy,राप्ती-लुम्बिनी,open,,2026-07-25 20:50 NPT
2026-07-25 20:50 NPT,4588aa5,road,NH34 – Araniko Hwy,अरनिको राजमार्ग,closed,"Landslide at Bhotekoshi-2, Sindhupalchok",2026-07-25 20:50 NPT
2026-07-25 20:50 NPT,4588aa5,road,NH38 – BP Hwy,बीपी राजमार्ग,open,,2026-07-25 20:50 NPT
2026-07-25 20:50 NPT,4588aa5,road,NH41 – Tribhuvan Hwy,त्रिभुवन राजमार्ग,partial,"Landslide at Bhimphedi-9, Makwanpur",2026-07-25 20:50 NPT
2026-07-25 20:50 NPT,4588aa5,road,NH42 – Prithvi Hwy,पृथ्वी राजमार्ग,partial,"Landslide at Aanbookhaireni-2, Tanahu",2026-07-25 20:50 NPT
2026-07-25 20:50 NPT,4588aa5,road,NH43 – Narayanghat-Mugling,नारायणगढ–मुग्लिन,open,,2026-07-25 20:50 NPT
2026-07-25 20:50 NPT,4588aa5,airport,Tribhuvan Intl (KTM),त्रिभुवन अन्तर्राष्ट्रिय,open,Normal operations,2026-07-25 20:50 NPT
2026-07-25 20:50 NPT,4588aa5,airport,Gautam Buddha Intl (BWA),गौतम बुद्ध विमानस्थल,open,,2026-07-25 20:50 NPT
2026-07-25 20:50 NPT,4588aa5,airport,Pokhara Regional (PKR),पोखरा विमानस्थल,open,,2026-07-25 20:50 NPT
2026-07-25 20:50 NPT,4588aa5,airport,Bharatpur (BHR),भरतपुर विमानस्थल,open,,2026-07-25 20:50 NPT
2026-07-25 20:50 NPT,4588aa5,airport,Dhangadhi (DHI),धनगढी विमानस्थल,open,,2026-07-25 20:50 NPT
2026-07-25 20:50 NPT,4588aa5,airport,Biratnagar (BIR),विराटनगर विमानस्थल,open,,2026-07-25 20:50 NPT
2026-07-25 20:50 NPT,4588aa5,airport,Nepalgunj (KEP),नेपालगञ्ज विमानस्थल,open,,2026-07-25 20:50 NPT
2026-07-25 20:50 NPT,4588aa5,airport,Chandragadhi (BDP),चन्द्रगढी विमानस्थल,open,,2026-07-25 20:50 NPT
2026-07-25 20:50 NPT,4588aa5,airport,Janakpur (JKR),जनकपुर विमानस्थल,open,,2026-07-25 20:50 NPT
2026-07-25 20:50 NPT,4588aa5,airport,Simara (SIF),सिमरा विमानस्थल,open,,2026-07-25 20:50 NPT
2026-07-25 20:50 NPT,4588aa5,hospital,"Bir Hospital, Kathmandu",बीर अस्पताल,open,120 beds,2026-07-25 20:50 NPT
2026-07-25 20:50 NPT,4588aa5,hospital,"TU Teaching Hospital, KTM",त्रिवि शिक्षण अस्पताल,open,95 beds,2026-07-25 20:50 NPT
2026-07-25 20:50 NPT,4588aa5,hospital,"Patan Hospital, Lalitpur",पाटन अस्पताल,open,60 beds,2026-07-25 20:50 NPT
2026-07-25 20:50 NPT,4588aa5,hospital,"Manipal College Hospital, PKR",मणिपाल अस्पताल,open,45 beds,2026-07-25 20:50 NPT
2026-07-25 20:50 NPT,4588aa5,hospital,"Gandaki Medical College, PKR",गण्डकी अस्पताल,open,38 beds,2026-07-25 20:50 NPT
2026-07-25 20:50 NPT,4588aa5,hospital,"BPKIHS, Dharan",बीपी कोइराला स्वास्थ्य,open,150 beds,2026-07-25 20:50 NPT
2026-07-25 20:50 NPT,4588aa5,hospital,"Koshi Hospital, Biratnagar",कोशी अस्पताल,open,80 beds,2026-07-25 20:50 NPT
2026-07-25 20:50 NPT,4588aa5,hospital,"Bheri Hospital, Nepalgunj",भेरी अस्पताल,open,70 beds,2026-07-25 20:50 NPT
2026-07-25 20:50 NPT,4588aa5,hospital,Chitwan Medical College,चितवन मेडिकल कलेज,open,100 beds,2026-07-25 20:50 NPT
2026-07-25 20:50 NPT,4588aa5,hospital,Lumbini Provincial Hospital,लुम्बिनी प्रादेशिक,open,110 beds,2026-07-25 20:50 NPT
2026-07-25 19:24 NPT,4ad826c,road,NH01 – Mahendra Rajmarg,महेन्द्र राजमार्ग,open,,2026-07-25 19:24 NPT
2026-07-25 19:24 NPT,4ad826c,road,NH02 – Mechi Rajmarg,मेची राजमार्ग,open,,2026-07-25 19:24 NPT
2026-07-25 19:24 NPT,4ad826c,road,NH03 – Puspalal Hwy (Mid-Hill),पुष्पलाल राजमार्ग,partial,"Landslide at Sanibheri-2, Rukum West",2026-07-25 19:24 NPT
2026-07-25 19:24 NPT,4ad826c,road,NH04 – Birtamod-Chandragadhi,विर्तामोड–चन्द्रगढी,open,,2026-07-25 19:24 NPT
2026-07-25 19:24 NPT,4ad826c,road,NH05 – Postal Hwy,हुलाकी राजमार्ग,open,,2026-07-25 19:24 NPT
2026-07-25 19:24 NPT,4ad826c,road,NH06 – Koshi Rajmarg,कोशी राजमार्ग,closed,"Landslide at Bhotkhola-2, Sankhuwasabha",2026-07-25 19:24 NPT
2026-07-25 19:24 NPT,4ad826c,road,NH08 – Sagarmatha Rajmarg,सगरमाथा राजमार्ग,closed,"Landslide at Bhotkhola-2, Sankhuwasabha",2026-07-25 19:24 NPT
2026-07-25 19:24 NPT,4ad826c,road,NH09 – Madan Bhandari Hwy,मदन भण्डारी राजमार्ग,open,,2026-07-25 19:24 NPT
2026-07-25 19:24 NPT,4ad826c,road,NH10 – Siddhartha Hwy,सिद्धार्थ राजमार्ग,open,,2026-07-25 19:24 NPT
2026-07-25 19:24 NPT,4ad826c,road,NH11 – Rapti Rajmarg,राप्ती राजमार्ग,open,,2026-07-25 19:24 NPT
2026-07-25 19:24 NPT,4ad826c,road,NH12 – Ratna Rajmarg,रत्न राजमार्ग,closed,"Landslide at Bhotkhola-2, Sankhuwasabha",2026-07-25 19:24 NPT
2026-07-25 19:24 NPT,4ad826c,road,NH13 – Karnali Rajmarg,कर्णाली राजमार्ग,open,,2026-07-25 19:24 NPT
2026-07-25 19:24 NPT,4ad826c,road,NH14 – Mahakali Rajmarg,महाकाली राजमार्ग,open,,2026-07-25 19:24 NPT
2026-07-25 19:24 NPT,4ad826c,road,NH15 – Seti Rajmarg,सेती राजमार्ग,open,,2026-07-25 19:24 NPT
2026-07-25 19:24 NPT,4ad826c,road,NH16 – Rapti-Lumbini Hwy,राप्ती-लुम्बिनी,open,,2026-07-25 19:24 NPT
2026-07-25 19:24 NPT,4ad826c,road,NH34 – Araniko Hwy,अरनिको राजमार्ग,closed,"Landslide at Bhotekoshi-2, Sindhupalchok",2026-07-25 19:24 NPT
2026-07-25 19:24 NPT,4ad826c,road,NH38 – BP Hwy,बीपी राजमार्ग,open,,2026-07-25 19:24 NPT
2026-07-25 19:24 NPT,4ad826c,road,NH41 – Tribhuvan Hwy,त्रिभुवन राजमार्ग,partial,"Landslide at Bhimphedi-9, Makwanpur",2026-07-25 19:24 NPT
2026-07-25 19:24 NPT,4ad826c,road,NH42 – Prithvi Hwy,पृथ्वी राजमार्ग,partial,"Landslide at Aanbookhaireni-2, Tanahu",2026-07-25 19:24 NPT
2026-07-25 19:24 NPT,4ad826c,road,NH43 – Narayanghat-Mugling,नारायणगढ–मुग्लिन,open,,2026-07-25 19:24 NPT
2026-07-25 19:24 NPT,4ad826c,airport,Tribhuvan Intl (KTM),त्रिभुवन अन्तर्राष्ट्रिय,open,Normal operations,2026-07-25 19:24 NPT
2026-07-25 19:24 NPT,4ad826c,airport,Gautam Buddha Intl (BWA),गौतम बुद्ध विमानस्थल,open,,2026-07-25 19:24 NPT
2026-07-25 19:24 NPT,4ad826c,airport,Pokhara Regional (PKR),पोखरा विमानस्थल,open,,2026-07-25 19:24 NPT
2026-07-25 19:24 NPT,4ad826c,airport,Bharatpur (BHR),भरतपुर विमानस्थल,open,,2026-07-25 19:24 NPT
2026-07-25 19:24 NPT,4ad826c,airport,Dhangadhi (DHI),धनगढी विमानस्थल,open,,2026-07-25 19:24 NPT
2026-07-25 19:24 NPT,4ad826c,airport,Biratnagar (BIR),विराटनगर विमानस्थल,open,,2026-07-25 19:24 NPT
2026-07-25 19:24 NPT,4ad826c,airport,Nepalgunj (KEP),नेपालगञ्ज विमानस्थल,open,,2026-07-25 19:24 NPT
2026-07-25 19:24 NPT,4ad826c,airport,Chandragadhi (BDP),चन्द्रगढी विमानस्थल,open,,2026-07-25 19:24 NPT
2026-07-25 19:24 NPT,4ad826c,airport,Janakpur (JKR),जनकपुर विमानस्थल,open,,2026-07-25 19:24 NPT
2026-07-25 19:24 NPT,4ad826c,airport,Simara (SIF),सिमरा विमानस्थल,open,,2026-07-25 19:24 NPT
2026-07-25 19:24 NPT,4ad826c,hospital,"Bir Hospital, Kathmandu",बीर अस्पताल,open,120 beds,2026-07-25 19:24 NPT
2026-07-25 19:24 NPT,4ad826c,hospital,"TU Teaching Hospital, KTM",त्रिवि शिक्षण अस्पताल,open,95 beds,2026-07-25 19:24 NPT
2026-07-25 19:24 NPT,4ad826c,hospital,"Patan Hospital, Lalitpur",पाटन अस्पताल,open,60 beds,2026-07-25 19:24 NPT
2026-07-25 19:24 NPT,4ad826c,hospital,"Manipal College Hospital, PKR",मणिपाल अस्पताल,open,45 beds,2026-07-25 19:24 NPT
2026-07-25 19:24 NPT,4ad826c,hospital,"Gandaki Medical College, PKR",गण्डकी अस्पताल,open,38 beds,2026-07-25 19:24 NPT
2026-07-25 19:24 NPT,4ad826c,hospital,"BPKIHS, Dharan",बीपी कोइराला स्वास्थ्य,open,150 beds,2026-07-25 19:24 NPT
2026-07-25 19:24 NPT,4ad826c,hospital,"Koshi Hospital, Biratnagar",कोशी अस्पताल,open,80 beds,2026-07-25 19:24 NPT
2026-07-25 19:24 NPT,4ad826c,hospital,"Bheri Hospital, Nepalgunj",भेरी अस्पताल,open,70 beds,2026-07-25 19:24 NPT
2026-07-25 19:24 NPT,4ad826c,hospital,Chitwan Medical College,चितवन मेडिकल कलेज,open,100 beds,2026-07-25 19:24 NPT
2026-07-25 19:24 NPT,4ad826c,hospital,Lumbini Provincial Hospital,लुम्बिनी प्रादेशिक,open,110 beds,2026-07-25 19:24 NPT
2026-07-25 17:29 NPT,0336213,road,NH01 – Mahendra Rajmarg,महेन्द्र राजमार्ग,open,,2026-07-25 17:29 NPT
2026-07-25 17:29 NPT,0336213,road,NH02 – Mechi Rajmarg,मेची राजमार्ग,open,,2026-07-25 17:29 NPT
2026-07-25 17:29 NPT,0336213,road,NH03 – Puspalal Hwy (Mid-Hill),पुष्पलाल राजमार्ग,partial,"Landslide at Sanibheri-2, Rukum West",2026-07-25 17:29 NPT
2026-07-25 17:29 NPT,0336213,road,NH04 – Birtamod-Chandragadhi,विर्तामोड–चन्द्रगढी,open,,2026-07-25 17:29 NPT
2026-07-25 17:29 NPT,0336213,road,NH05 – Postal Hwy,हुलाकी राजमार्ग,open,,2026-07-25 17:29 NPT
2026-07-25 17:29 NPT,0336213,road,NH06 – Koshi Rajmarg,कोशी राजमार्ग,closed,"Landslide at Bhotkhola-2, Sankhuwasabha",2026-07-25 17:29 NPT
2026-07-25 17:29 NPT,0336213,road,NH08 – Sagarmatha Rajmarg,सगरमाथा राजमार्ग,closed,"Landslide at Bhotkhola-2, Sankhuwasabha",2026-07-25 17:29 NPT
2026-07-25 17:29 NPT,0336213,road,NH09 – Madan Bhandari Hwy,मदन भण्डारी राजमार्ग,open,,2026-07-25 17:29 NPT
2026-07-25 17:29 NPT,0336213,road,NH10 – Siddhartha Hwy,सिद्धार्थ राजमार्ग,open,,2026-07-25 17:29 NPT
2026-07-25 17:29 NPT,0336213,road,NH11 – Rapti Rajmarg,राप्ती राजमार्ग,open,,2026-07-25 17:29 NPT
2026-07-25 17:29 NPT,0336213,road,NH12 – Ratna Rajmarg,रत्न राजमार्ग,closed,"Landslide at Bhotkhola-2, Sankhuwasabha",2026-07-25 17:29 NPT
2026-07-25 17:29 NPT,0336213,road,NH13 – Karnali Rajmarg,कर्णाली राजमार्ग,open,,2026-07-25 17:29 NPT
2026-07-25 17:29 NPT,0336213,road,NH14 – Mahakali Rajmarg,महाकाली राजमार्ग,open,,2026-07-25 17:29 NPT
2026-07-25 17:29 NPT,0336213,road,NH15 – Seti Rajmarg,सेती राजमार्ग,open,,2026-07-25 17:29 NPT
2026-07-25 17:29 NPT,0336213,road,NH16 – Rapti-Lumbini Hwy,राप्ती-लुम्बिनी,open,,2026-07-25 17:29 NPT
2026-07-25 17:29 NPT,0336213,road,NH34 – Araniko Hwy,अरनिको राजमार्ग,closed,"Landslide at Bhotekoshi-2, Sindhupalchok",2026-07-25 17:29 NPT
2026-07-25 17:29 NPT,0336213,road,NH38 – BP Hwy,बीपी राजमार्ग,open,,2026-07-25 17:29 NPT
2026-07-25 17:29 NPT,0336213,road,NH41 – Tribhuvan Hwy,त्रिभुवन राजमार्ग,partial,"Landslide at Bhimphedi-9, Makwanpur",2026-07-25 17:29 NPT
2026-07-25 17:29 NPT,0336213,road,NH42 – Prithvi Hwy,पृथ्वी राजमार्ग,partial,"Landslide at Aanbookhaireni-2, Tanahu",2026-07-25 17:29 NPT
2026-07-25 17:29 NPT,0336213,road,NH43 – Narayanghat-Mugling,नारायणगढ–मुग्लिन,open,,2026-07-25 17:29 NPT
2026-07-25 17:29 NPT,0336213,airport,Tribhuvan Intl (KTM),त्रिभुवन अन्तर्राष्ट्रिय,open,Normal operations,2026-07-25 17:29 NPT
2026-07-25 17:29 NPT,0336213,airport,Gautam Buddha Intl (BWA),गौतम बुद्ध विमानस्थल,open,,2026-07-25 17:29 NPT
2026-07-25 17:29 NPT,0336213,airport,Pokhara Regional (PKR),पोखरा विमानस्थल,partial,Disruptions reported in news,2026-07-25 17:29 NPT
2026-07-25 17:29 NPT,0336213,airport,Bharatpur (BHR),भरतपुर विमानस्थल,open,,2026-07-25 17:29 NPT
2026-07-25 17:29 NPT,0336213,airport,Dhangadhi (DHI),धनगढी विमानस्थल,open,,2026-07-25 17:29 NPT
2026-07-25 17:29 NPT,0336213,airport,Biratnagar (BIR),विराटनगर विमानस्थल,open,,2026-07-25 17:29 NPT
2026-07-25 17:29 NPT,0336213,airport,Nepalgunj (KEP),नेपालगञ्ज विमानस्थल,partial,Disruptions reported in news,2026-07-25 17:29 NPT
2026-07-25 17:29 NPT,0336213,airport,Chandragadhi (BDP),चन्द्रगढी विमानस्थल,open,,2026-07-25 17:29 NPT
2026-07-25 17:29 NPT,0336213,airport,Janakpur (JKR),जनकपुर विमानस्थल,open,,2026-07-25 17:29 NPT
2026-07-25 17:29 NPT,0336213,airport,Simara (SIF),सिमरा विमानस्थल,open,,2026-07-25 17:29 NPT
2026-07-25 17:29 NPT,0336213,hospital,"Bir Hospital, Kathmandu",बीर अस्पताल,open,120 beds,2026-07-25 17:29 NPT
2026-07-25 17:29 NPT,0336213,hospital,"TU Teaching Hospital, KTM",त्रिवि शिक्षण अस्पताल,open,95 beds,2026-07-25 17:29 NPT
2026-07-25 17:29 NPT,0336213,hospital,"Patan Hospital, Lalitpur",पाटन अस्पताल,open,60 beds,2026-07-25 17:29 NPT
2026-07-25 17:29 NPT,0336213,hospital,"Manipal College Hospital, PKR",मणिपाल अस्पताल,open,45 beds,2026-07-25 17:29 NPT
2026-07-25 17:29 NPT,0336213,hospital,"Gandaki Medical College, PKR",गण्डकी अस्पताल,open,38 beds,2026-07-25 17:29 NPT
2026-07-25 17:29 NPT,0336213,hospital,"BPKIHS, Dharan",बीपी कोइराला स्वास्थ्य,open,150 beds,2026-07-25 17:29 NPT
2026-07-25 17:29 NPT,0336213,hospital,"Koshi Hospital, Biratnagar",कोशी अस्पताल,open,80 beds,2026-07-25 17:29 NPT
2026-07-25 17:29 NPT,0336213,hospital,"Bheri Hospital, Nepalgunj",भेरी अस्पताल,open,70 beds,2026-07-25 17:29 NPT
2026-07-25 17:29 NPT,0336213,hospital,Chitwan Medical College,चितवन मेडिकल कलेज,open,100 beds,2026-07-25 17:29 NPT
2026-07-25 17:29 NPT,0336213,hospital,Lumbini Provincial Hospital,लुम्बिनी प्रादेशिक,open,110 beds,2026-07-25 17:29 NPT
2026-07-25 15:53 NPT,2ad6a0f,road,NH01 – Mahendra Rajmarg,महेन्द्र राजमार्ग,open,,2026-07-25 15:53 NPT
2026-07-25 15:53 NPT,2ad6a0f,road,NH02 – Mechi Rajmarg,मेची राजमार्ग,open,,2026-07-25 15:53 NPT
2026-07-25 15:53 NPT,2ad6a0f,road,NH03 – Puspalal Hwy (Mid-Hill),पुष्पलाल राजमार्ग,partial,"Landslide at Sanibheri-2, Rukum West",2026-07-25 15:53 NPT
2026-07-25 15:53 NPT,2ad6a0f,road,NH04 – Birtamod-Chandragadhi,विर्तामोड–चन्द्रगढी,open,,2026-07-25 15:53 NPT
2026-07-25 15:53 NPT,2ad6a0f,road,NH05 – Postal Hwy,हुलाकी राजमार्ग,open,,2026-07-25 15:53 NPT
2026-07-25 15:53 NPT,2ad6a0f,road,NH06 – Koshi Rajmarg,कोशी राजमार्ग,closed,"Landslide at Bhotkhola-2, Sankhuwasabha",2026-07-25 15:53 NPT
2026-07-25 15:53 NPT,2ad6a0f,road,NH08 – Sagarmatha Rajmarg,सगरमाथा राजमार्ग,closed,"Landslide at Bhotkhola-2, Sankhuwasabha",2026-07-25 15:53 NPT
2026-07-25 15:53 NPT,2ad6a0f,road,NH09 – Madan Bhandari Hwy,मदन भण्डारी राजमार्ग,open,,2026-07-25 15:53 NPT
2026-07-25 15:53 NPT,2ad6a0f,road,NH10 – Siddhartha Hwy,सिद्धार्थ राजमार्ग,open,,2026-07-25 15:53 NPT
2026-07-25 15:53 NPT,2ad6a0f,road,NH11 – Rapti Rajmarg,राप्ती राजमार्ग,open,,2026-07-25 15:53 NPT
2026-07-25 15:53 NPT,2ad6a0f,road,NH12 – Ratna Rajmarg,रत्न राजमार्ग,closed,"Landslide at Bhotkhola-2, Sankhuwasabha",2026-07-25 15:53 NPT
2026-07-25 15:53 NPT,2ad6a0f,road,NH13 – Karnali Rajmarg,कर्णाली राजमार्ग,open,,2026-07-25 15:53 NPT
2026-07-25 15:53 NPT,2ad6a0f,road,NH14 – Mahakali Rajmarg,महाकाली राजमार्ग,open,,2026-07-25 15:53 NPT
2026-07-25 15:53 NPT,2ad6a0f,road,NH15 – Seti Rajmarg,सेती राजमार्ग,open,,2026-07-25 15:53 NPT
2026-07-25 15:53 NPT,2ad6a0f,road,NH16 – Rapti-Lumbini Hwy,राप्ती-लुम्बिनी,open,,2026-07-25 15:53 NPT
2026-07-25 15:53 NPT,2ad6a0f,road,NH34 – Araniko Hwy,अरनिको राजमार्ग,closed,"Landslide at Bhotekoshi-2, Sindhupalchok",2026-07-25 15:53 NPT
2026-07-25 15:53 NPT,2ad6a0f,road,NH38 – BP Hwy,बीपी राजमार्ग,open,,2026-07-25 15:53 NPT
2026-07-25 15:53 NPT,2ad6a0f,road,NH41 – Tribhuvan Hwy,त्रिभुवन राजमार्ग,partial,"Landslide at Bhimphedi-9, Makwanpur",2026-07-25 15:53 NPT
2026-07-25 15:53 NPT,2ad6a0f,road,NH42 – Prithvi Hwy,पृथ्वी राजमार्ग,partial,"Landslide at Aanbookhaireni-2, Tanahu",2026-07-25 15:53 NPT
2026-07-25 15:53 NPT,2ad6a0f,road,NH43 – Narayanghat-Mugling,नारायणगढ–मुग्लिन,open,,2026-07-25 15:53 NPT
2026-07-25 15:53 NPT,2ad6a0f,airport,Tribhuvan Intl (KTM),त्रिभुवन अन्तर्राष्ट्रिय,open,Normal operations,2026-07-25 15:53 NPT
2026-07-25 15:53 NPT,2ad6a0f,airport,Gautam Buddha Intl (BWA),गौतम बुद्ध विमानस्थल,open,,2026-07-25 15:53 NPT
2026-07-25 15:53 NPT,2ad6a0f,airport,Pokhara Regional (PKR),पोखरा विमानस्थल,partial,Disruptions reported in news,2026-07-25 15:53 NPT
2026-07-25 15:53 NPT,2ad6a0f,airport,Bharatpur (BHR),भरतपुर विमानस्थल,open,,2026-07-25 15:53 NPT
2026-07-25 15:53 NPT,2ad6a0f,airport,Dhangadhi (DHI),धनगढी विमानस्थल,open,,2026-07-25 15:53 NPT
2026-07-25 15:53 NPT,2ad6a0f,airport,Biratnagar (BIR),विराटनगर विमानस्थल,open,,2026-07-25 15:53 NPT
2026-07-25 15:53 NPT,2ad6a0f,airport,Nepalgunj (KEP),नेपालगञ्ज विमानस्थल,partial,Disruptions reported in news,2026-07-25 15:53 NPT
2026-07-25 15:53 NPT,2ad6a0f,airport,Chandragadhi (BDP),चन्द्रगढी विमानस्थल,open,,2026-07-25 15:53 NPT
2026-07-25 15:53 NPT,2ad6a0f,airport,Janakpur (JKR),जनकपुर विमानस्थल,open,,2026-07-25 15:53 NPT
2026-07-25 15:53 NPT,2ad6a0f,airport,Simara (SIF),सिमरा विमानस्थल,open,,2026-07-25 15:53 NPT
2026-07-25 15:53 NPT,2ad6a0f,hospital,"Bir Hospital, Kathmandu",बीर अस्पताल,open,120 beds,2026-07-25 15:53 NPT
2026-07-25 15:53 NPT,2ad6a0f,hospital,"TU Teaching Hospital, KTM",त्रिवि शिक्षण अस्पताल,open,95 beds,2026-07-25 15:53 NPT
2026-07-25 15:53 NPT,2ad6a0f,hospital,"Patan Hospital, Lalitpur",पाटन अस्पताल,open,60 beds,2026-07-25 15:53 NPT
2026-07-25 15:53 NPT,2ad6a0f,hospital,"Manipal College Hospital, PKR",मणिपाल अस्पताल,open,45 beds,2026-07-25 15:53 NPT
2026-07-25 15:53 NPT,2ad6a0f,hospital,"Gandaki Medical College, PKR",गण्डकी अस्पताल,open,38 beds,2026-07-25 15:53 NPT
2026-07-25 15:53 NPT,2ad6a0f,hospital,"BPKIHS, Dharan",बीपी कोइराला स्वास्थ्य,open,150 beds,2026-07-25 15:53 NPT
2026-07-25 15:53 NPT,2ad6a0f,hospital,"Koshi Hospital, Biratnagar",कोशी अस्पताल,open,80 beds,2026-07-25 15:53 NPT
2026-07-25 15:53 NPT,2ad6a0f,hospital,"Bheri Hospital, Nepalgunj",भेरी अस्पताल,open,70 beds,2026-07-25 15:53 NPT
2026-07-25 15:53 NPT,2ad6a0f,hospital,Chitwan Medical College,चितवन मेडिकल कलेज,open,100 beds,2026-07-25 15:53 NPT
2026-07-25 15:53 NPT,2ad6a0f,hospital,Lumbini Provincial Hospital,लुम्बिनी प्रादेशिक,open,110 beds,2026-07-25 15:53 NPT
2026-07-25 13:54 NPT,fbb6897,road,NH01 – Mahendra Rajmarg,महेन्द्र राजमार्ग,open,,2026-07-25 13:54 NPT
2026-07-25 13:54 NPT,fbb6897,road,NH02 – Mechi Rajmarg,मेची राजमार्ग,open,,2026-07-25 13:54 NPT
2026-07-25 13:54 NPT,fbb6897,road,NH03 – Puspalal Hwy (Mid-Hill),पुष्पलाल राजमार्ग,partial,"Landslide at Kanthekhola-5, Baglung",2026-07-25 13:54 NPT
2026-07-25 13:54 NPT,fbb6897,road,NH04 – Birtamod-Chandragadhi,विर्तामोड–चन्द्रगढी,open,,2026-07-25 13:54 NPT
2026-07-25 13:54 NPT,fbb6897,road,NH05 – Postal Hwy,हुलाकी राजमार्ग,open,,2026-07-25 13:54 NPT
2026-07-25 13:54 NPT,fbb6897,road,NH06 – Koshi Rajmarg,कोशी राजमार्ग,closed,"Landslide at Bhotkhola-2, Sankhuwasabha",2026-07-25 13:54 NPT
2026-07-25 13:54 NPT,fbb6897,road,NH08 – Sagarmatha Rajmarg,सगरमाथा राजमार्ग,closed,"Landslide at Bhotkhola-2, Sankhuwasabha",2026-07-25 13:54 NPT
2026-07-25 13:54 NPT,fbb6897,road,NH09 – Madan Bhandari Hwy,मदन भण्डारी राजमार्ग,open,,2026-07-25 13:54 NPT
2026-07-25 13:54 NPT,fbb6897,road,NH10 – Siddhartha Hwy,सिद्धार्थ राजमार्ग,open,,2026-07-25 13:54 NPT
2026-07-25 13:54 NPT,fbb6897,road,NH11 – Rapti Rajmarg,राप्ती राजमार्ग,open,,2026-07-25 13:54 NPT
2026-07-25 13:54 NPT,fbb6897,road,NH12 – Ratna Rajmarg,रत्न राजमार्ग,closed,"Landslide at Bhotkhola-2, Sankhuwasabha",2026-07-25 13:54 NPT
2026-07-25 13:54 NPT,fbb6897,road,NH13 – Karnali Rajmarg,कर्णाली राजमार्ग,open,,2026-07-25 13:54 NPT
2026-07-25 13:54 NPT,fbb6897,road,NH14 – Mahakali Rajmarg,महाकाली राजमार्ग,open,,2026-07-25 13:54 NPT
2026-07-25 13:54 NPT,fbb6897,road,NH15 – Seti Rajmarg,सेती राजमार्ग,open,,2026-07-25 13:54 NPT
2026-07-25 13:54 NPT,fbb6897,road,NH16 – Rapti-Lumbini Hwy,राप्ती-लुम्बिनी,open,,2026-07-25 13:54 NPT
2026-07-25 13:54 NPT,fbb6897,road,NH34 – Araniko Hwy,अरनिको राजमार्ग,closed,"Landslide at Bhotekoshi-2, Sindhupalchok",2026-07-25 13:54 NPT
2026-07-25 13:54 NPT,fbb6897,road,NH38 – BP Hwy,बीपी राजमार्ग,open,,2026-07-25 13:54 NPT
2026-07-25 13:54 NPT,fbb6897,road,NH41 – Tribhuvan Hwy,त्रिभुवन राजमार्ग,partial,"Landslide at Bhimphedi-9, Makwanpur",2026-07-25 13:54 NPT
2026-07-25 13:54 NPT,fbb6897,road,NH42 – Prithvi Hwy,पृथ्वी राजमार्ग,partial,"Landslide at Aanbookhaireni-2, Tanahu",2026-07-25 13:54 NPT
2026-07-25 13:54 NPT,fbb6897,road,NH43 – Narayanghat-Mugling,नारायणगढ–मुग्लिन,open,,2026-07-25 13:54 NPT
2026-07-25 13:54 NPT,fbb6897,airport,Tribhuvan Intl (KTM),त्रिभुवन अन्तर्राष्ट्रिय,open,Normal operations,2026-07-25 13:54 NPT
2026-07-25 13:54 NPT,fbb6897,airport,Gautam Buddha Intl (BWA),गौतम बुद्ध विमानस्थल,open,,2026-07-25 13:54 NPT
2026-07-25 13:54 NPT,fbb6897,airport,Pokhara Regional (PKR),पोखरा विमानस्थल,partial,Disruptions reported in news,2026-07-25 13:54 NPT
2026-07-25 13:54 NPT,fbb6897,airport,Bharatpur (BHR),भरतपुर विमानस्थल,open,,2026-07-25 13:54 NPT
2026-07-25 13:54 NPT,fbb6897,airport,Dhangadhi (DHI),धनगढी विमानस्थल,open,,2026-07-25 13:54 NPT
2026-07-25 13:54 NPT,fbb6897,airport,Biratnagar (BIR),विराटनगर विमानस्थल,partial,Disruptions reported in news,2026-07-25 13:54 NPT
2026-07-25 13:54 NPT,fbb6897,airport,Nepalgunj (KEP),नेपालगञ्ज विमानस्थल,partial,Disruptions reported in news,2026-07-25 13:54 NPT
2026-07-25 13:54 NPT,fbb6897,airport,Chandragadhi (BDP),चन्द्रगढी विमानस्थल,open,,2026-07-25 13:54 NPT
2026-07-25 13:54 NPT,fbb6897,airport,Janakpur (JKR),जनकपुर विमानस्थल,open,,2026-07-25 13:54 NPT
2026-07-25 13:54 NPT,fbb6897,airport,Simara (SIF),सिमरा विमानस्थल,open,,2026-07-25 13:54 NPT
2026-07-25 13:54 NPT,fbb6897,hospital,"Bir Hospital, Kathmandu",बीर अस्पताल,open,120 beds,2026-07-25 13:54 NPT
2026-07-25 13:54 NPT,fbb6897,hospital,"TU Teaching Hospital, KTM",त्रिवि शिक्षण अस्पताल,open,95 beds,2026-07-25 13:54 NPT
2026-07-25 13:54 NPT,fbb6897,hospital,"Patan Hospital, Lalitpur",पाटन अस्पताल,open,60 beds,2026-07-25 13:54 NPT
2026-07-25 13:54 NPT,fbb6897,hospital,"Manipal College Hospital, PKR",मणिपाल अस्पताल,open,45 beds,2026-07-25 13:54 NPT
2026-07-25 13:54 NPT,fbb6897,hospital,"Gandaki Medical College, PKR",गण्डकी अस्पताल,open,38 beds,2026-07-25 13:54 NPT
2026-07-25 13:54 NPT,fbb6897,hospital,"BPKIHS, Dharan",बीपी कोइराला स्वास्थ्य,open,150 beds,2026-07-25 13:54 NPT
2026-07-25 13:54 NPT,fbb6897,hospital,"Koshi Hospital, Biratnagar",कोशी अस्पताल,open,80 beds,2026-07-25 13:54 NPT
2026-07-25 13:54 NPT,fbb6897,hospital,"Bheri Hospital, Nepalgunj",भेरी अस्पताल,open,70 beds,2026-07-25 13:54 NPT
2026-07-25 13:54 NPT,fbb6897,hospital,Chitwan Medical College,चितवन मेडिकल कलेज,open,100 beds,2026-07-25 13:54 NPT
2026-07-25 13:54 NPT,fbb6897,hospital,Lumbini Provincial Hospital,लुम्बिनी प्रादेशिक,open,110 beds,2026-07-25 13:54 NPT
2026-07-25 11:29 NPT,2a09d66,road,NH01 – Mahendra Rajmarg,महेन्द्र राजमार्ग,open,,2026-07-25 11:29 NPT
2026-07-25 11:29 NPT,2a09d66,road,NH02 – Mechi Rajmarg,मेची राजमार्ग,open,,2026-07-25 11:29 NPT
2026-07-25 11:29 NPT,2a09d66,road,NH03 – Puspalal Hwy (Mid-Hill),पुष्पलाल राजमार्ग,partial,"Landslide at Sanibheri-2, Rukum West",2026-07-25 11:29 NPT
2026-07-25 11:29 NPT,2a09d66,road,NH04 – Birtamod-Chandragadhi,विर्तामोड–चन्द्रगढी,open,,2026-07-25 11:29 NPT
2026-07-25 11:29 NPT,2a09d66,road,NH05 – Postal Hwy,हुलाकी राजमार्ग,open,,2026-07-25 11:29 NPT
2026-07-25 11:29 NPT,2a09d66,road,NH06 – Koshi Rajmarg,कोशी राजमार्ग,closed,"Landslide at Bhotkhola-2, Sankhuwasabha",2026-07-25 11:29 NPT
2026-07-25 11:29 NPT,2a09d66,road,NH08 – Sagarmatha Rajmarg,सगरमाथा राजमार्ग,closed,"Landslide at Bhotkhola-2, Sankhuwasabha",2026-07-25 11:29 NPT
2026-07-25 11:29 NPT,2a09d66,road,NH09 – Madan Bhandari Hwy,मदन भण्डारी राजमार्ग,open,,2026-07-25 11:29 NPT
2026-07-25 11:29 NPT,2a09d66,road,NH10 – Siddhartha Hwy,सिद्धार्थ राजमार्ग,open,,2026-07-25 11:29 NPT
2026-07-25 11:29 NPT,2a09d66,road,NH11 – Rapti Rajmarg,राप्ती राजमार्ग,open,,2026-07-25 11:29 NPT
2026-07-25 11:29 NPT,2a09d66,road,NH12 – Ratna Rajmarg,रत्न राजमार्ग,closed,"Landslide at Bhotkhola-2, Sankhuwasabha",2026-07-25 11:29 NPT
2026-07-25 11:29 NPT,2a09d66,road,NH13 – Karnali Rajmarg,कर्णाली राजमार्ग,open,,2026-07-25 11:29 NPT
2026-07-25 11:29 NPT,2a09d66,road,NH14 – Mahakali Rajmarg,महाकाली राजमार्ग,open,,2026-07-25 11:29 NPT
2026-07-25 11:29 NPT,2a09d66,road,NH15 – Seti Rajmarg,सेती राजमार्ग,open,,2026-07-25 11:29 NPT
2026-07-25 11:29 NPT,2a09d66,road,NH16 – Rapti-Lumbini Hwy,राप्ती-लुम्बिनी,open,,2026-07-25 11:29 NPT
2026-07-25 11:29 NPT,2a09d66,road,NH34 – Araniko Hwy,अरनिको राजमार्ग,closed,"Landslide at Bhotekoshi-2, Sindhupalchok",2026-07-25 11:29 NPT
2026-07-25 11:29 NPT,2a09d66,road,NH38 – BP Hwy,बीपी राजमार्ग,open,,2026-07-25 11:29 NPT
2026-07-25 11:29 NPT,2a09d66,road,NH41 – Tribhuvan Hwy,त्रिभुवन राजमार्ग,partial,"Landslide at Bhimphedi-9, Makwanpur",2026-07-25 11:29 NPT
2026-07-25 11:29 NPT,2a09d66,road,NH42 – Prithvi Hwy,पृथ्वी राजमार्ग,partial,"Landslide at Aanbookhaireni-2, Tanahu",2026-07-25 11:29 NPT
2026-07-25 11:29 NPT,2a09d66,road,NH43 – Narayanghat-Mugling,नारायणगढ–मुग्लिन,open,,2026-07-25 11:29 NPT
2026-07-25 11:29 NPT,2a09d66,airport,Tribhuvan Intl (KTM),त्रिभुवन अन्तर्राष्ट्रिय,open,Normal operations,2026-07-25 11:29 NPT
2026-07-25 11:29 NPT,2a09d66,airport,Gautam Buddha Intl (BWA),गौतम बुद्ध विमानस्थल,open,,2026-07-25 11:29 NPT
2026-07-25 11:29 NPT,2a09d66,airport,Pokhara Regional (PKR),पोखरा विमानस्थल,partial,Disruptions reported in news,2026-07-25 11:29 NPT
2026-07-25 11:29 NPT,2a09d66,airport,Bharatpur (BHR),भरतपुर विमानस्थल,open,,2026-07-25 11:29 NPT
2026-07-25 11:29 NPT,2a09d66,airport,Dhangadhi (DHI),धनगढी विमानस्थल,open,,2026-07-25 11:29 NPT
2026-07-25 11:29 NPT,2a09d66,airport,Biratnagar (BIR),विराटनगर विमानस्थल,partial,Disruptions reported in news,2026-07-25 11:29 NPT
2026-07-25 11:29 NPT,2a09d66,airport,Nepalgunj (KEP),नेपालगञ्ज विमानस्थल,partial,Disruptions reported in news,2026-07-25 11:29 NPT
2026-07-25 11:29 NPT,2a09d66,airport,Chandragadhi (BDP),चन्द्रगढी विमानस्थल,open,,2026-07-25 11:29 NPT
2026-07-25 11:29 NPT,2a09d66,airport,Janakpur (JKR),जनकपुर विमानस्थल,open,,2026-07-25 11:29 NPT
2026-07-25 11:29 NPT,2a09d66,airport,Simara (SIF),सिमरा विमानस्थल,open,,2026-07-25 11:29 NPT
2026-07-25 11:29 NPT,2a09d66,hospital,"Bir Hospital, Kathmandu",बीर अस्पताल,open,120 beds,2026-07-25 11:29 NPT
2026-07-25 11:29 NPT,2a09d66,hospital,"TU Teaching Hospital, KTM",त्रिवि शिक्षण अस्पताल,open,95 beds,2026-07-25 11:29 NPT
2026-07-25 11:29 NPT,2a09d66,hospital,"Patan Hospital, Lalitpur",पाटन अस्पताल,open,60 beds,2026-07-25 11:29 NPT
2026-07-25 11:29 NPT,2a09d66,hospital,"Manipal College Hospital, PKR",मणिपाल अस्पताल,open,45 beds,2026-07-25 11:29 NPT
2026-07-25 11:29 NPT,2a09d66,hospital,"Gandaki Medical College, PKR",गण्डकी अस्पताल,open,38 beds,2026-07-25 11:29 NPT
2026-07-25 11:29 NPT,2a09d66,hospital,"BPKIHS, Dharan",बीपी कोइराला स्वास्थ्य,open,150 beds,2026-07-25 11:29 NPT
2026-07-25 11:29 NPT,2a09d66,hospital,"Koshi Hospital, Biratnagar",कोशी अस्पताल,open,80 beds,2026-07-25 11:29 NPT
2026-07-25 11:29 NPT,2a09d66,hospital,"Bheri Hospital, Nepalgunj",भेरी अस्पताल,open,70 beds,2026-07-25 11:29 NPT
2026-07-25 11:29 NPT,2a09d66,hospital,Chitwan Medical College,चितवन मेडिकल कलेज,open,100 beds,2026-07-25 11:29 NPT
2026-07-25 11:29 NPT,2a09d66,hospital,Lumbini Provincial Hospital,लुम्बिनी प्रादेशिक,open,110 beds,2026-07-25 11:29 NPT
2026-07-25 08:35 NPT,0e07c2f,road,NH01 – Mahendra Rajmarg,महेन्द्र राजमार्ग,open,,2026-07-25 08:35 NPT
2026-07-25 08:35 NPT,0e07c2f,road,NH02 – Mechi Rajmarg,मेची राजमार्ग,open,,2026-07-25 08:35 NPT
2026-07-25 08:35 NPT,0e07c2f,road,NH03 – Puspalal Hwy (Mid-Hill),पुष्पलाल राजमार्ग,partial,"Landslide at Sanibheri-2, Rukum West",2026-07-25 08:35 NPT
2026-07-25 08:35 NPT,0e07c2f,road,NH04 – Birtamod-Chandragadhi,विर्तामोड–चन्द्रगढी,open,,2026-07-25 08:35 NPT
2026-07-25 08:35 NPT,0e07c2f,road,NH05 – Postal Hwy,हुलाकी राजमार्ग,open,,2026-07-25 08:35 NPT
2026-07-25 08:35 NPT,0e07c2f,road,NH06 – Koshi Rajmarg,कोशी राजमार्ग,closed,"Landslide at Bhotkhola-2, Sankhuwasabha",2026-07-25 08:35 NPT
2026-07-25 08:35 NPT,0e07c2f,road,NH08 – Sagarmatha Rajmarg,सगरमाथा राजमार्ग,closed,"Landslide at Bhotkhola-2, Sankhuwasabha",2026-07-25 08:35 NPT
2026-07-25 08:35 NPT,0e07c2f,road,NH09 – Madan Bhandari Hwy,मदन भण्डारी राजमार्ग,open,,2026-07-25 08:35 NPT
2026-07-25 08:35 NPT,0e07c2f,road,NH10 – Siddhartha Hwy,सिद्धार्थ राजमार्ग,open,,2026-07-25 08:35 NPT
2026-07-25 08:35 NPT,0e07c2f,road,NH11 – Rapti Rajmarg,राप्ती राजमार्ग,open,,2026-07-25 08:35 NPT
2026-07-25 08:35 NPT,0e07c2f,road,NH12 – Ratna Rajmarg,रत्न राजमार्ग,closed,"Landslide at Bhotkhola-2, Sankhuwasabha",2026-07-25 08:35 NPT
2026-07-25 08:35 NPT,0e07c2f,road,NH13 – Karnali Rajmarg,कर्णाली राजमार्ग,open,,2026-07-25 08:35 NPT
2026-07-25 08:35 NPT,0e07c2f,road,NH14 – Mahakali Rajmarg,महाकाली राजमार्ग,open,,2026-07-25 08:35 NPT
2026-07-25 08:35 NPT,0e07c2f,road,NH15 – Seti Rajmarg,सेती राजमार्ग,open,,2026-07-25 08:35 NPT
2026-07-25 08:35 NPT,0e07c2f,road,NH16 – Rapti-Lumbini Hwy,राप्ती-लुम्बिनी,open,,2026-07-25 08:35 NPT
2026-07-25 08:35 NPT,0e07c2f,road,NH34 – Araniko Hwy,अरनिको राजमार्ग,closed,"Landslide at Bhotekoshi-2, Sindhupalchok",2026-07-25 08:35 NPT
2026-07-25 08:35 NPT,0e07c2f,road,NH38 – BP Hwy,बीपी राजमार्ग,open,,2026-07-25 08:35 NPT
2026-07-25 08:35 NPT,0e07c2f,road,NH41 – Tribhuvan Hwy,त्रिभुवन राजमार्ग,partial,"Landslide at Bhimphedi-9, Makwanpur",2026-07-25 08:35 NPT
2026-07-25 08:35 NPT,0e07c2f,road,NH42 – Prithvi Hwy,पृथ्वी राजमार्ग,partial,"Landslide at Aanbookhaireni-2, Tanahu",2026-07-25 08:35 NPT
2026-07-25 08:35 NPT,0e07c2f,road,NH43 – Narayanghat-Mugling,नारायणगढ–मुग्लिन,open,,2026-07-25 08:35 NPT
2026-07-25 08:35 NPT,0e07c2f,airport,Tribhuvan Intl (KTM),त्रिभुवन अन्तर्राष्ट्रिय,open,Normal operations,2026-07-25 08:35 NPT
2026-07-25 08:35 NPT,0e07c2f,airport,Gautam Buddha Intl (BWA),गौतम बुद्ध विमानस्थल,open,,2026-07-25 08:35 NPT
2026-07-25 08:35 NPT,0e07c2f,airport,Pokhara Regional (PKR),पोखरा विमानस्थल,partial,Disruptions reported in news,2026-07-25 08:35 NPT
2026-07-25 08:35 NPT,0e07c2f,airport,Bharatpur (BHR),भरतपुर विमानस्थल,open,,2026-07-25 08:35 NPT
2026-07-25 08:35 NPT,0e07c2f,airport,Dhangadhi (DHI),धनगढी विमानस्थल,open,,2026-07-25 08:35 NPT
2026-07-25 08:35 NPT,0e07c2f,airport,Biratnagar (BIR),विराटनगर विमानस्थल,partial,Disruptions reported in news,2026-07-25 08:35 NPT
2026-07-25 08:35 NPT,0e07c2f,airport,Nepalgunj (KEP),नेपालगञ्ज विमानस्थल,partial,Disruptions reported in news,2026-07-25 08:35 NPT
2026-07-25 08:35 NPT,0e07c2f,airport,Chandragadhi (BDP),चन्द्रगढी विमानस्थल,open,,2026-07-25 08:35 NPT
2026-07-25 08:35 NPT,0e07c2f,airport,Janakpur (JKR),जनकपुर विमानस्थल,open,,2026-07-25 08:35 NPT
2026-07-25 08:35 NPT,0e07c2f,airport,Simara (SIF),सिमरा विमानस्थल,open,,2026-07-25 08:35 NPT
2026-07-25 08:35 NPT,0e07c2f,hospital,"Bir Hospital, Kathmandu",बीर अस्पताल,open,120 beds,2026-07-25 08:35 NPT
2026-07-25 08:35 NPT,0e07c2f,hospital,"TU Teaching Hospital, KTM",त्रिवि शिक्षण अस्पताल,open,95 beds,2026-07-25 08:35 NPT
2026-07-25 08:35 NPT,0e07c2f,hospital,"Patan Hospital, Lalitpur",पाटन अस्पताल,open,60 beds,2026-07-25 08:35 NPT
2026-07-25 08:35 NPT,0e07c2f,hospital,"Manipal College Hospital, PKR",मणिपाल अस्पताल,open,45 beds,2026-07-25 08:35 NPT
2026-07-25 08:35 NPT,0e07c2f,hospital,"Gandaki Medical College, PKR",गण्डकी अस्पताल,open,38 beds,2026-07-25 08:35 NPT
2026-07-25 08:35 NPT,0e07c2f,hospital,"BPKIHS, Dharan",बीपी कोइराला स्वास्थ्य,open,150 beds,2026-07-25 08:35 NPT
2026-07-25 08:35 NPT,0e07c2f,hospital,"Koshi Hospital, Biratnagar",कोशी अस्पताल,open,80 beds,2026-07-25 08:35 NPT
2026-07-25 08:35 NPT,0e07c2f,hospital,"Bheri Hospital, Nepalgunj",भेरी अस्पताल,open,70 beds,2026-07-25 08:35 NPT
2026-07-25 08:35 NPT,0e07c2f,hospital,Chitwan Medical College,चितवन मेडिकल कलेज,open,100 beds,2026-07-25 08:35 NPT
2026-07-25 08:35 NPT,0e07c2f,hospital,Lumbini Provincial Hospital,लुम्बिनी प्रादेशिक,open,110 beds,2026-07-25 08:35 NPT
2026-07-25 05:18 NPT,1f89cc0,road,NH01 – Mahendra Rajmarg,महेन्द्र राजमार्ग,open,,2026-07-25 05:18 NPT
2026-07-25 05:18 NPT,1f89cc0,road,NH02 – Mechi Rajmarg,मेची राजमार्ग,open,,2026-07-25 05:18 NPT
2026-07-25 05:18 NPT,1f89cc0,road,NH03 – Puspalal Hwy (Mid-Hill),पुष्पलाल राजमार्ग,partial,"Landslide at Sanibheri-2, Rukum West",2026-07-25 05:18 NPT
2026-07-25 05:18 NPT,1f89cc0,road,NH04 – Birtamod-Chandragadhi,विर्तामोड–चन्द्रगढी,open,,2026-07-25 05:18 NPT
2026-07-25 05:18 NPT,1f89cc0,road,NH05 – Postal Hwy,हुलाकी राजमार्ग,open,,2026-07-25 05:18 NPT
2026-07-25 05:18 NPT,1f89cc0,road,NH06 – Koshi Rajmarg,कोशी राजमार्ग,closed,"Landslide at Bhotkhola-2, Sankhuwasabha",2026-07-25 05:18 NPT
2026-07-25 05:18 NPT,1f89cc0,road,NH08 – Sagarmatha Rajmarg,सगरमाथा राजमार्ग,closed,"Landslide at Bhotkhola-2, Sankhuwasabha",2026-07-25 05:18 NPT
2026-07-25 05:18 NPT,1f89cc0,road,NH09 – Madan Bhandari Hwy,मदन भण्डारी राजमार्ग,open,,2026-07-25 05:18 NPT
2026-07-25 05:18 NPT,1f89cc0,road,NH10 – Siddhartha Hwy,सिद्धार्थ राजमार्ग,open,,2026-07-25 05:18 NPT
2026-07-25 05:18 NPT,1f89cc0,road,NH11 – Rapti Rajmarg,राप्ती राजमार्ग,open,,2026-07-25 05:18 NPT
2026-07-25 05:18 NPT,1f89cc0,road,NH12 – Ratna Rajmarg,रत्न राजमार्ग,closed,"Landslide at Bhotkhola-2, Sankhuwasabha",2026-07-25 05:18 NPT
2026-07-25 05:18 NPT,1f89cc0,road,NH13 – Karnali Rajmarg,कर्णाली राजमार्ग,closed,"Landslide at Aathabis-5, Dailekh",2026-07-25 05:18 NPT
2026-07-25 05:18 NPT,1f89cc0,road,NH14 – Mahakali Rajmarg,महाकाली राजमार्ग,open,,2026-07-25 05:18 NPT
2026-07-25 05:18 NPT,1f89cc0,road,NH15 – Seti Rajmarg,सेती राजमार्ग,open,,2026-07-25 05:18 NPT
2026-07-25 05:18 NPT,1f89cc0,road,NH16 – Rapti-Lumbini Hwy,राप्ती-लुम्बिनी,open,,2026-07-25 05:18 NPT
2026-07-25 05:18 NPT,1f89cc0,road,NH34 – Araniko Hwy,अरनिको राजमार्ग,closed,"Landslide at Bhotekoshi-2, Sindhupalchok",2026-07-25 05:18 NPT
2026-07-25 05:18 NPT,1f89cc0,road,NH38 – BP Hwy,बीपी राजमार्ग,open,,2026-07-25 05:18 NPT
2026-07-25 05:18 NPT,1f89cc0,road,NH41 – Tribhuvan Hwy,त्रिभुवन राजमार्ग,partial,"Landslide at Bhimphedi-9, Makwanpur",2026-07-25 05:18 NPT
2026-07-25 05:18 NPT,1f89cc0,road,NH42 – Prithvi Hwy,पृथ्वी राजमार्ग,partial,"Landslide at Aanbookhaireni-2, Tanahu",2026-07-25 05:18 NPT
2026-07-25 05:18 NPT,1f89cc0,road,NH43 – Narayanghat-Mugling,नारायणगढ–मुग्लिन,open,,2026-07-25 05:18 NPT
2026-07-25 05:18 NPT,1f89cc0,airport,Tribhuvan Intl (KTM),त्रिभुवन अन्तर्राष्ट्रिय,open,Normal operations,2026-07-25 05:18 NPT
2026-07-25 05:18 NPT,1f89cc0,airport,Gautam Buddha Intl (BWA),गौतम बुद्ध विमानस्थल,open,,2026-07-25 05:18 NPT
2026-07-25 05:18 NPT,1f89cc0,airport,Pokhara Regional (PKR),पोखरा विमानस्थल,partial,Disruptions reported in news,2026-07-25 05:18 NPT
2026-07-25 05:18 NPT,1f89cc0,airport,Bharatpur (BHR),भरतपुर विमानस्थल,open,,2026-07-25 05:18 NPT
2026-07-25 05:18 NPT,1f89cc0,airport,Dhangadhi (DHI),धनगढी विमानस्थल,open,,2026-07-25 05:18 NPT
2026-07-25 05:18 NPT,1f89cc0,airport,Biratnagar (BIR),विराटनगर विमानस्थल,partial,Disruptions reported in news,2026-07-25 05:18 NPT
2026-07-25 05:18 NPT,1f89cc0,airport,Nepalgunj (KEP),नेपालगञ्ज विमानस्थल,partial,Disruptions reported in news,2026-07-25 05:18 NPT
2026-07-25 05:18 NPT,1f89cc0,airport,Chandragadhi (BDP),चन्द्रगढी विमानस्थल,open,,2026-07-25 05:18 NPT
2026-07-25 05:18 NPT,1f89cc0,airport,Janakpur (JKR),जनकपुर विमानस्थल,open,,2026-07-25 05:18 NPT
2026-07-25 05:18 NPT,1f89cc0,airport,Simara (SIF),सिमरा विमानस्थल,open,,2026-07-25 05:18 NPT
2026-07-25 05:18 NPT,1f89cc0,hospital,"Bir Hospital, Kathmandu",बीर अस्पताल,open,120 beds,2026-07-25 05:18 NPT
2026-07-25 05:18 NPT,1f89cc0,hospital,"TU Teaching Hospital, KTM",त्रिवि शिक्षण अस्पताल,open,95 beds,2026-07-25 05:18 NPT
2026-07-25 05:18 NPT,1f89cc0,hospital,"Patan Hospital, Lalitpur",पाटन अस्पताल,open,60 beds,2026-07-25 05:18 NPT
2026-07-25 05:18 NPT,1f89cc0,hospital,"Manipal College Hospital, PKR",मणिपाल अस्पताल,open,45 beds,2026-07-25 05:18 NPT
2026-07-25 05:18 NPT,1f89cc0,hospital,"Gandaki Medical College, PKR",गण्डकी अस्पताल,open,38 beds,2026-07-25 05:18 NPT
2026-07-25 05:18 NPT,1f89cc0,hospital,"BPKIHS, Dharan",बीपी कोइराला स्वास्थ्य,open,150 beds,2026-07-25 05:18 NPT
2026-07-25 05:18 NPT,1f89cc0,hospital,"Koshi Hospital, Biratnagar",कोशी अस्पताल,open,80 beds,2026-07-25 05:18 NPT
2026-07-25 05:18 NPT,1f89cc0,hospital,"Bheri Hospital, Nepalgunj",भेरी अस्पताल,open,70 beds,2026-07-25 05:18 NPT
2026-07-25 05:18 NPT,1f89cc0,hospital,Chitwan Medical College,चितवन मेडिकल कलेज,open,100 beds,2026-07-25 05:18 NPT
2026-07-25 05:18 NPT,1f89cc0,hospital,Lumbini Provincial Hospital,लुम्बिनी प्रादेशिक,open,110 beds,2026-07-25 05:18 NPT
2026-07-25 03:51 NPT,747d677,road,NH01 – Mahendra Rajmarg,महेन्द्र राजमार्ग,open,,2026-07-25 03:51 NPT
2026-07-25 03:51 NPT,747d677,road,NH02 – Mechi Rajmarg,मेची राजमार्ग,open,,2026-07-25 03:51 NPT
2026-07-25 03:51 NPT,747d677,road,NH03 – Puspalal Hwy (Mid-Hill),पुष्पलाल राजमार्ग,partial,"Landslide at Sanibheri-2, Rukum West",2026-07-25 03:51 NPT
2026-07-25 03:51 NPT,747d677,road,NH04 – Birtamod-Chandragadhi,विर्तामोड–चन्द्रगढी,open,,2026-07-25 03:51 NPT
2026-07-25 03:51 NPT,747d677,road,NH05 – Postal Hwy,हुलाकी राजमार्ग,open,,2026-07-25 03:51 NPT
2026-07-25 03:51 NPT,747d677,road,NH06 – Koshi Rajmarg,कोशी राजमार्ग,closed,"Landslide at Bhotkhola-2, Sankhuwasabha",2026-07-25 03:51 NPT
2026-07-25 03:51 NPT,747d677,road,NH08 – Sagarmatha Rajmarg,सगरमाथा राजमार्ग,closed,"Landslide at Bhotkhola-2, Sankhuwasabha",2026-07-25 03:51 NPT
2026-07-25 03:51 NPT,747d677,road,NH09 – Madan Bhandari Hwy,मदन भण्डारी राजमार्ग,open,,2026-07-25 03:51 NPT
2026-07-25 03:51 NPT,747d677,road,NH10 – Siddhartha Hwy,सिद्धार्थ राजमार्ग,open,,2026-07-25 03:51 NPT
2026-07-25 03:51 NPT,747d677,road,NH11 – Rapti Rajmarg,राप्ती राजमार्ग,open,,2026-07-25 03:51 NPT
2026-07-25 03:51 NPT,747d677,road,NH12 – Ratna Rajmarg,रत्न राजमार्ग,closed,"Landslide at Bhotkhola-2, Sankhuwasabha",2026-07-25 03:51 NPT
2026-07-25 03:51 NPT,747d677,road,NH13 – Karnali Rajmarg,कर्णाली राजमार्ग,closed,"Landslide at Aathabis-5, Dailekh",2026-07-25 03:51 NPT
2026-07-25 03:51 NPT,747d677,road,NH14 – Mahakali Rajmarg,महाकाली राजमार्ग,open,,2026-07-25 03:51 NPT
2026-07-25 03:51 NPT,747d677,road,NH15 – Seti Rajmarg,सेती राजमार्ग,open,,2026-07-25 03:51 NPT
2026-07-25 03:51 NPT,747d677,road,NH16 – Rapti-Lumbini Hwy,राप्ती-लुम्बिनी,open,,2026-07-25 03:51 NPT
2026-07-25 03:51 NPT,747d677,road,NH34 – Araniko Hwy,अरनिको राजमार्ग,closed,"Landslide at Bhotekoshi-2, Sindhupalchok",2026-07-25 03:51 NPT
2026-07-25 03:51 NPT,747d677,road,NH38 – BP Hwy,बीपी राजमार्ग,open,,2026-07-25 03:51 NPT
2026-07-25 03:51 NPT,747d677,road,NH41 – Tribhuvan Hwy,त्रिभुवन राजमार्ग,partial,"Landslide at Bhimphedi-9, Makwanpur",2026-07-25 03:51 NPT
2026-07-25 03:51 NPT,747d677,road,NH42 – Prithvi Hwy,पृथ्वी राजमार्ग,partial,"Landslide at Aanbookhaireni-2, Tanahu",2026-07-25 03:51 NPT
2026-07-25 03:51 NPT,747d677,road,NH43 – Narayanghat-Mugling,नारायणगढ–मुग्लिन,open,,2026-07-25 03:51 NPT
2026-07-25 03:51 NPT,747d677,airport,Tribhuvan Intl (KTM),त्रिभुवन अन्तर्राष्ट्रिय,open,Normal operations,2026-07-25 03:51 NPT
2026-07-25 03:51 NPT,747d677,airport,Gautam Buddha Intl (BWA),गौतम बुद्ध विमानस्थल,open,,2026-07-25 03:51 NPT
2026-07-25 03:51 NPT,747d677,airport,Pokhara Regional (PKR),पोखरा विमानस्थल,open,,2026-07-25 03:51 NPT
2026-07-25 03:51 NPT,747d677,airport,Bharatpur (BHR),भरतपुर विमानस्थल,open,,2026-07-25 03:51 NPT
2026-07-25 03:51 NPT,747d677,airport,Dhangadhi (DHI),धनगढी विमानस्थल,open,,2026-07-25 03:51 NPT
2026-07-25 03:51 NPT,747d677,airport,Biratnagar (BIR),विराटनगर विमानस्थल,open,,2026-07-25 03:51 NPT
2026-07-25 03:51 NPT,747d677,airport,Nepalgunj (KEP),नेपालगञ्ज विमानस्थल,open,,2026-07-25 03:51 NPT
2026-07-25 03:51 NPT,747d677,airport,Chandragadhi (BDP),चन्द्रगढी विमानस्थल,open,,2026-07-25 03:51 NPT
2026-07-25 03:51 NPT,747d677,airport,Janakpur (JKR),जनकपुर विमानस्थल,open,,2026-07-25 03:51 NPT
2026-07-25 03:51 NPT,747d677,airport,Simara (SIF),सिमरा विमानस्थल,open,,2026-07-25 03:51 NPT
2026-07-25 03:51 NPT,747d677,hospital,"Bir Hospital, Kathmandu",बीर अस्पताल,open,120 beds,2026-07-25 03:51 NPT
2026-07-25 03:51 NPT,747d677,hospital,"TU Teaching Hospital, KTM",त्रिवि शिक्षण अस्पताल,open,95 beds,2026-07-25 03:51 NPT
2026-07-25 03:51 NPT,747d677,hospital,"Patan Hospital, Lalitpur",पाटन अस्पताल,open,60 beds,2026-07-25 03:51 NPT
2026-07-25 03:51 NPT,747d677,hospital,"Manipal College Hospital, PKR",मणिपाल अस्पताल,open,45 beds,2026-07-25 03:51 NPT
2026-07-25 03:51 NPT,747d677,hospital,"Gandaki Medical College, PKR",गण्डकी अस्पताल,open,38 beds,2026-07-25 03:51 NPT
2026-07-25 03:51 NPT,747d677,hospital,"BPKIHS, Dharan",बीपी कोइराला स्वास्थ्य,open,150 beds,2026-07-25 03:51 NPT
2026-07-25 03:51 NPT,747d677,hospital,"Koshi Hospital, Biratnagar",कोशी अस्पताल,open,80 beds,2026-07-25 03:51 NPT
2026-07-25 03:51 NPT,747d677,hospital,"Bheri Hospital, Nepalgunj",भेरी अस्पताल,open,70 beds,2026-07-25 03:51 NPT
2026-07-25 03:51 NPT,747d677,hospital,Chitwan Medical College,चितवन मेडिकल कलेज,open,100 beds,2026-07-25 03:51 NPT
2026-07-25 03:51 NPT,747d677,hospital,Lumbini Provincial Hospital,लुम्बिनी प्रादेशिक,open,110 beds,2026-07-25 03:51 NPT
2026-07-25 02:21 NPT,3b84464,road,NH01 – Mahendra Rajmarg,महेन्द्र राजमार्ग,open,,2026-07-25 02:21 NPT
2026-07-25 02:21 NPT,3b84464,road,NH02 – Mechi Rajmarg,मेची राजमार्ग,open,,2026-07-25 02:21 NPT
2026-07-25 02:21 NPT,3b84464,road,NH03 – Puspalal Hwy (Mid-Hill),पुष्पलाल राजमार्ग,partial,"Landslide at Sanibheri-2, Rukum West",2026-07-25 02:21 NPT
2026-07-25 02:21 NPT,3b84464,road,NH04 – Birtamod-Chandragadhi,विर्तामोड–चन्द्रगढी,open,,2026-07-25 02:21 NPT
2026-07-25 02:21 NPT,3b84464,road,NH05 – Postal Hwy,हुलाकी राजमार्ग,open,,2026-07-25 02:21 NPT
2026-07-25 02:21 NPT,3b84464,road,NH06 – Koshi Rajmarg,कोशी राजमार्ग,closed,"Landslide at Bhotkhola-2, Sankhuwasabha",2026-07-25 02:21 NPT
2026-07-25 02:21 NPT,3b84464,road,NH08 – Sagarmatha Rajmarg,सगरमाथा राजमार्ग,closed,"Landslide at Bhotkhola-2, Sankhuwasabha",2026-07-25 02:21 NPT
2026-07-25 02:21 NPT,3b84464,road,NH09 – Madan Bhandari Hwy,मदन भण्डारी राजमार्ग,open,,2026-07-25 02:21 NPT
2026-07-25 02:21 NPT,3b84464,road,NH10 – Siddhartha Hwy,सिद्धार्थ राजमार्ग,open,,2026-07-25 02:21 NPT
2026-07-25 02:21 NPT,3b84464,road,NH11 – Rapti Rajmarg,राप्ती राजमार्ग,open,,2026-07-25 02:21 NPT
2026-07-25 02:21 NPT,3b84464,road,NH12 – Ratna Rajmarg,रत्न राजमार्ग,closed,"Landslide at Bhotkhola-2, Sankhuwasabha",2026-07-25 02:21 NPT
2026-07-25 02:21 NPT,3b84464,road,NH13 – Karnali Rajmarg,कर्णाली राजमार्ग,closed,"Landslide at Aathabis-5, Dailekh",2026-07-25 02:21 NPT
2026-07-25 02:21 NPT,3b84464,road,NH14 – Mahakali Rajmarg,महाकाली राजमार्ग,open,,2026-07-25 02:21 NPT
2026-07-25 02:21 NPT,3b84464,road,NH15 – Seti Rajmarg,सेती राजमार्ग,open,,2026-07-25 02:21 NPT
2026-07-25 02:21 NPT,3b84464,road,NH16 – Rapti-Lumbini Hwy,राप्ती-लुम्बिनी,open,,2026-07-25 02:21 NPT
2026-07-25 02:21 NPT,3b84464,road,NH34 – Araniko Hwy,अरनिको राजमार्ग,closed,"Landslide at Bhotekoshi-2, Sindhupalchok",2026-07-25 02:21 NPT
2026-07-25 02:21 NPT,3b84464,road,NH38 – BP Hwy,बीपी राजमार्ग,open,,2026-07-25 02:21 NPT
2026-07-25 02:21 NPT,3b84464,road,NH41 – Tribhuvan Hwy,त्रिभुवन राजमार्ग,partial,"Landslide at Bhimphedi-9, Makwanpur",2026-07-25 02:21 NPT
2026-07-25 02:21 NPT,3b84464,road,NH42 – Prithvi Hwy,पृथ्वी राजमार्ग,partial,"Landslide at Aanbookhaireni-2, Tanahu",2026-07-25 02:21 NPT
2026-07-25 02:21 NPT,3b84464,road,NH43 – Narayanghat-Mugling,नारायणगढ–मुग्लिन,open,,2026-07-25 02:21 NPT
2026-07-25 02:21 NPT,3b84464,airport,Tribhuvan Intl (KTM),त्रिभुवन अन्तर्राष्ट्रिय,open,Normal operations,2026-07-25 02:21 NPT
2026-07-25 02:21 NPT,3b84464,airport,Gautam Buddha Intl (BWA),गौतम बुद्ध विमानस्थल,open,,2026-07-25 02:21 NPT
2026-07-25 02:21 NPT,3b84464,airport,Pokhara Regional (PKR),पोखरा विमानस्थल,open,,2026-07-25 02:21 NPT
2026-07-25 02:21 NPT,3b84464,airport,Bharatpur (BHR),भरतपुर विमानस्थल,open,,2026-07-25 02:21 NPT
2026-07-25 02:21 NPT,3b84464,airport,Dhangadhi (DHI),धनगढी विमानस्थल,open,,2026-07-25 02:21 NPT
2026-07-25 02:21 NPT,3b84464,airport,Biratnagar (BIR),विराटनगर विमानस्थल,open,,2026-07-25 02:21 NPT
2026-07-25 02:21 NPT,3b84464,airport,Nepalgunj (KEP),नेपालगञ्ज विमानस्थल,open,,2026-07-25 02:21 NPT
2026-07-25 02:21 NPT,3b84464,airport,Chandragadhi (BDP),चन्द्रगढी विमानस्थल,open,,2026-07-25 02:21 NPT
2026-07-25 02:21 NPT,3b84464,airport,Janakpur (JKR),जनकपुर विमानस्थल,open,,2026-07-25 02:21 NPT
2026-07-25 02:21 NPT,3b84464,airport,Simara (SIF),सिमरा विमानस्थल,open,,2026-07-25 02:21 NPT
2026-07-25 02:21 NPT,3b84464,hospital,"Bir Hospital, Kathmandu",बीर अस्पताल,open,120 beds,2026-07-25 02:21 NPT
2026-07-25 02:21 NPT,3b84464,hospital,"TU Teaching Hospital, KTM",त्रिवि शिक्षण अस्पताल,open,95 beds,2026-07-25 02:21 NPT
2026-07-25 02:21 NPT,3b84464,hospital,"Patan Hospital, Lalitpur",पाटन अस्पताल,open,60 beds,2026-07-25 02:21 NPT
2026-07-25 02:21 NPT,3b84464,hospital,"Manipal College Hospital, PKR",मणिपाल अस्पताल,open,45 beds,2026-07-25 02:21 NPT
2026-07-25 02:21 NPT,3b84464,hospital,"Gandaki Medical College, PKR",गण्डकी अस्पताल,open,38 beds,2026-07-25 02:21 NPT
2026-07-25 02:21 NPT,3b84464,hospital,"BPKIHS, Dharan",बीपी कोइराला स्वास्थ्य,open,150 beds,2026-07-25 02:21 NPT
2026-07-25 02:21 NPT,3b84464,hospital,"Koshi Hospital, Biratnagar",कोशी अस्पताल,open,80 beds,2026-07-25 02:21 NPT
2026-07-25 02:21 NPT,3b84464,hospital,"Bheri Hospital, Nepalgunj",भेरी अस्पताल,open,70 beds,2026-07-25 02:21 NPT
2026-07-25 02:21 NPT,3b84464,hospital,Chitwan Medical College,चितवन मेडिकल कलेज,open,100 beds,2026-07-25 02:21 NPT
2026-07-25 02:21 NPT,3b84464,hospital,Lumbini Provincial Hospital,लुम्बिनी प्रादेशिक,open,110 beds,2026-07-25 02:21 NPT
2026-07-25 00:43 NPT,552b491,road,NH01 – Mahendra Rajmarg,महेन्द्र राजमार्ग,open,,2026-07-25 00:43 NPT
2026-07-25 00:43 NPT,552b491,road,NH02 – Mechi Rajmarg,मेची राजमार्ग,open,,2026-07-25 00:43 NPT
2026-07-25 00:43 NPT,552b491,road,NH03 – Puspalal Hwy (Mid-Hill),पुष्पलाल राजमार्ग,partial,"Landslide at Sanibheri-2, Rukum West",2026-07-25 00:43 NPT
2026-07-25 00:43 NPT,552b491,road,NH04 – Birtamod-Chandragadhi,विर्तामोड–चन्द्रगढी,open,,2026-07-25 00:43 NPT
2026-07-25 00:43 NPT,552b491,road,NH05 – Postal Hwy,हुलाकी राजमार्ग,open,,2026-07-25 00:43 NPT
2026-07-25 00:43 NPT,552b491,road,NH06 – Koshi Rajmarg,कोशी राजमार्ग,closed,"Landslide at Bhotkhola-2, Sankhuwasabha",2026-07-25 00:43 NPT
2026-07-25 00:43 NPT,552b491,road,NH08 – Sagarmatha Rajmarg,सगरमाथा राजमार्ग,closed,"Landslide at Bhotkhola-2, Sankhuwasabha",2026-07-25 00:43 NPT
2026-07-25 00:43 NPT,552b491,road,NH09 – Madan Bhandari Hwy,मदन भण्डारी राजमार्ग,open,,2026-07-25 00:43 NPT
2026-07-25 00:43 NPT,552b491,road,NH10 – Siddhartha Hwy,सिद्धार्थ राजमार्ग,open,,2026-07-25 00:43 NPT
2026-07-25 00:43 NPT,552b491,road,NH11 – Rapti Rajmarg,राप्ती राजमार्ग,open,,2026-07-25 00:43 NPT
2026-07-25 00:43 NPT,552b491,road,NH12 – Ratna Rajmarg,रत्न राजमार्ग,closed,"Landslide at Bhotkhola-2, Sankhuwasabha",2026-07-25 00:43 NPT
2026-07-25 00:43 NPT,552b491,road,NH13 – Karnali Rajmarg,कर्णाली राजमार्ग,closed,"Landslide at Aathabis-5, Dailekh",2026-07-25 00:43 NPT
2026-07-25 00:43 NPT,552b491,road,NH14 – Mahakali Rajmarg,महाकाली राजमार्ग,open,,2026-07-25 00:43 NPT
2026-07-25 00:43 NPT,552b491,road,NH15 – Seti Rajmarg,सेती राजमार्ग,open,,2026-07-25 00:43 NPT
2026-07-25 00:43 NPT,552b491,road,NH16 – Rapti-Lumbini Hwy,राप्ती-लुम्बिनी,open,,2026-07-25 00:43 NPT
2026-07-25 00:43 NPT,552b491,road,NH34 – Araniko Hwy,अरनिको राजमार्ग,closed,"Landslide at Bhotekoshi-2, Sindhupalchok",2026-07-25 00:43 NPT
2026-07-25 00:43 NPT,552b491,road,NH38 – BP Hwy,बीपी राजमार्ग,open,,2026-07-25 00:43 NPT
2026-07-25 00:43 NPT,552b491,road,NH41 – Tribhuvan Hwy,त्रिभुवन राजमार्ग,partial,"Landslide at Bhimphedi-9, Makwanpur",2026-07-25 00:43 NPT
2026-07-25 00:43 NPT,552b491,road,NH42 – Prithvi Hwy,पृथ्वी राजमार्ग,partial,"Landslide at Aanbookhaireni-2, Tanahu",2026-07-25 00:43 NPT
2026-07-25 00:43 NPT,552b491,road,NH43 – Narayanghat-Mugling,नारायणगढ–मुग्लिन,open,,2026-07-25 00:43 NPT
2026-07-25 00:43 NPT,552b491,airport,Tribhuvan Intl (KTM),त्रिभुवन अन्तर्राष्ट्रिय,open,Normal operations,2026-07-25 00:43 NPT
2026-07-25 00:43 NPT,552b491,airport,Gautam Buddha Intl (BWA),गौतम बुद्ध विमानस्थल,open,,2026-07-25 00:43 NPT
2026-07-25 00:43 NPT,552b491,airport,Pokhara Regional (PKR),पोखरा विमानस्थल,open,,2026-07-25 00:43 NPT
2026-07-25 00:43 NPT,552b491,airport,Bharatpur (BHR),भरतपुर विमानस्थल,open,,2026-07-25 00:43 NPT
2026-07-25 00:43 NPT,552b491,airport,Dhangadhi (DHI),धनगढी विमानस्थल,open,,2026-07-25 00:43 NPT
2026-07-25 00:43 NPT,552b491,airport,Biratnagar (BIR),विराटनगर विमानस्थल,open,,2026-07-25 00:43 NPT
2026-07-25 00:43 NPT,552b491,airport,Nepalgunj (KEP),नेपालगञ्ज विमानस्थल,open,,2026-07-25 00:43 NPT
2026-07-25 00:43 NPT,552b491,airport,Chandragadhi (BDP),चन्द्रगढी विमानस्थल,open,,2026-07-25 00:43 NPT
2026-07-25 00:43 NPT,552b491,airport,Janakpur (JKR),जनकपुर विमानस्थल,open,,2026-07-25 00:43 NPT
2026-07-25 00:43 NPT,552b491,airport,Simara (SIF),सिमरा विमानस्थल,open,,2026-07-25 00:43 NPT
2026-07-25 00:43 NPT,552b491,hospital,"Bir Hospital, Kathmandu",बीर अस्पताल,open,120 beds,2026-07-25 00:43 NPT
2026-07-25 00:43 NPT,552b491,hospital,"TU Teaching Hospital, KTM",त्रिवि शिक्षण अस्पताल,open,95 beds,2026-07-25 00:43 NPT
2026-07-25 00:43 NPT,552b491,hospital,"Patan Hospital, Lalitpur",पाटन अस्पताल,open,60 beds,2026-07-25 00:43 NPT
2026-07-25 00:43 NPT,552b491,hospital,"Manipal College Hospital, PKR",मणिपाल अस्पताल,open,45 beds,2026-07-25 00:43 NPT
2026-07-25 00:43 NPT,552b491,hospital,"Gandaki Medical College, PKR",गण्डकी अस्पताल,open,38 beds,2026-07-25 00:43 NPT
2026-07-25 00:43 NPT,552b491,hospital,"BPKIHS, Dharan",बीपी कोइराला स्वास्थ्य,open,150 beds,2026-07-25 00:43 NPT
2026-07-25 00:43 NPT,552b491,hospital,"Koshi Hospital, Biratnagar",कोशी अस्पताल,open,80 beds,2026-07-25 00:43 NPT
2026-07-25 00:43 NPT,552b491,hospital,"Bheri Hospital, Nepalgunj",भेरी अस्पताल,open,70 beds,2026-07-25 00:43 NPT
2026-07-25 00:43 NPT,552b491,hospital,Chitwan Medical College,चितवन मेडिकल कलेज,open,100 beds,2026-07-25 00:43 NPT
2026-07-25 00:43 NPT,552b491,hospital,Lumbini Provincial Hospital,लुम्बिनी प्रादेशिक,open,110 beds,2026-07-25 00:43 NPT
2026-07-24 22:52 NPT,0629894,road,NH01 – Mahendra Rajmarg,महेन्द्र राजमार्ग,open,,2026-07-24 22:52 NPT
2026-07-24 22:52 NPT,0629894,road,NH02 – Mechi Rajmarg,मेची राजमार्ग,open,,2026-07-24 22:52 NPT
2026-07-24 22:52 NPT,0629894,road,NH03 – Puspalal Hwy (Mid-Hill),पुष्पलाल राजमार्ग,partial,"Landslide at Sanibheri-2, Rukum West",2026-07-24 22:52 NPT
2026-07-24 22:52 NPT,0629894,road,NH04 – Birtamod-Chandragadhi,विर्तामोड–चन्द्रगढी,open,,2026-07-24 22:52 NPT
2026-07-24 22:52 NPT,0629894,road,NH05 – Postal Hwy,हुलाकी राजमार्ग,open,,2026-07-24 22:52 NPT
2026-07-24 22:52 NPT,0629894,road,NH06 – Koshi Rajmarg,कोशी राजमार्ग,closed,"Landslide at Bhotkhola-2, Sankhuwasabha",2026-07-24 22:52 NPT
2026-07-24 22:52 NPT,0629894,road,NH08 – Sagarmatha Rajmarg,सगरमाथा राजमार्ग,closed,"Landslide at Bhotkhola-2, Sankhuwasabha",2026-07-24 22:52 NPT
2026-07-24 22:52 NPT,0629894,road,NH09 – Madan Bhandari Hwy,मदन भण्डारी राजमार्ग,open,,2026-07-24 22:52 NPT
2026-07-24 22:52 NPT,0629894,road,NH10 – Siddhartha Hwy,सिद्धार्थ राजमार्ग,open,,2026-07-24 22:52 NPT
2026-07-24 22:52 NPT,0629894,road,NH11 – Rapti Rajmarg,राप्ती राजमार्ग,open,,2026-07-24 22:52 NPT
2026-07-24 22:52 NPT,0629894,road,NH12 – Ratna Rajmarg,रत्न राजमार्ग,closed,"Landslide at Bhotkhola-2, Sankhuwasabha",2026-07-24 22:52 NPT
2026-07-24 22:52 NPT,0629894,road,NH13 – Karnali Rajmarg,कर्णाली राजमार्ग,closed,"Landslide at Aathabis-5, Dailekh",2026-07-24 22:52 NPT
2026-07-24 22:52 NPT,0629894,road,NH14 – Mahakali Rajmarg,महाकाली राजमार्ग,open,,2026-07-24 22:52 NPT
2026-07-24 22:52 NPT,0629894,road,NH15 – Seti Rajmarg,सेती राजमार्ग,open,,2026-07-24 22:52 NPT
2026-07-24 22:52 NPT,0629894,road,NH16 – Rapti-Lumbini Hwy,राप्ती-लुम्बिनी,open,,2026-07-24 22:52 NPT
2026-07-24 22:52 NPT,0629894,road,NH34 – Araniko Hwy,अरनिको राजमार्ग,closed,"Landslide at Bhotekoshi-2, Sindhupalchok",2026-07-24 22:52 NPT
2026-07-24 22:52 NPT,0629894,road,NH38 – BP Hwy,बीपी राजमार्ग,open,,2026-07-24 22:52 NPT
2026-07-24 22:52 NPT,0629894,road,NH41 – Tribhuvan Hwy,त्रिभुवन राजमार्ग,partial,"Landslide at Bhimphedi-9, Makwanpur",2026-07-24 22:52 NPT
2026-07-24 22:52 NPT,0629894,road,NH42 – Prithvi Hwy,पृथ्वी राजमार्ग,partial,"Landslide at Aanbookhaireni-2, Tanahu",2026-07-24 22:52 NPT
2026-07-24 22:52 NPT,0629894,road,NH43 – Narayanghat-Mugling,नारायणगढ–मुग्लिन,open,,2026-07-24 22:52 NPT
2026-07-24 22:52 NPT,0629894,airport,Tribhuvan Intl (KTM),त्रिभुवन अन्तर्राष्ट्रिय,open,Normal operations,2026-07-24 22:52 NPT
2026-07-24 22:52 NPT,0629894,airport,Gautam Buddha Intl (BWA),गौतम बुद्ध विमानस्थल,open,,2026-07-24 22:52 NPT
2026-07-24 22:52 NPT,0629894,airport,Pokhara Regional (PKR),पोखरा विमानस्थल,open,,2026-07-24 22:52 NPT
2026-07-24 22:52 NPT,0629894,airport,Bharatpur (BHR),भरतपुर विमानस्थल,open,,2026-07-24 22:52 NPT
2026-07-24 22:52 NPT,0629894,airport,Dhangadhi (DHI),धनगढी विमानस्थल,open,,2026-07-24 22:52 NPT
2026-07-24 22:52 NPT,0629894,airport,Biratnagar (BIR),विराटनगर विमानस्थल,open,,2026-07-24 22:52 NPT
2026-07-24 22:52 NPT,0629894,airport,Nepalgunj (KEP),नेपालगञ्ज विमानस्थल,open,,2026-07-24 22:52 NPT
2026-07-24 22:52 NPT,0629894,airport,Chandragadhi (BDP),चन्द्रगढी विमानस्थल,open,,2026-07-24 22:52 NPT
2026-07-24 22:52 NPT,0629894,airport,Janakpur (JKR),जनकपुर विमानस्थल,open,,2026-07-24 22:52 NPT
2026-07-24 22:52 NPT,0629894,airport,Simara (SIF),सिमरा विमानस्थल,open,,2026-07-24 22:52 NPT
2026-07-24 22:52 NPT,0629894,hospital,"Bir Hospital, Kathmandu",बीर अस्पताल,open,120 beds,2026-07-24 22:52 NPT
2026-07-24 22:52 NPT,0629894,hospital,"TU Teaching Hospital, KTM",त्रिवि शिक्षण अस्पताल,open,95 beds,2026-07-24 22:52 NPT
2026-07-24 22:52 NPT,0629894,hospital,"Patan Hospital, Lalitpur",पाटन अस्पताल,open,60 beds,2026-07-24 22:52 NPT
2026-07-24 22:52 NPT,0629894,hospital,"Manipal College Hospital, PKR",मणिपाल अस्पताल,open,45 beds,2026-07-24 22:52 NPT
2026-07-24 22:52 NPT,0629894,hospital,"Gandaki Medical College, PKR",गण्डकी अस्पताल,open,38 beds,2026-07-24 22:52 NPT
2026-07-24 22:52 NPT,0629894,hospital,"BPKIHS, Dharan",बीपी कोइराला स्वास्थ्य,open,150 beds,2026-07-24 22:52 NPT
2026-07-24 22:52 NPT,0629894,hospital,"Koshi Hospital, Biratnagar",कोशी अस्पताल,open,80 beds,2026-07-24 22:52 NPT
2026-07-24 22:52 NPT,0629894,hospital,"Bheri Hospital, Nepalgunj",भेरी अस्पताल,open,70 beds,2026-07-24 22:52 NPT
2026-07-24 22:52 NPT,0629894,hospital,Chitwan Medical College,चितवन मेडिकल कलेज,open,100 beds,2026-07-24 22:52 NPT
2026-07-24 22:52 NPT,0629894,hospital,Lumbini Provincial Hospital,लुम्बिनी प्रादेशिक,open,110 beds,2026-07-24 22:52 NPT
2026-07-24 21:11 NPT,fdbd70c,road,NH01 – Mahendra Rajmarg,महेन्द्र राजमार्ग,open,,2026-07-24 21:11 NPT
2026-07-24 21:11 NPT,fdbd70c,road,NH02 – Mechi Rajmarg,मेची राजमार्ग,open,,2026-07-24 21:11 NPT
2026-07-24 21:11 NPT,fdbd70c,road,NH03 – Puspalal Hwy (Mid-Hill),पुष्पलाल राजमार्ग,partial,"Landslide at Sanibheri-2, Rukum West",2026-07-24 21:11 NPT
2026-07-24 21:11 NPT,fdbd70c,road,NH04 – Birtamod-Chandragadhi,विर्तामोड–चन्द्रगढी,open,,2026-07-24 21:11 NPT
2026-07-24 21:11 NPT,fdbd70c,road,NH05 – Postal Hwy,हुलाकी राजमार्ग,open,,2026-07-24 21:11 NPT
2026-07-24 21:11 NPT,fdbd70c,road,NH06 – Koshi Rajmarg,कोशी राजमार्ग,closed,"Landslide at Bhotkhola-2, Sankhuwasabha",2026-07-24 21:11 NPT
2026-07-24 21:11 NPT,fdbd70c,road,NH08 – Sagarmatha Rajmarg,सगरमाथा राजमार्ग,closed,"Landslide at Bhotkhola-2, Sankhuwasabha",2026-07-24 21:11 NPT
2026-07-24 21:11 NPT,fdbd70c,road,NH09 – Madan Bhandari Hwy,मदन भण्डारी राजमार्ग,open,,2026-07-24 21:11 NPT
2026-07-24 21:11 NPT,fdbd70c,road,NH10 – Siddhartha Hwy,सिद्धार्थ राजमार्ग,open,,2026-07-24 21:11 NPT
2026-07-24 21:11 NPT,fdbd70c,road,NH11 – Rapti Rajmarg,राप्ती राजमार्ग,open,,2026-07-24 21:11 NPT
2026-07-24 21:11 NPT,fdbd70c,road,NH12 – Ratna Rajmarg,रत्न राजमार्ग,closed,"Landslide at Bhotkhola-2, Sankhuwasabha",2026-07-24 21:11 NPT
2026-07-24 21:11 NPT,fdbd70c,road,NH13 – Karnali Rajmarg,कर्णाली राजमार्ग,closed,"Landslide at Aathabis-5, Dailekh",2026-07-24 21:11 NPT
2026-07-24 21:11 NPT,fdbd70c,road,NH14 – Mahakali Rajmarg,महाकाली राजमार्ग,open,,2026-07-24 21:11 NPT
2026-07-24 21:11 NPT,fdbd70c,road,NH15 – Seti Rajmarg,सेती राजमार्ग,open,,2026-07-24 21:11 NPT
2026-07-24 21:11 NPT,fdbd70c,road,NH16 – Rapti-Lumbini Hwy,राप्ती-लुम्बिनी,open,,2026-07-24 21:11 NPT
2026-07-24 21:11 NPT,fdbd70c,road,NH34 – Araniko Hwy,अरनिको राजमार्ग,closed,"Landslide at Bhotekoshi-2, Sindhupalchok",2026-07-24 21:11 NPT
2026-07-24 21:11 NPT,fdbd70c,road,NH38 – BP Hwy,बीपी राजमार्ग,open,,2026-07-24 21:11 NPT
2026-07-24 21:11 NPT,fdbd70c,road,NH41 – Tribhuvan Hwy,त्रिभुवन राजमार्ग,partial,"Landslide at Bhimphedi-9, Makwanpur",2026-07-24 21:11 NPT
2026-07-24 21:11 NPT,fdbd70c,road,NH42 – Prithvi Hwy,पृथ्वी राजमार्ग,partial,"Landslide at Aanbookhaireni-2, Tanahu",2026-07-24 21:11 NPT
2026-07-24 21:11 NPT,fdbd70c,road,NH43 – Narayanghat-Mugling,नारायणगढ–मुग्लिन,open,,2026-07-24 21:11 NPT
2026-07-24 21:11 NPT,fdbd70c,airport,Tribhuvan Intl (KTM),त्रिभुवन अन्तर्राष्ट्रिय,open,Normal operations,2026-07-24 21:11 NPT
2026-07-24 21:11 NPT,fdbd70c,airport,Gautam Buddha Intl (BWA),गौतम बुद्ध विमानस्थल,open,,2026-07-24 21:11 NPT
2026-07-24 21:11 NPT,fdbd70c,airport,Pokhara Regional (PKR),पोखरा विमानस्थल,open,,2026-07-24 21:11 NPT
2026-07-24 21:11 NPT,fdbd70c,airport,Bharatpur (BHR),भरतपुर विमानस्थल,open,,2026-07-24 21:11 NPT
2026-07-24 21:11 NPT,fdbd70c,airport,Dhangadhi (DHI),धनगढी विमानस्थल,open,,2026-07-24 21:11 NPT
2026-07-24 21:11 NPT,fdbd70c,airport,Biratnagar (BIR),विराटनगर विमानस्थल,open,,2026-07-24 21:11 NPT
2026-07-24 21:11 NPT,fdbd70c,airport,Nepalgunj (KEP),नेपालगञ्ज विमानस्थल,open,,2026-07-24 21:11 NPT
2026-07-24 21:11 NPT,fdbd70c,airport,Chandragadhi (BDP),चन्द्रगढी विमानस्थल,open,,2026-07-24 21:11 NPT
2026-07-24 21:11 NPT,fdbd70c,airport,Janakpur (JKR),जनकपुर विमानस्थल,open,,2026-07-24 21:11 NPT
2026-07-24 21:11 NPT,fdbd70c,airport,Simara (SIF),सिमरा विमानस्थल,open,,2026-07-24 21:11 NPT
2026-07-24 21:11 NPT,fdbd70c,hospital,"Bir Hospital, Kathmandu",बीर अस्पताल,open,120 beds,2026-07-24 21:11 NPT
2026-07-24 21:11 NPT,fdbd70c,hospital,"TU Teaching Hospital, KTM",त्रिवि शिक्षण अस्पताल,open,95 beds,2026-07-24 21:11 NPT
2026-07-24 21:11 NPT,fdbd70c,hospital,"Patan Hospital, Lalitpur",पाटन अस्पताल,open,60 beds,2026-07-24 21:11 NPT
2026-07-24 21:11 NPT,fdbd70c,hospital,"Manipal College Hospital, PKR",मणिपाल अस्पताल,open,45 beds,2026-07-24 21:11 NPT
2026-07-24 21:11 NPT,fdbd70c,hospital,"Gandaki Medical College, PKR",गण्डकी अस्पताल,open,38 beds,2026-07-24 21:11 NPT
2026-07-24 21:11 NPT,fdbd70c,hospital,"BPKIHS, Dharan",बीपी कोइराला स्वास्थ्य,open,150 beds,2026-07-24 21:11 NPT
2026-07-24 21:11 NPT,fdbd70c,hospital,"Koshi Hospital, Biratnagar",कोशी अस्पताल,open,80 beds,2026-07-24 21:11 NPT
2026-07-24 21:11 NPT,fdbd70c,hospital,"Bheri Hospital, Nepalgunj",भेरी अस्पताल,open,70 beds,2026-07-24 21:11 NPT
2026-07-24 21:11 NPT,fdbd70c,hospital,Chitwan Medical College,चितवन मेडिकल कलेज,open,100 beds,2026-07-24 21:11 NPT
2026-07-24 21:11 NPT,fdbd70c,hospital,Lumbini Provincial Hospital,लुम्बिनी प्रादेशिक,open,110 beds,2026-07-24 21:11 NPT
2026-07-24 19:34 NPT,66c4cd4,road,NH01 – Mahendra Rajmarg,महेन्द्र राजमार्ग,open,,2026-07-24 19:34 NPT
2026-07-24 19:34 NPT,66c4cd4,road,NH02 – Mechi Rajmarg,मेची राजमार्ग,open,,2026-07-24 19:34 NPT
2026-07-24 19:34 NPT,66c4cd4,road,NH03 – Puspalal Hwy (Mid-Hill),पुष्पलाल राजमार्ग,partial,"Landslide at Sanibheri-2, Rukum West",2026-07-24 19:34 NPT
2026-07-24 19:34 NPT,66c4cd4,road,NH04 – Birtamod-Chandragadhi,विर्तामोड–चन्द्रगढी,open,,2026-07-24 19:34 NPT
2026-07-24 19:34 NPT,66c4cd4,road,NH05 – Postal Hwy,हुलाकी राजमार्ग,open,,2026-07-24 19:34 NPT
2026-07-24 19:34 NPT,66c4cd4,road,NH06 – Koshi Rajmarg,कोशी राजमार्ग,closed,"Landslide at Bhotkhola-2, Sankhuwasabha",2026-07-24 19:34 NPT
2026-07-24 19:34 NPT,66c4cd4,road,NH08 – Sagarmatha Rajmarg,सगरमाथा राजमार्ग,closed,"Landslide at Bhotkhola-2, Sankhuwasabha",2026-07-24 19:34 NPT
2026-07-24 19:34 NPT,66c4cd4,road,NH09 – Madan Bhandari Hwy,मदन भण्डारी राजमार्ग,open,,2026-07-24 19:34 NPT
2026-07-24 19:34 NPT,66c4cd4,road,NH10 – Siddhartha Hwy,सिद्धार्थ राजमार्ग,open,,2026-07-24 19:34 NPT
2026-07-24 19:34 NPT,66c4cd4,road,NH11 – Rapti Rajmarg,राप्ती राजमार्ग,open,,2026-07-24 19:34 NPT
2026-07-24 19:34 NPT,66c4cd4,road,NH12 – Ratna Rajmarg,रत्न राजमार्ग,closed,"Landslide at Bhotkhola-2, Sankhuwasabha",2026-07-24 19:34 NPT
2026-07-24 19:34 NPT,66c4cd4,road,NH13 – Karnali Rajmarg,कर्णाली राजमार्ग,open,,2026-07-24 19:34 NPT
2026-07-24 19:34 NPT,66c4cd4,road,NH14 – Mahakali Rajmarg,महाकाली राजमार्ग,open,,2026-07-24 19:34 NPT
2026-07-24 19:34 NPT,66c4cd4,road,NH15 – Seti Rajmarg,सेती राजमार्ग,open,,2026-07-24 19:34 NPT
2026-07-24 19:34 NPT,66c4cd4,road,NH16 – Rapti-Lumbini Hwy,राप्ती-लुम्बिनी,open,,2026-07-24 19:34 NPT
2026-07-24 19:34 NPT,66c4cd4,road,NH34 – Araniko Hwy,अरनिको राजमार्ग,closed,"Landslide at Bhotekoshi-2, Sindhupalchok",2026-07-24 19:34 NPT
2026-07-24 19:34 NPT,66c4cd4,road,NH38 – BP Hwy,बीपी राजमार्ग,open,,2026-07-24 19:34 NPT
2026-07-24 19:34 NPT,66c4cd4,road,NH41 – Tribhuvan Hwy,त्रिभुवन राजमार्ग,partial,"Landslide at Bhimphedi-9, Makwanpur",2026-07-24 19:34 NPT
2026-07-24 19:34 NPT,66c4cd4,road,NH42 – Prithvi Hwy,पृथ्वी राजमार्ग,partial,"Landslide at Aanbookhaireni-2, Tanahu",2026-07-24 19:34 NPT
2026-07-24 19:34 NPT,66c4cd4,road,NH43 – Narayanghat-Mugling,नारायणगढ–मुग्लिन,open,,2026-07-24 19:34 NPT
2026-07-24 19:34 NPT,66c4cd4,airport,Tribhuvan Intl (KTM),त्रिभुवन अन्तर्राष्ट्रिय,open,Normal operations,2026-07-24 19:34 NPT
2026-07-24 19:34 NPT,66c4cd4,airport,Gautam Buddha Intl (BWA),गौतम बुद्ध विमानस्थल,open,,2026-07-24 19:34 NPT
2026-07-24 19:34 NPT,66c4cd4,airport,Pokhara Regional (PKR),पोखरा विमानस्थल,open,,2026-07-24 19:34 NPT
2026-07-24 19:34 NPT,66c4cd4,airport,Bharatpur (BHR),भरतपुर विमानस्थल,open,,2026-07-24 19:34 NPT
2026-07-24 19:34 NPT,66c4cd4,airport,Dhangadhi (DHI),धनगढी विमानस्थल,open,,2026-07-24 19:34 NPT
2026-07-24 19:34 NPT,66c4cd4,airport,Biratnagar (BIR),विराटनगर विमानस्थल,open,,2026-07-24 19:34 NPT
2026-07-24 19:34 NPT,66c4cd4,airport,Nepalgunj (KEP),नेपालगञ्ज विमानस्थल,open,,2026-07-24 19:34 NPT
2026-07-24 19:34 NPT,66c4cd4,airport,Chandragadhi (BDP),चन्द्रगढी विमानस्थल,open,,2026-07-24 19:34 NPT
2026-07-24 19:34 NPT,66c4cd4,airport,Janakpur (JKR),जनकपुर विमानस्थल,open,,2026-07-24 19:34 NPT
2026-07-24 19:34 NPT,66c4cd4,airport,Simara (SIF),सिमरा विमानस्थल,open,,2026-07-24 19:34 NPT
2026-07-24 19:34 NPT,66c4cd4,hospital,"Bir Hospital, Kathmandu",बीर अस्पताल,open,120 beds,2026-07-24 19:34 NPT
2026-07-24 19:34 NPT,66c4cd4,hospital,"TU Teaching Hospital, KTM",त्रिवि शिक्षण अस्पताल,open,95 beds,2026-07-24 19:34 NPT
2026-07-24 19:34 NPT,66c4cd4,hospital,"Patan Hospital, Lalitpur",पाटन अस्पताल,open,60 beds,2026-07-24 19:34 NPT
2026-07-24 19:34 NPT,66c4cd4,hospital,"Manipal College Hospital, PKR",मणिपाल अस्पताल,open,45 beds,2026-07-24 19:34 NPT
2026-07-24 19:34 NPT,66c4cd4,hospital,"Gandaki Medical College, PKR",गण्डकी अस्पताल,open,38 beds,2026-07-24 19:34 NPT
2026-07-24 19:34 NPT,66c4cd4,hospital,"BPKIHS, Dharan",बीपी कोइराला स्वास्थ्य,open,150 beds,2026-07-24 19:34 NPT
2026-07-24 19:34 NPT,66c4cd4,hospital,"Koshi Hospital, Biratnagar",कोशी अस्पताल,open,80 beds,2026-07-24 19:34 NPT
2026-07-24 19:34 NPT,66c4cd4,hospital,"Bheri Hospital, Nepalgunj",भेरी अस्पताल,open,70 beds,2026-07-24 19:34 NPT
2026-07-24 19:34 NPT,66c4cd4,hospital,Chitwan Medical College,चितवन मेडिकल कलेज,open,100 beds,2026-07-24 19:34 NPT
2026-07-24 19:34 NPT,66c4cd4,hospital,Lumbini Provincial Hospital,लुम्बिनी प्रादेशिक,open,110 beds,2026-07-24 19:34 NPT
2026-07-24 17:28 NPT,9275c22,road,NH01 – Mahendra Rajmarg,महेन्द्र राजमार्ग,open,,2026-07-24 17:28 NPT
2026-07-24 17:28 NPT,9275c22,road,NH02 – Mechi Rajmarg,मेची राजमार्ग,open,,2026-07-24 17:28 NPT
2026-07-24 17:28 NPT,9275c22,road,NH03 – Puspalal Hwy (Mid-Hill),पुष्पलाल राजमार्ग,partial,"Landslide at Sanibheri-2, Rukum West",2026-07-24 17:28 NPT
2026-07-24 17:28 NPT,9275c22,road,NH04 – Birtamod-Chandragadhi,विर्तामोड–चन्द्रगढी,open,,2026-07-24 17:28 NPT
2026-07-24 17:28 NPT,9275c22,road,NH05 – Postal Hwy,हुलाकी राजमार्ग,open,,2026-07-24 17:28 NPT
2026-07-24 17:28 NPT,9275c22,road,NH06 – Koshi Rajmarg,कोशी राजमार्ग,open,,2026-07-24 17:28 NPT
2026-07-24 17:28 NPT,9275c22,road,NH08 – Sagarmatha Rajmarg,सगरमाथा राजमार्ग,open,,2026-07-24 17:28 NPT
2026-07-24 17:28 NPT,9275c22,road,NH09 – Madan Bhandari Hwy,मदन भण्डारी राजमार्ग,open,,2026-07-24 17:28 NPT
2026-07-24 17:28 NPT,9275c22,road,NH10 – Siddhartha Hwy,सिद्धार्थ राजमार्ग,open,,2026-07-24 17:28 NPT
2026-07-24 17:28 NPT,9275c22,road,NH11 – Rapti Rajmarg,राप्ती राजमार्ग,open,,2026-07-24 17:28 NPT
2026-07-24 17:28 NPT,9275c22,road,NH12 – Ratna Rajmarg,रत्न राजमार्ग,open,,2026-07-24 17:28 NPT
2026-07-24 17:28 NPT,9275c22,road,NH13 – Karnali Rajmarg,कर्णाली राजमार्ग,open,,2026-07-24 17:28 NPT
2026-07-24 17:28 NPT,9275c22,road,NH14 – Mahakali Rajmarg,महाकाली राजमार्ग,open,,2026-07-24 17:28 NPT
2026-07-24 17:28 NPT,9275c22,road,NH15 – Seti Rajmarg,सेती राजमार्ग,open,,2026-07-24 17:28 NPT
2026-07-24 17:28 NPT,9275c22,road,NH16 – Rapti-Lumbini Hwy,राप्ती-लुम्बिनी,open,,2026-07-24 17:28 NPT
2026-07-24 17:28 NPT,9275c22,road,NH34 – Araniko Hwy,अरनिको राजमार्ग,closed,"Landslide at Bhotekoshi-2, Sindhupalchok",2026-07-24 17:28 NPT
2026-07-24 17:28 NPT,9275c22,road,NH38 – BP Hwy,बीपी राजमार्ग,open,,2026-07-24 17:28 NPT
2026-07-24 17:28 NPT,9275c22,road,NH41 – Tribhuvan Hwy,त्रिभुवन राजमार्ग,partial,"Landslide at Bhimphedi-9, Makwanpur",2026-07-24 17:28 NPT
2026-07-24 17:28 NPT,9275c22,road,NH42 – Prithvi Hwy,पृथ्वी राजमार्ग,partial,"Landslide at Aanbookhaireni-2, Tanahu",2026-07-24 17:28 NPT
2026-07-24 17:28 NPT,9275c22,road,NH43 – Narayanghat-Mugling,नारायणगढ–मुग्लिन,open,,2026-07-24 17:28 NPT
2026-07-24 17:28 NPT,9275c22,airport,Tribhuvan Intl (KTM),त्रिभुवन अन्तर्राष्ट्रिय,open,Normal operations,2026-07-24 17:28 NPT
2026-07-24 17:28 NPT,9275c22,airport,Gautam Buddha Intl (BWA),गौतम बुद्ध विमानस्थल,open,,2026-07-24 17:28 NPT
2026-07-24 17:28 NPT,9275c22,airport,Pokhara Regional (PKR),पोखरा विमानस्थल,open,,2026-07-24 17:28 NPT
2026-07-24 17:28 NPT,9275c22,airport,Bharatpur (BHR),भरतपुर विमानस्थल,open,,2026-07-24 17:28 NPT
2026-07-24 17:28 NPT,9275c22,airport,Dhangadhi (DHI),धनगढी विमानस्थल,open,,2026-07-24 17:28 NPT
2026-07-24 17:28 NPT,9275c22,airport,Biratnagar (BIR),विराटनगर विमानस्थल,open,,2026-07-24 17:28 NPT
2026-07-24 17:28 NPT,9275c22,airport,Nepalgunj (KEP),नेपालगञ्ज विमानस्थल,open,,2026-07-24 17:28 NPT
2026-07-24 17:28 NPT,9275c22,airport,Chandragadhi (BDP),चन्द्रगढी विमानस्थल,open,,2026-07-24 17:28 NPT
2026-07-24 17:28 NPT,9275c22,airport,Janakpur (JKR),जनकपुर विमानस्थल,open,,2026-07-24 17:28 NPT
2026-07-24 17:28 NPT,9275c22,airport,Simara (SIF),सिमरा विमानस्थल,open,,2026-07-24 17:28 NPT
2026-07-24 17:28 NPT,9275c22,hospital,"Bir Hospital, Kathmandu",बीर अस्पताल,open,120 beds,2026-07-24 17:28 NPT
2026-07-24 17:28 NPT,9275c22,hospital,"TU Teaching Hospital, KTM",त्रिवि शिक्षण अस्पताल,open,95 beds,2026-07-24 17:28 NPT
2026-07-24 17:28 NPT,9275c22,hospital,"Patan Hospital, Lalitpur",पाटन अस्पताल,open,60 beds,2026-07-24 17:28 NPT
2026-07-24 17:28 NPT,9275c22,hospital,"Manipal College Hospital, PKR",मणिपाल अस्पताल,open,45 beds,2026-07-24 17:28 NPT
2026-07-24 17:28 NPT,9275c22,hospital,"Gandaki Medical College, PKR",गण्डकी अस्पताल,open,38 beds,2026-07-24 17:28 NPT
2026-07-24 17:28 NPT,9275c22,hospital,"BPKIHS, Dharan",बीपी कोइराला स्वास्थ्य,open,150 beds,2026-07-24 17:28 NPT
2026-07-24 17:28 NPT,9275c22,hospital,"Koshi Hospital, Biratnagar",कोशी अस्पताल,open,80 beds,2026-07-24 17:28 NPT
2026-07-24 17:28 NPT,9275c22,hospital,"Bheri Hospital, Nepalgunj",भेरी अस्पताल,open,70 beds,2026-07-24 17:28 NPT
2026-07-24 17:28 NPT,9275c22,hospital,Chitwan Medical College,चितवन मेडिकल कलेज,open,100 beds,2026-07-24 17:28 NPT
2026-07-24 17:28 NPT,9275c22,hospital,Lumbini Provincial Hospital,लुम्बिनी प्रादेशिक,open,110 beds,2026-07-24 17:28 NPT
2026-07-24 15:16 NPT,0cc9436,road,NH01 – Mahendra Rajmarg,महेन्द्र राजमार्ग,open,,2026-07-24 15:16 NPT
2026-07-24 15:16 NPT,0cc9436,road,NH02 – Mechi Rajmarg,मेची राजमार्ग,open,,2026-07-24 15:16 NPT
2026-07-24 15:16 NPT,0cc9436,road,NH03 – Puspalal Hwy (Mid-Hill),पुष्पलाल राजमार्ग,partial,"Landslide at Sanibheri-2, Rukum West",2026-07-24 15:16 NPT
2026-07-24 15:16 NPT,0cc9436,road,NH04 – Birtamod-Chandragadhi,विर्तामोड–चन्द्रगढी,open,,2026-07-24 15:16 NPT
2026-07-24 15:16 NPT,0cc9436,road,NH05 – Postal Hwy,हुलाकी राजमार्ग,open,,2026-07-24 15:16 NPT
2026-07-24 15:16 NPT,0cc9436,road,NH06 – Koshi Rajmarg,कोशी राजमार्ग,open,,2026-07-24 15:16 NPT
2026-07-24 15:16 NPT,0cc9436,road,NH08 – Sagarmatha Rajmarg,सगरमाथा राजमार्ग,open,,2026-07-24 15:16 NPT
2026-07-24 15:16 NPT,0cc9436,road,NH09 – Madan Bhandari Hwy,मदन भण्डारी राजमार्ग,open,,2026-07-24 15:16 NPT
2026-07-24 15:16 NPT,0cc9436,road,NH10 – Siddhartha Hwy,सिद्धार्थ राजमार्ग,open,,2026-07-24 15:16 NPT
2026-07-24 15:16 NPT,0cc9436,road,NH11 – Rapti Rajmarg,राप्ती राजमार्ग,open,,2026-07-24 15:16 NPT
2026-07-24 15:16 NPT,0cc9436,road,NH12 – Ratna Rajmarg,रत्न राजमार्ग,open,,2026-07-24 15:16 NPT
2026-07-24 15:16 NPT,0cc9436,road,NH13 – Karnali Rajmarg,कर्णाली राजमार्ग,open,,2026-07-24 15:16 NPT
2026-07-24 15:16 NPT,0cc9436,road,NH14 – Mahakali Rajmarg,महाकाली राजमार्ग,open,,2026-07-24 15:16 NPT
2026-07-24 15:16 NPT,0cc9436,road,NH15 – Seti Rajmarg,सेती राजमार्ग,open,,2026-07-24 15:16 NPT
2026-07-24 15:16 NPT,0cc9436,road,NH16 – Rapti-Lumbini Hwy,राप्ती-लुम्बिनी,open,,2026-07-24 15:16 NPT
2026-07-24 15:16 NPT,0cc9436,road,NH34 – Araniko Hwy,अरनिको राजमार्ग,closed,"Landslide at Bhotekoshi-2, Sindhupalchok",2026-07-24 15:16 NPT
2026-07-24 15:16 NPT,0cc9436,road,NH38 – BP Hwy,बीपी राजमार्ग,open,,2026-07-24 15:16 NPT
2026-07-24 15:16 NPT,0cc9436,road,NH41 – Tribhuvan Hwy,त्रिभुवन राजमार्ग,partial,"Landslide at Bhimphedi-9, Makwanpur",2026-07-24 15:16 NPT
2026-07-24 15:16 NPT,0cc9436,road,NH42 – Prithvi Hwy,पृथ्वी राजमार्ग,partial,"Landslide at Aanbookhaireni-2, Tanahu",2026-07-24 15:16 NPT
2026-07-24 15:16 NPT,0cc9436,road,NH43 – Narayanghat-Mugling,नारायणगढ–मुग्लिन,open,,2026-07-24 15:16 NPT
2026-07-24 15:16 NPT,0cc9436,airport,Tribhuvan Intl (KTM),त्रिभुवन अन्तर्राष्ट्रिय,open,Normal operations,2026-07-24 15:16 NPT
2026-07-24 15:16 NPT,0cc9436,airport,Gautam Buddha Intl (BWA),गौतम बुद्ध विमानस्थल,open,,2026-07-24 15:16 NPT
2026-07-24 15:16 NPT,0cc9436,airport,Pokhara Regional (PKR),पोखरा विमानस्थल,open,,2026-07-24 15:16 NPT
2026-07-24 15:16 NPT,0cc9436,airport,Bharatpur (BHR),भरतपुर विमानस्थल,open,,2026-07-24 15:16 NPT
2026-07-24 15:16 NPT,0cc9436,airport,Dhangadhi (DHI),धनगढी विमानस्थल,open,,2026-07-24 15:16 NPT
2026-07-24 15:16 NPT,0cc9436,airport,Biratnagar (BIR),विराटनगर विमानस्थल,open,,2026-07-24 15:16 NPT
2026-07-24 15:16 NPT,0cc9436,airport,Nepalgunj (KEP),नेपालगञ्ज विमानस्थल,open,,2026-07-24 15:16 NPT
2026-07-24 15:16 NPT,0cc9436,airport,Chandragadhi (BDP),चन्द्रगढी विमानस्थल,open,,2026-07-24 15:16 NPT
2026-07-24 15:16 NPT,0cc9436,airport,Janakpur (JKR),जनकपुर विमानस्थल,open,,2026-07-24 15:16 NPT
2026-07-24 15:16 NPT,0cc9436,airport,Simara (SIF),सिमरा विमानस्थल,open,,2026-07-24 15:16 NPT
2026-07-24 15:16 NPT,0cc9436,hospital,"Bir Hospital, Kathmandu",बीर अस्पताल,open,120 beds,2026-07-24 15:16 NPT
2026-07-24 15:16 NPT,0cc9436,hospital,"TU Teaching Hospital, KTM",त्रिवि शिक्षण अस्पताल,open,95 beds,2026-07-24 15:16 NPT
2026-07-24 15:16 NPT,0cc9436,hospital,"Patan Hospital, Lalitpur",पाटन अस्पताल,open,60 beds,2026-07-24 15:16 NPT
2026-07-24 15:16 NPT,0cc9436,hospital,"Manipal College Hospital, PKR",मणिपाल अस्पताल,open,45 beds,2026-07-24 15:16 NPT
2026-07-24 15:16 NPT,0cc9436,hospital,"Gandaki Medical College, PKR",गण्डकी अस्पताल,open,38 beds,2026-07-24 15:16 NPT
2026-07-24 15:16 NPT,0cc9436,hospital,"BPKIHS, Dharan",बीपी कोइराला स्वास्थ्य,open,150 beds,2026-07-24 15:16 NPT
2026-07-24 15:16 NPT,0cc9436,hospital,"Koshi Hospital, Biratnagar",कोशी अस्पताल,open,80 beds,2026-07-24 15:16 NPT
2026-07-24 15:16 NPT,0cc9436,hospital,"Bheri Hospital, Nepalgunj",भेरी अस्पताल,open,70 beds,2026-07-24 15:16 NPT
2026-07-24 15:16 NPT,0cc9436,hospital,Chitwan Medical College,चितवन मेडिकल कलेज,open,100 beds,2026-07-24 15:16 NPT
2026-07-24 15:16 NPT,0cc9436,hospital,Lumbini Provincial Hospital,लुम्बिनी प्रादेशिक,open,110 beds,2026-07-24 15:16 NPT
2026-07-24 05:59 NPT,173264e,road,NH01 – Mahendra Rajmarg,महेन्द्र राजमार्ग,open,,2026-07-24 05:59 NPT
2026-07-24 05:59 NPT,173264e,road,NH02 – Mechi Rajmarg,मेची राजमार्ग,open,,2026-07-24 05:59 NPT
2026-07-24 05:59 NPT,173264e,road,NH03 – Puspalal Hwy (Mid-Hill),पुष्पलाल राजमार्ग,partial,"Landslide at Sanibheri-2, Rukum West",2026-07-24 05:59 NPT
2026-07-24 05:59 NPT,173264e,road,NH04 – Birtamod-Chandragadhi,विर्तामोड–चन्द्रगढी,open,,2026-07-24 05:59 NPT
2026-07-24 05:59 NPT,173264e,road,NH05 – Postal Hwy,हुलाकी राजमार्ग,open,,2026-07-24 05:59 NPT
2026-07-24 05:59 NPT,173264e,road,NH06 – Koshi Rajmarg,कोशी राजमार्ग,open,,2026-07-24 05:59 NPT
2026-07-24 05:59 NPT,173264e,road,NH08 – Sagarmatha Rajmarg,सगरमाथा राजमार्ग,open,,2026-07-24 05:59 NPT
2026-07-24 05:59 NPT,173264e,road,NH09 – Madan Bhandari Hwy,मदन भण्डारी राजमार्ग,open,,2026-07-24 05:59 NPT
2026-07-24 05:59 NPT,173264e,road,NH10 – Siddhartha Hwy,सिद्धार्थ राजमार्ग,open,,2026-07-24 05:59 NPT
2026-07-24 05:59 NPT,173264e,road,NH11 – Rapti Rajmarg,राप्ती राजमार्ग,open,,2026-07-24 05:59 NPT
2026-07-24 05:59 NPT,173264e,road,NH12 – Ratna Rajmarg,रत्न राजमार्ग,open,,2026-07-24 05:59 NPT
2026-07-24 05:59 NPT,173264e,road,NH13 – Karnali Rajmarg,कर्णाली राजमार्ग,open,,2026-07-24 05:59 NPT
2026-07-24 05:59 NPT,173264e,road,NH14 – Mahakali Rajmarg,महाकाली राजमार्ग,open,,2026-07-24 05:59 NPT
2026-07-24 05:59 NPT,173264e,road,NH15 – Seti Rajmarg,सेती राजमार्ग,open,,2026-07-24 05:59 NPT
2026-07-24 05:59 NPT,173264e,road,NH16 – Rapti-Lumbini Hwy,राप्ती-लुम्बिनी,open,,2026-07-24 05:59 NPT
2026-07-24 05:59 NPT,173264e,road,NH34 – Araniko Hwy,अरनिको राजमार्ग,closed,"Landslide at Bhotekoshi-2, Sindhupalchok",2026-07-24 05:59 NPT
2026-07-24 05:59 NPT,173264e,road,NH38 – BP Hwy,बीपी राजमार्ग,open,,2026-07-24 05:59 NPT
2026-07-24 05:59 NPT,173264e,road,NH41 – Tribhuvan Hwy,त्रिभुवन राजमार्ग,partial,"Landslide at Bhimphedi-9, Makwanpur",2026-07-24 05:59 NPT
2026-07-24 05:59 NPT,173264e,road,NH42 – Prithvi Hwy,पृथ्वी राजमार्ग,partial,"Landslide at Aanbookhaireni-2, Tanahu",2026-07-24 05:59 NPT
2026-07-24 05:59 NPT,173264e,road,NH43 – Narayanghat-Mugling,नारायणगढ–मुग्लिन,open,,2026-07-24 05:59 NPT
2026-07-24 05:59 NPT,173264e,airport,Tribhuvan Intl (KTM),त्रिभुवन अन्तर्राष्ट्रिय,open,Normal operations,2026-07-24 05:59 NPT
2026-07-24 05:59 NPT,173264e,airport,Gautam Buddha Intl (BWA),गौतम बुद्ध विमानस्थल,open,,2026-07-24 05:59 NPT
2026-07-24 05:59 NPT,173264e,airport,Pokhara Regional (PKR),पोखरा विमानस्थल,open,,2026-07-24 05:59 NPT
2026-07-24 05:59 NPT,173264e,airport,Bharatpur (BHR),भरतपुर विमानस्थल,open,,2026-07-24 05:59 NPT
2026-07-24 05:59 NPT,173264e,airport,Dhangadhi (DHI),धनगढी विमानस्थल,open,,2026-07-24 05:59 NPT
2026-07-24 05:59 NPT,173264e,airport,Biratnagar (BIR),विराटनगर विमानस्थल,open,,2026-07-24 05:59 NPT
2026-07-24 05:59 NPT,173264e,airport,Nepalgunj (KEP),नेपालगञ्ज विमानस्थल,open,,2026-07-24 05:59 NPT
2026-07-24 05:59 NPT,173264e,airport,Chandragadhi (BDP),चन्द्रगढी विमानस्थल,open,,2026-07-24 05:59 NPT
2026-07-24 05:59 NPT,173264e,airport,Janakpur (JKR),जनकपुर विमानस्थल,open,,2026-07-24 05:59 NPT
2026-07-24 05:59 NPT,173264e,airport,Simara (SIF),सिमरा विमानस्थल,open,,2026-07-24 05:59 NPT
2026-07-24 05:59 NPT,173264e,hospital,"Bir Hospital, Kathmandu",बीर अस्पताल,open,120 beds,2026-07-24 05:59 NPT
2026-07-24 05:59 NPT,173264e,hospital,"TU Teaching Hospital, KTM",त्रिवि शिक्षण अस्पताल,open,95 beds,2026-07-24 05:59 NPT
2026-07-24 05:59 NPT,173264e,hospital,"Patan Hospital, Lalitpur",पाटन अस्पताल,open,60 beds,2026-07-24 05:59 NPT
2026-07-24 05:59 NPT,173264e,hospital,"Manipal College Hospital, PKR",मणिपाल अस्पताल,open,45 beds,2026-07-24 05:59 NPT
2026-07-24 05:59 NPT,173264e,hospital,"Gandaki Medical College, PKR",गण्डकी अस्पताल,open,38 beds,2026-07-24 05:59 NPT
2026-07-24 05:59 NPT,173264e,hospital,"BPKIHS, Dharan",बीपी कोइराला स्वास्थ्य,open,150 beds,2026-07-24 05:59 NPT
2026-07-24 05:59 NPT,173264e,hospital,"Koshi Hospital, Biratnagar",कोशी अस्पताल,open,80 beds,2026-07-24 05:59 NPT
2026-07-24 05:59 NPT,173264e,hospital,"Bheri Hospital, Nepalgunj",भेरी अस्पताल,open,70 beds,2026-07-24 05:59 NPT
2026-07-24 05:59 NPT,173264e,hospital,Chitwan Medical College,चितवन मेडिकल कलेज,open,100 beds,2026-07-24 05:59 NPT
2026-07-24 05:59 NPT,173264e,hospital,Lumbini Provincial Hospital,लुम्बिनी प्रादेशिक,open,110 beds,2026-07-24 05:59 NPT
2026-07-24 02:20 NPT,9831ab9,road,NH01 – Mahendra Rajmarg,महेन्द्र राजमार्ग,open,,2026-07-24 02:20 NPT
2026-07-24 02:20 NPT,9831ab9,road,NH02 – Mechi Rajmarg,मेची राजमार्ग,open,,2026-07-24 02:20 NPT
2026-07-24 02:20 NPT,9831ab9,road,NH03 – Puspalal Hwy (Mid-Hill),पुष्पलाल राजमार्ग,partial,"Landslide at Sanibheri-2, Rukum West",2026-07-24 02:20 NPT
2026-07-24 02:20 NPT,9831ab9,road,NH04 – Birtamod-Chandragadhi,विर्तामोड–चन्द्रगढी,open,,2026-07-24 02:20 NPT
2026-07-24 02:20 NPT,9831ab9,road,NH05 – Postal Hwy,हुलाकी राजमार्ग,open,,2026-07-24 02:20 NPT
2026-07-24 02:20 NPT,9831ab9,road,NH06 – Koshi Rajmarg,कोशी राजमार्ग,open,,2026-07-24 02:20 NPT
2026-07-24 02:20 NPT,9831ab9,road,NH08 – Sagarmatha Rajmarg,सगरमाथा राजमार्ग,open,,2026-07-24 02:20 NPT
2026-07-24 02:20 NPT,9831ab9,road,NH09 – Madan Bhandari Hwy,मदन भण्डारी राजमार्ग,open,,2026-07-24 02:20 NPT
2026-07-24 02:20 NPT,9831ab9,road,NH10 – Siddhartha Hwy,सिद्धार्थ राजमार्ग,open,,2026-07-24 02:20 NPT
2026-07-24 02:20 NPT,9831ab9,road,NH11 – Rapti Rajmarg,राप्ती राजमार्ग,open,,2026-07-24 02:20 NPT
2026-07-24 02:20 NPT,9831ab9,road,NH12 – Ratna Rajmarg,रत्न राजमार्ग,open,,2026-07-24 02:20 NPT
2026-07-24 02:20 NPT,9831ab9,road,NH13 – Karnali Rajmarg,कर्णाली राजमार्ग,open,,2026-07-24 02:20 NPT
2026-07-24 02:20 NPT,9831ab9,road,NH14 – Mahakali Rajmarg,महाकाली राजमार्ग,open,,2026-07-24 02:20 NPT
2026-07-24 02:20 NPT,9831ab9,road,NH15 – Seti Rajmarg,सेती राजमार्ग,open,,2026-07-24 02:20 NPT
2026-07-24 02:20 NPT,9831ab9,road,NH16 – Rapti-Lumbini Hwy,राप्ती-लुम्बिनी,open,,2026-07-24 02:20 NPT
2026-07-24 02:20 NPT,9831ab9,road,NH34 – Araniko Hwy,अरनिको राजमार्ग,closed,"Landslide at Bhotekoshi-2, Sindhupalchok",2026-07-24 02:20 NPT
2026-07-24 02:20 NPT,9831ab9,road,NH38 – BP Hwy,बीपी राजमार्ग,open,,2026-07-24 02:20 NPT
2026-07-24 02:20 NPT,9831ab9,road,NH41 – Tribhuvan Hwy,त्रिभुवन राजमार्ग,partial,"Landslide at Bhimphedi-9, Makwanpur",2026-07-24 02:20 NPT
2026-07-24 02:20 NPT,9831ab9,road,NH42 – Prithvi Hwy,पृथ्वी राजमार्ग,partial,"Landslide at Aanbookhaireni-2, Tanahu",2026-07-24 02:20 NPT
2026-07-24 02:20 NPT,9831ab9,road,NH43 – Narayanghat-Mugling,नारायणगढ–मुग्लिन,open,,2026-07-24 02:20 NPT
2026-07-24 02:20 NPT,9831ab9,airport,Tribhuvan Intl (KTM),त्रिभुवन अन्तर्राष्ट्रिय,open,Normal operations,2026-07-24 02:20 NPT
2026-07-24 02:20 NPT,9831ab9,airport,Gautam Buddha Intl (BWA),गौतम बुद्ध विमानस्थल,open,,2026-07-24 02:20 NPT
2026-07-24 02:20 NPT,9831ab9,airport,Pokhara Regional (PKR),पोखरा विमानस्थल,open,,2026-07-24 02:20 NPT
2026-07-24 02:20 NPT,9831ab9,airport,Bharatpur (BHR),भरतपुर विमानस्थल,open,,2026-07-24 02:20 NPT
2026-07-24 02:20 NPT,9831ab9,airport,Dhangadhi (DHI),धनगढी विमानस्थल,open,,2026-07-24 02:20 NPT
2026-07-24 02:20 NPT,9831ab9,airport,Biratnagar (BIR),विराटनगर विमानस्थल,open,,2026-07-24 02:20 NPT
2026-07-24 02:20 NPT,9831ab9,airport,Nepalgunj (KEP),नेपालगञ्ज विमानस्थल,open,,2026-07-24 02:20 NPT
2026-07-24 02:20 NPT,9831ab9,airport,Chandragadhi (BDP),चन्द्रगढी विमानस्थल,open,,2026-07-24 02:20 NPT
2026-07-24 02:20 NPT,9831ab9,airport,Janakpur (JKR),जनकपुर विमानस्थल,open,,2026-07-24 02:20 NPT
2026-07-24 02:20 NPT,9831ab9,airport,Simara (SIF),सिमरा विमानस्थल,open,,2026-07-24 02:20 NPT
2026-07-24 02:20 NPT,9831ab9,hospital,"Bir Hospital, Kathmandu",बीर अस्पताल,open,120 beds,2026-07-24 02:20 NPT
2026-07-24 02:20 NPT,9831ab9,hospital,"TU Teaching Hospital, KTM",त्रिवि शिक्षण अस्पताल,open,95 beds,2026-07-24 02:20 NPT
2026-07-24 02:20 NPT,9831ab9,hospital,"Patan Hospital, Lalitpur",पाटन अस्पताल,open,60 beds,2026-07-24 02:20 NPT
2026-07-24 02:20 NPT,9831ab9,hospital,"Manipal College Hospital, PKR",मणिपाल अस्पताल,open,45 beds,2026-07-24 02:20 NPT
2026-07-24 02:20 NPT,9831ab9,hospital,"Gandaki Medical College, PKR",गण्डकी अस्पताल,open,38 beds,2026-07-24 02:20 NPT
2026-07-24 02:20 NPT,9831ab9,hospital,"BPKIHS, Dharan",बीपी कोइराला स्वास्थ्य,open,150 beds,2026-07-24 02:20 NPT
2026-07-24 02:20 NPT,9831ab9,hospital,"Koshi Hospital, Biratnagar",कोशी अस्पताल,open,80 beds,2026-07-24 02:20 NPT
2026-07-24 02:20 NPT,9831ab9,hospital,"Bheri Hospital, Nepalgunj",भेरी अस्पताल,open,70 beds,2026-07-24 02:20 NPT
2026-07-24 02:20 NPT,9831ab9,hospital,Chitwan Medical College,चितवन मेडिकल कलेज,open,100 beds,2026-07-24 02:20 NPT
2026-07-24 02:20 NPT,9831ab9,hospital,Lumbini Provincial Hospital,लुम्बिनी प्रादेशिक,open,110 beds,2026-07-24 02:20 NPT
2026-07-23 21:49 NPT,4238bd0,road,NH01 – Mahendra Rajmarg,महेन्द्र राजमार्ग,open,,2026-07-23 21:49 NPT
2026-07-23 21:49 NPT,4238bd0,road,NH02 – Mechi Rajmarg,मेची राजमार्ग,open,,2026-07-23 21:49 NPT
2026-07-23 21:49 NPT,4238bd0,road,NH03 – Puspalal Hwy (Mid-Hill),पुष्पलाल राजमार्ग,partial,"Landslide at Sanibheri-2, Rukum West",2026-07-23 21:49 NPT
2026-07-23 21:49 NPT,4238bd0,road,NH04 – Birtamod-Chandragadhi,विर्तामोड–चन्द्रगढी,open,,2026-07-23 21:49 NPT
2026-07-23 21:49 NPT,4238bd0,road,NH05 – Postal Hwy,हुलाकी राजमार्ग,open,,2026-07-23 21:49 NPT
2026-07-23 21:49 NPT,4238bd0,road,NH06 – Koshi Rajmarg,कोशी राजमार्ग,open,,2026-07-23 21:49 NPT
2026-07-23 21:49 NPT,4238bd0,road,NH08 – Sagarmatha Rajmarg,सगरमाथा राजमार्ग,open,,2026-07-23 21:49 NPT
2026-07-23 21:49 NPT,4238bd0,road,NH09 – Madan Bhandari Hwy,मदन भण्डारी राजमार्ग,open,,2026-07-23 21:49 NPT
2026-07-23 21:49 NPT,4238bd0,road,NH10 – Siddhartha Hwy,सिद्धार्थ राजमार्ग,open,,2026-07-23 21:49 NPT
2026-07-23 21:49 NPT,4238bd0,road,NH11 – Rapti Rajmarg,राप्ती राजमार्ग,open,,2026-07-23 21:49 NPT
2026-07-23 21:49 NPT,4238bd0,road,NH12 – Ratna Rajmarg,रत्न राजमार्ग,open,,2026-07-23 21:49 NPT
2026-07-23 21:49 NPT,4238bd0,road,NH13 – Karnali Rajmarg,कर्णाली राजमार्ग,open,,2026-07-23 21:49 NPT
2026-07-23 21:49 NPT,4238bd0,road,NH14 – Mahakali Rajmarg,महाकाली राजमार्ग,open,,2026-07-23 21:49 NPT
2026-07-23 21:49 NPT,4238bd0,road,NH15 – Seti Rajmarg,सेती राजमार्ग,open,,2026-07-23 21:49 NPT
2026-07-23 21:49 NPT,4238bd0,road,NH16 – Rapti-Lumbini Hwy,राप्ती-लुम्बिनी,open,,2026-07-23 21:49 NPT
2026-07-23 21:49 NPT,4238bd0,road,NH34 – Araniko Hwy,अरनिको राजमार्ग,closed,"Landslide at Bhotekoshi-2, Sindhupalchok",2026-07-23 21:49 NPT
2026-07-23 21:49 NPT,4238bd0,road,NH38 – BP Hwy,बीपी राजमार्ग,open,,2026-07-23 21:49 NPT
2026-07-23 21:49 NPT,4238bd0,road,NH41 – Tribhuvan Hwy,त्रिभुवन राजमार्ग,partial,"Landslide at Bhimphedi-9, Makwanpur",2026-07-23 21:49 NPT
2026-07-23 21:49 NPT,4238bd0,road,NH42 – Prithvi Hwy,पृथ्वी राजमार्ग,partial,"Landslide at Aanbookhaireni-2, Tanahu",2026-07-23 21:49 NPT
2026-07-23 21:49 NPT,4238bd0,road,NH43 – Narayanghat-Mugling,नारायणगढ–मुग्लिन,open,,2026-07-23 21:49 NPT
2026-07-23 21:49 NPT,4238bd0,airport,Tribhuvan Intl (KTM),त्रिभुवन अन्तर्राष्ट्रिय,open,Normal operations,2026-07-23 21:49 NPT
2026-07-23 21:49 NPT,4238bd0,airport,Gautam Buddha Intl (BWA),गौतम बुद्ध विमानस्थल,open,,2026-07-23 21:49 NPT
2026-07-23 21:49 NPT,4238bd0,airport,Pokhara Regional (PKR),पोखरा विमानस्थल,open,,2026-07-23 21:49 NPT
2026-07-23 21:49 NPT,4238bd0,airport,Bharatpur (BHR),भरतपुर विमानस्थल,open,,2026-07-23 21:49 NPT
2026-07-23 21:49 NPT,4238bd0,airport,Dhangadhi (DHI),धनगढी विमानस्थल,open,,2026-07-23 21:49 NPT
2026-07-23 21:49 NPT,4238bd0,airport,Biratnagar (BIR),विराटनगर विमानस्थल,open,,2026-07-23 21:49 NPT
2026-07-23 21:49 NPT,4238bd0,airport,Nepalgunj (KEP),नेपालगञ्ज विमानस्थल,open,,2026-07-23 21:49 NPT
2026-07-23 21:49 NPT,4238bd0,airport,Chandragadhi (BDP),चन्द्रगढी विमानस्थल,open,,2026-07-23 21:49 NPT
2026-07-23 21:49 NPT,4238bd0,airport,Janakpur (JKR),जनकपुर विमानस्थल,open,,2026-07-23 21:49 NPT
2026-07-23 21:49 NPT,4238bd0,airport,Simara (SIF),सिमरा विमानस्थल,open,,2026-07-23 21:49 NPT
2026-07-23 21:49 NPT,4238bd0,hospital,"Bir Hospital, Kathmandu",बीर अस्पताल,open,120 beds,2026-07-23 21:49 NPT
2026-07-23 21:49 NPT,4238bd0,hospital,"TU Teaching Hospital, KTM",त्रिवि शिक्षण अस्पताल,open,95 beds,2026-07-23 21:49 NPT
2026-07-23 21:49 NPT,4238bd0,hospital,"Patan Hospital, Lalitpur",पाटन अस्पताल,open,60 beds,2026-07-23 21:49 NPT
2026-07-23 21:49 NPT,4238bd0,hospital,"Manipal College Hospital, PKR",मणिपाल अस्पताल,open,45 beds,2026-07-23 21:49 NPT
2026-07-23 21:49 NPT,4238bd0,hospital,"Gandaki Medical College, PKR",गण्डकी अस्पताल,open,38 beds,2026-07-23 21:49 NPT
2026-07-23 21:49 NPT,4238bd0,hospital,"BPKIHS, Dharan",बीपी कोइराला स्वास्थ्य,open,150 beds,2026-07-23 21:49 NPT
2026-07-23 21:49 NPT,4238bd0,hospital,"Koshi Hospital, Biratnagar",कोशी अस्पताल,open,80 beds,2026-07-23 21:49 NPT
2026-07-23 21:49 NPT,4238bd0,hospital,"Bheri Hospital, Nepalgunj",भेरी अस्पताल,open,70 beds,2026-07-23 21:49 NPT
2026-07-23 21:49 NPT,4238bd0,hospital,Chitwan Medical College,चितवन मेडिकल कलेज,open,100 beds,2026-07-23 21:49 NPT
2026-07-23 21:49 NPT,4238bd0,hospital,Lumbini Provincial Hospital,लुम्बिनी प्रादेशिक,open,110 beds,2026-07-23 21:49 NPT
2026-07-23 15:00 NPT,fd05b26,road,NH01 – Mahendra Rajmarg,महेन्द्र राजमार्ग,open,,2026-07-23 15:00 NPT
2026-07-23 15:00 NPT,fd05b26,road,NH02 – Mechi Rajmarg,मेची राजमार्ग,open,,2026-07-23 15:00 NPT
2026-07-23 15:00 NPT,fd05b26,road,NH03 – Puspalal Hwy (Mid-Hill),पुष्पलाल राजमार्ग,partial,"Landslide at Sanibheri-2, Rukum West",2026-07-23 15:00 NPT
2026-07-23 15:00 NPT,fd05b26,road,NH04 – Birtamod-Chandragadhi,विर्तामोड–चन्द्रगढी,open,,2026-07-23 15:00 NPT
2026-07-23 15:00 NPT,fd05b26,road,NH05 – Postal Hwy,हुलाकी राजमार्ग,open,,2026-07-23 15:00 NPT
2026-07-23 15:00 NPT,fd05b26,road,NH06 – Koshi Rajmarg,कोशी राजमार्ग,open,,2026-07-23 15:00 NPT
2026-07-23 15:00 NPT,fd05b26,road,NH08 – Sagarmatha Rajmarg,सगरमाथा राजमार्ग,open,,2026-07-23 15:00 NPT
2026-07-23 15:00 NPT,fd05b26,road,NH09 – Madan Bhandari Hwy,मदन भण्डारी राजमार्ग,open,,2026-07-23 15:00 NPT
2026-07-23 15:00 NPT,fd05b26,road,NH10 – Siddhartha Hwy,सिद्धार्थ राजमार्ग,open,,2026-07-23 15:00 NPT
2026-07-23 15:00 NPT,fd05b26,road,NH11 – Rapti Rajmarg,राप्ती राजमार्ग,open,,2026-07-23 15:00 NPT
2026-07-23 15:00 NPT,fd05b26,road,NH12 – Ratna Rajmarg,रत्न राजमार्ग,open,,2026-07-23 15:00 NPT
2026-07-23 15:00 NPT,fd05b26,road,NH13 – Karnali Rajmarg,कर्णाली राजमार्ग,open,,2026-07-23 15:00 NPT
2026-07-23 15:00 NPT,fd05b26,road,NH14 – Mahakali Rajmarg,महाकाली राजमार्ग,open,,2026-07-23 15:00 NPT
2026-07-23 15:00 NPT,fd05b26,road,NH15 – Seti Rajmarg,सेती राजमार्ग,open,,2026-07-23 15:00 NPT
2026-07-23 15:00 NPT,fd05b26,road,NH16 – Rapti-Lumbini Hwy,राप्ती-लुम्बिनी,open,,2026-07-23 15:00 NPT
2026-07-23 15:00 NPT,fd05b26,road,NH34 – Araniko Hwy,अरनिको राजमार्ग,closed,"Landslide at Bhotekoshi-2, Sindhupalchok",2026-07-23 15:00 NPT
2026-07-23 15:00 NPT,fd05b26,road,NH38 – BP Hwy,बीपी राजमार्ग,open,,2026-07-23 15:00 NPT
2026-07-23 15:00 NPT,fd05b26,road,NH41 – Tribhuvan Hwy,त्रिभुवन राजमार्ग,partial,"Landslide at Bhimphedi-9, Makwanpur",2026-07-23 15:00 NPT
2026-07-23 15:00 NPT,fd05b26,road,NH42 – Prithvi Hwy,पृथ्वी राजमार्ग,partial,"Landslide at Aanbookhaireni-2, Tanahu",2026-07-23 15:00 NPT
2026-07-23 15:00 NPT,fd05b26,road,NH43 – Narayanghat-Mugling,नारायणगढ–मुग्लिन,open,,2026-07-23 15:00 NPT
2026-07-23 15:00 NPT,fd05b26,airport,Tribhuvan Intl (KTM),त्रिभुवन अन्तर्राष्ट्रिय,open,Normal operations,2026-07-23 15:00 NPT
2026-07-23 15:00 NPT,fd05b26,airport,Gautam Buddha Intl (BWA),गौतम बुद्ध विमानस्थल,open,,2026-07-23 15:00 NPT
2026-07-23 15:00 NPT,fd05b26,airport,Pokhara Regional (PKR),पोखरा विमानस्थल,open,,2026-07-23 15:00 NPT
2026-07-23 15:00 NPT,fd05b26,airport,Bharatpur (BHR),भरतपुर विमानस्थल,open,,2026-07-23 15:00 NPT
2026-07-23 15:00 NPT,fd05b26,airport,Dhangadhi (DHI),धनगढी विमानस्थल,open,,2026-07-23 15:00 NPT
2026-07-23 15:00 NPT,fd05b26,airport,Biratnagar (BIR),विराटनगर विमानस्थल,open,,2026-07-23 15:00 NPT
2026-07-23 15:00 NPT,fd05b26,airport,Nepalgunj (KEP),नेपालगञ्ज विमानस्थल,open,,2026-07-23 15:00 NPT
2026-07-23 15:00 NPT,fd05b26,airport,Chandragadhi (BDP),चन्द्रगढी विमानस्थल,open,,2026-07-23 15:00 NPT
2026-07-23 15:00 NPT,fd05b26,airport,Janakpur (JKR),जनकपुर विमानस्थल,open,,2026-07-23 15:00 NPT
2026-07-23 15:00 NPT,fd05b26,airport,Simara (SIF),सिमरा विमानस्थल,open,,2026-07-23 15:00 NPT
2026-07-23 15:00 NPT,fd05b26,hospital,"Bir Hospital, Kathmandu",बीर अस्पताल,open,120 beds,2026-07-23 15:00 NPT
2026-07-23 15:00 NPT,fd05b26,hospital,"TU Teaching Hospital, KTM",त्रिवि शिक्षण अस्पताल,open,95 beds,2026-07-23 15:00 NPT
2026-07-23 15:00 NPT,fd05b26,hospital,"Patan Hospital, Lalitpur",पाटन अस्पताल,open,60 beds,2026-07-23 15:00 NPT
2026-07-23 15:00 NPT,fd05b26,hospital,"Manipal College Hospital, PKR",मणिपाल अस्पताल,open,45 beds,2026-07-23 15:00 NPT
2026-07-23 15:00 NPT,fd05b26,hospital,"Gandaki Medical College, PKR",गण्डकी अस्पताल,open,38 beds,2026-07-23 15:00 NPT
2026-07-23 15:00 NPT,fd05b26,hospital,"BPKIHS, Dharan",बीपी कोइराला स्वास्थ्य,open,150 beds,2026-07-23 15:00 NPT
2026-07-23 15:00 NPT,fd05b26,hospital,"Koshi Hospital, Biratnagar",कोशी अस्पताल,open,80 beds,2026-07-23 15:00 NPT
2026-07-23 15:00 NPT,fd05b26,hospital,"Bheri Hospital, Nepalgunj",भेरी अस्पताल,open,70 beds,2026-07-23 15:00 NPT
2026-07-23 15:00 NPT,fd05b26,hospital,Chitwan Medical College,चितवन मेडिकल कलेज,open,100 beds,2026-07-23 15:00 NPT
2026-07-23 15:00 NPT,fd05b26,hospital,Lumbini Provincial Hospital,लुम्बिनी प्रादेशिक,open,110 beds,2026-07-23 15:00 NPT
2026-07-23 05:33 NPT,4aa0fae,road,NH01 – Mahendra Rajmarg,महेन्द्र राजमार्ग,open,,2026-07-23 05:33 NPT
2026-07-23 05:33 NPT,4aa0fae,road,NH02 – Mechi Rajmarg,मेची राजमार्ग,open,,2026-07-23 05:33 NPT
2026-07-23 05:33 NPT,4aa0fae,road,NH03 – Puspalal Hwy (Mid-Hill),पुष्पलाल राजमार्ग,partial,"Landslide at Sanibheri-2, Rukum West",2026-07-23 05:33 NPT
2026-07-23 05:33 NPT,4aa0fae,road,NH04 – Birtamod-Chandragadhi,विर्तामोड–चन्द्रगढी,open,,2026-07-23 05:33 NPT
2026-07-23 05:33 NPT,4aa0fae,road,NH05 – Postal Hwy,हुलाकी राजमार्ग,open,,2026-07-23 05:33 NPT
2026-07-23 05:33 NPT,4aa0fae,road,NH06 – Koshi Rajmarg,कोशी राजमार्ग,open,,2026-07-23 05:33 NPT
2026-07-23 05:33 NPT,4aa0fae,road,NH08 – Sagarmatha Rajmarg,सगरमाथा राजमार्ग,open,,2026-07-23 05:33 NPT
2026-07-23 05:33 NPT,4aa0fae,road,NH09 – Madan Bhandari Hwy,मदन भण्डारी राजमार्ग,open,,2026-07-23 05:33 NPT
2026-07-23 05:33 NPT,4aa0fae,road,NH10 – Siddhartha Hwy,सिद्धार्थ राजमार्ग,open,,2026-07-23 05:33 NPT
2026-07-23 05:33 NPT,4aa0fae,road,NH11 – Rapti Rajmarg,राप्ती राजमार्ग,open,,2026-07-23 05:33 NPT
2026-07-23 05:33 NPT,4aa0fae,road,NH12 – Ratna Rajmarg,रत्न राजमार्ग,open,,2026-07-23 05:33 NPT
2026-07-23 05:33 NPT,4aa0fae,road,NH13 – Karnali Rajmarg,कर्णाली राजमार्ग,open,,2026-07-23 05:33 NPT
2026-07-23 05:33 NPT,4aa0fae,road,NH14 – Mahakali Rajmarg,महाकाली राजमार्ग,open,,2026-07-23 05:33 NPT
2026-07-23 05:33 NPT,4aa0fae,road,NH15 – Seti Rajmarg,सेती राजमार्ग,open,,2026-07-23 05:33 NPT
2026-07-23 05:33 NPT,4aa0fae,road,NH16 – Rapti-Lumbini Hwy,राप्ती-लुम्बिनी,open,,2026-07-23 05:33 NPT
2026-07-23 05:33 NPT,4aa0fae,road,NH34 – Araniko Hwy,अरनिको राजमार्ग,closed,"Landslide at Bhotekoshi-2, Sindhupalchok",2026-07-23 05:33 NPT
2026-07-23 05:33 NPT,4aa0fae,road,NH38 – BP Hwy,बीपी राजमार्ग,open,,2026-07-23 05:33 NPT
2026-07-23 05:33 NPT,4aa0fae,road,NH41 – Tribhuvan Hwy,त्रिभुवन राजमार्ग,partial,"Landslide at Bhimphedi-9, Makwanpur",2026-07-23 05:33 NPT
2026-07-23 05:33 NPT,4aa0fae,road,NH42 – Prithvi Hwy,पृथ्वी राजमार्ग,partial,"Landslide at Aanbookhaireni-2, Tanahu",2026-07-23 05:33 NPT
2026-07-23 05:33 NPT,4aa0fae,road,NH43 – Narayanghat-Mugling,नारायणगढ–मुग्लिन,open,,2026-07-23 05:33 NPT
2026-07-23 05:33 NPT,4aa0fae,airport,Tribhuvan Intl (KTM),त्रिभुवन अन्तर्राष्ट्रिय,open,Normal operations,2026-07-23 05:33 NPT
2026-07-23 05:33 NPT,4aa0fae,airport,Gautam Buddha Intl (BWA),गौतम बुद्ध विमानस्थल,open,,2026-07-23 05:33 NPT
2026-07-23 05:33 NPT,4aa0fae,airport,Pokhara Regional (PKR),पोखरा विमानस्थल,open,,2026-07-23 05:33 NPT
2026-07-23 05:33 NPT,4aa0fae,airport,Bharatpur (BHR),भरतपुर विमानस्थल,open,,2026-07-23 05:33 NPT
2026-07-23 05:33 NPT,4aa0fae,airport,Dhangadhi (DHI),धनगढी विमानस्थल,open,,2026-07-23 05:33 NPT
2026-07-23 05:33 NPT,4aa0fae,airport,Biratnagar (BIR),विराटनगर विमानस्थल,open,,2026-07-23 05:33 NPT
2026-07-23 05:33 NPT,4aa0fae,airport,Nepalgunj (KEP),नेपालगञ्ज विमानस्थल,open,,2026-07-23 05:33 NPT
2026-07-23 05:33 NPT,4aa0fae,airport,Chandragadhi (BDP),चन्द्रगढी विमानस्थल,open,,2026-07-23 05:33 NPT
2026-07-23 05:33 NPT,4aa0fae,airport,Janakpur (JKR),जनकपुर विमानस्थल,open,,2026-07-23 05:33 NPT
2026-07-23 05:33 NPT,4aa0fae,airport,Simara (SIF),सिमरा विमानस्थल,open,,2026-07-23 05:33 NPT
2026-07-23 05:33 NPT,4aa0fae,hospital,"Bir Hospital, Kathmandu",बीर अस्पताल,open,120 beds,2026-07-23 05:33 NPT
2026-07-23 05:33 NPT,4aa0fae,hospital,"TU Teaching Hospital, KTM",त्रिवि शिक्षण अस्पताल,open,95 beds,2026-07-23 05:33 NPT
2026-07-23 05:33 NPT,4aa0fae,hospital,"Patan Hospital, Lalitpur",पाटन अस्पताल,open,60 beds,2026-07-23 05:33 NPT
2026-07-23 05:33 NPT,4aa0fae,hospital,"Manipal College Hospital, PKR",मणिपाल अस्पताल,open,45 beds,2026-07-23 05:33 NPT
2026-07-23 05:33 NPT,4aa0fae,hospital,"Gandaki Medical College, PKR",गण्डकी अस्पताल,open,38 beds,2026-07-23 05:33 NPT
2026-07-23 05:33 NPT,4aa0fae,hospital,"BPKIHS, Dharan",बीपी कोइराला स्वास्थ्य,open,150 beds,2026-07-23 05:33 NPT
2026-07-23 05:33 NPT,4aa0fae,hospital,"Koshi Hospital, Biratnagar",कोशी अस्पताल,open,80 beds,2026-07-23 05:33 NPT
2026-07-23 05:33 NPT,4aa0fae,hospital,"Bheri Hospital, Nepalgunj",भेरी अस्पताल,open,70 beds,2026-07-23 05:33 NPT
2026-07-23 05:33 NPT,4aa0fae,hospital,Chitwan Medical College,चितवन मेडिकल कलेज,open,100 beds,2026-07-23 05:33 NPT
2026-07-23 05:33 NPT,4aa0fae,hospital,Lumbini Provincial Hospital,लुम्बिनी प्रादेशिक,open,110 beds,2026-07-23 05:33 NPT
2026-07-23 02:04 NPT,8ebcaab,road,NH01 – Mahendra Rajmarg,महेन्द्र राजमार्ग,open,,2026-07-23 02:04 NPT
2026-07-23 02:04 NPT,8ebcaab,road,NH02 – Mechi Rajmarg,मेची राजमार्ग,open,,2026-07-23 02:04 NPT
2026-07-23 02:04 NPT,8ebcaab,road,NH03 – Puspalal Hwy (Mid-Hill),पुष्पलाल राजमार्ग,partial,"Landslide at Sanibheri-2, Rukum West",2026-07-23 02:04 NPT
2026-07-23 02:04 NPT,8ebcaab,road,NH04 – Birtamod-Chandragadhi,विर्तामोड–चन्द्रगढी,open,,2026-07-23 02:04 NPT
2026-07-23 02:04 NPT,8ebcaab,road,NH05 – Postal Hwy,हुलाकी राजमार्ग,open,,2026-07-23 02:04 NPT
2026-07-23 02:04 NPT,8ebcaab,road,NH06 – Koshi Rajmarg,कोशी राजमार्ग,open,,2026-07-23 02:04 NPT
2026-07-23 02:04 NPT,8ebcaab,road,NH08 – Sagarmatha Rajmarg,सगरमाथा राजमार्ग,open,,2026-07-23 02:04 NPT
2026-07-23 02:04 NPT,8ebcaab,road,NH09 – Madan Bhandari Hwy,मदन भण्डारी राजमार्ग,open,,2026-07-23 02:04 NPT
2026-07-23 02:04 NPT,8ebcaab,road,NH10 – Siddhartha Hwy,सिद्धार्थ राजमार्ग,open,,2026-07-23 02:04 NPT
2026-07-23 02:04 NPT,8ebcaab,road,NH11 – Rapti Rajmarg,राप्ती राजमार्ग,open,,2026-07-23 02:04 NPT
2026-07-23 02:04 NPT,8ebcaab,road,NH12 – Ratna Rajmarg,रत्न राजमार्ग,open,,2026-07-23 02:04 NPT
2026-07-23 02:04 NPT,8ebcaab,road,NH13 – Karnali Rajmarg,कर्णाली राजमार्ग,open,,2026-07-23 02:04 NPT
2026-07-23 02:04 NPT,8ebcaab,road,NH14 – Mahakali Rajmarg,महाकाली राजमार्ग,open,,2026-07-23 02:04 NPT
2026-07-23 02:04 NPT,8ebcaab,road,NH15 – Seti Rajmarg,सेती राजमार्ग,open,,2026-07-23 02:04 NPT
2026-07-23 02:04 NPT,8ebcaab,road,NH16 – Rapti-Lumbini Hwy,राप्ती-लुम्बिनी,open,,2026-07-23 02:04 NPT
2026-07-23 02:04 NPT,8ebcaab,road,NH34 – Araniko Hwy,अरनिको राजमार्ग,closed,"Landslide at Bhotekoshi-2, Sindhupalchok",2026-07-23 02:04 NPT
2026-07-23 02:04 NPT,8ebcaab,road,NH38 – BP Hwy,बीपी राजमार्ग,open,,2026-07-23 02:04 NPT
2026-07-23 02:04 NPT,8ebcaab,road,NH41 – Tribhuvan Hwy,त्रिभुवन राजमार्ग,partial,"Landslide at Bhimphedi-9, Makwanpur",2026-07-23 02:04 NPT
2026-07-23 02:04 NPT,8ebcaab,road,NH42 – Prithvi Hwy,पृथ्वी राजमार्ग,partial,"Landslide at Aanbookhaireni-2, Tanahu",2026-07-23 02:04 NPT
2026-07-23 02:04 NPT,8ebcaab,road,NH43 – Narayanghat-Mugling,नारायणगढ–मुग्लिन,open,,2026-07-23 02:04 NPT
2026-07-23 02:04 NPT,8ebcaab,airport,Tribhuvan Intl (KTM),त्रिभुवन अन्तर्राष्ट्रिय,open,Normal operations,2026-07-23 02:04 NPT
2026-07-23 02:04 NPT,8ebcaab,airport,Gautam Buddha Intl (BWA),गौतम बुद्ध विमानस्थल,open,,2026-07-23 02:04 NPT
2026-07-23 02:04 NPT,8ebcaab,airport,Pokhara Regional (PKR),पोखरा विमानस्थल,open,,2026-07-23 02:04 NPT
2026-07-23 02:04 NPT,8ebcaab,airport,Bharatpur (BHR),भरतपुर विमानस्थल,open,,2026-07-23 02:04 NPT
2026-07-23 02:04 NPT,8ebcaab,airport,Dhangadhi (DHI),धनगढी विमानस्थल,open,,2026-07-23 02:04 NPT
2026-07-23 02:04 NPT,8ebcaab,airport,Biratnagar (BIR),विराटनगर विमानस्थल,open,,2026-07-23 02:04 NPT
2026-07-23 02:04 NPT,8ebcaab,airport,Nepalgunj (KEP),नेपालगञ्ज विमानस्थल,open,,2026-07-23 02:04 NPT
2026-07-23 02:04 NPT,8ebcaab,airport,Chandragadhi (BDP),चन्द्रगढी विमानस्थल,open,,2026-07-23 02:04 NPT
2026-07-23 02:04 NPT,8ebcaab,airport,Janakpur (JKR),जनकपुर विमानस्थल,open,,2026-07-23 02:04 NPT
2026-07-23 02:04 NPT,8ebcaab,airport,Simara (SIF),सिमरा विमानस्थल,open,,2026-07-23 02:04 NPT
2026-07-23 02:04 NPT,8ebcaab,hospital,"Bir Hospital, Kathmandu",बीर अस्पताल,open,120 beds,2026-07-23 02:04 NPT
2026-07-23 02:04 NPT,8ebcaab,hospital,"TU Teaching Hospital, KTM",त्रिवि शिक्षण अस्पताल,open,95 beds,2026-07-23 02:04 NPT
2026-07-23 02:04 NPT,8ebcaab,hospital,"Patan Hospital, Lalitpur",पाटन अस्पताल,open,60 beds,2026-07-23 02:04 NPT
2026-07-23 02:04 NPT,8ebcaab,hospital,"Manipal College Hospital, PKR",मणिपाल अस्पताल,open,45 beds,2026-07-23 02:04 NPT
2026-07-23 02:04 NPT,8ebcaab,hospital,"Gandaki Medical College, PKR",गण्डकी अस्पताल,open,38 beds,2026-07-23 02:04 NPT
2026-07-23 02:04 NPT,8ebcaab,hospital,"BPKIHS, Dharan",बीपी कोइराला स्वास्थ्य,open,150 beds,2026-07-23 02:04 NPT
2026-07-23 02:04 NPT,8ebcaab,hospital,"Koshi Hospital, Biratnagar",कोशी अस्पताल,open,80 beds,2026-07-23 02:04 NPT
2026-07-23 02:04 NPT,8ebcaab,hospital,"Bheri Hospital, Nepalgunj",भेरी अस्पताल,open,70 beds,2026-07-23 02:04 NPT
2026-07-23 02:04 NPT,8ebcaab,hospital,Chitwan Medical College,चितवन मेडिकल कलेज,open,100 beds,2026-07-23 02:04 NPT
2026-07-23 02:04 NPT,8ebcaab,hospital,Lumbini Provincial Hospital,लुम्बिनी प्रादेशिक,open,110 beds,2026-07-23 02:04 NPT
2026-07-22 21:38 NPT,154179d,road,NH01 – Mahendra Rajmarg,महेन्द्र राजमार्ग,open,,2026-07-22 21:38 NPT
2026-07-22 21:38 NPT,154179d,road,NH02 – Mechi Rajmarg,मेची राजमार्ग,open,,2026-07-22 21:38 NPT
2026-07-22 21:38 NPT,154179d,road,NH03 – Puspalal Hwy (Mid-Hill),पुष्पलाल राजमार्ग,partial,"Landslide at Sanibheri-2, Rukum West",2026-07-22 21:38 NPT
2026-07-22 21:38 NPT,154179d,road,NH04 – Birtamod-Chandragadhi,विर्तामोड–चन्द्रगढी,open,,2026-07-22 21:38 NPT
2026-07-22 21:38 NPT,154179d,road,NH05 – Postal Hwy,हुलाकी राजमार्ग,open,,2026-07-22 21:38 NPT
2026-07-22 21:38 NPT,154179d,road,NH06 – Koshi Rajmarg,कोशी राजमार्ग,open,,2026-07-22 21:38 NPT
2026-07-22 21:38 NPT,154179d,road,NH08 – Sagarmatha Rajmarg,सगरमाथा राजमार्ग,open,,2026-07-22 21:38 NPT
2026-07-22 21:38 NPT,154179d,road,NH09 – Madan Bhandari Hwy,मदन भण्डारी राजमार्ग,open,,2026-07-22 21:38 NPT
2026-07-22 21:38 NPT,154179d,road,NH10 – Siddhartha Hwy,सिद्धार्थ राजमार्ग,open,,2026-07-22 21:38 NPT
2026-07-22 21:38 NPT,154179d,road,NH11 – Rapti Rajmarg,राप्ती राजमार्ग,open,,2026-07-22 21:38 NPT
2026-07-22 21:38 NPT,154179d,road,NH12 – Ratna Rajmarg,रत्न राजमार्ग,open,,2026-07-22 21:38 NPT
2026-07-22 21:38 NPT,154179d,road,NH13 – Karnali Rajmarg,कर्णाली राजमार्ग,open,,2026-07-22 21:38 NPT
2026-07-22 21:38 NPT,154179d,road,NH14 – Mahakali Rajmarg,महाकाली राजमार्ग,open,,2026-07-22 21:38 NPT
2026-07-22 21:38 NPT,154179d,road,NH15 – Seti Rajmarg,सेती राजमार्ग,open,,2026-07-22 21:38 NPT
2026-07-22 21:38 NPT,154179d,road,NH16 – Rapti-Lumbini Hwy,राप्ती-लुम्बिनी,open,,2026-07-22 21:38 NPT
2026-07-22 21:38 NPT,154179d,road,NH34 – Araniko Hwy,अरनिको राजमार्ग,closed,"Landslide at Bhotekoshi-2, Sindhupalchok",2026-07-22 21:38 NPT
2026-07-22 21:38 NPT,154179d,road,NH38 – BP Hwy,बीपी राजमार्ग,open,,2026-07-22 21:38 NPT
2026-07-22 21:38 NPT,154179d,road,NH41 – Tribhuvan Hwy,त्रिभुवन राजमार्ग,partial,"Landslide at Bhimphedi-9, Makwanpur",2026-07-22 21:38 NPT
2026-07-22 21:38 NPT,154179d,road,NH42 – Prithvi Hwy,पृथ्वी राजमार्ग,partial,"Landslide at Aanbookhaireni-2, Tanahu",2026-07-22 21:38 NPT
2026-07-22 21:38 NPT,154179d,road,NH43 – Narayanghat-Mugling,नारायणगढ–मुग्लिन,open,,2026-07-22 21:38 NPT
2026-07-22 21:38 NPT,154179d,airport,Tribhuvan Intl (KTM),त्रिभुवन अन्तर्राष्ट्रिय,open,Normal operations,2026-07-22 21:38 NPT
2026-07-22 21:38 NPT,154179d,airport,Gautam Buddha Intl (BWA),गौतम बुद्ध विमानस्थल,open,,2026-07-22 21:38 NPT
2026-07-22 21:38 NPT,154179d,airport,Pokhara Regional (PKR),पोखरा विमानस्थल,open,,2026-07-22 21:38 NPT
2026-07-22 21:38 NPT,154179d,airport,Bharatpur (BHR),भरतपुर विमानस्थल,open,,2026-07-22 21:38 NPT
2026-07-22 21:38 NPT,154179d,airport,Dhangadhi (DHI),धनगढी विमानस्थल,open,,2026-07-22 21:38 NPT
2026-07-22 21:38 NPT,154179d,airport,Biratnagar (BIR),विराटनगर विमानस्थल,open,,2026-07-22 21:38 NPT
2026-07-22 21:38 NPT,154179d,airport,Nepalgunj (KEP),नेपालगञ्ज विमानस्थल,open,,2026-07-22 21:38 NPT
2026-07-22 21:38 NPT,154179d,airport,Chandragadhi (BDP),चन्द्रगढी विमानस्थल,open,,2026-07-22 21:38 NPT
2026-07-22 21:38 NPT,154179d,airport,Janakpur (JKR),जनकपुर विमानस्थल,open,,2026-07-22 21:38 NPT
2026-07-22 21:38 NPT,154179d,airport,Simara (SIF),सिमरा विमानस्थल,open,,2026-07-22 21:38 NPT
2026-07-22 21:38 NPT,154179d,hospital,"Bir Hospital, Kathmandu",बीर अस्पताल,open,120 beds,2026-07-22 21:38 NPT
2026-07-22 21:38 NPT,154179d,hospital,"TU Teaching Hospital, KTM",त्रिवि शिक्षण अस्पताल,open,95 beds,2026-07-22 21:38 NPT
2026-07-22 21:38 NPT,154179d,hospital,"Patan Hospital, Lalitpur",पाटन अस्पताल,open,60 beds,2026-07-22 21:38 NPT
2026-07-22 21:38 NPT,154179d,hospital,"Manipal College Hospital, PKR",मणिपाल अस्पताल,open,45 beds,2026-07-22 21:38 NPT
2026-07-22 21:38 NPT,154179d,hospital,"Gandaki Medical College, PKR",गण्डकी अस्पताल,open,38 beds,2026-07-22 21:38 NPT
2026-07-22 21:38 NPT,154179d,hospital,"BPKIHS, Dharan",बीपी कोइराला स्वास्थ्य,open,150 beds,2026-07-22 21:38 NPT
2026-07-22 21:38 NPT,154179d,hospital,"Koshi Hospital, Biratnagar",कोशी अस्पताल,open,80 beds,2026-07-22 21:38 NPT
2026-07-22 21:38 NPT,154179d,hospital,"Bheri Hospital, Nepalgunj",भेरी अस्पताल,open,70 beds,2026-07-22 21:38 NPT
2026-07-22 21:38 NPT,154179d,hospital,Chitwan Medical College,चितवन मेडिकल कलेज,open,100 beds,2026-07-22 21:38 NPT
2026-07-22 21:38 NPT,154179d,hospital,Lumbini Provincial Hospital,लुम्बिनी प्रादेशिक,open,110 beds,2026-07-22 21:38 NPT
2026-07-22 15:26 NPT,15d19fc,road,NH01 – Mahendra Rajmarg,महेन्द्र राजमार्ग,open,,2026-07-22 15:26 NPT
2026-07-22 15:26 NPT,15d19fc,road,NH02 – Mechi Rajmarg,मेची राजमार्ग,open,,2026-07-22 15:26 NPT
2026-07-22 15:26 NPT,15d19fc,road,NH03 – Puspalal Hwy (Mid-Hill),पुष्पलाल राजमार्ग,partial,"Landslide at Sanibheri-2, Rukum West",2026-07-22 15:26 NPT
2026-07-22 15:26 NPT,15d19fc,road,NH04 – Birtamod-Chandragadhi,विर्तामोड–चन्द्रगढी,open,,2026-07-22 15:26 NPT
2026-07-22 15:26 NPT,15d19fc,road,NH05 – Postal Hwy,हुलाकी राजमार्ग,open,,2026-07-22 15:26 NPT
2026-07-22 15:26 NPT,15d19fc,road,NH06 – Koshi Rajmarg,कोशी राजमार्ग,open,,2026-07-22 15:26 NPT
2026-07-22 15:26 NPT,15d19fc,road,NH08 – Sagarmatha Rajmarg,सगरमाथा राजमार्ग,open,,2026-07-22 15:26 NPT
2026-07-22 15:26 NPT,15d19fc,road,NH09 – Madan Bhandari Hwy,मदन भण्डारी राजमार्ग,open,,2026-07-22 15:26 NPT
2026-07-22 15:26 NPT,15d19fc,road,NH10 – Siddhartha Hwy,सिद्धार्थ राजमार्ग,open,,2026-07-22 15:26 NPT
2026-07-22 15:26 NPT,15d19fc,road,NH11 – Rapti Rajmarg,राप्ती राजमार्ग,open,,2026-07-22 15:26 NPT
2026-07-22 15:26 NPT,15d19fc,road,NH12 – Ratna Rajmarg,रत्न राजमार्ग,open,,2026-07-22 15:26 NPT
2026-07-22 15:26 NPT,15d19fc,road,NH13 – Karnali Rajmarg,कर्णाली राजमार्ग,open,,2026-07-22 15:26 NPT
2026-07-22 15:26 NPT,15d19fc,road,NH14 – Mahakali Rajmarg,महाकाली राजमार्ग,open,,2026-07-22 15:26 NPT
2026-07-22 15:26 NPT,15d19fc,road,NH15 – Seti Rajmarg,सेती राजमार्ग,open,,2026-07-22 15:26 NPT
2026-07-22 15:26 NPT,15d19fc,road,NH16 – Rapti-Lumbini Hwy,राप्ती-लुम्बिनी,open,,2026-07-22 15:26 NPT
2026-07-22 15:26 NPT,15d19fc,road,NH34 – Araniko Hwy,अरनिको राजमार्ग,closed,"Landslide at Bhotekoshi-2, Sindhupalchok",2026-07-22 15:26 NPT
2026-07-22 15:26 NPT,15d19fc,road,NH38 – BP Hwy,बीपी राजमार्ग,open,,2026-07-22 15:26 NPT
2026-07-22 15:26 NPT,15d19fc,road,NH41 – Tribhuvan Hwy,त्रिभुवन राजमार्ग,partial,"Landslide at Bhimphedi-9, Makwanpur",2026-07-22 15:26 NPT
2026-07-22 15:26 NPT,15d19fc,road,NH42 – Prithvi Hwy,पृथ्वी राजमार्ग,partial,"stone fall at Bandipur-4, Tanahu",2026-07-22 15:26 NPT
2026-07-22 15:26 NPT,15d19fc,road,NH43 – Narayanghat-Mugling,नारायणगढ–मुग्लिन,open,,2026-07-22 15:26 NPT
2026-07-22 15:26 NPT,15d19fc,airport,Tribhuvan Intl (KTM),त्रिभुवन अन्तर्राष्ट्रिय,open,Normal operations,2026-07-22 15:26 NPT
2026-07-22 15:26 NPT,15d19fc,airport,Gautam Buddha Intl (BWA),गौतम बुद्ध विमानस्थल,open,,2026-07-22 15:26 NPT
2026-07-22 15:26 NPT,15d19fc,airport,Pokhara Regional (PKR),पोखरा विमानस्थल,open,,2026-07-22 15:26 NPT
2026-07-22 15:26 NPT,15d19fc,airport,Bharatpur (BHR),भरतपुर विमानस्थल,open,,2026-07-22 15:26 NPT
2026-07-22 15:26 NPT,15d19fc,airport,Dhangadhi (DHI),धनगढी विमानस्थल,open,,2026-07-22 15:26 NPT
2026-07-22 15:26 NPT,15d19fc,airport,Biratnagar (BIR),विराटनगर विमानस्थल,open,,2026-07-22 15:26 NPT
2026-07-22 15:26 NPT,15d19fc,airport,Nepalgunj (KEP),नेपालगञ्ज विमानस्थल,open,,2026-07-22 15:26 NPT
2026-07-22 15:26 NPT,15d19fc,airport,Chandragadhi (BDP),चन्द्रगढी विमानस्थल,open,,2026-07-22 15:26 NPT
2026-07-22 15:26 NPT,15d19fc,airport,Janakpur (JKR),जनकपुर विमानस्थल,open,,2026-07-22 15:26 NPT
2026-07-22 15:26 NPT,15d19fc,airport,Simara (SIF),सिमरा विमानस्थल,open,,2026-07-22 15:26 NPT
2026-07-22 15:26 NPT,15d19fc,hospital,"Bir Hospital, Kathmandu",बीर अस्पताल,open,120 beds,2026-07-22 15:26 NPT
2026-07-22 15:26 NPT,15d19fc,hospital,"TU Teaching Hospital, KTM",त्रिवि शिक्षण अस्पताल,open,95 beds,2026-07-22 15:26 NPT
2026-07-22 15:26 NPT,15d19fc,hospital,"Patan Hospital, Lalitpur",पाटन अस्पताल,open,60 beds,2026-07-22 15:26 NPT
2026-07-22 15:26 NPT,15d19fc,hospital,"Manipal College Hospital, PKR",मणिपाल अस्पताल,open,45 beds,2026-07-22 15:26 NPT
2026-07-22 15:26 NPT,15d19fc,hospital,"Gandaki Medical College, PKR",गण्डकी अस्पताल,open,38 beds,2026-07-22 15:26 NPT
2026-07-22 15:26 NPT,15d19fc,hospital,"BPKIHS, Dharan",बीपी कोइराला स्वास्थ्य,open,150 beds,2026-07-22 15:26 NPT
2026-07-22 15:26 NPT,15d19fc,hospital,"Koshi Hospital, Biratnagar",कोशी अस्पताल,open,80 beds,2026-07-22 15:26 NPT
2026-07-22 15:26 NPT,15d19fc,hospital,"Bheri Hospital, Nepalgunj",भेरी अस्पताल,open,70 beds,2026-07-22 15:26 NPT
2026-07-22 15:26 NPT,15d19fc,hospital,Chitwan Medical College,चितवन मेडिकल कलेज,open,100 beds,2026-07-22 15:26 NPT
2026-07-22 15:26 NPT,15d19fc,hospital,Lumbini Provincial Hospital,लुम्बिनी प्रादेशिक,open,110 beds,2026-07-22 15:26 NPT
2026-07-22 05:54 NPT,669759a,road,NH01 – Mahendra Rajmarg,महेन्द्र राजमार्ग,open,,2026-07-22 05:54 NPT
2026-07-22 05:54 NPT,669759a,road,NH02 – Mechi Rajmarg,मेची राजमार्ग,open,,2026-07-22 05:54 NPT
2026-07-22 05:54 NPT,669759a,road,NH03 – Puspalal Hwy (Mid-Hill),पुष्पलाल राजमार्ग,partial,"Landslide at Sanibheri-2, Rukum West",2026-07-22 05:54 NPT
2026-07-22 05:54 NPT,669759a,road,NH04 – Birtamod-Chandragadhi,विर्तामोड–चन्द्रगढी,open,,2026-07-22 05:54 NPT
2026-07-22 05:54 NPT,669759a,road,NH05 – Postal Hwy,हुलाकी राजमार्ग,open,,2026-07-22 05:54 NPT
2026-07-22 05:54 NPT,669759a,road,NH06 – Koshi Rajmarg,कोशी राजमार्ग,open,,2026-07-22 05:54 NPT
2026-07-22 05:54 NPT,669759a,road,NH08 – Sagarmatha Rajmarg,सगरमाथा राजमार्ग,open,,2026-07-22 05:54 NPT
2026-07-22 05:54 NPT,669759a,road,NH09 – Madan Bhandari Hwy,मदन भण्डारी राजमार्ग,open,,2026-07-22 05:54 NPT
2026-07-22 05:54 NPT,669759a,road,NH10 – Siddhartha Hwy,सिद्धार्थ राजमार्ग,open,,2026-07-22 05:54 NPT
2026-07-22 05:54 NPT,669759a,road,NH11 – Rapti Rajmarg,राप्ती राजमार्ग,open,,2026-07-22 05:54 NPT
2026-07-22 05:54 NPT,669759a,road,NH12 – Ratna Rajmarg,रत्न राजमार्ग,open,,2026-07-22 05:54 NPT
2026-07-22 05:54 NPT,669759a,road,NH13 – Karnali Rajmarg,कर्णाली राजमार्ग,open,,2026-07-22 05:54 NPT
2026-07-22 05:54 NPT,669759a,road,NH14 – Mahakali Rajmarg,महाकाली राजमार्ग,open,,2026-07-22 05:54 NPT
2026-07-22 05:54 NPT,669759a,road,NH15 – Seti Rajmarg,सेती राजमार्ग,open,,2026-07-22 05:54 NPT
2026-07-22 05:54 NPT,669759a,road,NH16 – Rapti-Lumbini Hwy,राप्ती-लुम्बिनी,open,,2026-07-22 05:54 NPT
2026-07-22 05:54 NPT,669759a,road,NH34 – Araniko Hwy,अरनिको राजमार्ग,closed,"Landslide at Bhotekoshi-2, Sindhupalchok",2026-07-22 05:54 NPT
2026-07-22 05:54 NPT,669759a,road,NH38 – BP Hwy,बीपी राजमार्ग,open,,2026-07-22 05:54 NPT
2026-07-22 05:54 NPT,669759a,road,NH41 – Tribhuvan Hwy,त्रिभुवन राजमार्ग,partial,"Landslide at Bhimphedi-9, Makwanpur",2026-07-22 05:54 NPT
2026-07-22 05:54 NPT,669759a,road,NH42 – Prithvi Hwy,पृथ्वी राजमार्ग,partial,"Landslide at Aanbookhaireni-2, Tanahu",2026-07-22 05:54 NPT
2026-07-22 05:54 NPT,669759a,road,NH43 – Narayanghat-Mugling,नारायणगढ–मुग्लिन,open,,2026-07-22 05:54 NPT
2026-07-22 05:54 NPT,669759a,airport,Tribhuvan Intl (KTM),त्रिभुवन अन्तर्राष्ट्रिय,open,Normal operations,2026-07-22 05:54 NPT
2026-07-22 05:54 NPT,669759a,airport,Gautam Buddha Intl (BWA),गौतम बुद्ध विमानस्थल,open,,2026-07-22 05:54 NPT
2026-07-22 05:54 NPT,669759a,airport,Pokhara Regional (PKR),पोखरा विमानस्थल,open,,2026-07-22 05:54 NPT
2026-07-22 05:54 NPT,669759a,airport,Bharatpur (BHR),भरतपुर विमानस्थल,open,,2026-07-22 05:54 NPT
2026-07-22 05:54 NPT,669759a,airport,Dhangadhi (DHI),धनगढी विमानस्थल,open,,2026-07-22 05:54 NPT
2026-07-22 05:54 NPT,669759a,airport,Biratnagar (BIR),विराटनगर विमानस्थल,open,,2026-07-22 05:54 NPT
2026-07-22 05:54 NPT,669759a,airport,Nepalgunj (KEP),नेपालगञ्ज विमानस्थल,open,,2026-07-22 05:54 NPT
2026-07-22 05:54 NPT,669759a,airport,Chandragadhi (BDP),चन्द्रगढी विमानस्थल,open,,2026-07-22 05:54 NPT
2026-07-22 05:54 NPT,669759a,airport,Janakpur (JKR),जनकपुर विमानस्थल,open,,2026-07-22 05:54 NPT
2026-07-22 05:54 NPT,669759a,airport,Simara (SIF),सिमरा विमानस्थल,open,,2026-07-22 05:54 NPT
2026-07-22 05:54 NPT,669759a,hospital,"Bir Hospital, Kathmandu",बीर अस्पताल,open,120 beds,2026-07-22 05:54 NPT
2026-07-22 05:54 NPT,669759a,hospital,"TU Teaching Hospital, KTM",त्रिवि शिक्षण अस्पताल,open,95 beds,2026-07-22 05:54 NPT
2026-07-22 05:54 NPT,669759a,hospital,"Patan Hospital, Lalitpur",पाटन अस्पताल,open,60 beds,2026-07-22 05:54 NPT
2026-07-22 05:54 NPT,669759a,hospital,"Manipal College Hospital, PKR",मणिपाल अस्पताल,open,45 beds,2026-07-22 05:54 NPT
2026-07-22 05:54 NPT,669759a,hospital,"Gandaki Medical College, PKR",गण्डकी अस्पताल,open,38 beds,2026-07-22 05:54 NPT
2026-07-22 05:54 NPT,669759a,hospital,"BPKIHS, Dharan",बीपी कोइराला स्वास्थ्य,open,150 beds,2026-07-22 05:54 NPT
2026-07-22 05:54 NPT,669759a,hospital,"Koshi Hospital, Biratnagar",कोशी अस्पताल,open,80 beds,2026-07-22 05:54 NPT
2026-07-22 05:54 NPT,669759a,hospital,"Bheri Hospital, Nepalgunj",भेरी अस्पताल,open,70 beds,2026-07-22 05:54 NPT
2026-07-22 05:54 NPT,669759a,hospital,Chitwan Medical College,चितवन मेडिकल कलेज,open,100 beds,2026-07-22 05:54 NPT
2026-07-22 05:54 NPT,669759a,hospital,Lumbini Provincial Hospital,लुम्बिनी प्रादेशिक,open,110 beds,2026-07-22 05:54 NPT
2026-07-22 02:28 NPT,209b49e,road,NH01 – Mahendra Rajmarg,महेन्द्र राजमार्ग,open,,2026-07-22 02:28 NPT
2026-07-22 02:28 NPT,209b49e,road,NH02 – Mechi Rajmarg,मेची राजमार्ग,open,,2026-07-22 02:28 NPT
2026-07-22 02:28 NPT,209b49e,road,NH03 – Puspalal Hwy (Mid-Hill),पुष्पलाल राजमार्ग,partial,"Landslide at Sanibheri-2, Rukum West",2026-07-22 02:28 NPT
2026-07-22 02:28 NPT,209b49e,road,NH04 – Birtamod-Chandragadhi,विर्तामोड–चन्द्रगढी,open,,2026-07-22 02:28 NPT
2026-07-22 02:28 NPT,209b49e,road,NH05 – Postal Hwy,हुलाकी राजमार्ग,open,,2026-07-22 02:28 NPT
2026-07-22 02:28 NPT,209b49e,road,NH06 – Koshi Rajmarg,कोशी राजमार्ग,open,,2026-07-22 02:28 NPT
2026-07-22 02:28 NPT,209b49e,road,NH08 – Sagarmatha Rajmarg,सगरमाथा राजमार्ग,open,,2026-07-22 02:28 NPT
2026-07-22 02:28 NPT,209b49e,road,NH09 – Madan Bhandari Hwy,मदन भण्डारी राजमार्ग,open,,2026-07-22 02:28 NPT
2026-07-22 02:28 NPT,209b49e,road,NH10 – Siddhartha Hwy,सिद्धार्थ राजमार्ग,open,,2026-07-22 02:28 NPT
2026-07-22 02:28 NPT,209b49e,road,NH11 – Rapti Rajmarg,राप्ती राजमार्ग,open,,2026-07-22 02:28 NPT
2026-07-22 02:28 NPT,209b49e,road,NH12 – Ratna Rajmarg,रत्न राजमार्ग,open,,2026-07-22 02:28 NPT
2026-07-22 02:28 NPT,209b49e,road,NH13 – Karnali Rajmarg,कर्णाली राजमार्ग,open,,2026-07-22 02:28 NPT
2026-07-22 02:28 NPT,209b49e,road,NH14 – Mahakali Rajmarg,महाकाली राजमार्ग,open,,2026-07-22 02:28 NPT
2026-07-22 02:28 NPT,209b49e,road,NH15 – Seti Rajmarg,सेती राजमार्ग,open,,2026-07-22 02:28 NPT
2026-07-22 02:28 NPT,209b49e,road,NH16 – Rapti-Lumbini Hwy,राप्ती-लुम्बिनी,open,,2026-07-22 02:28 NPT
2026-07-22 02:28 NPT,209b49e,road,NH34 – Araniko Hwy,अरनिको राजमार्ग,closed,"Landslide at Bhotekoshi-2, Sindhupalchok",2026-07-22 02:28 NPT
2026-07-22 02:28 NPT,209b49e,road,NH38 – BP Hwy,बीपी राजमार्ग,open,,2026-07-22 02:28 NPT
2026-07-22 02:28 NPT,209b49e,road,NH41 – Tribhuvan Hwy,त्रिभुवन राजमार्ग,partial,"Landslide at Bhimphedi-9, Makwanpur",2026-07-22 02:28 NPT
2026-07-22 02:28 NPT,209b49e,road,NH42 – Prithvi Hwy,पृथ्वी राजमार्ग,partial,"Landslide at Aanbookhaireni-2, Tanahu",2026-07-22 02:28 NPT
2026-07-22 02:28 NPT,209b49e,road,NH43 – Narayanghat-Mugling,नारायणगढ–मुग्लिन,open,,2026-07-22 02:28 NPT
2026-07-22 02:28 NPT,209b49e,airport,Tribhuvan Intl (KTM),त्रिभुवन अन्तर्राष्ट्रिय,open,Normal operations,2026-07-22 02:28 NPT
2026-07-22 02:28 NPT,209b49e,airport,Gautam Buddha Intl (BWA),गौतम बुद्ध विमानस्थल,open,,2026-07-22 02:28 NPT
2026-07-22 02:28 NPT,209b49e,airport,Pokhara Regional (PKR),पोखरा विमानस्थल,open,,2026-07-22 02:28 NPT
2026-07-22 02:28 NPT,209b49e,airport,Bharatpur (BHR),भरतपुर विमानस्थल,open,,2026-07-22 02:28 NPT
2026-07-22 02:28 NPT,209b49e,airport,Dhangadhi (DHI),धनगढी विमानस्थल,open,,2026-07-22 02:28 NPT
2026-07-22 02:28 NPT,209b49e,airport,Biratnagar (BIR),विराटनगर विमानस्थल,open,,2026-07-22 02:28 NPT
2026-07-22 02:28 NPT,209b49e,airport,Nepalgunj (KEP),नेपालगञ्ज विमानस्थल,open,,2026-07-22 02:28 NPT
2026-07-22 02:28 NPT,209b49e,airport,Chandragadhi (BDP),चन्द्रगढी विमानस्थल,open,,2026-07-22 02:28 NPT
2026-07-22 02:28 NPT,209b49e,airport,Janakpur (JKR),जनकपुर विमानस्थल,open,,2026-07-22 02:28 NPT
2026-07-22 02:28 NPT,209b49e,airport,Simara (SIF),सिमरा विमानस्थल,open,,2026-07-22 02:28 NPT
2026-07-22 02:28 NPT,209b49e,hospital,"Bir Hospital, Kathmandu",बीर अस्पताल,open,120 beds,2026-07-22 02:28 NPT
2026-07-22 02:28 NPT,209b49e,hospital,"TU Teaching Hospital, KTM",त्रिवि शिक्षण अस्पताल,open,95 beds,2026-07-22 02:28 NPT
2026-07-22 02:28 NPT,209b49e,hospital,"Patan Hospital, Lalitpur",पाटन अस्पताल,open,60 beds,2026-07-22 02:28 NPT
2026-07-22 02:28 NPT,209b49e,hospital,"Manipal College Hospital, PKR",मणिपाल अस्पताल,open,45 beds,2026-07-22 02:28 NPT
2026-07-22 02:28 NPT,209b49e,hospital,"Gandaki Medical College, PKR",गण्डकी अस्पताल,open,38 beds,2026-07-22 02:28 NPT
2026-07-22 02:28 NPT,209b49e,hospital,"BPKIHS, Dharan",बीपी कोइराला स्वास्थ्य,open,150 beds,2026-07-22 02:28 NPT
2026-07-22 02:28 NPT,209b49e,hospital,"Koshi Hospital, Biratnagar",कोशी अस्पताल,open,80 beds,2026-07-22 02:28 NPT
2026-07-22 02:28 NPT,209b49e,hospital,"Bheri Hospital, Nepalgunj",भेरी अस्पताल,open,70 beds,2026-07-22 02:28 NPT
2026-07-22 02:28 NPT,209b49e,hospital,Chitwan Medical College,चितवन मेडिकल कलेज,open,100 beds,2026-07-22 02:28 NPT
2026-07-22 02:28 NPT,209b49e,hospital,Lumbini Provincial Hospital,लुम्बिनी प्रादेशिक,open,110 beds,2026-07-22 02:28 NPT
2026-07-21 22:23 NPT,769dabf,road,NH01 – Mahendra Rajmarg,महेन्द्र राजमार्ग,open,,2026-07-21 22:23 NPT
2026-07-21 22:23 NPT,769dabf,road,NH02 – Mechi Rajmarg,मेची राजमार्ग,open,,2026-07-21 22:23 NPT
2026-07-21 22:23 NPT,769dabf,road,NH03 – Puspalal Hwy (Mid-Hill),पुष्पलाल राजमार्ग,partial,"Landslide at Sanibheri-2, Rukum West",2026-07-21 22:23 NPT
2026-07-21 22:23 NPT,769dabf,road,NH04 – Birtamod-Chandragadhi,विर्तामोड–चन्द्रगढी,open,,2026-07-21 22:23 NPT
2026-07-21 22:23 NPT,769dabf,road,NH05 – Postal Hwy,हुलाकी राजमार्ग,open,,2026-07-21 22:23 NPT
2026-07-21 22:23 NPT,769dabf,road,NH06 – Koshi Rajmarg,कोशी राजमार्ग,open,,2026-07-21 22:23 NPT
2026-07-21 22:23 NPT,769dabf,road,NH08 – Sagarmatha Rajmarg,सगरमाथा राजमार्ग,open,,2026-07-21 22:23 NPT
2026-07-21 22:23 NPT,769dabf,road,NH09 – Madan Bhandari Hwy,मदन भण्डारी राजमार्ग,open,,2026-07-21 22:23 NPT
2026-07-21 22:23 NPT,769dabf,road,NH10 – Siddhartha Hwy,सिद्धार्थ राजमार्ग,open,,2026-07-21 22:23 NPT
2026-07-21 22:23 NPT,769dabf,road,NH11 – Rapti Rajmarg,राप्ती राजमार्ग,open,,2026-07-21 22:23 NPT
2026-07-21 22:23 NPT,769dabf,road,NH12 – Ratna Rajmarg,रत्न राजमार्ग,open,,2026-07-21 22:23 NPT
2026-07-21 22:23 NPT,769dabf,road,NH13 – Karnali Rajmarg,कर्णाली राजमार्ग,open,,2026-07-21 22:23 NPT
2026-07-21 22:23 NPT,769dabf,road,NH14 – Mahakali Rajmarg,महाकाली राजमार्ग,open,,2026-07-21 22:23 NPT
2026-07-21 22:23 NPT,769dabf,road,NH15 – Seti Rajmarg,सेती राजमार्ग,open,,2026-07-21 22:23 NPT
2026-07-21 22:23 NPT,769dabf,road,NH16 – Rapti-Lumbini Hwy,राप्ती-लुम्बिनी,open,,2026-07-21 22:23 NPT
2026-07-21 22:23 NPT,769dabf,road,NH34 – Araniko Hwy,अरनिको राजमार्ग,closed,"Landslide at Bhotekoshi-2, Sindhupalchok",2026-07-21 22:23 NPT
2026-07-21 22:23 NPT,769dabf,road,NH38 – BP Hwy,बीपी राजमार्ग,open,,2026-07-21 22:23 NPT
2026-07-21 22:23 NPT,769dabf,road,NH41 – Tribhuvan Hwy,त्रिभुवन राजमार्ग,partial,"Landslide at Bhimphedi-9, Makwanpur",2026-07-21 22:23 NPT
2026-07-21 22:23 NPT,769dabf,road,NH42 – Prithvi Hwy,पृथ्वी राजमार्ग,partial,"Landslide at Aanbookhaireni-2, Tanahu",2026-07-21 22:23 NPT
2026-07-21 22:23 NPT,769dabf,road,NH43 – Narayanghat-Mugling,नारायणगढ–मुग्लिन,open,,2026-07-21 22:23 NPT
2026-07-21 22:23 NPT,769dabf,airport,Tribhuvan Intl (KTM),त्रिभुवन अन्तर्राष्ट्रिय,open,Normal operations,2026-07-21 22:23 NPT
2026-07-21 22:23 NPT,769dabf,airport,Gautam Buddha Intl (BWA),गौतम बुद्ध विमानस्थल,open,,2026-07-21 22:23 NPT
2026-07-21 22:23 NPT,769dabf,airport,Pokhara Regional (PKR),पोखरा विमानस्थल,open,,2026-07-21 22:23 NPT
2026-07-21 22:23 NPT,769dabf,airport,Bharatpur (BHR),भरतपुर विमानस्थल,open,,2026-07-21 22:23 NPT
2026-07-21 22:23 NPT,769dabf,airport,Dhangadhi (DHI),धनगढी विमानस्थल,open,,2026-07-21 22:23 NPT
2026-07-21 22:23 NPT,769dabf,airport,Biratnagar (BIR),विराटनगर विमानस्थल,open,,2026-07-21 22:23 NPT
2026-07-21 22:23 NPT,769dabf,airport,Nepalgunj (KEP),नेपालगञ्ज विमानस्थल,open,,2026-07-21 22:23 NPT
2026-07-21 22:23 NPT,769dabf,airport,Chandragadhi (BDP),चन्द्रगढी विमानस्थल,open,,2026-07-21 22:23 NPT
2026-07-21 22:23 NPT,769dabf,airport,Janakpur (JKR),जनकपुर विमानस्थल,open,,2026-07-21 22:23 NPT
2026-07-21 22:23 NPT,769dabf,airport,Simara (SIF),सिमरा विमानस्थल,open,,2026-07-21 22:23 NPT
2026-07-21 22:23 NPT,769dabf,hospital,"Bir Hospital, Kathmandu",बीर अस्पताल,open,120 beds,2026-07-21 22:23 NPT
2026-07-21 22:23 NPT,769dabf,hospital,"TU Teaching Hospital, KTM",त्रिवि शिक्षण अस्पताल,open,95 beds,2026-07-21 22:23 NPT
2026-07-21 22:23 NPT,769dabf,hospital,"Patan Hospital, Lalitpur",पाटन अस्पताल,open,60 beds,2026-07-21 22:23 NPT
2026-07-21 22:23 NPT,769dabf,hospital,"Manipal College Hospital, PKR",मणिपाल अस्पताल,open,45 beds,2026-07-21 22:23 NPT
2026-07-21 22:23 NPT,769dabf,hospital,"Gandaki Medical College, PKR",गण्डकी अस्पताल,open,38 beds,2026-07-21 22:23 NPT
2026-07-21 22:23 NPT,769dabf,hospital,"BPKIHS, Dharan",बीपी कोइराला स्वास्थ्य,open,150 beds,2026-07-21 22:23 NPT
2026-07-21 22:23 NPT,769dabf,hospital,"Koshi Hospital, Biratnagar",कोशी अस्पताल,open,80 beds,2026-07-21 22:23 NPT
2026-07-21 22:23 NPT,769dabf,hospital,"Bheri Hospital, Nepalgunj",भेरी अस्पताल,open,70 beds,2026-07-21 22:23 NPT
2026-07-21 22:23 NPT,769dabf,hospital,Chitwan Medical College,चितवन मेडिकल कलेज,open,100 beds,2026-07-21 22:23 NPT
2026-07-21 22:23 NPT,769dabf,hospital,Lumbini Provincial Hospital,लुम्बिनी प्रादेशिक,open,110 beds,2026-07-21 22:23 NPT
2026-07-21 15:29 NPT,9bc0a64,road,NH01 – Mahendra Rajmarg,महेन्द्र राजमार्ग,open,,2026-07-21 15:29 NPT
2026-07-21 15:29 NPT,9bc0a64,road,NH02 – Mechi Rajmarg,मेची राजमार्ग,closed,"Landslide at Ilam-9, Ilam",2026-07-21 15:29 NPT
2026-07-21 15:29 NPT,9bc0a64,road,NH03 – Puspalal Hwy (Mid-Hill),पुष्पलाल राजमार्ग,partial,"Landslide at Kanthekhola-5, Baglung",2026-07-21 15:29 NPT
2026-07-21 15:29 NPT,9bc0a64,road,NH04 – Birtamod-Chandragadhi,विर्तामोड–चन्द्रगढी,open,,2026-07-21 15:29 NPT
2026-07-21 15:29 NPT,9bc0a64,road,NH05 – Postal Hwy,हुलाकी राजमार्ग,open,,2026-07-21 15:29 NPT
2026-07-21 15:29 NPT,9bc0a64,road,NH06 – Koshi Rajmarg,कोशी राजमार्ग,open,,2026-07-21 15:29 NPT
2026-07-21 15:29 NPT,9bc0a64,road,NH08 – Sagarmatha Rajmarg,सगरमाथा राजमार्ग,open,,2026-07-21 15:29 NPT
2026-07-21 15:29 NPT,9bc0a64,road,NH09 – Madan Bhandari Hwy,मदन भण्डारी राजमार्ग,open,,2026-07-21 15:29 NPT
2026-07-21 15:29 NPT,9bc0a64,road,NH10 – Siddhartha Hwy,सिद्धार्थ राजमार्ग,open,,2026-07-21 15:29 NPT
2026-07-21 15:29 NPT,9bc0a64,road,NH11 – Rapti Rajmarg,राप्ती राजमार्ग,open,,2026-07-21 15:29 NPT
2026-07-21 15:29 NPT,9bc0a64,road,NH12 – Ratna Rajmarg,रत्न राजमार्ग,open,,2026-07-21 15:29 NPT
2026-07-21 15:29 NPT,9bc0a64,road,NH13 – Karnali Rajmarg,कर्णाली राजमार्ग,open,,2026-07-21 15:29 NPT
2026-07-21 15:29 NPT,9bc0a64,road,NH14 – Mahakali Rajmarg,महाकाली राजमार्ग,open,,2026-07-21 15:29 NPT
2026-07-21 15:29 NPT,9bc0a64,road,NH15 – Seti Rajmarg,सेती राजमार्ग,open,,2026-07-21 15:29 NPT
2026-07-21 15:29 NPT,9bc0a64,road,NH16 – Rapti-Lumbini Hwy,राप्ती-लुम्बिनी,open,,2026-07-21 15:29 NPT
2026-07-21 15:29 NPT,9bc0a64,road,NH34 – Araniko Hwy,अरनिको राजमार्ग,closed,"Landslide at Bhotekoshi-2, Sindhupalchok",2026-07-21 15:29 NPT
2026-07-21 15:29 NPT,9bc0a64,road,NH38 – BP Hwy,बीपी राजमार्ग,open,,2026-07-21 15:29 NPT
2026-07-21 15:29 NPT,9bc0a64,road,NH41 – Tribhuvan Hwy,त्रिभुवन राजमार्ग,partial,"Landslide at Bhimphedi-9, Makwanpur",2026-07-21 15:29 NPT
2026-07-21 15:29 NPT,9bc0a64,road,NH42 – Prithvi Hwy,पृथ्वी राजमार्ग,partial,"Landslide at Aanbookhaireni-2, Tanahu",2026-07-21 15:29 NPT
2026-07-21 15:29 NPT,9bc0a64,road,NH43 – Narayanghat-Mugling,नारायणगढ–मुग्लिन,open,,2026-07-21 15:29 NPT
2026-07-21 15:29 NPT,9bc0a64,airport,Tribhuvan Intl (KTM),त्रिभुवन अन्तर्राष्ट्रिय,open,Normal operations,2026-07-21 15:29 NPT
2026-07-21 15:29 NPT,9bc0a64,airport,Gautam Buddha Intl (BWA),गौतम बुद्ध विमानस्थल,open,,2026-07-21 15:29 NPT
2026-07-21 15:29 NPT,9bc0a64,airport,Pokhara Regional (PKR),पोखरा विमानस्थल,open,,2026-07-21 15:29 NPT
2026-07-21 15:29 NPT,9bc0a64,airport,Bharatpur (BHR),भरतपुर विमानस्थल,open,,2026-07-21 15:29 NPT
2026-07-21 15:29 NPT,9bc0a64,airport,Dhangadhi (DHI),धनगढी विमानस्थल,open,,2026-07-21 15:29 NPT
2026-07-21 15:29 NPT,9bc0a64,airport,Biratnagar (BIR),विराटनगर विमानस्थल,open,,2026-07-21 15:29 NPT
2026-07-21 15:29 NPT,9bc0a64,airport,Nepalgunj (KEP),नेपालगञ्ज विमानस्थल,open,,2026-07-21 15:29 NPT
2026-07-21 15:29 NPT,9bc0a64,airport,Chandragadhi (BDP),चन्द्रगढी विमानस्थल,open,,2026-07-21 15:29 NPT
2026-07-21 15:29 NPT,9bc0a64,airport,Janakpur (JKR),जनकपुर विमानस्थल,open,,2026-07-21 15:29 NPT
2026-07-21 15:29 NPT,9bc0a64,airport,Simara (SIF),सिमरा विमानस्थल,open,,2026-07-21 15:29 NPT
2026-07-21 15:29 NPT,9bc0a64,hospital,"Bir Hospital, Kathmandu",बीर अस्पताल,open,120 beds,2026-07-21 15:29 NPT
2026-07-21 15:29 NPT,9bc0a64,hospital,"TU Teaching Hospital, KTM",त्रिवि शिक्षण अस्पताल,open,95 beds,2026-07-21 15:29 NPT
2026-07-21 15:29 NPT,9bc0a64,hospital,"Patan Hospital, Lalitpur",पाटन अस्पताल,open,60 beds,2026-07-21 15:29 NPT
2026-07-21 15:29 NPT,9bc0a64,hospital,"Manipal College Hospital, PKR",मणिपाल अस्पताल,open,45 beds,2026-07-21 15:29 NPT
2026-07-21 15:29 NPT,9bc0a64,hospital,"Gandaki Medical College, PKR",गण्डकी अस्पताल,open,38 beds,2026-07-21 15:29 NPT
2026-07-21 15:29 NPT,9bc0a64,hospital,"BPKIHS, Dharan",बीपी कोइराला स्वास्थ्य,open,150 beds,2026-07-21 15:29 NPT
2026-07-21 15:29 NPT,9bc0a64,hospital,"Koshi Hospital, Biratnagar",कोशी अस्पताल,open,80 beds,2026-07-21 15:29 NPT
2026-07-21 15:29 NPT,9bc0a64,hospital,"Bheri Hospital, Nepalgunj",भेरी अस्पताल,open,70 beds,2026-07-21 15:29 NPT
2026-07-21 15:29 NPT,9bc0a64,hospital,Chitwan Medical College,चितवन मेडिकल कलेज,open,100 beds,2026-07-21 15:29 NPT
2026-07-21 15:29 NPT,9bc0a64,hospital,Lumbini Provincial Hospital,लुम्बिनी प्रादेशिक,open,110 beds,2026-07-21 15:29 NPT
2026-07-21 02:40 NPT,dc0b3ef,road,NH01 – Mahendra Rajmarg,महेन्द्र राजमार्ग,open,,2026-07-21 02:40 NPT
2026-07-21 02:40 NPT,dc0b3ef,road,NH02 – Mechi Rajmarg,मेची राजमार्ग,closed,"Landslide at Ilam-9, Ilam",2026-07-21 02:40 NPT
2026-07-21 02:40 NPT,dc0b3ef,road,NH03 – Puspalal Hwy (Mid-Hill),पुष्पलाल राजमार्ग,partial,"Landslide at Kanthekhola-5, Baglung",2026-07-21 02:40 NPT
2026-07-21 02:40 NPT,dc0b3ef,road,NH04 – Birtamod-Chandragadhi,विर्तामोड–चन्द्रगढी,open,,2026-07-21 02:40 NPT
2026-07-21 02:40 NPT,dc0b3ef,road,NH05 – Postal Hwy,हुलाकी राजमार्ग,open,,2026-07-21 02:40 NPT
2026-07-21 02:40 NPT,dc0b3ef,road,NH06 – Koshi Rajmarg,कोशी राजमार्ग,open,,2026-07-21 02:40 NPT
2026-07-21 02:40 NPT,dc0b3ef,road,NH08 – Sagarmatha Rajmarg,सगरमाथा राजमार्ग,open,,2026-07-21 02:40 NPT
2026-07-21 02:40 NPT,dc0b3ef,road,NH09 – Madan Bhandari Hwy,मदन भण्डारी राजमार्ग,open,,2026-07-21 02:40 NPT
2026-07-21 02:40 NPT,dc0b3ef,road,NH10 – Siddhartha Hwy,सिद्धार्थ राजमार्ग,open,,2026-07-21 02:40 NPT
2026-07-21 02:40 NPT,dc0b3ef,road,NH11 – Rapti Rajmarg,राप्ती राजमार्ग,open,,2026-07-21 02:40 NPT
2026-07-21 02:40 NPT,dc0b3ef,road,NH12 – Ratna Rajmarg,रत्न राजमार्ग,open,,2026-07-21 02:40 NPT
2026-07-21 02:40 NPT,dc0b3ef,road,NH13 – Karnali Rajmarg,कर्णाली राजमार्ग,open,,2026-07-21 02:40 NPT
2026-07-21 02:40 NPT,dc0b3ef,road,NH14 – Mahakali Rajmarg,महाकाली राजमार्ग,open,,2026-07-21 02:40 NPT
2026-07-21 02:40 NPT,dc0b3ef,road,NH15 – Seti Rajmarg,सेती राजमार्ग,open,,2026-07-21 02:40 NPT
2026-07-21 02:40 NPT,dc0b3ef,road,NH16 – Rapti-Lumbini Hwy,राप्ती-लुम्बिनी,open,,2026-07-21 02:40 NPT
2026-07-21 02:40 NPT,dc0b3ef,road,NH34 – Araniko Hwy,अरनिको राजमार्ग,closed,"Landslide at Bhotekoshi-2, Sindhupalchok",2026-07-21 02:40 NPT
2026-07-21 02:40 NPT,dc0b3ef,road,NH38 – BP Hwy,बीपी राजमार्ग,open,,2026-07-21 02:40 NPT
2026-07-21 02:40 NPT,dc0b3ef,road,NH41 – Tribhuvan Hwy,त्रिभुवन राजमार्ग,partial,"Landslide at Bhimphedi-9, Makwanpur",2026-07-21 02:40 NPT
2026-07-21 02:40 NPT,dc0b3ef,road,NH42 – Prithvi Hwy,पृथ्वी राजमार्ग,partial,"Landslide at Aanbookhaireni-2, Tanahu",2026-07-21 02:40 NPT
2026-07-21 02:40 NPT,dc0b3ef,road,NH43 – Narayanghat-Mugling,नारायणगढ–मुग्लिन,open,,2026-07-21 02:40 NPT
2026-07-21 02:40 NPT,dc0b3ef,airport,Tribhuvan Intl (KTM),त्रिभुवन अन्तर्राष्ट्रिय,closed,Reported closed in news,2026-07-21 02:40 NPT
2026-07-21 02:40 NPT,dc0b3ef,airport,Gautam Buddha Intl (BWA),गौतम बुद्ध विमानस्थल,open,,2026-07-21 02:40 NPT
2026-07-21 02:40 NPT,dc0b3ef,airport,Pokhara Regional (PKR),पोखरा विमानस्थल,open,,2026-07-21 02:40 NPT
2026-07-21 02:40 NPT,dc0b3ef,airport,Bharatpur (BHR),भरतपुर विमानस्थल,open,,2026-07-21 02:40 NPT
2026-07-21 02:40 NPT,dc0b3ef,airport,Dhangadhi (DHI),धनगढी विमानस्थल,open,,2026-07-21 02:40 NPT
2026-07-21 02:40 NPT,dc0b3ef,airport,Biratnagar (BIR),विराटनगर विमानस्थल,open,,2026-07-21 02:40 NPT
2026-07-21 02:40 NPT,dc0b3ef,airport,Nepalgunj (KEP),नेपालगञ्ज विमानस्थल,open,,2026-07-21 02:40 NPT
2026-07-21 02:40 NPT,dc0b3ef,airport,Chandragadhi (BDP),चन्द्रगढी विमानस्थल,open,,2026-07-21 02:40 NPT
2026-07-21 02:40 NPT,dc0b3ef,airport,Janakpur (JKR),जनकपुर विमानस्थल,open,,2026-07-21 02:40 NPT
2026-07-21 02:40 NPT,dc0b3ef,airport,Simara (SIF),सिमरा विमानस्थल,partial,Disruptions reported in news,2026-07-21 02:40 NPT
2026-07-21 02:40 NPT,dc0b3ef,hospital,"Bir Hospital, Kathmandu",बीर अस्पताल,open,120 beds,2026-07-21 02:40 NPT
2026-07-21 02:40 NPT,dc0b3ef,hospital,"TU Teaching Hospital, KTM",त्रिवि शिक्षण अस्पताल,open,95 beds,2026-07-21 02:40 NPT
2026-07-21 02:40 NPT,dc0b3ef,hospital,"Patan Hospital, Lalitpur",पाटन अस्पताल,open,60 beds,2026-07-21 02:40 NPT
2026-07-21 02:40 NPT,dc0b3ef,hospital,"Manipal College Hospital, PKR",मणिपाल अस्पताल,open,45 beds,2026-07-21 02:40 NPT
2026-07-21 02:40 NPT,dc0b3ef,hospital,"Gandaki Medical College, PKR",गण्डकी अस्पताल,open,38 beds,2026-07-21 02:40 NPT
2026-07-21 02:40 NPT,dc0b3ef,hospital,"BPKIHS, Dharan",बीपी कोइराला स्वास्थ्य,open,150 beds,2026-07-21 02:40 NPT
2026-07-21 02:40 NPT,dc0b3ef,hospital,"Koshi Hospital, Biratnagar",कोशी अस्पताल,open,80 beds,2026-07-21 02:40 NPT
2026-07-21 02:40 NPT,dc0b3ef,hospital,"Bheri Hospital, Nepalgunj",भेरी अस्पताल,open,70 beds,2026-07-21 02:40 NPT
2026-07-21 02:40 NPT,dc0b3ef,hospital,Chitwan Medical College,चितवन मेडिकल कलेज,open,100 beds,2026-07-21 02:40 NPT
2026-07-21 02:40 NPT,dc0b3ef,hospital,Lumbini Provincial Hospital,लुम्बिनी प्रादेशिक,open,110 beds,2026-07-21 02:40 NPT
2026-07-20 22:36 NPT,84d4cb8,road,NH01 – Mahendra Rajmarg,महेन्द्र राजमार्ग,open,,2026-07-20 22:36 NPT
2026-07-20 22:36 NPT,84d4cb8,road,NH02 – Mechi Rajmarg,मेची राजमार्ग,closed,"Landslide at Ilam-9, Ilam",2026-07-20 22:36 NPT
2026-07-20 22:36 NPT,84d4cb8,road,NH03 – Puspalal Hwy (Mid-Hill),पुष्पलाल राजमार्ग,partial,"Landslide at Kanthekhola-5, Baglung",2026-07-20 22:36 NPT
2026-07-20 22:36 NPT,84d4cb8,road,NH04 – Birtamod-Chandragadhi,विर्तामोड–चन्द्रगढी,open,,2026-07-20 22:36 NPT
2026-07-20 22:36 NPT,84d4cb8,road,NH05 – Postal Hwy,हुलाकी राजमार्ग,open,,2026-07-20 22:36 NPT
2026-07-20 22:36 NPT,84d4cb8,road,NH06 – Koshi Rajmarg,कोशी राजमार्ग,open,,2026-07-20 22:36 NPT
2026-07-20 22:36 NPT,84d4cb8,road,NH08 – Sagarmatha Rajmarg,सगरमाथा राजमार्ग,open,,2026-07-20 22:36 NPT
2026-07-20 22:36 NPT,84d4cb8,road,NH09 – Madan Bhandari Hwy,मदन भण्डारी राजमार्ग,open,,2026-07-20 22:36 NPT
2026-07-20 22:36 NPT,84d4cb8,road,NH10 – Siddhartha Hwy,सिद्धार्थ राजमार्ग,open,,2026-07-20 22:36 NPT
2026-07-20 22:36 NPT,84d4cb8,road,NH11 – Rapti Rajmarg,राप्ती राजमार्ग,open,,2026-07-20 22:36 NPT
2026-07-20 22:36 NPT,84d4cb8,road,NH12 – Ratna Rajmarg,रत्न राजमार्ग,open,,2026-07-20 22:36 NPT
2026-07-20 22:36 NPT,84d4cb8,road,NH13 – Karnali Rajmarg,कर्णाली राजमार्ग,open,,2026-07-20 22:36 NPT
2026-07-20 22:36 NPT,84d4cb8,road,NH14 – Mahakali Rajmarg,महाकाली राजमार्ग,open,,2026-07-20 22:36 NPT
2026-07-20 22:36 NPT,84d4cb8,road,NH15 – Seti Rajmarg,सेती राजमार्ग,open,,2026-07-20 22:36 NPT
2026-07-20 22:36 NPT,84d4cb8,road,NH16 – Rapti-Lumbini Hwy,राप्ती-लुम्बिनी,open,,2026-07-20 22:36 NPT
2026-07-20 22:36 NPT,84d4cb8,road,NH34 – Araniko Hwy,अरनिको राजमार्ग,closed,"Landslide at Bhotekoshi-2, Sindhupalchok",2026-07-20 22:36 NPT
2026-07-20 22:36 NPT,84d4cb8,road,NH38 – BP Hwy,बीपी राजमार्ग,open,,2026-07-20 22:36 NPT
2026-07-20 22:36 NPT,84d4cb8,road,NH41 – Tribhuvan Hwy,त्रिभुवन राजमार्ग,partial,"Landslide at Bhimphedi-9, Makwanpur",2026-07-20 22:36 NPT
2026-07-20 22:36 NPT,84d4cb8,road,NH42 – Prithvi Hwy,पृथ्वी राजमार्ग,partial,"Landslide at Aanbookhaireni-2, Tanahu",2026-07-20 22:36 NPT
2026-07-20 22:36 NPT,84d4cb8,road,NH43 – Narayanghat-Mugling,नारायणगढ–मुग्लिन,open,,2026-07-20 22:36 NPT
2026-07-20 22:36 NPT,84d4cb8,airport,Tribhuvan Intl (KTM),त्रिभुवन अन्तर्राष्ट्रिय,closed,Reported closed in news,2026-07-20 22:36 NPT
2026-07-20 22:36 NPT,84d4cb8,airport,Gautam Buddha Intl (BWA),गौतम बुद्ध विमानस्थल,open,,2026-07-20 22:36 NPT
2026-07-20 22:36 NPT,84d4cb8,airport,Pokhara Regional (PKR),पोखरा विमानस्थल,open,,2026-07-20 22:36 NPT
2026-07-20 22:36 NPT,84d4cb8,airport,Bharatpur (BHR),भरतपुर विमानस्थल,open,,2026-07-20 22:36 NPT
2026-07-20 22:36 NPT,84d4cb8,airport,Dhangadhi (DHI),धनगढी विमानस्थल,open,,2026-07-20 22:36 NPT
2026-07-20 22:36 NPT,84d4cb8,airport,Biratnagar (BIR),विराटनगर विमानस्थल,open,,2026-07-20 22:36 NPT
2026-07-20 22:36 NPT,84d4cb8,airport,Nepalgunj (KEP),नेपालगञ्ज विमानस्थल,open,,2026-07-20 22:36 NPT
2026-07-20 22:36 NPT,84d4cb8,airport,Chandragadhi (BDP),चन्द्रगढी विमानस्थल,open,,2026-07-20 22:36 NPT
2026-07-20 22:36 NPT,84d4cb8,airport,Janakpur (JKR),जनकपुर विमानस्थल,open,,2026-07-20 22:36 NPT
2026-07-20 22:36 NPT,84d4cb8,airport,Simara (SIF),सिमरा विमानस्थल,partial,Disruptions reported in news,2026-07-20 22:36 NPT
2026-07-20 22:36 NPT,84d4cb8,hospital,"Bir Hospital, Kathmandu",बीर अस्पताल,open,120 beds,2026-07-20 22:36 NPT
2026-07-20 22:36 NPT,84d4cb8,hospital,"TU Teaching Hospital, KTM",त्रिवि शिक्षण अस्पताल,open,95 beds,2026-07-20 22:36 NPT
2026-07-20 22:36 NPT,84d4cb8,hospital,"Patan Hospital, Lalitpur",पाटन अस्पताल,open,60 beds,2026-07-20 22:36 NPT
2026-07-20 22:36 NPT,84d4cb8,hospital,"Manipal College Hospital, PKR",मणिपाल अस्पताल,open,45 beds,2026-07-20 22:36 NPT
2026-07-20 22:36 NPT,84d4cb8,hospital,"Gandaki Medical College, PKR",गण्डकी अस्पताल,open,38 beds,2026-07-20 22:36 NPT
2026-07-20 22:36 NPT,84d4cb8,hospital,"BPKIHS, Dharan",बीपी कोइराला स्वास्थ्य,open,150 beds,2026-07-20 22:36 NPT
2026-07-20 22:36 NPT,84d4cb8,hospital,"Koshi Hospital, Biratnagar",कोशी अस्पताल,open,80 beds,2026-07-20 22:36 NPT
2026-07-20 22:36 NPT,84d4cb8,hospital,"Bheri Hospital, Nepalgunj",भेरी अस्पताल,open,70 beds,2026-07-20 22:36 NPT
2026-07-20 22:36 NPT,84d4cb8,hospital,Chitwan Medical College,चितवन मेडिकल कलेज,open,100 beds,2026-07-20 22:36 NPT
2026-07-20 22:36 NPT,84d4cb8,hospital,Lumbini Provincial Hospital,लुम्बिनी प्रादेशिक,open,110 beds,2026-07-20 22:36 NPT
2026-07-20 17:10 NPT,61f61c9,road,NH01 – Mahendra Rajmarg,महेन्द्र राजमार्ग,open,,2026-07-20 17:10 NPT
2026-07-20 17:10 NPT,61f61c9,road,NH02 – Mechi Rajmarg,मेची राजमार्ग,open,,2026-07-20 17:10 NPT
2026-07-20 17:10 NPT,61f61c9,road,NH03 – Puspalal Hwy (Mid-Hill),पुष्पलाल राजमार्ग,open,,2026-07-20 17:10 NPT
2026-07-20 17:10 NPT,61f61c9,road,NH04 – Birtamod-Chandragadhi,विर्तामोड–चन्द्रगढी,open,,2026-07-20 17:10 NPT
2026-07-20 17:10 NPT,61f61c9,road,NH05 – Postal Hwy,हुलाकी राजमार्ग,open,,2026-07-20 17:10 NPT
2026-07-20 17:10 NPT,61f61c9,road,NH06 – Koshi Rajmarg,कोशी राजमार्ग,open,,2026-07-20 17:10 NPT
2026-07-20 17:10 NPT,61f61c9,road,NH08 – Sagarmatha Rajmarg,सगरमाथा राजमार्ग,open,,2026-07-20 17:10 NPT
2026-07-20 17:10 NPT,61f61c9,road,NH09 – Madan Bhandari Hwy,मदन भण्डारी राजमार्ग,open,,2026-07-20 17:10 NPT
2026-07-20 17:10 NPT,61f61c9,road,NH10 – Siddhartha Hwy,सिद्धार्थ राजमार्ग,open,,2026-07-20 17:10 NPT
2026-07-20 17:10 NPT,61f61c9,road,NH11 – Rapti Rajmarg,राप्ती राजमार्ग,open,,2026-07-20 17:10 NPT
2026-07-20 17:10 NPT,61f61c9,road,NH12 – Ratna Rajmarg,रत्न राजमार्ग,open,,2026-07-20 17:10 NPT
2026-07-20 17:10 NPT,61f61c9,road,NH13 – Karnali Rajmarg,कर्णाली राजमार्ग,open,,2026-07-20 17:10 NPT
2026-07-20 17:10 NPT,61f61c9,road,NH14 – Mahakali Rajmarg,महाकाली राजमार्ग,open,,2026-07-20 17:10 NPT
2026-07-20 17:10 NPT,61f61c9,road,NH15 – Seti Rajmarg,सेती राजमार्ग,open,,2026-07-20 17:10 NPT
2026-07-20 17:10 NPT,61f61c9,road,NH16 – Rapti-Lumbini Hwy,राप्ती-लुम्बिनी,open,,2026-07-20 17:10 NPT
2026-07-20 17:10 NPT,61f61c9,road,NH34 – Araniko Hwy,अरनिको राजमार्ग,open,,2026-07-20 17:10 NPT
2026-07-20 17:10 NPT,61f61c9,road,NH38 – BP Hwy,बीपी राजमार्ग,open,,2026-07-20 17:10 NPT
2026-07-20 17:10 NPT,61f61c9,road,NH41 – Tribhuvan Hwy,त्रिभुवन राजमार्ग,open,,2026-07-20 17:10 NPT
2026-07-20 17:10 NPT,61f61c9,road,NH42 – Prithvi Hwy,पृथ्वी राजमार्ग,partial,Reported issues in news (Fallback),2026-07-20 17:10 NPT
2026-07-20 17:10 NPT,61f61c9,road,NH43 – Narayanghat-Mugling,नारायणगढ–मुग्लिन,open,,2026-07-20 17:10 NPT
2026-07-20 17:10 NPT,61f61c9,airport,Tribhuvan Intl (KTM),त्रिभुवन अन्तर्राष्ट्रिय,closed,Reported closed in news,2026-07-20 17:10 NPT
2026-07-20 17:10 NPT,61f61c9,airport,Gautam Buddha Intl (BWA),गौतम बुद्ध विमानस्थल,open,,2026-07-20 17:10 NPT
2026-07-20 17:10 NPT,61f61c9,airport,Pokhara Regional (PKR),पोखरा विमानस्थल,open,,2026-07-20 17:10 NPT
2026-07-20 17:10 NPT,61f61c9,airport,Bharatpur (BHR),भरतपुर विमानस्थल,open,,2026-07-20 17:10 NPT
2026-07-20 17:10 NPT,61f61c9,airport,Dhangadhi (DHI),धनगढी विमानस्थल,open,,2026-07-20 17:10 NPT
2026-07-20 17:10 NPT,61f61c9,airport,Biratnagar (BIR),विराटनगर विमानस्थल,open,,2026-07-20 17:10 NPT
2026-07-20 17:10 NPT,61f61c9,airport,Nepalgunj (KEP),नेपालगञ्ज विमानस्थल,open,,2026-07-20 17:10 NPT
2026-07-20 17:10 NPT,61f61c9,airport,Chandragadhi (BDP),चन्द्रगढी विमानस्थल,open,,2026-07-20 17:10 NPT
2026-07-20 17:10 NPT,61f61c9,airport,Janakpur (JKR),जनकपुर विमानस्थल,open,,2026-07-20 17:10 NPT
2026-07-20 17:10 NPT,61f61c9,airport,Simara (SIF),सिमरा विमानस्थल,partial,Disruptions reported in news,2026-07-20 17:10 NPT
2026-07-20 17:10 NPT,61f61c9,hospital,"Bir Hospital, Kathmandu",बीर अस्पताल,open,120 beds,2026-07-20 17:10 NPT
2026-07-20 17:10 NPT,61f61c9,hospital,"TU Teaching Hospital, KTM",त्रिवि शिक्षण अस्पताल,open,95 beds,2026-07-20 17:10 NPT
2026-07-20 17:10 NPT,61f61c9,hospital,"Patan Hospital, Lalitpur",पाटन अस्पताल,open,60 beds,2026-07-20 17:10 NPT
2026-07-20 17:10 NPT,61f61c9,hospital,"Manipal College Hospital, PKR",मणिपाल अस्पताल,open,45 beds,2026-07-20 17:10 NPT
2026-07-20 17:10 NPT,61f61c9,hospital,"Gandaki Medical College, PKR",गण्डकी अस्पताल,open,38 beds,2026-07-20 17:10 NPT
2026-07-20 17:10 NPT,61f61c9,hospital,"BPKIHS, Dharan",बीपी कोइराला स्वास्थ्य,open,150 beds,2026-07-20 17:10 NPT
2026-07-20 17:10 NPT,61f61c9,hospital,"Koshi Hospital, Biratnagar",कोशी अस्पताल,open,80 beds,2026-07-20 17:10 NPT
2026-07-20 17:10 NPT,61f61c9,hospital,"Bheri Hospital, Nepalgunj",भेरी अस्पताल,open,70 beds,2026-07-20 17:10 NPT
2026-07-20 17:10 NPT,61f61c9,hospital,Chitwan Medical College,चितवन मेडिकल कलेज,open,100 beds,2026-07-20 17:10 NPT
2026-07-20 17:10 NPT,61f61c9,hospital,Lumbini Provincial Hospital,लुम्बिनी प्रादेशिक,open,110 beds,2026-07-20 17:10 NPT
2026-07-20 02:17 NPT,4fe9c28,road,NH01 – Mahendra Rajmarg,महेन्द्र राजमार्ग,partial,"Trees Falling at Jitpur Simara-22, Bara",2026-07-20 02:17 NPT
2026-07-20 02:17 NPT,4fe9c28,road,NH02 – Mechi Rajmarg,मेची राजमार्ग,open,,2026-07-20 02:17 NPT
2026-07-20 02:17 NPT,4fe9c28,road,NH03 – Puspalal Hwy (Mid-Hill),पुष्पलाल राजमार्ग,partial,"Landslide at Kanthekhola-5, Baglung",2026-07-20 02:17 NPT
2026-07-20 02:17 NPT,4fe9c28,road,NH04 – Birtamod-Chandragadhi,विर्तामोड–चन्द्रगढी,open,,2026-07-20 02:17 NPT
2026-07-20 02:17 NPT,4fe9c28,road,NH05 – Postal Hwy,हुलाकी राजमार्ग,open,,2026-07-20 02:17 NPT
2026-07-20 02:17 NPT,4fe9c28,road,NH06 – Koshi Rajmarg,कोशी राजमार्ग,open,,2026-07-20 02:17 NPT
2026-07-20 02:17 NPT,4fe9c28,road,NH08 – Sagarmatha Rajmarg,सगरमाथा राजमार्ग,open,,2026-07-20 02:17 NPT
2026-07-20 02:17 NPT,4fe9c28,road,NH09 – Madan Bhandari Hwy,मदन भण्डारी राजमार्ग,open,,2026-07-20 02:17 NPT
2026-07-20 02:17 NPT,4fe9c28,road,NH10 – Siddhartha Hwy,सिद्धार्थ राजमार्ग,open,,2026-07-20 02:17 NPT
2026-07-20 02:17 NPT,4fe9c28,road,NH11 – Rapti Rajmarg,राप्ती राजमार्ग,open,,2026-07-20 02:17 NPT
2026-07-20 02:17 NPT,4fe9c28,road,NH12 – Ratna Rajmarg,रत्न राजमार्ग,open,,2026-07-20 02:17 NPT
2026-07-20 02:17 NPT,4fe9c28,road,NH13 – Karnali Rajmarg,कर्णाली राजमार्ग,open,,2026-07-20 02:17 NPT
2026-07-20 02:17 NPT,4fe9c28,road,NH14 – Mahakali Rajmarg,महाकाली राजमार्ग,open,,2026-07-20 02:17 NPT
2026-07-20 02:17 NPT,4fe9c28,road,NH15 – Seti Rajmarg,सेती राजमार्ग,open,,2026-07-20 02:17 NPT
2026-07-20 02:17 NPT,4fe9c28,road,NH16 – Rapti-Lumbini Hwy,राप्ती-लुम्बिनी,open,,2026-07-20 02:17 NPT
2026-07-20 02:17 NPT,4fe9c28,road,NH34 – Araniko Hwy,अरनिको राजमार्ग,closed,"Landslide at Bhotekoshi-2, Sindhupalchok",2026-07-20 02:17 NPT
2026-07-20 02:17 NPT,4fe9c28,road,NH38 – BP Hwy,बीपी राजमार्ग,open,,2026-07-20 02:17 NPT
2026-07-20 02:17 NPT,4fe9c28,road,NH41 – Tribhuvan Hwy,त्रिभुवन राजमार्ग,partial,"Landslide at Bhimphedi-9, Makwanpur",2026-07-20 02:17 NPT
2026-07-20 02:17 NPT,4fe9c28,road,NH42 – Prithvi Hwy,पृथ्वी राजमार्ग,partial,"Landslide at Aanbookhaireni-2, Tanahu",2026-07-20 02:17 NPT
2026-07-20 02:17 NPT,4fe9c28,road,NH43 – Narayanghat-Mugling,नारायणगढ–मुग्लिन,open,,2026-07-20 02:17 NPT
2026-07-20 02:17 NPT,4fe9c28,airport,Tribhuvan Intl (KTM),त्रिभुवन अन्तर्राष्ट्रिय,closed,Reported closed in news,2026-07-20 02:17 NPT
2026-07-20 02:17 NPT,4fe9c28,airport,Gautam Buddha Intl (BWA),गौतम बुद्ध विमानस्थल,open,,2026-07-20 02:17 NPT
2026-07-20 02:17 NPT,4fe9c28,airport,Pokhara Regional (PKR),पोखरा विमानस्थल,open,,2026-07-20 02:17 NPT
2026-07-20 02:17 NPT,4fe9c28,airport,Bharatpur (BHR),भरतपुर विमानस्थल,open,,2026-07-20 02:17 NPT
2026-07-20 02:17 NPT,4fe9c28,airport,Dhangadhi (DHI),धनगढी विमानस्थल,open,,2026-07-20 02:17 NPT
2026-07-20 02:17 NPT,4fe9c28,airport,Biratnagar (BIR),विराटनगर विमानस्थल,open,,2026-07-20 02:17 NPT
2026-07-20 02:17 NPT,4fe9c28,airport,Nepalgunj (KEP),नेपालगञ्ज विमानस्थल,open,,2026-07-20 02:17 NPT
2026-07-20 02:17 NPT,4fe9c28,airport,Chandragadhi (BDP),चन्द्रगढी विमानस्थल,open,,2026-07-20 02:17 NPT
2026-07-20 02:17 NPT,4fe9c28,airport,Janakpur (JKR),जनकपुर विमानस्थल,open,,2026-07-20 02:17 NPT
2026-07-20 02:17 NPT,4fe9c28,airport,Simara (SIF),सिमरा विमानस्थल,partial,Disruptions reported in news,2026-07-20 02:17 NPT
2026-07-20 02:17 NPT,4fe9c28,hospital,"Bir Hospital, Kathmandu",बीर अस्पताल,open,120 beds,2026-07-20 02:17 NPT
2026-07-20 02:17 NPT,4fe9c28,hospital,"TU Teaching Hospital, KTM",त्रिवि शिक्षण अस्पताल,open,95 beds,2026-07-20 02:17 NPT
2026-07-20 02:17 NPT,4fe9c28,hospital,"Patan Hospital, Lalitpur",पाटन अस्पताल,open,60 beds,2026-07-20 02:17 NPT
2026-07-20 02:17 NPT,4fe9c28,hospital,"Manipal College Hospital, PKR",मणिपाल अस्पताल,open,45 beds,2026-07-20 02:17 NPT
2026-07-20 02:17 NPT,4fe9c28,hospital,"Gandaki Medical College, PKR",गण्डकी अस्पताल,open,38 beds,2026-07-20 02:17 NPT
2026-07-20 02:17 NPT,4fe9c28,hospital,"BPKIHS, Dharan",बीपी कोइराला स्वास्थ्य,open,150 beds,2026-07-20 02:17 NPT
2026-07-20 02:17 NPT,4fe9c28,hospital,"Koshi Hospital, Biratnagar",कोशी अस्पताल,open,80 beds,2026-07-20 02:17 NPT
2026-07-20 02:17 NPT,4fe9c28,hospital,"Bheri Hospital, Nepalgunj",भेरी अस्पताल,open,70 beds,2026-07-20 02:17 NPT
2026-07-20 02:17 NPT,4fe9c28,hospital,Chitwan Medical College,चितवन मेडिकल कलेज,open,100 beds,2026-07-20 02:17 NPT
2026-07-20 02:17 NPT,4fe9c28,hospital,Lumbini Provincial Hospital,लुम्बिनी प्रादेशिक,open,110 beds,2026-07-20 02:17 NPT
2026-07-19 23:29 NPT,7d97959,road,NH01 – Mahendra Rajmarg,महेन्द्र राजमार्ग,partial,"Trees Falling at Jitpur Simara-22, Bara",2026-07-19 23:29 NPT
2026-07-19 23:29 NPT,7d97959,road,NH02 – Mechi Rajmarg,मेची राजमार्ग,open,,2026-07-19 23:29 NPT
2026-07-19 23:29 NPT,7d97959,road,NH03 – Puspalal Hwy (Mid-Hill),पुष्पलाल राजमार्ग,partial,"Landslide at Kanthekhola-5, Baglung",2026-07-19 23:29 NPT
2026-07-19 23:29 NPT,7d97959,road,NH04 – Birtamod-Chandragadhi,विर्तामोड–चन्द्रगढी,open,,2026-07-19 23:29 NPT
2026-07-19 23:29 NPT,7d97959,road,NH05 – Postal Hwy,हुलाकी राजमार्ग,open,,2026-07-19 23:29 NPT
2026-07-19 23:29 NPT,7d97959,road,NH06 – Koshi Rajmarg,कोशी राजमार्ग,open,,2026-07-19 23:29 NPT
2026-07-19 23:29 NPT,7d97959,road,NH08 – Sagarmatha Rajmarg,सगरमाथा राजमार्ग,open,,2026-07-19 23:29 NPT
2026-07-19 23:29 NPT,7d97959,road,NH09 – Madan Bhandari Hwy,मदन भण्डारी राजमार्ग,open,,2026-07-19 23:29 NPT
2026-07-19 23:29 NPT,7d97959,road,NH10 – Siddhartha Hwy,सिद्धार्थ राजमार्ग,open,,2026-07-19 23:29 NPT
2026-07-19 23:29 NPT,7d97959,road,NH11 – Rapti Rajmarg,राप्ती राजमार्ग,open,,2026-07-19 23:29 NPT
2026-07-19 23:29 NPT,7d97959,road,NH12 – Ratna Rajmarg,रत्न राजमार्ग,open,,2026-07-19 23:29 NPT
2026-07-19 23:29 NPT,7d97959,road,NH13 – Karnali Rajmarg,कर्णाली राजमार्ग,open,,2026-07-19 23:29 NPT
2026-07-19 23:29 NPT,7d97959,road,NH14 – Mahakali Rajmarg,महाकाली राजमार्ग,open,,2026-07-19 23:29 NPT
2026-07-19 23:29 NPT,7d97959,road,NH15 – Seti Rajmarg,सेती राजमार्ग,open,,2026-07-19 23:29 NPT
2026-07-19 23:29 NPT,7d97959,road,NH16 – Rapti-Lumbini Hwy,राप्ती-लुम्बिनी,open,,2026-07-19 23:29 NPT
2026-07-19 23:29 NPT,7d97959,road,NH34 – Araniko Hwy,अरनिको राजमार्ग,closed,"Landslide at Bhotekoshi-2, Sindhupalchok",2026-07-19 23:29 NPT
2026-07-19 23:29 NPT,7d97959,road,NH38 – BP Hwy,बीपी राजमार्ग,open,,2026-07-19 23:29 NPT
2026-07-19 23:29 NPT,7d97959,road,NH41 – Tribhuvan Hwy,त्रिभुवन राजमार्ग,partial,"Landslide at Bhimphedi-9, Makwanpur",2026-07-19 23:29 NPT
2026-07-19 23:29 NPT,7d97959,road,NH42 – Prithvi Hwy,पृथ्वी राजमार्ग,partial,"Landslide at Aanbookhaireni-2, Tanahu",2026-07-19 23:29 NPT
2026-07-19 23:29 NPT,7d97959,road,NH43 – Narayanghat-Mugling,नारायणगढ–मुग्लिन,open,,2026-07-19 23:29 NPT
2026-07-19 23:29 NPT,7d97959,airport,Tribhuvan Intl (KTM),त्रिभुवन अन्तर्राष्ट्रिय,closed,Reported closed in news,2026-07-19 23:29 NPT
2026-07-19 23:29 NPT,7d97959,airport,Gautam Buddha Intl (BWA),गौतम बुद्ध विमानस्थल,open,,2026-07-19 23:29 NPT
2026-07-19 23:29 NPT,7d97959,airport,Pokhara Regional (PKR),पोखरा विमानस्थल,open,,2026-07-19 23:29 NPT
2026-07-19 23:29 NPT,7d97959,airport,Bharatpur (BHR),भरतपुर विमानस्थल,open,,2026-07-19 23:29 NPT
2026-07-19 23:29 NPT,7d97959,airport,Dhangadhi (DHI),धनगढी विमानस्थल,open,,2026-07-19 23:29 NPT
2026-07-19 23:29 NPT,7d97959,airport,Biratnagar (BIR),विराटनगर विमानस्थल,open,,2026-07-19 23:29 NPT
2026-07-19 23:29 NPT,7d97959,airport,Nepalgunj (KEP),नेपालगञ्ज विमानस्थल,open,,2026-07-19 23:29 NPT
2026-07-19 23:29 NPT,7d97959,airport,Chandragadhi (BDP),चन्द्रगढी विमानस्थल,open,,2026-07-19 23:29 NPT
2026-07-19 23:29 NPT,7d97959,airport,Janakpur (JKR),जनकपुर विमानस्थल,open,,2026-07-19 23:29 NPT
2026-07-19 23:29 NPT,7d97959,airport,Simara (SIF),सिमरा विमानस्थल,partial,Disruptions reported in news,2026-07-19 23:29 NPT
2026-07-19 23:29 NPT,7d97959,hospital,"Bir Hospital, Kathmandu",बीर अस्पताल,open,120 beds,2026-07-19 23:29 NPT
2026-07-19 23:29 NPT,7d97959,hospital,"TU Teaching Hospital, KTM",त्रिवि शिक्षण अस्पताल,open,95 beds,2026-07-19 23:29 NPT
2026-07-19 23:29 NPT,7d97959,hospital,"Patan Hospital, Lalitpur",पाटन अस्पताल,open,60 beds,2026-07-19 23:29 NPT
2026-07-19 23:29 NPT,7d97959,hospital,"Manipal College Hospital, PKR",मणिपाल अस्पताल,open,45 beds,2026-07-19 23:29 NPT
2026-07-19 23:29 NPT,7d97959,hospital,"Gandaki Medical College, PKR",गण्डकी अस्पताल,open,38 beds,2026-07-19 23:29 NPT
2026-07-19 23:29 NPT,7d97959,hospital,"BPKIHS, Dharan",बीपी कोइराला स्वास्थ्य,open,150 beds,2026-07-19 23:29 NPT
2026-07-19 23:29 NPT,7d97959,hospital,"Koshi Hospital, Biratnagar",कोशी अस्पताल,open,80 beds,2026-07-19 23:29 NPT
2026-07-19 23:29 NPT,7d97959,hospital,"Bheri Hospital, Nepalgunj",भेरी अस्पताल,open,70 beds,2026-07-19 23:29 NPT
2026-07-19 23:29 NPT,7d97959,hospital,Chitwan Medical College,चितवन मेडिकल कलेज,open,100 beds,2026-07-19 23:29 NPT
2026-07-19 23:29 NPT,7d97959,hospital,Lumbini Provincial Hospital,लुम्बिनी प्रादेशिक,open,110 beds,2026-07-19 23:29 NPT
2026-07-19 14:00 NPT,127c83c,road,NH01 – Mahendra Rajmarg,महेन्द्र राजमार्ग,partial,"Trees Falling at Jitpur Simara-22, Bara",2026-07-19T21:52:10.744172+05:45
2026-07-19 14:00 NPT,127c83c,road,NH02 – Mechi Rajmarg,मेची राजमार्ग,open,,2026-07-19 14:00 NPT
2026-07-19 14:00 NPT,127c83c,road,NH03 – Puspalal Hwy (Mid-Hill),पुष्पलाल राजमार्ग,partial,"Landslide at Kanthekhola-5, Baglung",2026-07-19T21:52:10.744172+05:45
2026-07-19 14:00 NPT,127c83c,road,NH04 – Birtamod-Chandragadhi,विर्तामोड–चन्द्रगढी,open,,2026-07-19 14:00 NPT
2026-07-19 14:00 NPT,127c83c,road,NH05 – Postal Hwy,हुलाकी राजमार्ग,open,,2026-07-19 14:00 NPT
2026-07-19 14:00 NPT,127c83c,road,NH06 – Koshi Rajmarg,कोशी राजमार्ग,open,,2026-07-19 14:00 NPT
2026-07-19 14:00 NPT,127c83c,road,NH08 – Sagarmatha Rajmarg,सगरमाथा राजमार्ग,open,,2026-07-19 14:00 NPT
2026-07-19 14:00 NPT,127c83c,road,NH09 – Madan Bhandari Hwy,मदन भण्डारी राजमार्ग,open,,2026-07-19 14:00 NPT
2026-07-19 14:00 NPT,127c83c,road,NH10 – Siddhartha Hwy,सिद्धार्थ राजमार्ग,open,,2026-07-19 14:00 NPT
2026-07-19 14:00 NPT,127c83c,road,NH11 – Rapti Rajmarg,राप्ती राजमार्ग,open,,2026-07-19 14:00 NPT
2026-07-19 14:00 NPT,127c83c,road,NH12 – Ratna Rajmarg,रत्न राजमार्ग,open,,2026-07-19 14:00 NPT
2026-07-19 14:00 NPT,127c83c,road,NH13 – Karnali Rajmarg,कर्णाली राजमार्ग,closed,Blocked by landslide,2026-07-19 14:00 NPT
2026-07-19 14:00 NPT,127c83c,road,NH14 – Mahakali Rajmarg,महाकाली राजमार्ग,open,,2026-07-19 14:00 NPT
2026-07-19 14:00 NPT,127c83c,road,NH15 – Seti Rajmarg,सेती राजमार्ग,open,,2026-07-19 14:00 NPT
2026-07-19 14:00 NPT,127c83c,road,NH16 – Rapti-Lumbini Hwy,राप्ती-लुम्बिनी,open,,2026-07-19 14:00 NPT
2026-07-19 14:00 NPT,127c83c,road,NH34 – Araniko Hwy,अरनिको राजमार्ग,closed,"Landslide at Bhotekoshi-2, Sindhupalchok",2026-07-19T21:52:10.744172+05:45
2026-07-19 14:00 NPT,127c83c,road,NH38 – BP Hwy,बीपी राजमार्ग,open,,2026-07-19 14:00 NPT
2026-07-19 14:00 NPT,127c83c,road,NH41 – Tribhuvan Hwy,त्रिभुवन राजमार्ग,partial,"Landslide at Bhimphedi-9, Makwanpur",2026-07-19T21:52:10.744172+05:45
2026-07-19 14:00 NPT,127c83c,road,NH42 – Prithvi Hwy,पृथ्वी राजमार्ग,partial,"Landslide at Aanbookhaireni-2, Tanahu",2026-07-19T21:52:10.744172+05:45
2026-07-19 14:00 NPT,127c83c,road,NH43 – Narayanghat-Mugling,नारायणगढ–मुग्लिन,open,,2026-07-19 14:00 NPT
2026-07-19 14:00 NPT,127c83c,airport,Tribhuvan Intl (KTM),त्रिभुवन अन्तर्राष्ट्रिय,closed,Reported closed in news,2026-07-19T20:00:46.381402+05:45
2026-07-19 14:00 NPT,127c83c,airport,Gautam Buddha Intl (BWA),गौतम बुद्ध विमानस्थल,open,,2026-07-19T20:00:46.381402+05:45
2026-07-19 14:00 NPT,127c83c,airport,Pokhara Regional (PKR),पोखरा विमानस्थल,open,,2026-07-19T20:00:46.381402+05:45
2026-07-19 14:00 NPT,127c83c,airport,Bharatpur (BHR),भरतपुर विमानस्थल,open,,2026-07-19T20:00:46.381402+05:45
2026-07-19 14:00 NPT,127c83c,airport,Dhangadhi (DHI),धनगढी विमानस्थल,open,,2026-07-19T20:00:46.381402+05:45
2026-07-19 14:00 NPT,127c83c,airport,Biratnagar (BIR),विराटनगर विमानस्थल,open,,2026-07-19T20:00:46.381402+05:45
2026-07-19 14:00 NPT,127c83c,airport,Nepalgunj (KEP),नेपालगञ्ज विमानस्थल,open,,2026-07-19T20:00:46.381402+05:45
2026-07-19 14:00 NPT,127c83c,airport,Chandragadhi (BDP),चन्द्रगढी विमानस्थल,open,,2026-07-19T20:00:46.381402+05:45
2026-07-19 14:00 NPT,127c83c,airport,Janakpur (JKR),जनकपुर विमानस्थल,open,,2026-07-19T20:00:46.381402+05:45
2026-07-19 14:00 NPT,127c83c,airport,Simara (SIF),सिमरा विमानस्थल,partial,Disruptions reported,2026-07-19T20:00:46.381402+05:45
2026-07-19 14:00 NPT,127c83c,hospital,"Bir Hospital, Kathmandu",बीर अस्पताल,open,120 beds,2026-07-19 14:00 NPT
2026-07-19 14:00 NPT,127c83c,hospital,"TU Teaching Hospital, KTM",त्रिवि शिक्षण अस्पताल,open,95 beds,2026-07-19 14:00 NPT
2026-07-19 14:00 NPT,127c83c,hospital,"Patan Hospital, Lalitpur",पाटन अस्पताल,open,60 beds,2026-07-19 14:00 NPT
2026-07-19 14:00 NPT,127c83c,hospital,"Manipal College Hospital, PKR",मणिपाल अस्पताल,open,45 beds,2026-07-19 14:00 NPT
2026-07-19 14:00 NPT,127c83c,hospital,"Gandaki Medical College, PKR",गण्डकी अस्पताल,open,38 beds,2026-07-19 14:00 NPT
2026-07-19 14:00 NPT,127c83c,hospital,"BPKIHS, Dharan",बीपी कोइराला स्वास्थ्य,open,150 beds,2026-07-19 14:00 NPT
2026-07-19 14:00 NPT,127c83c,hospital,"Koshi Hospital, Biratnagar",कोशी अस्पताल,open,80 beds,2026-07-19 14:00 NPT
2026-07-19 14:00 NPT,127c83c,hospital,"Bheri Hospital, Nepalgunj",भेरी अस्पताल,open,70 beds,2026-07-19 14:00 NPT
2026-07-19 14:00 NPT,127c83c,hospital,Chitwan Medical College,चितवन मेडिकल कलेज,open,100 beds,2026-07-19 14:00 NPT
2026-07-19 14:00 NPT,127c83c,hospital,Lumbini Provincial Hospital,लुम्बिनी प्रादेशिक,open,110 beds,2026-07-19 14:00 NPT
2026-07-19 14:00 NPT,1a44ade,road,NH01 – Mahendra Rajmarg,महेन्द्र राजमार्ग,open,,2026-07-19 14:00 NPT
2026-07-19 14:00 NPT,1a44ade,road,NH02 – Mechi Rajmarg,मेची राजमार्ग,open,,2026-07-19 14:00 NPT
2026-07-19 14:00 NPT,1a44ade,road,NH03 – Puspalal Hwy (Mid-Hill),पुष्पलाल राजमार्ग,open,,2026-07-19 14:00 NPT
2026-07-19 14:00 NPT,1a44ade,road,NH04 – Birtamod-Chandragadhi,विर्तामोड–चन्द्रगढी,open,,2026-07-19 14:00 NPT
2026-07-19 14:00 NPT,1a44ade,road,NH05 – Postal Hwy,हुलाकी राजमार्ग,open,,2026-07-19 14:00 NPT
2026-07-19 14:00 NPT,1a44ade,road,NH06 – Koshi Rajmarg,कोशी राजमार्ग,open,,2026-07-19 14:00 NPT
2026-07-19 14:00 NPT,1a44ade,road,NH08 – Sagarmatha Rajmarg,सगरमाथा राजमार्ग,open,,2026-07-19 14:00 NPT
2026-07-19 14:00 NPT,1a44ade,road,NH09 – Madan Bhandari Hwy,मदन भण्डारी राजमार्ग,open,,2026-07-19 14:00 NPT
2026-07-19 14:00 NPT,1a44ade,road,NH10 – Siddhartha Hwy,सिद्धार्थ राजमार्ग,open,,2026-07-19 14:00 NPT
2026-07-19 14:00 NPT,1a44ade,road,NH11 – Rapti Rajmarg,राप्ती राजमार्ग,open,,2026-07-19 14:00 NPT
2026-07-19 14:00 NPT,1a44ade,road,NH12 – Ratna Rajmarg,रत्न राजमार्ग,open,,2026-07-19 14:00 NPT
2026-07-19 14:00 NPT,1a44ade,road,NH13 – Karnali Rajmarg,कर्णाली राजमार्ग,closed,Blocked by landslide,2026-07-19 14:00 NPT
2026-07-19 14:00 NPT,1a44ade,road,NH14 – Mahakali Rajmarg,महाकाली राजमार्ग,open,,2026-07-19 14:00 NPT
2026-07-19 14:00 NPT,1a44ade,road,NH15 – Seti Rajmarg,सेती राजमार्ग,open,,2026-07-19 14:00 NPT
2026-07-19 14:00 NPT,1a44ade,road,NH16 – Rapti-Lumbini Hwy,राप्ती-लुम्बिनी,open,,2026-07-19 14:00 NPT
2026-07-19 14:00 NPT,1a44ade,road,NH34 – Araniko Hwy,अरनिको राजमार्ग,open,,2026-07-19 14:00 NPT
2026-07-19 14:00 NPT,1a44ade,road,NH38 – BP Hwy,बीपी राजमार्ग,open,,2026-07-19 14:00 NPT
2026-07-19 14:00 NPT,1a44ade,road,NH41 – Tribhuvan Hwy,त्रिभुवन राजमार्ग,open,,2026-07-19 14:00 NPT
2026-07-19 14:00 NPT,1a44ade,road,NH42 – Prithvi Hwy,पृथ्वी राजमार्ग,partial,Reported issues in news,2026-07-19 14:00 NPT
2026-07-19 14:00 NPT,1a44ade,road,NH43 – Narayanghat-Mugling,नारायणगढ–मुग्लिन,open,,2026-07-19 14:00 NPT
2026-07-19 14:00 NPT,1a44ade,airport,Tribhuvan Intl (KTM),त्रिभुवन अन्तर्राष्ट्रिय,closed,Reported closed in news,2026-07-19T20:00:46.381402+05:45
2026-07-19 14:00 NPT,1a44ade,airport,Gautam Buddha Intl (BWA),गौतम बुद्ध विमानस्थल,open,,2026-07-19T20:00:46.381402+05:45
2026-07-19 14:00 NPT,1a44ade,airport,Pokhara Regional (PKR),पोखरा विमानस्थल,open,,2026-07-19T20:00:46.381402+05:45
2026-07-19 14:00 NPT,1a44ade,airport,Bharatpur (BHR),भरतपुर विमानस्थल,open,,2026-07-19T20:00:46.381402+05:45
2026-07-19 14:00 NPT,1a44ade,airport,Dhangadhi (DHI),धनगढी विमानस्थल,open,,2026-07-19T20:00:46.381402+05:45
2026-07-19 14:00 NPT,1a44ade,airport,Biratnagar (BIR),विराटनगर विमानस्थल,open,,2026-07-19T20:00:46.381402+05:45
2026-07-19 14:00 NPT,1a44ade,airport,Nepalgunj (KEP),नेपालगञ्ज विमानस्थल,open,,2026-07-19T20:00:46.381402+05:45
2026-07-19 14:00 NPT,1a44ade,airport,Chandragadhi (BDP),चन्द्रगढी विमानस्थल,open,,2026-07-19T20:00:46.381402+05:45
2026-07-19 14:00 NPT,1a44ade,airport,Janakpur (JKR),जनकपुर विमानस्थल,open,,2026-07-19T20:00:46.381402+05:45
2026-07-19 14:00 NPT,1a44ade,airport,Simara (SIF),सिमरा विमानस्थल,partial,Disruptions reported,2026-07-19T20:00:46.381402+05:45
2026-07-19 14:00 NPT,1a44ade,hospital,"Bir Hospital, Kathmandu",बीर अस्पताल,open,120 beds,2026-07-19 14:00 NPT
2026-07-19 14:00 NPT,1a44ade,hospital,"TU Teaching Hospital, KTM",त्रिवि शिक्षण अस्पताल,open,95 beds,2026-07-19 14:00 NPT
2026-07-19 14:00 NPT,1a44ade,hospital,"Patan Hospital, Lalitpur",पाटन अस्पताल,open,60 beds,2026-07-19 14:00 NPT
2026-07-19 14:00 NPT,1a44ade,hospital,"Manipal College Hospital, PKR",मणिपाल अस्पताल,open,45 beds,2026-07-19 14:00 NPT
2026-07-19 14:00 NPT,1a44ade,hospital,"Gandaki Medical College, PKR",गण्डकी अस्पताल,open,38 beds,2026-07-19 14:00 NPT
2026-07-19 14:00 NPT,1a44ade,hospital,"BPKIHS, Dharan",बीपी कोइराला स्वास्थ्य,open,150 beds,2026-07-19 14:00 NPT
2026-07-19 14:00 NPT,1a44ade,hospital,"Koshi Hospital, Biratnagar",कोशी अस्पताल,open,80 beds,2026-07-19 14:00 NPT
2026-07-19 14:00 NPT,1a44ade,hospital,"Bheri Hospital, Nepalgunj",भेरी अस्पताल,open,70 beds,2026-07-19 14:00 NPT
2026-07-19 14:00 NPT,1a44ade,hospital,Chitwan Medical College,चितवन मेडिकल कलेज,open,100 beds,2026-07-19 14:00 NPT
2026-07-19 14:00 NPT,1a44ade,hospital,Lumbini Provincial Hospital,लुम्बिनी प्रादेशिक,open,110 beds,2026-07-19 14:00 NPT
2026-07-19 13:00 NPT,954353c,road,Prithvi Hwy (KTM–Pokhara),पृथ्वी राजमार्ग,partial,Slow at Malekhu,2026-07-19 13:00 NPT
2026-07-19 13:00 NPT,954353c,road,Tribhuvan Hwy (KTM–Hetauda),त्रिभुवन राजमार्ग,partial,"Reduced lanes, Bhimphedi",2026-07-19 13:00 NPT
2026-07-19 13:00 NPT,954353c,road,Araniko Hwy (KTM–Kodari),अरनिको राजमार्ग,partial,Landslide risk zones,2026-07-19 13:00 NPT
2026-07-19 13:00 NPT,954353c,road,NH02 – Mechi Rajmarg,NH02 – मेची राजमार्ग,closed,Landslide since Jul 9,2026-07-19 13:00 NPT
2026-07-19 13:00 NPT,954353c,road,BP Hwy (Hetauda–Dharan),बीपी राजमार्ग,partial,One-way sections,2026-07-19 13:00 NPT
2026-07-19 13:00 NPT,954353c,road,Siddhartha Hwy (Pokhara–Butwal),सिद्धार्थ राजमार्ग,open,NH47 reopened,2026-07-19 13:00 NPT
2026-07-19 13:00 NPT,954353c,road,Mid-Hill Hwy (Karnali),मध्यपहाडी लोकमार्ग,closed,Multiple landslides,2026-07-19 13:00 NPT
2026-07-19 13:00 NPT,954353c,road,Kakarbhitta–Itahari Road,काकरभिट्टा–इटहरी सडक,open,,2026-07-19 13:00 NPT
2026-07-19 13:00 NPT,954353c,airport,Tribhuvan Intl (KTM),त्रिभुवन विमानस्थल,open,Normal operations,2026-07-19 13:00 NPT
2026-07-19 13:00 NPT,954353c,airport,Pokhara Regional (PKR),पोखरा विमानस्थल,open,,2026-07-19 13:00 NPT
2026-07-19 13:00 NPT,954353c,airport,Bharatpur (BHR),भरतपुर विमानस्थल,open,,2026-07-19 13:00 NPT
2026-07-19 13:00 NPT,954353c,airport,Dhangadhi (DHI),धनगढी विमानस्थल,open,,2026-07-19 13:00 NPT
2026-07-19 13:00 NPT,954353c,airport,Biratnagar (BIR),विराटनगर विमानस्थल,open,,2026-07-19 13:00 NPT
2026-07-19 13:00 NPT,954353c,hospital,"Bir Hospital, Kathmandu",बीर अस्पताल,open,120 beds,2026-07-19 13:00 NPT
2026-07-19 13:00 NPT,954353c,hospital,TU Teaching Hospital,त्रिवि शिक्षण अस्पताल,open,95 beds,2026-07-19 13:00 NPT
2026-07-19 13:00 NPT,954353c,hospital,"Patan Hospital, Lalitpur",पाटन अस्पताल,open,60 beds,2026-07-19 13:00 NPT
2026-07-19 13:00 NPT,954353c,hospital,Manipal College Hospital,मणिपाल अस्पताल,open,45 beds,2026-07-19 13:00 NPT
2026-07-19 13:00 NPT,954353c,hospital,"Gandaki Medical College, Pokhara",गण्डकी अस्पताल,open,38 beds,2026-07-19 13:00 NPT
